n_ports,total_span_days,avg_dwell_time,dwell_ratio,DWT,total_distance,max_distance_per_leg,origin_latitude,lon_sin,lon_cos,longitude_range,hemisphere_crossing,n_territories,type_Bulker,type_Container,type_General Cargo,type_Other,type_Passenger,type_Reefer,type_RoRo,type_Tanker
-0.3847551571862075,0.4788119606322938,0.42706122380823164,-0.06518278463162475,0.46259081087744647,-0.6654235210547967,-1.0183248491206396,-0.8411144369754703,0.8382306997630598,0.18245933037396272,-0.5706616098024048,-2.356959071492339,-1.1056913180953083,1,0,0,0,0,0,0,0
-0.3847551571862075,1.6372887497281698,1.311870466036015,0.6549811657839137,-1.0995540995399378,2.306081204849013,1.074920617377911,1.880198348140379,0.15108355236951296,2.5353961815925556,1.3698322964819176,0.42427550486349236,0.7443542860380179,0,0,0,0,0,1,0,0
0.8102953438059464,1.3011381040087922,0.7831709286722298,0.33698875190197924,-1.0995540995399378,2.0171063740481587,1.108804965125922,1.8801654191089257,0.1515136739071589,2.5350633216968266,1.093975459508833,0.42427550486349236,0.7443542860380179,0,0,0,0,0,1,0,0
-0.3847551571862075,-0.7841021099515879,-0.804895034456261,-0.892138935836595,-1.3986882757633357,0.09114082538187883,1.1232319836952507,-0.20394179448068336,-2.0213689937810524,1.1251983041722944,1.0941421193753178,0.42427550486349236,-0.18066851602864512,0,0,0,0,0,1,0,0
-0.3847551571862075,0.8536405813391554,0.5318973693649218,-0.0949052040963123,-1.3986882757633357,2.1394418421448287,1.1224174854451674,1.8705254451509363,0.12986849270458978,2.5514931028856696,1.0941064702060164,0.42427550486349236,0.7443542860380179,0,0,0,0,0,1,0,0
-1.5798056581783615,0.6860801015013421,0.7378466927340882,-0.24475588513813246,-0.8999989535541414,2.0623359202497644,1.0454471518688553,-0.2043451751159878,-2.0214710701956324,1.1244083904056161,1.4359303125133362,0.42427550486349236,-0.18066851602864512,0,0,1,0,0,0,0,0
-1.5798056581783615,1.0952916443871041,0.7759515528006636,-0.26221601860333776,-0.8999989535541414,3.1218619016915183,1.2033977026907992,0.7994963487415861,-1.8686216971999525,-0.18805590239894152,1.4099634575940159,0.42427550486349236,-1.1056913180953083,0,0,0,0,0,1,0,0
0.8102953438059464,0.33469233747799026,-0.4646720424389976,-0.7855674241705765,-1.3249408847586108,1.0387611370691412,2.442776971838098,0.7005528414819161,0.2161115988379,2.482020792793919,0.11034892751314637,0.42427550486349236,0.7443542860380179,0,0,0,0,0,1,0,0
-1.5798056581783615,0.6243795234735513,1.3917106579576413,0.6803654485645948,-1.3249408847586108,2.1795449218519956,1.0431632218971634,-0.20422580737696913,-2.0213640415642864,1.1252365805189293,1.43534923105372,0.42427550486349236,-0.18066851602864512,0,0,0,0,0,1,0,0
-0.3847551571862075,1.5598221420800755,0.9401903594925738,0.1238408946929208,-0.6235462357850736,2.0169132554726086,1.5465459476306285,0.8845108756964586,-0.20017313244317242,2.7302863170372587,1.1158462248753938,0.42427550486349236,0.7443542860380179,0,0,1,0,0,0,0,0
-1.5798056581783615,1.4983381929379518,1.309673558428838,0.23251904318133715,-0.8999989535541414,3.1805029076006304,1.045578609601656,0.7993893293893625,-1.8685717967604927,-0.18818353935911306,1.4358812949055466,0.42427550486349236,-1.1056913180953083,0,0,1,0,0,0,0,0
-0.3847551571862075,1.4282013076831555,0.5893946027425124,-0.523227976430645,-1.6226579293476844,3.9414755500055296,1.2456598762521909,-0.2241396391484262,-2.019469293501498,1.1395808709019974,1.0942267861524093,0.42427550486349236,0.7443542860380179,0,0,0,0,0,1,0,0
0.8102953438059464,1.3721264974371428,0.36315797137857103,-0.2334342343031677,-1.2059047274681423,2.1742354665853765,1.6276747434011523,1.5287056341486878,-0.4761164876075365,2.7913620255330764,1.0682804295054371,0.42427550486349236,0.7443542860380179,0,0,1,0,0,0,0,0
-0.3847551571862075,1.63887641789034,0.8625957231313015,-0.00905803283394559,-1.6389139121590754,2.5435035156538794,1.6255157213687572,1.8741641031265395,0.1701491929361801,2.520389099578959,1.068226064522252,0.42427550486349236,0.7443542860380179,0,0,1,0,0,0,0,0
-1.5798056581783615,0.3907193205463822,0.5537578970011238,-0.21658243759286958,-1.6362423357552451,1.991994147168375,0.5639677732044027,-1.819489471132754,0.18814255377479996,2.5057438728009673,0.10533932799703236,0.42427550486349236,-0.18066851602864512,0,0,0,0,0,1,0,0
0.8102953438059464,-1.471661151788424,-1.94699871882215,-1.2132517258356277,-0.43195430996133566,-0.5781403947480026,-0.08407105407490642,0.9320357003416102,0.6078363653457832,-0.44312486522309047,-0.7283993804406409,0.42427550486349236,-0.18066851602864512,0,0,0,0,0,0,1,0
0.8102953438059464,-1.6445013564736943,-2.163474385671685,-1.2807359932274671,-0.43195430996133566,-0.7243649638106002,-0.15938501960653353,0.8589538311596714,0.5799448047562147,-0.4927179836066619,-0.7767735207245126,0.42427550486349236,-0.18066851602864512,0,0,0,0,0,0,1,0
0.8102953438059464,0.6184902387031435,0.2048315875303173,0.013969758660210406,-0.43195430996133566,-0.17899648079380157,-0.014231213907833697,0.6888218740266343,0.6685800638505561,-0.3227502046175719,-0.7239842308226317,0.42427550486349236,-0.18066851602864512,0,0,0,0,0,0,1,0
0.8102953438059464,-0.9452903451617082,-0.8764875260128404,-0.5594045173523954,-0.43195430996133566,-0.56016140804874,-0.11722551480096813,0.8406370574137053,0.6151070108399129,-0.42965927903540285,-0.7557725950889115,0.42427550486349236,-0.18066851602864512,0,0,0,0,0,0,1,0
-0.3847551571862075,-0.4698187178070209,-0.4561176337733291,-0.6675566441669224,-0.43195430996133566,1.064175814329763,0.47692749526927053,-1.3365193668054112,-0.5306759332010833,-1.2536408721904768,-0.6908108963289827,0.42427550486349236,0.7443542860380179,0,0,0,0,0,0,1,0
-0.3847551571862075,1.048866634058267,-0.038080184098181875,-0.9573521488621044,-0.43195430996133566,2.594320391759062,0.6713104620178477,0.6874758998659757,0.6663864982017851,-0.3274374160802814,-0.7143527165065588,0.42427550486349236,-1.1056913180953083,0,0,0,0,0,0,1,0
0.8102953438059464,-1.273904019005255,-1.6310284374491155,-1.0447321357622268,-0.43195430996133566,-0.2270031473741113,-0.08481471051679335,0.6991945189344624,0.6822543104321129,-0.29287265765362563,-0.6479989176854007,0.42427550486349236,-0.18066851602864512,0,0,0,0,0,0,1,0
-1.5798056581783615,0.49790431098411186,0.6815311535819589,-0.027043137964124248,-2.2300461267776055,-0.3459180729382181,-0.6985702551014389,0.30273721249312313,0.8245084646663924,0.12355554533774732,-0.5372672504590859,0.42427550486349236,-0.18066851602864512,0,0,1,0,0,0,0,0
-0.3847551571862075,1.1000190142718724,0.4372692746695879,-0.3132916084714015,-2.2300461267776055,1.0751118667252348,0.01785573510096448,-2.167429965856407,0.34101454608060117,-0.8193073674778132,-0.5877063688747554,0.42427550486349236,-0.18066851602864512,0,0,1,0,0,0,0,0
0.8102953438059464,0.43224628356382827,0.06803796150505227,-0.12796493802722375,-2.2300461267776055,0.30488633708682,-1.0199648276847342,-1.3824265527804134,0.23454575759228824,-0.9245483023768899,-0.5372093205589704,0.42427550486349236,-0.18066851602864512,0,0,1,0,0,0,0,0
0.8102953438059464,0.7214373821027982,-1.1038681231462095,-1.494700579172773,-0.5311129700634939,1.9841839567738897,1.4868961753398677,1.6152143159057595,-0.352169447333416,2.773070770590664,0.4034465939897412,0.42427550486349236,1.669377088104681,0,0,0,0,0,0,1,0
0.8102953438059464,0.936305326153427,-0.4000714791823008,-0.9966001890665324,-0.5317748303775621,2.135392264599387,0.8314342673762453,1.6151319933271258,-0.35203725611338266,2.7730434325513333,0.40422641956821503,0.42427550486349236,0.7443542860380179,0,0,0,0,0,0,1,0
0.8102953438059464,-0.45376103785016203,-0.2860264999264471,-0.28287138075990487,0.9761362430669531,-0.16514094252996536,-0.26615546301086707,0.33893033418936575,0.7004589291439515,-0.25120573382298084,-0.690433906363618,0.42427550486349236,0.7443542860380179,1,0,0,0,0,0,0,0
0.8102953438059464,-0.5115754381196848,-0.6437415262744072,-0.6049275380827858,0.9761362430669531,-0.3854213235718797,0.6835442056429599,1.0110118661537115,0.7281262390600061,-0.18314906519689753,-0.7014468259901295,0.42427550486349236,-0.18066851602864512,1,0,0,0,0,0,0,0
0.8102953438059464,0.6719017416637005,1.0977916103244898,1.6103167790002086,0.9691737499137656,-0.32636182642253925,-0.30995325151226377,0.33893033418936575,0.7004602263137831,-0.25120268246517186,-0.7341433528443689,0.42427550486349236,-1.1056913180953083,1,0,0,0,0,0,0,0
0.8102953438059464,-1.5442550314900634,-1.6340758334193275,-0.8853705868790176,-0.4528733007371347,-0.569075788168439,-0.15917635061499297,0.6991121963558287,0.6822475600441257,-0.29288769598435227,-0.7151263034804046,0.42427550486349236,0.7443542860380179,0,0,0,0,0,0,1,0
0.8102953438059464,-1.386607869368301,-0.8240288151852875,-0.16897930332817374,-0.4528733007371347,-0.5797008358613779,-0.08440530656784166,0.8404477154828482,0.6151420554227373,-0.42959380732174896,-0.7243540909541364,0.42427550486349236,-0.18066851602864512,0,0,0,0,0,0,1,0
0.8102953438059464,0.14320054146605288,-1.4445595991975635,-1.5868488667082923,-0.4528733007371347,1.358339839610414,0.20670408278729605,-2.008271608455223,0.1454307069054141,-0.998568060268965,-0.6477832402111258,0.42427550486349236,0.7443542860380179,0,0,0,0,0,0,1,0
0.8102953438059464,-1.2756304798089682,-1.785055401275154,-1.2076498330323424,-0.4528733007371347,-0.2670462731530272,0.14003411853813497,1.0145640854217495,0.7319732410839745,-0.17317622329650265,-0.6803166721158102,0.42427550486349236,0.7443542860380179,0,0,0,0,0,0,1,0
0.8102953438059464,-1.614886129293119,-1.6641245158980214,-0.8836217610140759,-0.4528733007371347,-0.6306898573621614,0.47696698732294646,0.9319451455051132,0.607802466575813,-0.4431871047104335,-0.7567066033246148,0.42427550486349236,-1.1056913180953083,0,0,0,0,0,0,1,0
0.8102953438059464,-1.4441578143847824,-1.7802329002461803,-1.131036594260281,-0.4528733007371347,-0.5133575922963378,-0.15880477829826428,1.0145682015506812,0.7319708448498865,-0.17318247724053418,-0.6803220194912052,0.42427550486349236,0.7443542860380179,0,0,0,0,0,0,1,0
0.8102953438059464,-1.1947231423190794,-1.0735321134048619,-0.695483865252179,-0.4528733007371347,-0.17724937503138605,-0.12210071806174974,0.9320274680837468,0.6078332837112527,-0.44313052343224857,-0.6794949587634072,0.42427550486349236,0.7443542860380179,0,0,0,0,0,0,1,0
0.8102953438059464,-1.4520708382614371,-1.3701307894366745,-0.7622458309642537,-0.4528733007371347,-0.5766448293243384,-0.0841460815552748,0.8406370574137053,0.6151070108399129,-0.42965927903540285,-0.7241696065030003,0.42427550486349236,-0.18066851602864512,0,0,0,0,0,0,1,0
0.8102953438059464,-0.6590898404669857,-0.4709530929020009,-0.10607631360083641,2.051395957872675,0.21186585480655962,0.6959524712691876,-0.2263993939319173,-2.019400385753309,1.1400917007280893,1.091006774935238,0.42427550486349236,0.7443542860380179,0,1,0,0,0,0,0,0
-0.3847551571862075,-0.8375089240208241,-0.32658998905250863,-0.059425255983675554,2.051395957872675,0.20794341614286244,0.6959399964355859,-0.22121307147800331,-2.0197882061747032,1.1372071054190598,1.0910032100183078,0.42427550486349236,0.7443542860380179,0,1,0,0,0,0,0,0
0.8102953438059464,0.9490479388799902,-0.36327005455850914,-0.9445379220676947,2.051395957872675,3.117611758142952,2.3988010795742096,0.8536975345139189,0.5766464884475705,-0.4983778679279257,1.0910094486229356,0.42427550486349236,1.669377088104681,0,1,0,0,0,0,0,0
0.8102953438059464,0.8483214688323086,-0.5839913013268349,-1.1181464576197544,2.051395957872675,3.1175709796113567,2.3988994928662764,0.8537016506428505,0.5766400445895024,-0.49838888496948563,1.0909934064967497,0.42427550486349236,1.669377088104681,0,1,0,0,0,0,0,0
0.8102953438059464,0.802810797982775,-0.40986273746011576,-0.9336368459215051,2.051395957872675,3.1175735149239423,2.398944865361084,0.8536934183849871,0.5766400445895024,-0.49838888496948563,1.0909862766628895,0.42427550486349236,1.669377088104681,0,1,0,0,0,0,0,0
0.8102953438059464,-0.8007477810933709,-0.6404272544091086,-0.2307308026331259,2.051395957872675,0.18157558466241325,0.6959080534666363,-0.22120895534907165,-2.019788671594934,1.1372036295377865,1.0912188874925828,0.42427550486349236,0.7443542860380179,0,1,0,0,0,0,0,0
-1.5798056581783615,-0.41690424056746694,-0.3929758053113045,-0.8414523270820925,0.8711323223119213,0.28283893030837004,-0.44890285232999794,-1.7164051381678158,0.09345587717771461,-1.036511579919208,-0.5410576483850834,0.42427550486349236,-0.18066851602864512,0,1,0,0,0,0,0,0
-1.5798056581783615,-0.17322193715945222,0.5654766082758239,0.20086648787247405,0.8711323223119213,0.2542787810283693,-0.44772893008400827,-1.7165409704225612,0.09347881827510882,-1.0364956311285243,-0.5533441345848967,0.42427550486349236,-0.18066851602864512,0,1,0,0,0,0,0,0
-0.3847551571862075,0.6787597577009318,0.8454826493749109,0.5912971760906955,0.8711323223119213,0.3701887462137387,-0.4479751362828213,-1.7165656671961513,0.09348799465737441,-1.036489251458119,-0.5668569522086864,0.42427550486349236,-0.18066851602864512,0,1,0,0,0,0,0,0
0.8102953438059464,0.5213198458719487,-0.3153398281209194,-0.8463405111623268,0.8711323223119213,0.4126284271703541,-0.44826371279832783,-1.7165656671961513,0.09348799465737441,-1.036489251458119,-0.5523397192398226,0.42427550486349236,0.7443542860380179,0,1,0,0,0,0,0,0
0.8102953438059464,1.429749588996181,1.4394023569320156,1.819326485933204,0.8711323223119213,-0.3275942566787194,-0.4531850187103228,-0.5378956830944958,0.8593925468594669,0.2886135427847892,-0.5288050288961068,0.42427550486349236,0.7443542860380179,0,1,0,0,0,0,0,0
-1.5798056581783615,0.8777425741296563,1.4070068574410017,0.7921518400959847,0.8711323223119213,0.2494985362842734,-0.4554882914695619,-1.688876467872755,0.09166814402918871,-1.0377522986378869,-0.5527461197698614,0.42427550486349236,-0.18066851602864512,0,1,0,0,0,0,0,0
0.8102953438059464,-0.5797251579446357,-0.7992861092637297,-0.6963919209500559,0.8711323223119213,-0.568965801226234,-0.7174624280438773,-0.04940173374084165,0.8752665584187569,0.3885184325482125,-0.5295714860360925,0.42427550486349236,1.669377088104681,0,1,0,0,0,0,0,0
-1.5798056581783615,0.943952957322874,1.9669104349108173,2.571323800455621,-2.7159678633187423,-1.7302107687772246,-1.78289327650405,-1.717080183312611,0.09369674860098565,-1.0363440901630463,-0.9376172252381546,-2.356959071492339,-2.030714120161971,0,0,1,0,0,0,0,0
-1.5798056581783615,-0.7273108327364078,0.1443897054512693,0.10615942382968734,-2.7159678633187423,-1.7637508543550608,-1.8509494139990676,-1.7170307897654309,0.09367380942737474,-1.036360044182995,-0.9444181955116766,-2.356959071492339,-2.030714120161971,0,0,1,0,0,0,0,0
-1.5798056581783615,0.4857918894643609,0.9829244665423721,0.20940516212969087,-1.6793885886953137,2.185480405906276,1.0431226266641591,-0.20228711065014895,-2.0214876866255818,1.1242796326742155,1.4353715117845334,0.42427550486349236,0.7443542860380179,0,0,1,0,0,0,0,0
0.8102953438059464,1.5842683028965654,1.287537382965836,0.9564634837526281,-1.6793885886953137,2.0496628883099834,1.1118741877378546,1.8599428776675926,0.039861095966827756,2.6130996227198118,1.0937562171176276,0.42427550486349236,1.669377088104681,0,0,1,0,0,0,0,0
0.8102953438059464,0.9730364600143768,0.42314878557317553,-0.10462949416735122,-1.6781697545079595,1.9129776363954647,1.2706487553194732,1.8598276260575057,0.039982725212368564,2.6130233700906396,1.0938399926654863,0.42427550486349236,0.7443542860380179,0,0,1,0,0,0,0,0
-0.3847551571862075,1.66032635770685,1.2289812782186518,0.3564517137751679,-1.682134418712448,2.505591558559441,1.075118797233163,1.7834857827616784,-0.2995596998947637,2.760850553137299,1.3691496148897913,0.42427550486349236,1.669377088104681,0,0,0,0,0,1,0,0
0.8102953438059464,-0.7252889701589837,0.27232668573792734,0.996619214121772,0.8817224866453417,-0.8356680193872027,-0.7174750277297788,-0.5345821993044951,0.8607250992566137,0.2961518765712893,-0.552758596979117,0.42427550486349236,0.7443542860380179,0,1,0,0,0,0,0,0
0.8102953438059464,0.5403221690242574,-0.293227235850358,-0.6925200283397903,0.8817224866453417,0.3892240645550848,-0.4853177426301238,-2.1479812566542296,0.27551521011562363,-0.886374674235511,-0.5533583942526172,0.42427550486349236,0.7443542860380179,0,1,0,0,0,0,0,0
0.8102953438059464,-0.22088669780780795,0.4989397835788109,0.9778189627951788,0.8817224866453417,-0.5772075678884868,-0.7174945237855576,-0.052830469140929204,0.8751718918384271,0.3878416472432293,-0.5289912958057081,0.42427550486349236,1.669377088104681,0,1,0,0,0,0,0,0
0.8102953438059464,-0.36945610799453216,-0.9026036046931153,-0.9139665484237296,0.8817224866453417,-0.1815604014486339,0.0955086924524097,0.33882743096607376,0.771675489621861,-0.06135356311311384,-0.6488313257885943,0.42427550486349236,-1.1056913180953083,0,1,0,0,0,0,0,0
-1.5798056581783615,-1.3269132123356397,0.917704055622699,2.8259828753422243,-2.6325685757806414,-1.9005427489092412,-1.8204654545484,-1.460122602494763,-0.6949518390062008,-1.2472481238261757,1.963087947415299,-2.356959071492339,-1.1056913180953083,0,0,1,0,0,0,0,0
-0.3847551571862075,0.9843367610199641,0.3967724841835686,-0.3885303249180543,-2.6325685757806414,1.2744513766042431,0.6435983843739079,-1.460106137979036,-0.6949595239560908,-1.2472472329967554,1.963157463295437,0.42427550486349236,-0.18066851602864512,0,0,1,0,0,0,0,0
-0.3847551571862075,0.10305118314525565,-0.44242221680679633,-1.0688835892264148,-2.6325685757806414,1.274051345991716,0.6419609357063912,-1.460134950881558,-0.6949595239560908,-1.2472472329967554,1.9631654843585298,0.42427550486349236,-0.18066851602864512,0,0,1,0,0,0,0,0
-1.5798056581783615,0.18012110750866414,-0.8060688651350176,-1.537039892587049,-2.6325685757806414,1.2749650521512972,0.6452092195050534,-1.460134950881558,-0.6949595239560908,-1.2472472329967554,1.96316904927546,0.42427550486349236,-0.18066851602864512,0,0,1,0,0,0,0,0
0.8102953438059464,-0.7839576909645588,-0.2255679586618111,0.30330533016890715,-2.6325685757806414,-0.5870448904743365,-1.370960861026187,-0.22880321322801714,-0.25825727481555194,-1.2081738065113632,1.9629177226318832,0.42427550486349236,1.669377088104681,0,0,1,0,0,0,0,0
0.8102953438059464,-0.8949210146601744,0.1866172187385084,1.4639319070660708,-2.6325685757806414,-1.8104498208624518,-1.921977249438075,-1.3147162318543142,-0.5053812449832882,-1.2523845539378895,1.9631280527307635,-2.356959071492339,1.669377088104681,0,0,1,0,0,0,0,0
0.8102953438059464,-2.020796670812303,-1.0982980740819368,0.6748428340193919,-2.6325685757806414,-1.7321705079352998,-1.9274968972300952,-1.460122602494763,-0.6949518390062008,-1.2472481238261757,1.9631289439599957,-2.356959071492339,0.7443542860380179,0,0,1,0,0,0,0,0
0.8102953438059464,-1.5075764136980554,0.051355753280240765,1.9144365079588226,-2.6325685757806414,-1.8069779171038127,-1.9210902355200585,-1.336445276484641,-0.5307144797070917,-1.2536423301921171,1.9631485510031117,-2.356959071492339,1.669377088104681,0,0,1,0,0,0,0,0
0.8102953438059464,0.2570316087569143,0.6346998952750184,1.1046438091169557,-2.6325685757806414,-0.7312061957780986,-1.37010215828364,-0.30281944367744673,-0.024209006003536773,-1.1095929013056134,1.963122705355368,0.42427550486349236,2.594399890171344,0,0,1,0,0,0,0,0
-0.3847551571862075,0.9916636694302726,0.47836522263334796,-0.27717147019906935,-1.6645224639153997,2.363201084536045,1.074258497440011,1.858279961579195,0.04205666330085591,2.6117203394687953,1.3697948648541511,0.42427550486349236,0.7443542860380179,0,0,0,0,0,1,0,0
-1.5798056581783615,1.1630343656905617,1.2562696624998828,0.4675525290385168,-1.6645224639153997,1.9899480657202693,1.5477140300565728,2.073211866004613,0.3858401275935279,2.3098739864636846,1.1218058747533968,0.42427550486349236,0.7443542860380179,0,0,0,0,0,1,0,0
0.8102953438059464,1.555480201168528,1.167993609092918,1.0689211349169998,-1.7154632360566553,2.0165940249378096,1.04568514950112,-0.2935005277761283,0.6256407917148149,-0.4097276049510933,1.4355256944417627,0.42427550486349236,-0.18066851602864512,0,0,0,0,0,1,0,0
-0.3847551571862075,-1.2248494618946204,-0.8532475247745382,-0.4127927658661085,-1.7154632360566553,-0.3478702602828009,-0.1356554651928663,0.8752125404397987,0.3796427102822294,-0.7759378541748885,-0.7503075774349689,0.42427550486349236,-0.18066851602864512,0,0,0,0,0,1,0,0
-0.3847551571862075,-1.373673948741499,-1.329309038586705,-0.8365279394695915,-1.7154632360566553,-0.3606558003998895,-0.1359669860154885,0.8710099728005557,0.38089471917028367,-0.7744812621484255,-0.7503494652088981,0.42427550486349236,-0.18066851602864512,0,0,0,0,0,1,0,0
0.8102953438059464,0.8314150938746387,-0.5563288407339406,-1.0692250158953862,-1.7154632360566553,0.8522099636390847,-0.13593374722472334,0.8710264373162824,0.3808829502884819,-0.7744949694324991,-0.7503298581657823,0.42427550486349236,-1.1056913180953083,0,0,0,0,0,1,0,0
0.8102953438059464,-0.0906387792162152,-0.5008508408612258,-0.6812603234031402,0.9671017090880409,0.06383581799598369,0.6835442056429599,0.2981312642185756,0.8269559808962542,0.1336214733415418,-0.6144254212663408,0.42427550486349236,0.7443542860380179,1,0,0,0,0,0,0,0
0.8102953438059464,0.08941111159633985,0.7193139613371877,1.37810027744773,2.051395957872675,0.21389217937901706,0.5775417131869688,-0.22121307147800331,-2.019789602422157,1.1371966777718894,1.0910058837060053,0.42427550486349236,0.7443542860380179,0,1,0,0,0,0,0,0
0.8102953438059464,1.2482292531147248,-0.5995846516927672,-1.269114391783716,2.051395957872675,3.1076960531999074,2.398910462293778,0.853672837740329,0.5767302535113664,-0.49823464075967433,1.0910076661644703,0.42427550486349236,0.7443542860380179,0,1,0,0,0,0,0,0
-0.3847551571862075,1.6864586542134963,2.0122213029347886,2.6400691094996445,-0.2986446116329787,-0.5623995705342659,0.5814267270812676,0.6514844684873853,0.6741704349781189,-0.31067479615776095,-0.6456068584252603,0.42427550486349236,-2.030714120161971,0,1,0,0,0,0,0,0
0.8102953438059464,-0.9506272757796732,-0.4797865895129037,0.004835184719070945,-1.1624990989414556,-0.6194748243922701,0.044941425503414,0.8658154180887782,0.37776445293680516,-0.778116869139519,-0.778899993673356,0.42427550486349236,-1.1056913180953083,0,0,0,0,0,0,1,0
0.8102953438059464,-0.46889875117198465,-0.5538659767337576,-0.4671599622790661,-1.1624990989414556,0.8548469379378846,0.13965111801428956,-2.008279840713086,0.14539701740304303,-0.9985938531410488,-0.8035906083316775,0.42427550486349236,-0.18066851602864512,0,0,0,0,0,0,1,0
0.8102953438059464,-1.581527266812482,-1.0327179653514884,-0.1279490995397776,-1.1624990989414556,-0.6385115288583664,-0.08443586015683179,0.8379286445766615,0.4659800820257533,-0.6672302766156973,-0.7789062322779838,0.42427550486349236,-1.1056913180953083,0,0,0,0,0,0,1,0
0.8102953438059464,-0.6073682254439856,-0.6541200993475045,-0.5960200682129023,-0.4141057098543536,-0.0369377322603512,-0.48819919070487844,-0.14633657008185302,0.838724029717527,0.1846985666022661,-0.5818590138800527,0.42427550486349236,-0.18066851602864512,0,1,0,0,0,0,0,0
0.8102953438059464,-0.3898669823641586,-0.05793679383922848,0.0057738131533098085,0.8596192690653989,-0.3523255806466661,0.6830250789038946,0.6941687255088836,0.6699703251736829,-0.319764743426243,-0.7276284671544927,0.42427550486349236,-0.18066851602864512,0,0,1,0,0,0,0,0
0.8102953438059464,0.1870072577040663,-0.21175538305787242,-0.3791681769416973,-1.5048529425532362,-0.5279491634331103,-0.6138679396529552,-0.5408510636674404,0.8597942135731921,0.2908725883702389,-0.5589169909759767,0.42427550486349236,-0.18066851602864512,0,0,0,0,0,0,0,1
-1.5798056581783615,0.7651437550942485,1.20910526421915,0.5524658233825978,-1.6787790537145872,1.602475228759107,1.5490526060492218,0.6623592811248781,-0.8179643739296664,2.7669664003857877,1.0935253887463992,0.42427550486349236,-0.18066851602864512,0,0,0,0,0,1,0,0
-1.5798056581783615,-1.328684686333985,-0.8060200443471129,-0.7422442768259919,-1.6787790537145872,-0.07551797056054266,1.107763961895912,-0.20427108479521763,-2.0213577379698955,1.1252852956801345,1.0941144912691088,0.42427550486349236,-0.18066851602864512,0,0,0,0,0,1,0,0
0.8102953438059464,1.1877290393675524,0.0811065611875916,-0.5955566964947057,-1.6793885886953137,2.7222020421264057,1.075018192846357,1.7820122086041377,-0.2997138266323279,2.7608903022733626,0.5104600528578944,0.42427550486349236,2.594399890171344,0,0,1,0,0,0,0,0
0.8102953438059464,1.1876755850341993,0.6457711381677859,0.2824857747843863,-1.3285961867260045,2.3374341559959153,1.0766215587682104,1.8742011482869245,0.16994481678160386,2.520552733729503,1.3699829142222173,0.42427550486349236,0.7443542860380179,0,0,0,0,0,1,0,0
-1.5798056581783615,-1.320793232005603,0.581407809336114,1.1213963178839268,-1.3285961867260045,-0.40159819954563425,0.5257390185436461,0.4449865122429751,0.681275860705016,-0.29504936419537026,-0.7031660071797017,0.42427550486349236,-0.18066851602864512,0,0,0,0,0,1,0,0
0.8102953438059464,0.7358586284554538,-0.7463011329708193,-1.2244841119310026,2.051395957872675,3.117524497130305,2.39873988165573,0.853672837740329,0.5765691584584816,-0.4985100683445342,1.0910076661644703,0.42427550486349236,1.669377088104681,0,1,0,0,0,0,0,0
0.8102953438059464,0.9756369359940826,-0.5053797109468142,-1.0895824760055812,2.051395957872675,3.117517869383823,2.3986971563310964,0.8537016506428505,0.5765675473313804,-0.49851282242516953,1.091008557393703,0.42427550486349236,1.669377088104681,0,1,0,0,0,0,0,0
0.8102953438059464,0.7730248941858227,-0.5496704706297855,-1.062500291812432,2.051395957872675,3.117599367402893,2.3988042967730467,0.8537016506428505,0.5766416555592645,-0.4983861307148933,1.091006774935238,0.42427550486349236,1.669377088104681,0,1,0,0,0,0,0,0
0.8102953438059464,1.0162157990285665,-0.42148702409670447,-1.0223314668263632,2.051395957872675,3.1176224979049225,2.3990215262102157,0.8537016506428505,0.5767173671938958,-0.4982566763889156,1.0909889503505872,0.42427550486349236,1.669377088104681,0,1,0,0,0,0,0,0
0.8102953438059464,-0.48118935218242315,-0.09234146082531251,0.44008084341700127,-1.590208623505163,0.2599193304860207,-0.1355772154560165,-0.2934552503578798,0.6256452869456679,-0.4097189894448435,-0.7156512374983715,0.42427550486349236,-0.18066851602864512,0,0,0,0,0,1,0,0
0.8102953438059464,-1.4645761916287188,-1.963637573461687,-1.234329239196484,-0.9263300507166173,-0.5781739726926097,-0.08420126802591126,0.9320151196969517,0.607840987770642,-0.44311637788162467,-0.7284296822345472,0.42427550486349236,-0.18066851602864512,0,0,0,0,0,0,1,0
-0.3847551571862075,-1.2437373743161575,-1.1131102262967725,-0.727991229098228,-0.9263300507166173,-0.47863682012412834,-0.08451575881897544,0.6992109834501891,0.6822435097655148,-0.29289671894391334,-0.6826409979542776,0.42427550486349236,-0.18066851602864512,0,0,0,0,0,0,1,0
0.8102953438059464,-0.21806302914278247,-0.97171611758911,-1.0426983995353398,-0.16085046074691,0.13888315954884856,0.1366712577100463,-1.9879543960484616,0.06594029404387108,2.5963266481691005,0.14093145862779796,-2.356959071492339,-1.1056913180953083,0,0,0,0,0,0,1,0
0.8102953438059464,1.371420345704783,-0.6228954809179266,-1.3067342139195874,-0.16085046074691,2.992418790041128,1.5921604958874809,1.0443113492109846,-1.9972963735350007,1.2771631391995624,1.096128669334652,0.42427550486349236,1.669377088104681,0,0,0,0,0,0,1,0
-0.3847551571862075,1.621303278859702,0.885448406271341,0.028456153280550123,-1.3293282660982613,3.5776965040882396,1.0293866397052467,-0.2270620906899174,-2.019626438938143,1.138413168718159,1.4523119970366767,0.42427550486349236,-0.18066851602864512,0,0,0,0,0,1,0,0
0.8102953438059464,0.3278708943069152,-1.0478520195034033,-1.3297398084640704,-0.9189768218008518,1.5940606289696997,1.5921716451288268,1.4934098285595507,-0.5993489799037498,2.7952163554970273,1.0961242131884894,0.42427550486349236,-0.18066851602864512,0,0,0,0,0,0,1,0
-1.5798056581783615,0.70268638579398,0.9704189643045602,0.06829962843497246,-1.7159311376654116,1.9861920185327164,0.5568118102576444,-1.8153815744589394,0.1909316221179312,2.5034310918955365,0.1037324416907604,0.42427550486349236,-0.18066851602864512,0,0,1,0,0,0,0,0
-1.5798056581783615,0.2190832307686398,0.07337878683736487,-0.7578675921610585,-1.7093931292990887,1.8643399956699198,1.6257154109466188,1.8586421809251825,0.042311420228860516,2.6115599105759135,1.068152092495951,0.42427550486349236,-0.18066851602864512,0,0,1,0,0,0,0,0
-1.5798056581783615,-0.2808195524641624,1.0054674033269688,1.4494577592469966,-0.9232148790608747,-0.6504383221507058,-0.4976531815480331,-0.052818120754134126,0.8751232798862644,0.38749459504837924,-0.5299627356691781,0.42427550486349236,-0.18066851602864512,0,0,0,0,0,0,1,0
0.8102953438059464,-0.8345792857637488,-1.4727550111193066,-1.1474501666330683,-0.9232148790608747,-0.25680130661798384,-0.7760655162142843,-0.5372041734339739,0.859478165895812,0.2890941376462772,-0.5298851987259471,0.42427550486349236,-0.18066851602864512,0,0,0,0,0,0,1,0
0.8102953438059464,-0.1918932215055687,-1.9378351808273895,-1.7668977649023414,-0.9232148790608747,0.9836283211607554,-0.090006617898405,-2.0083127697445398,0.14538578745977407,-0.9986024504956154,-0.5299689742738057,0.42427550486349236,-0.18066851602864512,0,0,0,0,0,0,1,0
0.8102953438059464,-0.7596503227896113,-1.5723621515673294,-1.329523529676173,-1.169650817232254,0.6726818525502224,0.47576031429584814,-1.7171172284729959,0.09371739368406347,-1.036329731074481,-0.811381734282553,0.42427550486349236,-1.1056913180953083,0,0,0,0,0,0,1,0
0.8102953438059464,-0.11651505998804938,-1.1055216390347398,-1.227976763938744,-1.169650817232254,1.0517727825945156,0.6208218350414213,0.7997638971221452,-1.868642385677669,-0.18800297831722293,1.4232739661820186,0.42427550486349236,-1.1056913180953083,0,0,0,0,0,0,1,0
-1.5798056581783615,0.9846884294895264,-0.9597676777215736,-1.8248094568124094,-2.0337425911445157,1.3147701900950173,0.6771809747855004,-1.4601431831394214,-0.6949364690962444,-1.2472499053190553,1.9306997858755186,0.42427550486349236,-0.18066851602864512,0,1,0,0,0,0,0,0
-1.5798056581783615,0.2849813307209493,-0.14992740009740402,-1.1626558363441393,-2.0337425911445157,1.2846271297499372,0.67519368607473,-1.4599538412085642,-0.6949467157043896,-1.2472487176817224,1.9312452181658342,0.42427550486349236,-1.1056913180953083,0,1,0,0,0,0,0,0
-0.3847551571862075,0.6071421113301804,-1.1512669223488277,-1.6789731665623717,-2.0337425911445157,1.2860432301970692,0.6772477920649957,-1.4601431831394214,-0.6949364690962444,-1.2472499053190553,1.9631761791093203,0.42427550486349236,-0.18066851602864512,0,1,0,0,0,0,0,0
-1.5798056581783615,0.27610426527903736,-0.6587254123787963,-1.4855314215089335,-2.0337425911445157,1.2859994217928978,0.6773702298689002,-1.460122602494763,-0.6949518390062008,-1.2472481238261757,1.9631414211692517,0.42427550486349236,-0.18066851602864512,0,1,0,0,0,0,0,0
-1.5798056581783615,1.119531491554735,-0.9211528971251052,-1.807425892848974,-2.0337425911445157,1.2858704358733182,0.6770870174049571,-1.4601267186236946,-0.6949518390062008,-1.2472481238261757,1.9631039895414844,0.42427550486349236,-0.18066851602864512,0,1,0,0,0,0,0,0
0.8102953438059464,-1.6249748125168688,-0.5652310388912015,0.47193248512734104,-2.0337425911445157,-1.8103271019686982,-1.9281296817847957,-1.3367375216387902,-0.5305525845686492,-1.2536361972620018,1.963113793063043,-2.356959071492339,1.669377088104681,0,1,0,0,0,0,0,0
0.8102953438059464,-1.7563152500784527,-0.5340916666364882,1.1177051351636127,-2.0337425911445157,-1.8096958399913008,-1.9268613320799084,-1.336535831321138,-0.5306836425000634,-1.2536411639017957,1.9631619194416001,-2.356959071492339,1.669377088104681,0,1,0,0,0,0,0,0
0.8102953438059464,-1.8958181618313588,-0.02762670672452078,1.7868733775696863,-2.0337425911445157,-1.80691767494445,-1.9219704540705174,-1.3364535087425042,-0.530673363435003,-1.253640774941038,1.9631512246908092,-2.356959071492339,1.669377088104681,0,1,0,0,0,0,0,0
0.8102953438059464,-1.3068980829862873,-0.3051213585338501,1.0514876183001236,-2.0337425911445157,-1.7115248575262318,-1.8154917876570946,-1.3365152506764795,-0.5306810727336128,-1.2536410666708555,1.963149442232344,-2.356959071492339,1.669377088104681,0,1,0,0,0,0,0,0
0.8102953438059464,-1.7688046610531938,-0.7829249192410636,0.914744129042385,-2.0337425911445157,-1.806998476903111,-1.9220293784519158,-1.3364535087425042,-0.5307376076240188,-1.253643204327156,1.9631779615677858,-2.356959071492339,1.669377088104681,0,1,0,0,0,0,0,0
0.8102953438059464,-1.7597784869226867,-0.018367144362189287,1.911057786286495,-2.0337425911445157,-1.806835906442649,-1.922036125152564,-1.3362641668116473,-0.5304472245043411,-1.2536321928438,1.9630772526645086,-2.356959071492339,1.669377088104681,0,1,0,0,0,0,0,0
0.8102953438059464,-1.7152271703675805,-0.19565567206573636,1.5136741414357902,-2.0337425911445157,-1.8069586470680579,-1.9220293784519158,-1.3365193668054112,-0.5306913518001544,-1.2536414555576192,1.9631619194416001,-2.356959071492339,1.669377088104681,0,1,0,0,0,0,0,0
0.8102953438059464,-1.428492128011042,-0.982574809397069,-0.1378792924737231,-2.0337425911445157,-1.8068225472862975,-1.9218762400218323,-1.336486437773958,-0.5305731426542655,-1.2536369774033316,1.9631405299400184,-2.356959071492339,1.669377088104681,0,1,0,0,0,0,0,0
0.8102953438059464,-1.768312324223512,-0.095101890337254,1.7175600495515981,-2.0337425911445157,-1.7825996795858887,-1.8155768380374289,-1.3147368124989725,-0.5053684041295847,-1.2523837641558764,1.9525349020727785,-2.356959071492339,1.669377088104681,0,1,0,0,0,0,0,0
0.8102953438059464,-1.5371766359402563,-0.5830329865487417,0.6091654223968799,-2.0337425911445157,-1.8067620101546211,-1.9219862954752247,-1.3365152506764795,-0.530454933770269,-1.2536324862014794,1.9630790351229732,-2.356959071492339,1.669377088104681,0,1,0,0,0,0,0,0
0.8102953438059464,-1.6980375845915852,0.09495827880589902,1.955813313498656,-2.0337425911445157,-1.8105510224804175,-1.928152977308057,-1.3364411603557094,-0.5307144797070917,-1.2536423301921171,1.96316904927546,-2.356959071492339,1.669377088104681,0,1,0,0,0,0,0,0
0.8102953438059464,-1.363607772520188,-0.05420705758040866,1.8421174181994893,-2.0337425911445157,-1.8664054991813193,-1.8823803117766795,-1.1592129969444598,-0.7822446336207811,-1.2335139859279867,1.9631048807707177,-2.356959071492339,1.669377088104681,0,1,0,0,0,0,0,0
0.8102953438059464,-1.2851133545469218,-0.08044611754920701,1.578944845140258,-2.0337425911445157,-1.8068289494654735,-1.9219494307206522,-1.3362929797141692,-0.5304883406021974,-1.2536337567768134,1.9630763614352758,-2.356959071492339,1.669377088104681,0,1,0,0,0,0,0,0
0.8102953438059464,-1.7832587296450961,-0.08864686334235938,1.8018159485282117,-2.0337425911445157,-1.7826334880217825,-1.8155395512228059,-1.3147162318543142,-0.5053709722999247,-1.2523839221246036,1.9525108388835,-2.356959071492339,1.669377088104681,0,1,0,0,0,0,0,0
0.8102953438059464,-1.2905909519045153,0.2564078290661418,2.1644624346476933,-2.0337425911445157,-1.8067485352492012,-1.921947757363681,-1.3366551990601567,-0.530478061574756,-1.2536333659415475,1.9630736877475783,-2.356959071492339,1.669377088104681,0,1,0,0,0,0,0,0
0.8102953438059464,-1.4161499500063186,-0.5152486968025697,0.7816525992422679,-2.0337425911445157,-1.7119836220240876,-1.8160070776976442,-1.3363917668085292,-0.5305680031321186,-1.253636782404996,1.9631039895414844,-2.356959071492339,1.669377088104681,0,1,0,0,0,0,0,0
-0.3847551571862075,-1.7759515142542375,-0.9685797519935695,0.0013058684605957074,-2.0337425911445157,-1.672926539017981,-1.7534972986154498,-1.460110254107968,-0.694992825366403,-1.247243372096681,1.9630941860199267,-2.356959071492339,1.669377088104681,0,1,0,0,0,0,0,0
0.8102953438059464,-1.0767226856413792,-0.38380201083943255,0.2603503389019585,-0.6235462357850736,-1.3469797987955685,-1.572033958802323,-1.4601431831394214,-0.6949620856052992,-1.2472469360413223,1.9631565720662048,-2.356959071492339,2.594399890171344,0,0,1,0,0,0,0,0
-0.3847551571862075,-0.9552092892232465,-0.06056492141284148,0.3056202403742382,-0.6235462357850736,-1.4243174278370139,-1.7582789342669725,-1.3362065410066035,-0.530462643037314,-1.253632779503664,1.9326132550377844,-2.356959071492339,1.669377088104681,0,0,1,0,0,0,0,0
0.8102953438059464,-1.4573674437658455,-0.6326428199456016,0.4700118405122705,-0.6235462357850736,-1.429245777475804,-1.7582060779451258,-1.177706764234488,-0.8096145431530843,-1.2277046880839209,1.9313450358398785,-2.356959071492339,1.669377088104681,0,0,1,0,0,0,0,0
0.8102953438059464,-1.1163093729524347,-0.3638327206530711,0.44087807343470403,-0.6235462357850736,-1.3978053704251316,-1.9220258900711147,-1.3365275990632746,-0.5306785029672857,-1.2536409694337494,1.963157463295437,-2.356959071492339,2.594399890171344,0,0,1,0,0,0,0,0
0.8102953438059464,-1.104565500559198,-0.5136399255402299,0.12708135648916877,-0.6235462357850736,-1.397879159934976,-1.922000812841323,-1.3364576248714362,-0.5306785029672857,-1.2536409694337494,1.9631423123984841,-2.356959071492339,2.594399890171344,0,0,1,0,0,0,0,0
0.8102953438059464,-1.5033863930273554,-0.1606192831217781,1.218893285787594,-0.6235462357850736,-1.5731277125785839,-1.9272686004883723,-1.177706764234488,-0.8096145431530843,-1.2277046880839209,1.9314947623509453,-2.356959071492339,1.669377088104681,0,0,1,0,0,0,0,0
0.8102953438059464,-1.124467158252436,-0.7978911781148653,-0.27665897769560527,-0.6235462357850736,-1.5701712457546246,-1.9220105248815464,-1.1777520416527365,-0.8095967852547375,-1.2277086924055063,1.930688199895496,-2.356959071492339,1.669377088104681,0,0,1,0,0,0,0,0
0.8102953438059464,-1.4899779536819893,-0.5467558853531349,0.7660294281009205,-0.6235462357850736,-1.5701139610872008,-1.921943545349953,-1.1777232287502146,-0.8096069326295783,-1.2277064042582662,1.9306115541814972,-2.356959071492339,1.669377088104681,0,0,1,0,0,0,0,0
0.8102953438059464,-1.300586794756012,-0.16711869354062112,0.9175809089322511,-0.6235462357850736,-1.572920415063158,-1.9269283572811589,-1.1777520416527365,-0.809599322099537,-1.227708120377827,1.9312273935811832,-2.356959071492339,1.669377088104681,0,0,1,0,0,0,0,0
0.8102953438059464,-1.49049279751411,-0.22062298626150958,1.2793537068627574,-0.6235462357850736,-1.572895694968553,-1.9268823201027228,-1.1777602739106,-0.8095967852547375,-1.2277086924055063,1.9314118780323195,-2.356959071492339,1.669377088104681,0,0,1,0,0,0,0,0
0.8102953438059464,-1.222141140604287,-0.6682606561836374,0.19115293422591415,-0.6235462357850736,-1.4407727272082274,-1.5056541211556094,-1.3364699732582312,-0.5307016308686705,-1.2536418443457245,1.9326952481271784,-2.356959071492339,1.669377088104681,0,0,1,0,0,0,0,0
0.8102953438059464,-1.1246931641104987,-0.46399190707663496,0.21459211502851586,-0.6235462357850736,-1.392148058500039,-1.9219967604424821,-1.336486437773958,-0.5306656541375044,-1.2536404831557253,1.963150333461577,-2.356959071492339,1.669377088104681,0,0,1,0,0,0,0,0
0.8102953438059464,-1.1006868248649946,-0.4265355302607169,0.1706325120457943,-0.6235462357850736,-1.2885242573037812,-1.9219896190547137,-1.460085557334378,-0.6949569623065043,-1.2472475299460424,1.9631120106045772,-2.356959071492339,1.669377088104681,0,0,1,0,0,0,0,0
-0.3847551571862075,-1.6255140382597602,-0.9418953200211089,-0.10357651479286023,-0.6235462357850736,-1.4885054853235808,-1.505456374945937,-1.336511134547548,-0.5306913518001544,-1.2536414555576192,1.9326934656687134,-2.356959071492339,0.7443542860380179,0,0,1,0,0,0,0,0
0.8102953438059464,-1.272811500035264,-0.8362835335629953,-0.10902313512626431,-0.6235462357850736,-1.4015862960402155,-1.9267619405930505,-1.3363176764877591,-0.5305911309856775,-1.2536376597032726,1.9630941860199267,-2.356959071492339,1.669377088104681,0,0,1,0,0,0,0,0
0.8102953438059464,-1.1200633234893043,-0.5714476004925004,-0.019869596278042145,-0.6235462357850736,-1.3055224580208362,-1.9219560848071247,-1.4600732089475827,-0.6949672089025868,-1.2472463421120155,1.963169940504693,-2.356959071492339,1.669377088104681,0,0,1,0,0,0,0,0
-1.5798056581783615,-1.7821830913320569,-0.09305147212008248,0.5757115804696963,-0.6235462357850736,-1.6310959357499637,-1.567086196791051,-1.4601143702368995,-0.6949544006565413,-1.2472478268891822,1.9306935472708913,-2.356959071492339,0.7443542860380179,0,0,1,0,0,0,0,0
0.8102953438059464,-1.5587437980397898,-1.0348048520683755,-0.0985405086974365,-0.6235462357850736,-1.3981569310920285,-1.921056935010896,-1.3364987861607527,-0.5306939215670986,-1.2536415527638947,1.9631200316676705,-2.356959071492339,1.669377088104681,0,0,1,0,0,0,0,0
0.8102953438059464,-1.1925803052112312,-0.3278994340792652,0.5541527602312293,-0.6235462357850736,-1.3985933951684162,-1.9219587426889635,-1.3364987861607527,-0.5306759332010833,-1.2536408721904768,1.9631538983785073,-2.356959071492339,1.669377088104681,0,0,1,0,0,0,0,0
0.8102953438059464,-1.3676899478802609,-0.674923833960277,0.38447110491354863,-0.6235462357850736,-1.4640457370131386,-1.5053518525137821,-1.3147244641121776,-0.5053889494979158,-1.2523850277331496,1.9326310796224357,-2.356959071492339,0.7443542860380179,0,0,1,0,0,0,0,0
0.8102953438059464,-1.0327940574187755,-0.5547324893574794,0.14571740226077806,-0.6235462357850736,-1.3984502651218809,-1.921937837056143,-1.3365811087393864,-0.5305063289049955,-1.253634440501133,1.9630924035614616,-2.356959071492339,1.669377088104681,0,0,1,0,0,0,0,0
0.8102953438059464,-1.575257241960175,-1.1358177497516029,-0.07974137851692192,-0.6235462357850736,-1.3986432647583946,-1.921982428943013,-1.3365275990632746,-0.5306862122666367,-1.2536412611265697,1.9631547896077395,-2.356959071492339,1.669377088104681,0,0,1,0,0,0,0,0
0.8102953438059464,-1.3319631806981245,-0.7390871877965378,0.192611655098855,-0.6235462357850736,-1.2465744613157426,-1.9211109419297971,-1.4590606412303901,-0.6950056335841708,-1.2472418868585136,1.9631530071492744,-2.356959071492339,0.7443542860380179,0,0,1,0,0,0,0,0
0.8102953438059464,-0.5317387370829757,-0.03679678260416677,0.10432017450736794,-0.6235462357850736,-1.3357889370397094,-1.505486550165383,-1.4601184863658314,-0.6949518390062008,-1.2472481238261757,1.963097750936857,-2.356959071492339,1.669377088104681,0,0,1,0,0,0,0,0
0.8102953438059464,-1.1916987879711736,-0.47054444037557513,0.42620576155355755,-0.6235462357850736,-1.3047200138200974,-1.9205931173779631,-1.4591182670354335,-0.6950286883523936,-1.2472392130425725,1.96305318947523,-2.356959071492339,1.669377088104681,0,0,1,0,0,0,0,0
0.8102953438059464,-1.3612830052947433,-1.0193719231048783,-0.2711462856671669,-0.6235462357850736,-1.3986300523937063,-1.9220226152461044,-1.3364576248714362,-0.5307067704036688,-1.25364203870278,1.9631663755877626,-2.356959071492339,1.669377088104681,0,0,1,0,0,0,0,0
0.8102953438059464,-1.446843628672677,-0.49161613587271913,0.4686697852769483,-0.6235462357850736,-1.398029000244035,-1.921087732983303,-1.3365646442236598,-0.5305294567318043,-1.253635319131296,1.9630897298737642,-2.356959071492339,1.669377088104681,0,0,1,0,0,0,0,0
0.8102953438059464,-1.140629870347179,-0.8469525397144071,-0.2249074092369114,-0.6235462357850736,-1.3986094183400828,-1.9219527309054303,-1.3365029022896846,-0.5306939215670986,-1.2536415527638947,1.9631485510031117,-2.356959071492339,1.669377088104681,0,0,1,0,0,0,0,0
-0.3847551571862075,-1.104354498829264,0.11447484759671285,1.0083431040004267,-0.6235462357850736,-1.3990904265759543,-1.9219525662307713,-1.3366140377708398,-0.5304986196316239,-1.2536341475134216,1.9630817088106713,-2.356959071492339,0.7443542860380179,0,0,1,0,0,0,0,0
-0.3847551571862075,-1.3946343649010704,-0.36361176797439854,0.49585643414195124,-0.6235462357850736,-1.3193181637984237,-1.8135409388361843,-1.460110254107968,-0.6949902637217185,-1.2472436691258744,1.9630638842260204,-2.356959071492339,-0.18066851602864512,0,0,1,0,0,0,0,0
0.8102953438059464,-1.3392094396915653,-0.6752834364494291,0.14970891784848445,-0.6235462357850736,-1.2467403797247343,-1.92191508997643,-1.460106137979036,-0.6949902637217185,-1.2472436691258744,1.9631485510031117,-2.356959071492339,0.7443542860380179,0,0,1,0,0,0,0,0
0.8102953438059464,-1.1125769911535925,-0.5747149555591184,-0.05522387849965049,-2.00987560796524,-1.3032670457628097,-1.6116601809500948,-1.1777643900395314,-0.8095917115629592,-1.2277098364426036,1.9313628604245294,-2.356959071492339,0.7443542860380179,0,0,1,0,0,0,0,0
0.8102953438059464,-1.5210504975219148,-0.36065789400038556,0.6292399579462704,-2.00987560796524,-1.2944124406146031,-1.8203495128423863,-1.3364617410003679,-0.5307042006361076,-1.2536419415273352,1.9631663755877626,-2.356959071492339,1.669377088104681,0,0,1,0,0,0,0,0
-0.3847551571862075,-1.3604371242769215,0.820286880801407,1.6215661909524992,-2.00987560796524,-1.5101229113946735,-1.566774776636054,-1.3147491608857675,-0.5053632677895074,-1.2523834481999347,1.9326979218148759,-2.356959071492339,0.7443542860380179,0,0,1,0,0,0,0,0
0.8102953438059464,-1.521360904234,-0.8931398717512291,0.12089914640176623,-2.00987560796524,-1.4851063182661528,-1.8154827736284196,-1.1777643900395314,-0.8095967852547375,-1.2277086924055063,1.930689982353961,-2.356959071492339,0.7443542860380179,0,0,1,0,0,0,0,0
0.8102953438059464,-1.3926997163504125,-0.449684363059689,0.38281032429635276,-2.00987560796524,-1.294588781317077,-1.8202221147844349,-1.336445276484641,-0.5307196192433236,-1.2536425244875111,1.9631565720662048,-2.356959071492339,1.669377088104681,0,0,1,0,0,0,0,0
0.8102953438059464,-1.470889354767326,-0.17489191925905642,0.8695377977828025,-2.00987560796524,-1.5133470255002495,-1.8210051742318032,-1.1592253453312549,-0.7822446336207811,-1.2335139859279867,1.9313307761721583,-2.356959071492339,0.7443542860380179,0,0,1,0,0,0,0,0
0.8102953438059464,-1.560595922265248,-0.7498581987513158,0.3603523638710339,-2.00987560796524,-1.4848661444589066,-1.81544697449103,-1.1777643900395314,-0.8095967852547375,-1.2277086924055063,1.9306748314570075,-2.356959071492339,0.7443542860380179,0,0,1,0,0,0,0,0
0.8102953438059464,-1.7495425715391646,-1.0427022519648474,0.26519876459058006,-2.00987560796524,-1.484809320329433,-1.815443703866654,-1.1777643900395314,-0.8095891747159815,-1.2277104084520212,1.9307131543140073,-2.356959071492339,0.7443542860380179,0,0,1,0,0,0,0,0
0.8102953438059464,-1.650482544162189,-0.3589622637497568,1.2020058625119194,-2.00987560796524,-1.5768910200363764,-1.9265614996398945,-1.177768506168463,-0.8095942484092116,-1.2277092644270984,1.9314813939124575,-2.356959071492339,0.7443542860380179,0,0,1,0,0,0,0,0
0.8102953438059464,-1.5741853542740447,-0.8520826937925061,0.2168182274073681,-2.00987560796524,-1.5989529094228558,-1.9220583922912313,-1.159221229202323,-0.7822446336207811,-1.2335139859279867,1.9306988946462862,-2.356959071492339,0.7443542860380179,0,0,1,0,0,0,0,0
0.8102953438059464,-1.696087931102553,0.04600728948871887,1.4694367841946288,-2.00987560796524,-1.6022614846734247,-1.9277150072957248,-1.1592047646865964,-0.7822319125377458,-1.2335165178172158,1.9313254287967625,-2.356959071492339,0.7443542860380179,0,0,1,0,0,0,0,0
0.8102953438059464,-1.861442741716523,-0.6308672392730625,0.8460381777412749,-2.00987560796524,-1.6020734858294539,-1.9272870730864118,-1.15928708726523,-0.7822497220494953,-1.2335129731295609,1.9314778289955272,-2.356959071492339,0.7443542860380179,0,0,1,0,0,0,0,0
0.8102953438059464,-1.5026042807694495,-1.5751067450037757,-0.7773568283097637,-2.00987560796524,-1.3987285033363346,-1.9220187741699462,-1.3364617410003679,-0.5307042006361076,-1.2536419415273352,1.9631708317339254,-2.356959071492339,1.669377088104681,0,0,1,0,0,0,0,0
0.8102953438059464,-1.5539751655872986,-0.8030082306076635,0.09859569490588344,-2.00987560796524,-1.3744282279576503,-1.92198959530029,-1.3147079995964508,-0.5047828665430742,-1.2523475864132627,1.9631654843585298,-2.356959071492339,0.7443542860380179,0,0,1,0,0,0,0,0
0.8102953438059464,-1.543860224734201,-0.5778055370648084,0.5355819452824032,-2.00987560796524,-1.3773247483708855,-1.9268037353783343,-1.3146668383071338,-0.5047802984188637,-1.2523474270333748,1.963080817581439,-2.356959071492339,0.7443542860380179,0,0,1,0,0,0,0,0
0.8102953438059464,-1.5953248873784693,-0.5323591493735716,0.7682162525592795,-2.00987560796524,-1.374594175266612,-1.9211734235679074,-1.3146874189517923,-0.5053940858420035,-1.2523853435658445,1.963043385953672,-2.356959071492339,0.7443542860380179,0,0,1,0,0,0,0,0
0.8102953438059464,-1.3904424693220383,-0.34653670715744656,0.6839355309188165,-2.00987560796524,-1.392191489045531,-1.9219171786974127,-1.336535831321138,-0.5306836425000634,-1.2536411639017957,1.9631654843585298,-2.356959071492339,1.669377088104681,0,0,1,0,0,0,0,0
0.8102953438059464,-1.6590801502229304,-0.8500855628792755,0.2153254899281561,-2.00987560796524,-1.3779179248547642,-1.9273378598769197,-1.3146833028228606,-0.5053786768121468,-1.2523843959938117,1.9631565720662048,-2.356959071492339,0.7443542860380179,0,0,1,0,0,0,0,0
0.8102953438059464,-1.416137758240688,-0.9316896960953206,-0.2754362874740037,-2.00987560796524,-1.2602932405205587,-1.9273150616975236,-1.460122602494763,-0.6949544006565413,-1.2472478268891822,1.9631521159200416,-2.356959071492339,0.7443542860380179,0,0,1,0,0,0,0,0
0.8102953438059464,-0.8278600615578141,-0.9385956382609181,-0.6537248136490016,-2.00987560796524,-1.3744682008301725,-1.9210923107427942,-1.3147162318543142,-0.505373540470465,-1.2523840800871686,1.963030908744416,-2.356959071492339,0.7443542860380179,0,0,1,0,0,0,0,0
-0.3847551571862075,-1.373743345467393,-0.8826034653711543,-0.34713175842869526,-2.00987560796524,-1.3056997232773502,-1.9211545216521877,-1.4600361637871977,-0.6949031675781241,-1.247253764461178,1.9631886563185763,-2.356959071492339,0.7443542860380179,0,0,1,0,0,0,0,0
0.8102953438059464,-1.129325818714682,-0.8195498659900259,-0.3835839824431556,-2.00987560796524,-1.249978793121669,-1.92746138604378,-1.4601431831394214,-0.6949390307488459,-1.2472496084189422,1.9631752878800879,-2.356959071492339,0.7443542860380179,0,0,1,0,0,0,0,0
-0.3847551571862075,-1.6424485465653555,-0.652677863171754,0.1766801131268909,-2.00987560796524,-1.3364422644361644,-1.505461859803538,-1.460147299268353,-0.6949364690962444,-1.2472499053190553,1.9631316176476932,-2.356959071492339,0.7443542860380179,0,0,1,0,0,0,0,0
0.8102953438059464,-1.281727014872155,-0.35942273024059107,0.7503238911563364,-2.00987560796524,-1.3780782700486272,-1.9277280903836584,-1.3147368124989725,-0.5053658359594462,-1.2523836061809868,1.9631654843585298,-2.356959071492339,0.7443542860380179,0,0,1,0,0,0,0,0
0.8102953438059464,-1.5575987638111022,-0.8172481228436246,0.34516217719954145,-2.00987560796524,-1.3986265150029316,-1.9219846217989762,-1.3363753022928024,-0.5305011893892909,-1.2536342451821583,1.963095968478392,-2.356959071492339,1.669377088104681,0,0,1,0,0,0,0,0
0.8102953438059464,-1.340770850224388,-0.6462672412600964,0.40218050214428647,-2.00987560796524,-1.37460595955851,-1.9220381639430442,-1.3145063092787987,-0.5049985896982845,-1.2523609523246775,1.9631592457539022,-2.356959071492339,0.7443542860380179,0,0,1,0,0,0,0,0
0.8102953438059464,-0.9098327221239346,-0.5066310542902812,0.06373879645446043,-2.00987560796524,-1.3744647768565645,-1.92198959530029,-1.3146462576624758,-0.5048085477963047,-1.2523491798732194,1.9630719052891132,-2.356959071492339,0.7443542860380179,0,0,1,0,0,0,0,0
0.8102953438059464,-1.568306384740445,-0.0792809625353937,1.2327570388894478,-2.00987560796524,-1.3743953575923804,-1.9210919361353334,-1.314703883467519,-0.5053684041295847,-1.2523837641558764,1.963134291335391,-2.356959071492339,0.7443542860380179,0,0,1,0,0,0,0,0
0.8102953438059464,-1.422714439178171,-0.07163827448820517,1.000505173376396,-2.00987560796524,-1.3744791605922932,-1.9212661421246386,-1.3146503737914073,-0.5053555632808964,-1.252382974219805,1.9631440948569487,-2.356959071492339,0.7443542860380179,0,0,1,0,0,0,0,0
0.8102953438059464,-1.2662676413370273,-0.7596978635126654,0.006971834457568637,-2.00987560796524,-1.2465295764494144,-1.921983891540413,-1.4591923573562038,-0.6950081952265934,-1.24724158979244,1.9630763614352758,-2.356959071492339,0.7443542860380179,0,0,1,0,0,0,0,0
0.8102953438059464,-1.2963386316708831,-0.22975447931763046,0.9739632684327589,-2.00987560796524,-1.374790220573272,-1.9219411337312156,-1.3147162318543142,-0.505373540470465,-1.2523840800871686,1.9631423123984841,-2.356959071492339,0.7443542860380179,0,0,1,0,0,0,0,0
0.8102953438059464,-1.2524418882333601,-0.5742394280640589,0.38602738205648496,-2.00987560796524,-1.2459064432803897,-1.921081303634231,-1.4600814412054461,-0.6949646472541318,-1.2472466390797423,1.9630647754552533,-2.356959071492339,0.7443542860380179,0,0,1,0,0,0,0,0
-0.3847551571862075,-1.6205344040773353,-0.3321506132150332,0.5915772273421257,-2.00987560796524,-1.3365939569151555,-1.5055449512140295,-1.460110254107968,-0.694992825366403,-1.247243372096681,1.9631440948569487,-2.356959071492339,0.7443542860380179,0,0,1,0,0,0,0,0
0.8102953438059464,-1.1982267042768697,-0.3208739479885027,0.7041810193829433,-2.00987560796524,-1.2463096155515705,-1.9219907034859727,-1.460106137979036,-0.6949953870107112,-1.2472430750613408,1.9630576456213926,-2.356959071492339,0.7443542860380179,0,0,1,0,0,0,0,0
-0.3847551571862075,-1.3706927326798934,-0.18558736749177962,0.7644773431849639,-1.7640806726057168,-1.6709051361241967,-1.7498642290719892,-1.5065154916837031,-0.22568903182378766,-1.1979050878306212,-1.081405475928656,-2.356959071492339,-0.18066851602864512,0,0,1,0,0,0,0,0
-0.3847551571862075,-0.2434422850038598,0.7687298651058004,0.773846253036963,-1.7640806726057168,-0.36699455843140033,0.07426480203267095,0.4447560090228011,0.681275860705016,-0.29504936419537026,-0.6833013988155906,0.42427550486349236,-0.18066851602864512,0,0,1,0,0,0,0,0
-0.3847551571862075,-1.674076258540713,-0.4145333996013272,0.8928673845512338,-1.7640806726057168,-1.6708576333882956,-1.7498974475860438,-1.50653195619943,-0.22565154680122057,-1.1978926512129777,-1.0813912162609354,-2.356959071492339,-0.18066851602864512,0,0,1,0,0,0,0,0
-0.3847551571862075,-1.6560820543146186,-0.42310798831500124,0.8949558792500425,-1.7640806726057168,-1.6708106469528041,-1.7498846271996993,-1.506527840070498,-0.22565154680122057,-1.1978926512129777,-1.081387651344005,-2.356959071492339,-0.18066851602864512,0,0,1,0,0,0,0,0
-0.3847551571862075,-1.364158251764299,0.4994439684226122,2.047427153416435,-1.7640806726057168,-1.6723012060460924,-1.7529643114715958,-1.5059145368596782,-0.2248644160763692,-1.1976311705958866,-1.081162170348172,-2.356959071492339,-0.18066851602864512,0,0,1,0,0,0,0,0
-0.3847551571862075,-1.7678921964822218,-0.3555593454019599,0.9459028776466665,-1.7640806726057168,-1.6732207235175334,-1.7539558809504183,-1.50653195619943,-0.2256540457953568,-1.1978934803627952,-1.0813938899486326,-2.356959071492339,-0.18066851602864512,0,0,1,0,0,0,0,0
-0.3847551571862075,-1.4649016024689328,-0.2657353615893316,1.0103848406099756,-1.7640806726057168,-1.6938062214020029,-1.8455643045922074,-1.5065237239415665,-0.22565154680122057,-1.1978926512129777,-1.08138230396861,-2.356959071492339,-0.18066851602864512,0,0,1,0,0,0,0,0
-0.3847551571862075,-1.3951520219059346,-0.16838621818937555,0.9693881416587394,-1.7640806726057168,-1.6939468147828058,-1.8455240604046639,-1.5065196078126346,-0.2256490478081363,-1.197891822057164,-1.0814741005795616,-2.356959071492339,-0.18066851602864512,0,0,1,0,0,0,0,0
-0.3847551571862075,-1.7597803626412643,-1.169268181852961,-0.2336014000500569,-1.7640806726057168,-1.6937963381032604,-1.8454955197020837,-1.5065607691019514,-0.22573651319232702,-1.1979208389428058,-1.0814233005133065,-2.356959071492339,-0.18066851602864512,0,0,1,0,0,0,0,0
-1.5798056581783615,-1.631186694954747,0.12504969370591915,1.1364908292942721,-1.7640806726057168,-1.7057521932070763,-1.7534759369945814,-1.5061121110483986,-0.22503932497689297,-1.197689328814244,-1.0813546758624009,-2.356959071492339,-0.18066851602864512,0,0,1,0,0,0,0,0
0.8102953438059464,1.271878296734934,-0.7326049281876682,-1.4024541116474167,0.43324900630666047,1.6825101649839673,0.26509472278098484,1.4461895974553436,-0.5658488281750599,2.7955727033853597,1.702414982877018,0.42427550486349236,1.669377088104681,0,0,1,0,0,0,0,0
0.8102953438059464,1.5514270974207927,0.7940599303692666,0.3729589848189567,0.3922204158450211,1.7402178723385269,1.5933719342596233,1.6133373611129143,-0.3524668841732669,2.7731322208720792,1.0921537869575184,0.42427550486349236,1.669377088104681,0,0,0,0,0,0,1,0
-0.3847551571862075,0.974839819608048,0.10404357162620345,-0.7011260716403251,0.3922204158450211,1.65124709020641,1.593346973014745,1.5220622020529597,-0.48834108972414614,2.7923791232379522,1.092131506226705,0.42427550486349236,0.7443542860380179,0,0,0,0,0,0,1,0
0.8102953438059464,0.5782058399882049,-0.6140073886539906,-1.0317258432014078,0.43324900630666047,1.60084298944723,1.5909527014018496,1.5042928734549068,-0.6071056286923499,2.794984449531475,1.0921395272897978,0.42427550486349236,-0.18066851602864512,0,0,1,0,0,0,0,0
-0.3847551571862075,0.9754934552714652,1.3844893779797953,1.414120608582511,-1.7139045670651467,0.5378142989756002,1.3260981915918886,1.0447682395224007,-1.997370300968072,1.276769609172445,1.0820231842712227,0.42427550486349236,-0.18066851602864512,0,0,1,0,0,0,0,0
-0.3847551571862075,1.1554233090077617,0.8482507835353482,0.2074965244479077,-1.7139045670651467,2.1272083735723823,1.0550363759374533,1.875905225664639,0.17038242497332282,2.52020228808419,1.1106913549943755,0.42427550486349236,0.7443542860380179,0,0,1,0,0,0,0,0
-0.3847551571862075,0.9066544635608617,1.0269038273216307,0.4812029948903117,-1.6818290900132387,2.1562802202343416,1.1215123498381705,1.8741147095793593,0.17021139058084472,2.520339288926045,1.09484084309363,0.42427550486349236,0.7443542860380179,0,0,0,0,0,1,0,0
-0.3847551571862075,0.2246696117012725,-0.7626679849612031,-1.2904340873653612,-1.6818290900132387,-0.3268383991837215,0.4769992270829275,0.8752290049555254,0.37965645345649857,-0.7759218831585922,-0.7804034973886529,0.42427550486349236,-0.18066851602864512,0,0,0,0,0,1,0,0
0.8102953438059464,1.1203229815952829,-0.3483782791467469,-0.9885283471926667,-0.13410966892247594,2.0821637643329027,0.8979634618736734,1.4461978297132068,-0.5657974137289699,2.7955724451728137,0.4033797517973006,0.42427550486349236,1.669377088104681,0,0,0,0,0,0,1,0
-1.5798056581783615,1.501330662500777,0.42675946839310513,-0.8693276178203171,-0.13410966892247594,-0.008999107568653873,0.844909163010649,-1.819575909840319,0.18820423081753507,2.505692853262866,0.14093234985703051,-2.356959071492339,-1.1056913180953083,0,0,0,0,0,0,1,0
0.8102953438059464,0.41565875483647385,-0.5743828262992526,-0.9155041790041815,-0.13410966892247594,1.6268601209004043,1.591567998227703,1.5043669637756771,-0.6071107686434875,2.794984277225521,1.096121539500792,0.42427550486349236,0.7443542860380179,0,0,0,0,0,0,1,0
0.8102953438059464,-0.39808572406157805,-1.2329018571228179,-1.1899029623813022,0.021182570929108503,0.33261067904295355,-0.3970105982777716,0.8920145787389073,0.7017308834439492,-0.24820780268893852,-0.5534100855481047,0.42427550486349236,1.669377088104681,0,1,0,0,0,0,0,0
0.8102953438059464,0.3379895865971676,-0.3654456849515701,-0.7305191405104359,1.1429235559163475,-0.32175364441186244,-0.1840761664369439,0.8348744769093565,0.46709476024278507,-0.6657088490456062,-0.64765846811857,0.42427550486349236,1.669377088104681,0,1,0,0,0,0,0,0
0.8102953438059464,-0.9068683859090352,-0.9835578665360837,-0.6726476441299313,1.1429235559163475,-0.32346681682827083,-0.1840521288779695,0.8372741800765247,0.4655145236999151,-0.6678647587938862,-0.6476593593478026,0.42427550486349236,1.669377088104681,0,1,0,0,0,0,0,0
0.8102953438059464,-0.112076527267094,0.19453570581028246,0.4786484881943121,1.1429235559163475,-0.4412536415741338,-0.1841497736353728,0.853672837740329,0.5765030993804184,-0.49862298248042713,-0.6476602505770351,0.42427550486349236,0.7443542860380179,0,1,0,0,0,0,0,0
0.8102953438059464,0.8895492786388884,-0.882528796123716,-1.4312395193518337,1.1429235559163475,-0.3161218050089919,-0.18442857779362504,0.8372741800765247,0.46550174077111034,-0.6678821719342009,-0.6476754014739884,0.42427550486349236,1.669377088104681,0,1,0,0,0,0,0,0
0.8102953438059464,-0.02376256940419489,0.5588378378506256,1.117439323974105,1.1429235559163475,-0.41591431841893745,-0.18435139787047058,0.853672837740329,0.5765143781756469,-0.4986037049172928,-0.647648664597012,0.42427550486349236,0.7443542860380179,0,1,0,0,0,0,0,0
0.8102953438059464,-0.5633589469942685,-1.1369795342791114,-1.0500048828095703,1.1429235559163475,-0.32338921661795095,-0.1844755480115043,0.8372700639475928,0.4654907838518316,-0.6678970973121491,-0.647703029580197,0.42427550486349236,1.669377088104681,0,1,0,0,0,0,0,0
0.8102953438059464,-0.7511061702519781,-0.7183391620951003,-0.386394912198756,2.051395957872675,0.21143571576368592,0.695962795260775,-0.22498756170835182,-2.0193069506026866,1.1407831935050978,1.091008557393703,0.42427550486349236,0.7443542860380179,0,1,0,0,0,0,0,0
0.8102953438059464,-0.559529974196264,-0.5318426983861807,-0.25623196311440466,2.051395957872675,0.21098429233444374,0.6959500738104366,-0.2263253036111471,-2.0195217306563644,1.1391916509205027,1.0910076661644703,0.42427550486349236,0.7443542860380179,0,0,1,0,0,0,0,0
0.8102953438059464,0.9989586930555002,-0.5955664677400084,-1.1808754867119735,2.051395957872675,3.1135505694011965,2.398815871667866,0.8536934183849871,0.5766384336162442,-0.4983916392202115,1.0910049924767729,0.42427550486349236,1.669377088104681,0,1,0,0,0,0,0,0
0.8102953438059464,-0.3225912769049552,-0.5267330904008686,-0.4261810198240436,-1.7776488474890235,0.7863846864702818,-0.13565983058665992,0.8709729276401705,0.3809084494004238,-0.7744652701028586,-0.7504171986305714,0.42427550486349236,-1.1056913180953083,0,0,0,0,0,1,0,0
-1.5798056581783615,-1.213159043024491,0.07696892266918799,0.16645842028594635,-1.7776488474890235,-0.4236295408562871,0.5256983799192354,0.8709605792533753,0.3809143337412655,-0.774458416298446,-0.7485037294683055,0.42427550486349236,-1.1056913180953083,0,0,0,0,0,1,0,0
0.8102953438059464,1.0123286830058875,0.8633243510324059,0.9321915093712062,-1.7776488474890235,0.8055592835180938,-0.13580046787301003,0.7951373682029395,0.5503036753305947,-0.5421448286085873,-0.7496462853444232,0.42427550486349236,-1.1056913180953083,0,0,0,0,0,1,0,0
0.8102953438059464,-0.07128197361135487,0.13642837970958935,-0.07172657367476776,-1.7776488474890235,0.9669700934723199,0.7417083135783853,0.852265121645695,0.43609688115500106,-0.7068418680476372,-0.6987660084586457,0.42427550486349236,-0.18066851602864512,0,0,0,0,0,1,0,0
-0.3847551571862075,-1.502421413197687,-0.7685544807938455,-0.26796870109909304,-1.7776488474890235,-0.39743809229922816,0.7449117071819893,0.8752125404397987,0.37967019648883954,-0.7759059119114604,-0.6986109345721835,0.42427550486349236,-0.18066851602864512,0,0,0,0,0,1,0,0
-1.5798056581783615,1.1014013086700873,1.8448472783124188,0.7482448242584839,-1.7776488474890235,1.6930419671461125,1.6400992477490752,1.5689449105847697,-0.4657573783343865,2.7903902777972363,0.7671055524943212,0.42427550486349236,-0.18066851602864512,0,0,0,0,0,1,0,0
0.8102953438059464,0.09862765536267434,0.05400354325632819,-0.029367928244429405,-1.7776488474890235,1.2491544341323717,0.5635880810918596,-0.2935005277761283,0.6256407917148149,-0.4097276049510933,-0.7381984458524314,0.42427550486349236,-1.1056913180953083,0,0,0,0,0,1,0,0
0.8102953438059464,-0.32439838712553587,-0.5024450490745156,-0.39161868101017216,-1.7776488474890235,0.7848127859589523,-0.13592758286910933,0.8710223211873506,0.3808829502884819,-0.7744949694324991,-0.7504938443445698,0.42427550486349236,-1.1056913180953083,0,0,0,0,0,1,0,0
0.8102953438059464,-1.5818320471790805,-1.4693396608821105,-0.6005051086420482,-0.833048499136573,-0.7037381717280262,0.4773234341394174,0.8326641156730454,0.46601658771698123,-0.6671805012613877,-0.8031342989646166,0.42427550486349236,-2.030714120161971,0,0,0,0,0,0,1,0
0.8102953438059464,-1.4478301780506182,-0.9450013731047545,0.04947276388433639,-0.833048499136573,-0.7163014708669987,-0.08555792904151634,0.8378710187716178,0.4659527019279757,-0.6672676069817232,-0.8035897171024449,0.42427550486349236,-1.1056913180953083,0,0,0,0,0,0,1,0
0.8102953438059464,0.2672103191801735,-0.5801349547510671,-0.8935731217707632,-0.5942700567516934,0.8447589579949651,0.042499449765279675,1.4343763074214284,-1.8076187912804602,-0.32993663221536135,1.4971943011874516,0.42427550486349236,-0.18066851602864512,0,0,0,0,0,0,1,0
0.8102953438059464,-1.4618500522272675,-1.2478751629424851,-0.5089694703418248,-0.5942700567516934,-0.6953125218252119,-0.09161232738660867,0.823933806208957,0.5150893168147576,-0.5969705626998726,-0.7790212008489816,0.42427550486349236,-1.1056913180953083,0,0,0,0,0,0,1,0
0.8102953438059464,-1.6202465035574434,-1.621164122705762,-0.7255064584990036,-0.5942700567516934,-0.6937293408661741,-0.008904235256215563,0.8692441534888659,0.38178492828856675,-0.7734435863037114,-0.8033900817543559,0.42427550486349236,-1.1056913180953083,0,0,0,0,0,0,1,0
0.8102953438059464,-1.189259610825203,-0.5451097185368174,0.15300818500971602,-0.5942700567516934,-0.5651179239795454,-0.03539098514477883,0.8674783341771762,0.3812908772541303,-0.7740196847188865,-0.7790203096197491,0.42427550486349236,-1.1056913180953083,0,0,0,0,0,0,1,0
-0.3847551571862075,-1.3796588886773944,-0.7883853110713422,-0.20903512604387484,-0.5942700567516934,-0.7410881437890497,-0.08565958118062161,0.8374717542652453,0.46587238287371724,-0.6673771037034454,-0.803626257500979,0.42427550486349236,-1.1056913180953083,0,0,0,0,0,0,1,0
0.8102953438059464,0.9030383674011224,-0.5102350101933106,-1.0704740840097349,-0.5942700567516934,-0.4324850649176655,-1.2554216077266611,-0.05217188851186076,0.8751772364633827,0.3878798236966453,-0.5291543907552632,0.42427550486349236,-0.18066851602864512,0,0,0,0,0,0,1,0
0.8102953438059464,-1.5283483351301317,-0.9261913982265206,0.011456313028275293,-0.8324252077980615,-0.6130870417080955,-0.035494891035594583,0.8636379858839209,0.38149871482883585,-0.7737773940097463,-0.7902399944282105,0.42427550486349236,-1.1056913180953083,0,0,0,0,0,0,1,0
-0.3847551571862075,-1.4429799571066024,-0.5392949153074033,0.10963590787801948,-0.8324252077980615,-0.6865234245515209,-0.035120108065286135,0.86581953421771,0.3777723172617329,-0.7781077609002305,-0.8034355344452154,0.42427550486349236,-1.1056913180953083,0,0,0,0,0,0,1,0
0.8102953438059464,-1.3796213767365813,-0.40549464082069187,0.46164566043286215,-0.8324252077980615,-0.5855304980489473,-0.009553660197536805,0.8395339348600156,0.42738193419847903,-0.7179819104798232,-0.765905871462905,0.42427550486349236,-1.1056913180953083,0,0,0,0,0,0,1,0
0.8102953438059464,-1.0347033857942511,-0.7280431978912549,-0.28303129685295864,-0.8324252077980615,-0.6195592552027347,0.04546692764201824,0.8658606955070267,0.37773889356136736,-0.7781464703959065,-0.7790024850350982,0.42427550486349236,-1.1056913180953083,0,0,0,0,0,0,1,0
0.8102953438059464,-0.18266073534669433,-0.8491741183631613,-0.9866932736925905,-0.6290917252639745,1.106264819480974,0.48733111830356346,0.7997515487353501,-1.8686496872206313,-0.18798429902807237,1.4557200576219138,0.42427550486349236,-0.18066851602864512,0,0,1,0,0,0,0,0
0.8102953438059464,0.12264712382797548,0.059816421864616914,0.007198592440132756,-0.628074892802922,1.0193077394246954,0.2394113768890306,-2.1478413082705528,0.2756287964682288,-0.8862649549048631,-0.8035638714547013,0.42427550486349236,-0.18066851602864512,0,0,0,0,0,0,1,0
0.8102953438059464,-0.46326454387197685,-0.04311017941831562,0.3118737417209944,-1.7867596642786328,0.18507195985528052,0.4734308178508182,0.8487869926984273,0.43826677085389953,-0.7040399442849327,-0.6468554705800504,0.42427550486349236,-0.18066851602864512,0,0,0,0,0,0,1,0
-1.5798056581783615,-1.5694645481889293,-0.419371988776864,0.18548927665185228,-1.7867596642786328,-0.7704220591874451,0.4769196463077092,0.8077080259602832,0.5407744599250434,-0.5573786263732967,-0.7979999273559465,0.42427550486349236,-2.030714120161971,0,0,0,0,0,0,1,0
-1.5798056581783615,-1.4335852346598268,-0.03882962407368879,0.6359882564583753,-1.7867596642786328,-0.772357756666865,0.47341820720161104,0.8077080259602832,0.5407727740641881,-0.5573812945644108,-0.7972486211129144,0.42427550486349236,-2.030714120161971,0,0,0,0,0,0,1,0
-0.3847551571862075,1.585518369263137,1.6313141923306573,1.678424913357708,-1.7867596642786328,1.0301415466538557,0.47735689365103057,-2.1477342889183295,0.2756435200743249,-0.8862507309510987,-0.7241268274998383,0.42427550486349236,-0.18066851602864512,0,0,0,0,0,0,1,0
0.8102953438059464,0.21215206737860556,-0.48089887177793317,-0.745806941158798,0.8465503658508213,0.41336214641629604,-0.4488462342878867,-1.7165780155829464,0.0935178176759984,-1.0364685169210368,-0.5534421698004761,0.42427550486349236,0.7443542860380179,0,1,0,0,0,0,0,0
0.8102953438059464,-0.8296230960379287,-0.3163615617779605,0.037345509002482936,0.8465503658508213,-0.5691888492301049,-0.7175618937535512,-0.04940584986977332,0.8752670434566012,0.388521903356209,-0.5288994991947564,0.42427550486349236,1.669377088104681,0,1,0,0,0,0,0,0
0.8102953438059464,-0.8441052987880026,-0.055498979884969164,0.439719142349424,0.8465503658508213,-0.5667904811395373,-0.7174698011906111,-0.04940996599870499,0.8752670434566012,0.388521903356209,-0.5288175061053625,0.42427550486349236,1.669377088104681,0,1,0,0,0,0,0,0
0.8102953438059464,-0.971205075328522,-0.2444269468543749,0.5587669112911583,-0.6235462357850736,-0.6120458386921986,0.04548225131435961,0.8698368760550275,0.38179276888241054,-0.7734344394759912,-0.7786843161990811,0.42427550486349236,-1.1056913180953083,0,0,1,0,0,0,0,0
0.8102953438059464,1.3042102847240733,0.04743417735031308,-0.6617419853791214,2.051395957872675,3.2868506928025103,2.6923138732057748,0.6426718364446633,0.6792233036966724,-0.29959570277879793,1.091680544235039,0.42427550486349236,1.669377088104681,0,0,1,0,0,0,0,0
0.8102953438059464,1.1346701431409696,-0.4869471270765664,-1.1329312307413426,2.051395957872675,3.1175198995439497,2.3987042099797544,0.8537057667717823,0.5765659362007832,-0.49851557650193795,1.091006774935238,0.42427550486349236,1.669377088104681,0,1,0,0,0,0,0,0
0.8102953438059464,0.8922932353412122,-0.4129554725580399,-0.9820561044056646,2.051395957872675,3.117574789294094,2.3989325846939518,0.8536975345139189,0.5766352116592374,-0.4983971477100682,1.0909862766628895,0.42427550486349236,1.669377088104681,0,1,0,0,0,0,0,0
0.8102953438059464,0.7060764752854108,-0.7793025599567074,-1.2508719584890011,2.168999335898891,3.1175047223277135,2.3987107353748,0.8537016506428505,0.5765643250666895,-0.49851833057484124,1.091006774935238,0.42427550486349236,1.669377088104681,0,1,0,0,0,0,0,0
0.8102953438059464,0.8892510628821886,-0.3304766759697508,-0.893716679679175,2.168999335898891,3.1175871341625707,2.39877743975556,0.8537016506428505,0.576619101664415,-0.49842468992741334,1.0910076661644703,0.42427550486349236,1.669377088104681,0,1,0,0,0,0,0,0
0.8102953438059464,-1.0806229300736097,-0.7166622198606396,-0.24701586394931618,1.3260815695770458,-0.2870307424491763,0.4436601132241769,0.853261224847161,0.5766432665255298,-0.4983833764564363,-0.644781580155927,0.42427550486349236,-0.18066851602864512,0,1,0,0,0,0,0,0
0.8102953438059464,-1.2235337502393098,-1.2141706793369378,-0.703115411844305,1.3260815695770458,-0.38889305726693546,0.44522518222451757,0.44495358321152156,0.6812528620201306,-0.29510045427599,-0.6454660442065188,0.42427550486349236,-1.1056913180953083,0,1,0,0,0,0,0,0
0.8102953438059464,-1.2161637035427015,-1.3117902569370892,-0.8081278334625176,1.3260815695770458,-0.24200213761741304,0.44518169184027817,0.3289281408853887,0.7730229634880316,-0.0572302481359472,-0.6454562406849608,0.42427550486349236,-0.18066851602864512,0,1,0,0,0,0,0,0
0.8102953438059464,-0.525274590347441,-1.3061632515279107,-1.259831367665899,1.3260815695770458,-0.24194007051331642,0.44525952582888756,0.32915452797663103,0.7730755043353285,-0.05706897129608048,-0.6454321774956819,0.42427550486349236,-0.18066851602864512,0,1,0,0,0,0,0,0
0.8102953438059464,1.2686129324008368,-0.2041573656669904,-0.914555593424873,2.172187674262163,3.2771305909954664,2.3988478339089956,0.6349417463109723,0.6704780747224538,-0.3186715208615478,1.0910076661644703,0.42427550486349236,1.669377088104681,0,1,0,0,0,0,0,0
0.8102953438059464,-0.6427873990867801,-0.7506792075700949,-0.5021735661114899,2.172187674262163,0.21108479709451047,0.6959144587244906,-0.2251727875102773,-2.019291909550851,1.140894384157801,1.0910210346029585,0.42427550486349236,0.7443542860380179,0,1,0,0,0,0,0,0
0.8102953438059464,0.9636689334613605,-0.319181122888994,-0.8936919544730808,2.172187674262163,3.1137722967399823,2.403859768290491,0.8537016506428505,0.5765691584584816,-0.4985100683445342,1.091008557393703,0.42427550486349236,0.7443542860380179,0,1,0,0,0,0,0,0
0.8102953438059464,-0.5424069711631735,-0.10257024055875809,0.3434369401472671,2.051395957872675,0.21149256720123,0.6945338539171004,-0.22733375519940816,-2.0198086804904705,1.1370541655867037,1.0910468802507023,0.42427550486349236,0.7443542860380179,0,1,0,0,0,0,0,0
0.8102953438059464,-0.7561927122908644,-0.027497810230857858,0.4128156652930419,2.051395957872675,0.21447338097117524,0.7012023069520859,-0.22614419393815327,-2.019298960606321,1.1408422636831475,1.0905513567974094,0.42427550486349236,0.7443542860380179,0,1,0,0,0,0,0,0
0.8102953438059464,1.090829666399298,-0.6812456662415531,-1.277446202533459,2.051395957872675,3.1135361859051933,2.398796181612674,0.8537016506428505,0.5766384336162442,-0.4983916392202115,1.091021925832191,0.42427550486349236,1.669377088104681,0,1,0,0,0,0,0,0
0.8102953438059464,1.2421664777449504,-0.7843069138627604,-1.4096260229498037,2.051395957872675,3.1290818357953394,2.398767414488162,0.8462555734054457,0.5948002724747353,-0.4666993355378346,1.091002318789075,0.42427550486349236,0.7443542860380179,0,1,0,0,0,0,0,0
0.8102953438059464,-0.0808811331781662,0.014422997715915497,0.20831896750408396,0.19351185942396923,-0.8293147299855725,-1.2479214008444417,-0.5373647024623093,0.8585063192054712,0.2836685261181505,-0.5534671242189874,0.42427550486349236,-0.18066851602864512,0,1,0,0,0,0,0,0
0.8102953438059464,-0.5134153705795121,-0.7002270798745227,-0.6707431759329895,1.3156443951421315,0.2898932474061612,0.33541237734913754,0.3414288244508942,0.7776507030421242,-0.042877959230726126,-0.533247806620325,0.42427550486349236,-0.18066851602864512,0,1,0,0,0,0,0,0
0.8102953438059464,1.3736832190786443,-0.09139955119605593,-0.9752090986541673,1.3699697875960515,2.862630602263772,2.398729428144093,-0.2212871617987735,-2.0197821553101556,1.1372522917739833,1.0903757846385986,0.42427550486349236,2.594399890171344,0,1,0,0,0,0,0,0
0.8102953438059464,-0.9704332791176693,-1.6533944341446536,-1.2597967201260682,0.8346393130547151,-0.32679330101570214,-0.31067909829368623,0.4450811832084036,0.6812555678049931,-0.29509444372696264,-0.6264516685302521,0.42427550486349236,-0.18066851602864512,0,1,0,0,0,0,0,0
0.8102953438059464,-0.8675574073522406,0.1632784469966489,0.6073768117784906,0.8346393130547151,-0.512312987605925,-0.31074290504586566,0.691892506209666,0.6686217020816488,-0.3226609572328051,-0.6446095729140465,0.42427550486349236,-0.18066851602864512,0,1,0,0,0,0,0,0
0.8102953438059464,-0.8307043615067006,-0.3770072689100693,-0.1715675574031237,0.8346393130547151,-0.5329442662256367,-0.3108027946773383,0.6341061721378418,0.6708609706788854,-0.3178460950469553,-0.6444473691937241,0.42427550486349236,-0.18066851602864512,0,1,0,0,0,0,0,0
0.8102953438059464,-0.1834644163426276,-0.18875206696930275,-0.4700904147595694,0.8346393130547151,-0.24298956131028496,0.4434410160921241,0.32875114734132654,0.7731269844334814,-0.056910913877854435,-0.6446657203556967,0.42427550486349236,-0.18066851602864512,0,1,0,0,0,0,0,0
0.8102953438059464,-1.4350697472129368,-1.0555517428956265,-0.37241488393612676,0.8346393130547151,-0.5273971028849272,0.44498546505978115,0.7012443511424378,0.6835513084992266,-0.28997777740728464,-0.645422373974124,0.42427550486349236,-0.18066851602864512,0,1,0,0,0,0,0,0
0.8102953438059464,-0.7297593876650204,-1.0637925147723999,-0.9001262417903189,0.8346393130547151,0.2552195626633463,-0.31081753504348125,-0.5382990637298002,0.8592768256737598,0.2879647853736019,-0.5555267549753901,0.42427550486349236,0.7443542860380179,0,1,0,0,0,0,0,0
0.8102953438059464,-1.1498164050470103,-1.291329184925325,-0.879604082280852,0.8346393130547151,-0.40943438223115736,0.4451725921955268,0.4449700477272484,0.681256920691701,-0.2950914384475803,-0.6454624792895886,0.42427550486349236,-0.18066851602864512,0,1,0,0,0,0,0,0
0.8102953438059464,-1.1315624336489494,-1.822400469034574,-1.341062240772609,0.8346393130547151,-0.2417812205976652,0.44523066449228604,0.3288005408885067,0.773071301444271,-0.05708187367523584,-0.6454687178942163,0.42427550486349236,-0.18066851602864512,0,1,0,0,0,0,0,0
0.8102953438059464,-0.25871972842139096,-0.5110438408818887,-0.5723195512502464,-1.8134166153102822,-0.5358441830801335,-0.11674060842241672,0.8523927216425771,0.43609688115500106,-0.7068418680476372,-0.7969001504829907,0.42427550486349236,-1.1056913180953083,0,0,0,0,0,0,1,0
0.8102953438059464,1.0249278150098335,0.7830906660953313,0.7841616813616218,-1.8134166153102822,1.1302261147866477,0.14037711628629174,-2.147787798594441,0.2756435200743249,-0.8862507309510987,-0.8362247491396388,0.42427550486349236,-1.1056913180953083,0,0,0,0,0,0,1,0
-1.5798056581783615,-1.425574681519598,0.573695358494139,1.4657331881475877,-1.8134166153102822,-0.8265679502898278,0.4733841846206246,0.8520222700387261,0.4368956096181277,-0.7058118096241558,-0.8364074511323101,0.42427550486349236,-2.030714120161971,0,0,0,0,0,0,1,0
-1.5798056581783615,-1.6678409308359845,-0.6308062629813145,0.01584688669743151,-1.8134166153102822,-0.8252145100961156,0.47676988633901074,0.8520222700387261,0.4368956096181277,-0.7058118096241558,-0.8372309469431781,0.42427550486349236,-2.030714120161971,0,0,0,0,0,0,1,0
-1.5798056581783615,-0.19732955710568537,1.4784830570984016,2.49179008189706,-1.8134166153102822,-0.8239191537394233,0.4766674617478779,0.8525697151866393,0.43607812496969434,-0.7068660380139452,-0.8372184697339223,0.42427550486349236,-2.030714120161971,0,0,0,0,0,0,1,0
0.8102953438059464,-1.3488526749988425,-1.0197428133995672,-0.2856550374320222,-1.8134166153102822,-0.3257598621571298,0.47439947900150314,0.35703718535981616,0.7792536330436548,-0.037835609847103754,-0.6412968738566908,0.42427550486349236,-0.18066851602864512,0,0,0,0,0,0,1,0
0.8102953438059464,-0.8741612841834836,-0.17524955482690416,0.34420333520603186,-0.9105347621796911,-0.38986650904022613,-0.9576402383895815,0.852520321639459,0.4360818762313027,-0.706861204056688,-0.8503436026415567,0.42427550486349236,-0.18066851602864512,0,0,0,0,0,0,1,0
-0.3847551571862075,-1.6959313211601386,-0.5356869760032057,0.23378982392004866,-0.9105347621796911,-0.7172779173919573,-0.3685388794925725,0.8693388244542943,0.3818946923754874,-0.7733155238676872,-0.7970329436386394,0.42427550486349236,-1.1056913180953083,0,0,0,0,0,0,1,0
-1.5798056581783615,-1.7275599705896618,-1.281966412528688,-0.7239008005540215,-0.9105347621796911,-0.8328547071155639,-0.3240953942526222,0.8693511728410894,0.38189665236572745,-0.773313236904433,-0.8373548278065014,0.42427550486349236,-1.1056913180953083,0,0,0,0,0,0,1,0
-0.3847551571862075,-1.495435858020133,-0.7964483481533762,-0.005542608458953034,-0.9105347621796911,-0.7150603491032408,-0.3665330617652409,0.8684085793157352,0.380698557510037,-0.7747096947610239,-0.7979767553959007,0.42427550486349236,-1.1056913180953083,0,0,0,0,0,0,1,0
0.8102953438059464,-1.039194434584149,-0.9308108702873519,-0.4112465912417376,-0.9105347621796911,-0.3888880858132611,-0.9951922612233942,0.8524873926080057,0.4360631198005269,-0.7068853736629497,-0.8503534061631148,0.42427550486349236,-0.18066851602864512,0,0,0,0,0,0,1,0
0.8102953438059464,0.8235095728722939,0.2698983426344049,-0.28631094018786657,-0.9105347621796911,-0.38848286055138376,-1.0201942090408802,0.8523433280953971,0.4360987567566554,-0.7068394510262536,-0.8493596855688313,0.42427550486349236,-0.18066851602864512,0,0,0,0,0,0,1,0
-0.3847551571862075,-1.6263383505395546,-0.7200560755696801,0.1299175912514195,-0.9105347621796911,-0.7613636956076191,-0.3263194643117435,0.80777388402319,0.54072388262595,-0.5574586703470024,-0.7970463120771277,0.42427550486349236,-1.1056913180953083,0,0,0,0,0,0,1,0
-0.3847551571862075,0.6804487073740774,1.0565053329045362,0.9555171046479934,-0.9105347621796911,0.938882585548984,0.5708879246420459,-2.007814718143807,0.1427744703980719,-1.0005968202605684,-0.7980043835021093,0.42427550486349236,-1.1056913180953083,0,0,0,0,0,0,1,0
0.8102953438059464,-0.9433425673912534,-0.7142849115419668,-0.16843189209823367,-0.9105347621796911,-0.3876251625370759,-0.9347129994509518,0.8454282314901782,0.4383716006158352,-0.7039042925976586,-0.8492268924131828,0.42427550486349236,-0.18066851602864512,0,0,0,0,0,0,1,0
-0.3847551571862075,-1.160047630728966,-0.49307682898644745,0.06049739886329387,-0.9105347621796911,-0.7150436973631781,-0.3665154222726066,0.8685114825390271,0.38069267221220204,-0.7747165470121669,-0.7979767553959007,0.42427550486349236,-1.1056913180953083,0,0,0,0,0,0,1,0
-1.5798056581783615,-1.6250057590375377,-0.7293426163488662,-0.10912074695074336,-0.9105347621796911,-0.831940602872776,-0.32409404628748995,0.8687378696302696,0.3808515660932415,-0.7745315213616637,-0.8373548278065014,0.42427550486349236,-1.1056913180953083,0,0,0,0,0,0,1,0
-0.3847551571862075,-0.00930662509371476,0.9386103991261644,1.306468007933599,-0.4214266226178692,-0.20777597093660644,0.22862101370746366,0.010701980919517132,0.6927502091714483,-0.26912694822420974,-0.6755298799078313,0.42427550486349236,-0.18066851602864512,0,1,0,0,0,0,0,0
-0.3847551571862075,-1.7596950243330756,-0.6930814804313046,0.37431525572747076,-0.4214266226178692,-1.8421408952961023,-1.921387123060316,-1.336507018418616,-0.5306348169586246,-1.2536393154595198,1.963150333461577,-2.356959071492339,0.7443542860380179,0,1,0,0,0,0,0,0
-0.3847551571862075,-1.8080875054518173,-0.5402946087365479,0.6624430635816357,-0.4214266226178692,-1.8417041178209133,-1.9206076406315797,-1.336507018418616,-0.5306939215670986,-1.2536415527638947,1.96316904927546,-2.356959071492339,0.7443542860380179,0,1,0,0,0,0,0,0
-0.3847551571862075,-1.917824207237466,-0.5343121969204618,0.8458397616557676,-0.4214266226178692,-1.8420250971401222,-1.9213200406920337,-1.3364576248714362,-0.5307042006361076,-1.2536419415273352,1.9631859826308782,-2.356959071492339,0.7443542860380179,0,1,0,0,0,0,0,0
-1.5798056581783615,-1.944933674529166,-1.0433104609522337,-0.2094340639822578,-0.4214266226178692,-1.8976554607749199,-1.699035272231784,-1.7164010220388843,0.09342605344841477,-1.0365323125241368,-0.9220652751303107,-2.356959071492339,-2.030714120161971,0,1,0,0,0,0,0,0
-0.3847551571862075,-1.7555228217734933,-0.5971576716682687,0.9591075910483765,-0.4214266226178692,-1.8392197587766734,-1.9152958019577642,-1.336140682943697,-0.5300180771360763,-1.2536157750716337,1.9629355472165342,-2.356959071492339,0.7443542860380179,0,1,0,0,0,0,0,0
-0.3847551571862075,-1.5344833195882974,-0.42200237407679086,0.7938839274684568,-0.4214266226178692,-1.8378231490470283,-1.9153780850145632,-1.3364617410003679,-0.5307042006361076,-1.2536419415273352,1.9631735054216228,-2.356959071492339,0.7443542860380179,0,1,0,0,0,0,0,0
-1.5798056581783615,-1.9767573841063286,-1.3811307096161964,-0.6187087591077999,-0.4214266226178692,-1.89757699385994,-1.698888381806028,-1.716532738164698,0.09347652417448142,-1.0364972260323635,-0.9220251698148463,-2.356959071492339,-2.030714120161971,0,1,0,0,0,0,0,0
-0.3847551571862075,-1.7629463219932098,-0.3791581420160445,1.4303906390842038,-0.4214266226178692,-1.8377854569546745,-1.9153733207506363,-1.3363917668085292,-0.5305551543289182,-1.2536362948012498,1.9631218141261357,-2.356959071492339,0.7443542860380179,0,1,0,0,0,0,0,0
-1.5798056581783615,-1.8901473800447037,-0.36724537107093225,0.9137049494771332,-0.4214266226178692,-1.879277168014985,-1.696935462985402,-1.6914737452286437,0.09108037997334051,-1.0381593019614177,-0.9212560389871632,-2.356959071492339,-2.030714120161971,0,1,0,0,0,0,0,0
0.8102953438059464,-0.47668236099998446,0.8350719316423197,2.3879676131450567,-0.4214266226178692,-1.6659145400172204,-1.882337738006981,-1.3366346184154982,-0.530478061574756,-1.2536333659415475,1.9630986421660894,-2.356959071492339,0.7443542860380179,0,1,0,0,0,0,0,0
-0.3847551571862075,-1.7297196883544619,-0.34570726936853313,1.4756989110157563,-0.4214266226178692,-1.8379209229733322,-1.9151563525169994,-1.3364617410003679,-0.5307042006361076,-1.2536419415273352,1.9631619194416001,-2.356959071492339,0.7443542860380179,0,1,0,0,0,0,0,0
-0.3847551571862075,-1.607062195161808,-0.21661268906384867,1.357648208030482,-0.4214266226178692,-1.8389477323888819,-1.915385069392447,-1.3363259087456225,-0.530385550417159,-1.253629843984537,1.9630629929967875,-2.356959071492339,0.7443542860380179,0,1,0,0,0,0,0,0
-1.5798056581783615,-2.0176522801983845,-0.7515284455967352,0.6190017148195184,-0.4214266226178692,-1.820988497574635,-1.602568500002411,-1.3364535087425042,-0.5307042006361076,-1.2536419415273352,1.9327005955025738,-2.356959071492339,-0.18066851602864512,0,1,0,0,0,0,0,0
-1.5798056581783615,-1.7001007097367316,0.11694534567916362,1.7988557296840053,-0.4214266226178692,-1.8655549817057573,-1.9152843913843014,-1.3364535087425042,-0.5307067704036688,-1.25364203870278,1.96317261419239,-2.356959071492339,-0.18066851602864512,0,1,0,0,0,0,0,0
-1.5798056581783615,-1.6479261447331948,-0.12065908699388438,1.064157541898005,-0.4214266226178692,-1.8409509939130997,-1.6026309401616992,-1.3362477022959205,-0.5304369454848411,-1.2536318016139012,1.9326087988916218,-2.356959071492339,-0.18066851602864512,0,1,0,0,0,0,0,0
0.8102953438059464,-1.042814282181043,0.22785256993793612,2.0593568537955815,-0.4214266226178692,-1.8299406625565355,-1.9153672401227688,-1.3364535087425042,-0.5307067704036688,-1.25364203870278,1.9631619194416001,-2.356959071492339,0.7443542860380179,0,1,0,0,0,0,0,0
-1.5798056581783615,-1.6724257582625468,-0.1418319389068253,1.0314117660955824,-0.4214266226178692,-1.8664177341502775,-1.9153036915947672,-1.3364123474531877,-0.5305191776964282,-1.253634928690663,1.9630968597076248,-2.356959071492339,-0.18066851602864512,0,1,0,0,0,0,0,0
-1.5798056581783615,-1.3989378572278848,0.3349247303503639,1.3933423978810393,-0.4214266226178692,-1.8402923010746417,-1.6025637831630923,-1.3363506055192125,-0.530051483692325,-1.2536170592740676,1.9324751145067407,-2.356959071492339,-0.18066851602864512,0,1,0,0,0,0,0,0
0.8102953438059464,1.3442011573838784,0.23656232075096137,-0.40343752846127995,-1.2628939940862622,3.1121479678140695,0.4320289093111925,0.008685077742995049,0.6924940716989662,-0.26971526329206774,-0.6934533910034675,0.42427550486349236,-0.18066851602864512,0,0,1,0,0,0,0,0
-1.5798056581783615,0.20612492742082145,-0.011514744907344082,-0.8689013503041502,-2.0352702341342135,0.05585954329376176,0.6770350645347691,0.4887039176263247,0.5947217309583487,-0.46683922223403007,-0.6454036581602407,0.42427550486349236,-0.18066851602864512,0,1,0,0,0,0,0,0
-1.5798056581783615,-0.35536402391924593,-0.3163448489579708,-0.938787222553965,0.18881707863594616,0.27579821548066835,-0.4531094321644092,-1.7165697833250828,0.09350175917002974,-1.036479681787371,-0.5534608856143596,0.42427550486349236,-0.18066851602864512,0,1,0,0,0,0,0,0
-0.3847551571862075,1.2336335787085368,-0.3240598738870494,-1.2344592014972284,1.1327805656331025,2.9756533491953214,3.0779776025014267,0.3350076633174768,-2.0302033296543374,0.49279311448224455,1.2542363001043928,0.42427550486349236,0.7443542860380179,0,1,0,0,0,0,0,0
0.8102953438059464,-0.6677512160978881,-0.12181648650124431,-0.02145585990582808,1.1334707268710424,-0.24061659988946774,-0.18436210649152107,0.8750643597982584,0.38002157723450325,-0.7754974258906162,-0.6468456670584924,0.42427550486349236,0.7443542860380179,0,1,0,0,0,0,0,0
0.8102953438059464,-0.47793336482072224,-0.3464237256429322,-0.1571554817476563,1.1334707268710424,-0.2438909006537141,-0.20145938274498448,0.8751754952794135,0.38006671998539204,-0.7754449279186499,-0.6477146155602201,0.42427550486349236,0.7443542860380179,0,1,0,0,0,0,0,0
0.8102953438059464,0.47152443907113073,-0.005080125599886412,-0.5532106539674448,1.1334707268710424,-0.2510821482093274,-0.1840282959741923,0.8750190823800098,0.3799548416645683,-0.7755750270246311,-0.6476388610754542,0.42427550486349236,0.7443542860380179,0,1,0,0,0,0,0,0
0.8102953438059464,0.55075126721635,-0.6890832825447128,-1.1840179406389866,1.1334707268710424,-0.32666319563966784,-0.9221226267680362,0.8372906445922513,0.46548530534955934,-0.6679045599419685,-0.6477003558924995,0.42427550486349236,1.669377088104681,0,1,0,0,0,0,0,0
-0.3847551571862075,-0.38332031049317844,-1.2059034803679276,-1.4157259592814724,1.1334707268710424,-0.24400885256051608,-0.18444634449876454,0.875056127540395,0.3800196144714317,-0.7754997083546215,-0.6476852049955464,0.42427550486349236,0.7443542860380179,0,1,0,0,0,0,0,0
-1.5798056581783615,0.009246498704966025,1.1986004350968569,1.2314581426524231,0.09793528945284663,-0.6055571058709928,0.5655991537509648,0.6934689835904986,0.6678035832097742,-0.32441263233840445,-0.6976689052733874,0.42427550486349236,-1.1056913180953083,1,0,0,0,0,0,0,0
-1.5798056581783615,0.15165185282118804,-0.32819080665423833,-1.2210557957594244,0.09793528945284663,-0.5837103157170027,0.27056332342280287,0.6933043384332314,0.6690739516795798,-0.3216909424569433,-0.6993479811474951,0.42427550486349236,-1.1056913180953083,1,0,0,0,0,0,0,0
-1.5798056581783615,0.8666542131184141,0.652164965489221,-0.3949784426734994,0.09793528945284663,0.8117202500599047,0.7133991788811361,-1.6639862362228994,0.7803913103166521,-0.03423398092941446,-0.6413173721290393,0.42427550486349236,-1.1056913180953083,1,0,0,0,0,0,0,0
-1.5798056581783615,1.1402433948538049,1.3587509949195604,0.6836393846544339,0.09793528945284663,-0.14935256122298554,-0.10571876172517218,1.0698231163295235,0.679994375621146,-0.2978909492252321,-0.6351260026505755,0.42427550486349236,-1.1056913180953083,1,0,0,0,0,0,0,0
0.8102953438059464,-0.06254557571931722,0.7454751239777072,1.7983788764279143,-0.7699399168917928,-1.265670121602286,-1.6890269309697532,-2.28350480172972,0.2341217694894706,-0.924929081363629,-0.9071541188406637,-2.356959071492339,-0.18066851602864512,0,1,0,0,0,0,0,0
0.8102953438059464,-0.40077716469495955,-0.13655447271153692,0.0018746978974829823,0.9053818171324285,0.15296909973382747,-0.4568346858218866,0.8536975345139189,0.5762259094540548,-0.49909660022199026,-0.5287551200590845,0.42427550486349236,1.669377088104681,0,1,0,0,0,0,0,0
0.8102953438059464,-0.5910217075130683,-0.5979849803977513,-0.4053804145661456,0.9053818171324285,-0.32203470981466614,-0.4482887233298604,-0.5385089863053157,0.8601770195321432,0.29303609727471325,-0.52957059480686,0.42427550486349236,0.7443542860380179,0,1,0,0,0,0,0,0
0.8102953438059464,-0.3640469682881755,-0.3602449662531606,-0.19967536058696042,0.9053818171324285,-0.5689318431433563,-0.7175001349569824,-0.04940996599870499,0.8752675284900394,0.38852537416536936,-0.5295688123483948,0.42427550486349236,1.669377088104681,0,1,0,0,0,0,0,0
0.8102953438059464,0.5418845170112463,-0.298121448990806,-0.6804137741465867,0.9053818171324285,-0.4221524954491626,-0.7174814054266543,-0.5385089863053157,0.8601994479882661,0.29316317847200035,-0.5295688123483948,0.42427550486349236,1.669377088104681,0,1,0,0,0,0,0,0
0.8102953438059464,-0.4584302653205015,-0.18586169948335649,0.1816696675910953,0.9053818171324285,-0.5702677561307609,-0.7174915845728163,-0.04922885632571115,0.8752597674262841,0.38846984135847235,-0.5295812895576503,0.42427550486349236,1.669377088104681,0,1,0,0,0,0,0,0
0.8102953438059464,0.5299812215028511,0.5680269172547239,0.6765081402734502,0.9053818171324285,-0.33361866550118474,-0.4532302642888728,-0.5385089863053157,0.8603024209305581,0.2937470906347803,-0.5297960758026927,0.42427550486349236,0.7443542860380179,0,1,0,0,0,0,0,0
0.8102953438059464,-0.01332409261921484,-0.936254118470615,-1.1147321174020774,0.9053818171324285,1.0750546628634061,0.15345824475401398,-1.7165656671961513,0.09348570056484548,-1.0364908463839773,-0.6476139066569431,0.42427550486349236,-0.18066851602864512,0,1,0,0,0,0,0,0
-1.5798056581783615,-1.6527407286447293,-0.8576500897485909,-0.31191488371922943,0.37179572861345983,-0.8806195613677784,-0.8175113868048421,-0.5384884056606574,0.8613473383389312,0.2997156957206484,-0.5659719615807731,0.42427550486349236,-0.18066851602864512,0,1,0,0,0,0,0,0
-1.5798056581783615,0.6056575987770704,0.9648666272335135,0.33776359610702217,0.37179572861345983,0.2530786682093892,-0.4486524624050617,-1.7165492026804245,0.09348570056484548,-1.0364908463839773,-0.5534323662789182,0.42427550486349236,-0.18066851602864512,0,1,0,0,0,0,0,0
-0.3847551571862075,-0.4837373120931867,-0.06303720468087365,-0.03195769231886132,0.37179572861345983,-0.8476169308352065,-0.7126407048740849,-0.5352366638046319,0.8606985938491204,0.29600069770328014,-0.5534448434881738,0.42427550486349236,0.7443542860380179,0,1,0,0,0,0,0,0
0.8102953438059464,-0.6646893506194149,-1.1092390699905958,-0.9688804893250704,0.2998416019465666,-0.18137463115070546,0.09547066147271772,0.3387986180635521,0.7716881631738526,-0.06131489604472493,-0.6488197398085712,0.42427550486349236,-1.1056913180953083,0,1,0,0,0,0,0,0
0.8102953438059464,-0.2787545516004387,0.16747947370952176,0.6970792109140722,0.2998416019465666,-0.41060961343042174,0.09577506992287683,0.33904146967052096,0.7715687972165536,-0.0616789964754032,-0.6489222311703134,0.42427550486349236,-1.1056913180953083,0,1,0,0,0,0,0,0
0.8102953438059464,-0.4505022373157175,-0.30399830138869843,-0.032957336288372364,2.040944566171702,0.21082269452476324,0.6959603390335024,-0.22591369071797934,-2.0194964553654975,1.1393793123137026,1.0910049924767726,0.42427550486349236,0.7443542860380179,0,1,0,0,0,0,0,0
0.8102953438059464,-0.6849248594813432,-0.5726063458895877,-0.2350886293054277,2.040944566171702,0.20843186488580245,0.6959606699095442,-0.22128304566984183,-2.0197826207877503,1.137248815907229,1.0911573926755371,0.42427550486349236,0.7443542860380179,0,1,0,0,0,0,0,0
0.8102953438059464,-0.8168251540696799,-0.6877260974086943,-0.2668844434914085,2.040944566171702,0.20702832911716876,0.710612299632694,-0.22600836168340793,-2.0193590892416524,1.1403974919809499,1.0909942977259823,0.42427550486349236,0.7443542860380179,0,1,0,0,0,0,0,0
0.8102953438059464,0.995932462989017,-0.8425676253475569,-1.3850009723302346,2.040944566171702,3.129000833592893,2.398906468984453,0.846263805663309,0.5948269745675574,-0.4666517719146316,1.0910076661644703,0.42427550486349236,0.7443542860380179,0,1,0,0,0,0,0,0
0.8102953438059464,-0.8307446858100118,-0.32328014987418924,0.2269327900153102,1.3136854007338175,-0.6613009219141788,-0.20181709058347092,0.32888286346714035,0.7729914340659294,-0.057327011213927054,-0.6455230828774013,0.42427550486349236,-0.18066851602864512,0,1,0,0,0,0,0,0
0.8102953438059464,-0.5894724879356309,-1.4612817524763155,-1.3402782188662425,1.3136854007338175,-0.31972553354165983,-0.18433421524933935,0.836632063963183,0.46601111194386513,-0.667187967676217,-0.6476388610754542,0.42427550486349236,1.669377088104681,0,1,0,0,0,0,0,0
0.8102953438059464,-0.6266500071672191,-0.9185902338958181,-0.8740163390138938,1.3136854007338175,-0.3199118994892053,-0.18447629766454685,0.8365085800952327,0.46608046963553396,-0.6670933901759227,-0.6470230216757681,0.42427550486349236,1.669377088104681,0,1,0,0,0,0,0,0
0.8102953438059464,-1.0114979143719367,-0.5051320894061809,-0.12436868360086747,1.3136854007338175,-0.3194718606087279,-0.18390500350075545,0.8365085800952327,0.4660859450484508,-0.6670859232618217,-0.6468501232046552,0.42427550486349236,1.669377088104681,0,1,0,0,0,0,0,0
0.8102953438059464,-0.9378762227246338,-0.2628056180772724,0.05829035203695583,1.3136854007338175,-0.3195506435028461,-0.18391682937161202,0.8365291607398911,0.466076819344458,-0.6670983680967587,-0.6467788248660518,0.42427550486349236,1.669377088104681,0,1,0,0,0,0,0,0
0.8102953438059464,-0.7627393841618443,-0.9766890619973403,-0.7598463905716891,1.3136854007338175,-0.3196567380817063,-0.18382624378888995,0.8364797671927108,0.46610967150913846,-0.6670535661785962,-0.6475782574876414,0.42427550486349236,1.669377088104681,0,1,0,0,0,0,0,0
0.8102953438059464,-0.43457584712609054,-1.050113413834913,-1.048794969453177,1.3136854007338175,-0.3196650674541719,-0.18395057698250894,0.83674731557327,0.46598555796000385,-0.6672228104242361,-0.6475942996138272,0.42427550486349236,1.669377088104681,0,1,0,0,0,0,0,0
0.8102953438059464,-0.9808464357274671,-1.1594562116165468,-0.7871584387198177,1.3136854007338175,-0.3196835404399019,-0.18390249835122974,0.8368008252493818,0.46601658771698123,-0.6671805012613877,-0.6475916259261296,0.42427550486349236,1.669377088104681,0,1,0,0,0,0,0,0
0.8102953438059464,-0.9620532393967605,-1.266364160936038,-0.9210186162854367,1.3136854007338175,-0.31961544694061134,-0.183822634015417,0.8367431994443382,0.46597643138712197,-0.6672352540547728,-0.6475800399461062,0.42427550486349236,1.669377088104681,0,1,0,0,0,0,0,0
0.8102953438059464,-0.9588985327357887,-1.303086872857286,-0.9531573290485634,1.3136854007338175,-0.31965420054543775,-0.18387903076311837,0.8368502187965619,0.46602753917790724,-0.6671655683134746,-0.6475782574876414,0.42427550486349236,1.669377088104681,0,1,0,0,0,0,0,0
0.8102953438059464,-1.0439715081753616,-0.8456362554088768,-0.4590630588470462,1.3136854007338175,-0.3195065472693285,-0.18396403080668766,0.8368584510544251,0.466029364410336,-0.6671630794734942,-0.6468501232046552,0.42427550486349236,1.669377088104681,0,1,0,0,0,0,0,0
0.8102953438059464,-0.8230754867127829,-1.0140495029699594,-0.7484895294936393,1.3136854007338175,-0.31973032190067413,-0.18391612711575112,0.8368584510544251,0.466029364410336,-0.6671630794734942,-0.6475862785507341,0.42427550486349236,1.669377088104681,0,1,0,0,0,0,0,0
0.8102953438059464,-0.48522182464629676,-1.1282785642001376,-1.0667257306952047,1.3136854007338175,-0.3204756790646063,-0.1865646887640659,0.8368008252493818,0.46601658771698123,-0.6671805012613877,-0.6479962439977033,0.42427550486349236,1.669377088104681,0,1,0,0,0,0,0,0
-1.5798056581783615,1.2058132707931566,0.39122223138528456,-0.8503942993204364,0.12410144428988024,0.6606479356391144,0.563521145930367,-1.9152429784703737,0.7560789335779116,-0.10738747706788473,-0.6503357207331237,0.42427550486349236,-1.1056913180953083,0,0,1,0,0,0,0,0
0.8102953438059464,1.5160013591680994,1.1845861406414724,0.9366289781907654,0.12715428137116003,-0.1728937895530874,0.14324206600340308,0.8107663097565199,0.4772270693003713,-0.6517288881935489,-0.8113924290333433,0.42427550486349236,-1.1056913180953083,1,0,0,0,0,0,0,0
-1.5798056581783615,1.5313622651752419,2.0480696541514236,1.5631430273214233,0.12715428137116003,0.13286374136872772,0.17236802146726612,-0.5378751024498373,0.8586662732805483,0.2845570989564642,-0.43578476020808343,0.42427550486349236,-0.18066851602864512,1,0,0,0,0,0,0,0
0.8102953438059464,-0.09818794204743127,-1.3764497728643432,-1.4288427572992397,0.49239454390238085,1.1810749702218568,1.5492880352976255,-0.20485969123244757,-2.0212355478075144,1.1262282402549317,1.0938738593763229,0.42427550486349236,-0.18066851602864512,0,1,0,0,0,0,0,0
0.8102953438059464,-0.06915883033320226,-0.9352287087317278,-1.0771348239068388,0.49239454390238085,1.178341649651017,1.5481935294174247,-0.20483911058778914,-2.021234193333432,1.1262386783108969,1.0938774242932532,0.42427550486349236,-0.18066851602864512,0,1,0,0,0,0,0,0
0.8102953438059464,-0.2491909022243939,-1.3475041850860883,-1.3499149193426259,0.49239454390238085,1.1413273645815116,1.5504333532881238,-0.16184202776748324,-1.997434538990803,1.2764273925727347,1.1224751879070354,0.42427550486349236,0.7443542860380179,0,1,0,0,0,0,0,0
0.8102953438059464,-0.05826834183209687,-0.5422829160729055,-0.7791696744673957,0.49239454390238085,1.1801574377817583,1.5514709693553372,-0.204789717040609,-2.0212355478075144,1.1262282402549317,1.0930111494792232,0.42427550486349236,-0.18066851602864512,0,1,0,0,0,0,0,0
0.8102953438059464,0.1868403317145989,-0.7924402271971509,-1.0553576439829178,0.49239454390238085,1.1762147963327911,1.5491750840937704,-0.20472385897770215,-2.0212355478075144,1.1262282402549317,1.09386583831323,0.42427550486349236,-0.18066851602864512,0,1,0,0,0,0,0,0
0.8102953438059464,-0.8518129472802104,-1.2174106731680732,-0.9218360405346592,0.49239454390238085,0.41247457613362287,1.5448973923004294,1.0521402264390358,-1.9948410439963769,1.2900526865679764,1.0942205475477815,0.42427550486349236,-1.1056913180953083,0,1,0,0,0,0,0,0
0.8102953438059464,-0.323642533307224,-1.3092753401489623,-1.285085395763104,0.49239454390238085,1.1796548654823118,1.5492262133462886,-0.2048885041349693,-2.021230581208197,1.1262665130791352,1.0938952488779041,0.42427550486349236,-0.18066851602864512,0,1,0,0,0,0,0,0
0.8102953438059464,-0.3025367607064576,-1.1883975270025686,-1.2047417103168707,0.49239454390238085,1.0766928510849951,1.5455232839063167,-0.1618379116385515,-1.9974338968256278,1.2764308148150216,1.0938988137948342,0.42427550486349236,-0.18066851602864512,0,1,0,0,0,0,0,0
0.8102953438059464,-0.07887427553911654,-1.2129264811597944,-1.3182044843836667,0.49239454390238085,1.2001383476432146,1.5492950526695417,-0.2258478326550725,-2.019463671952588,1.1396225722068694,1.104966098404531,0.42427550486349236,-0.18066851602864512,0,1,0,0,0,0,0,0
-0.3847551571862075,-0.14297558131789856,-1.0288589720439296,-1.3244556343792546,0.49239454390238085,1.1614774864496051,1.549121005991197,-0.20031960102080698,-2.0211741050352408,1.1267014223231988,1.0938186031639054,0.42427550486349236,-0.18066851602864512,0,1,0,0,0,0,0,0
-0.3847551571862075,-0.039651448463254246,-1.2232019104225282,-1.51785168886757,0.49239454390238085,1.1752045550430963,1.5492416673437506,-0.20479383316954072,-2.021235999290041,1.1262247609007772,1.0938640558547648,0.42427550486349236,-0.18066851602864512,0,1,0,0,0,0,0,0
0.8102953438059464,-0.12569878151513716,-1.0480141660826043,-1.1921953208566094,0.49239454390238085,1.1787621859846962,1.5499924084418268,-0.20464565252800032,-2.02124728491766,1.126137776694846,1.0932633673520324,0.42427550486349236,-0.18066851602864512,0,1,0,0,0,0,0,0
-1.5798056581783615,-0.3788864666635439,-1.9667859421511928,-1.964077752786795,0.49239454390238085,1.1590240318228175,1.5492312111415223,-0.20471974284877048,-2.0212387080924423,1.1262038847530969,1.0938221680808358,0.42427550486349236,-0.18066851602864512,0,1,0,0,0,0,0,0
0.8102953438059464,-0.05784727663664042,-1.6829145608393232,-1.6476971999276193,0.49239454390238085,1.1778068387776566,1.5491461349176645,-0.20932569112331792,-2.021387447334521,1.1250556366380018,1.0941198386445044,0.42427550486349236,-0.18066851602864512,0,1,0,0,0,0,0,0
0.8102953438059464,-0.2938763225297209,-1.3646385725467816,-1.3472675563811336,0.49239454390238085,1.0828554685278549,1.5492964885201723,-0.16182556325175648,-1.9974493075907398,1.27634868057486,1.0938970313363692,0.42427550486349236,-0.18066851602864512,0,1,0,0,0,0,0,0
0.8102953438059464,-0.2908247730983012,-1.1095391529409784,-1.1382458987625508,0.49239454390238085,1.0887160712446529,1.5472023923121654,-0.16182556325175648,-1.997451233760423,1.2763384137324416,1.1049785756137867,0.42427550486349236,-0.18066851602864512,0,1,0,0,0,0,0,0
0.8102953438059464,-0.15148972397878296,-1.4643680870175113,-1.475246007983732,0.49239454390238085,1.1784478535788374,1.549295809399968,-0.2044604267260748,-2.0212373537111183,1.1262143228318113,1.0945618883438446,0.42427550486349236,-0.18066851602864512,0,1,0,0,0,0,0,0
0.8102953438059464,-0.08417744565342344,-1.4067401176605052,-1.4615161293045074,0.49239454390238085,1.1778283363736026,1.5480144383251027,-0.20477325252488232,-2.0212373537111183,1.1262143228318113,1.0938685120009275,0.42427550486349236,-0.18066851602864512,0,1,0,0,0,0,0,0
0.8102953438059464,-0.11314185034332538,-0.38875013451108664,-0.6316883116573894,0.49239454390238085,1.1788108757827673,1.548773721014568,-0.2052177944495035,-2.0213428760717,1.12540012343645,1.0935886660219098,0.42427550486349236,-0.18066851602864512,0,1,0,0,0,0,0,0
-0.3847551571862075,-0.0863418514992993,-1.2546689743122634,-1.5181159376485356,0.49239454390238085,1.175459592663693,1.5492976316737863,-0.20485969123244757,-2.0212364507681504,1.1262212815455386,1.0938979225656016,0.42427550486349236,-0.18066851602864512,0,1,0,0,0,0,0,0
0.8102953438059464,-0.3184940974167534,-1.438167841401707,-1.399778793137781,0.49239454390238085,1.0791796428641318,1.5470561787654173,-0.16184202776748324,-1.997435181151634,1.2764239703289055,1.0938747506055557,0.42427550486349236,-0.18066851602864512,0,1,0,0,0,0,0,0
0.8102953438059464,-0.2687315128551822,-1.2585062518931094,-1.268017771670333,0.49239454390238085,1.0793926450046625,1.5456935462326722,-0.1618379116385515,-1.9974338968256278,1.2764308148150216,1.0943907723311967,0.42427550486349236,-0.18066851602864512,0,1,0,0,0,0,0,0
0.8102953438059464,-0.2507354329105101,-1.4068256384487567,-1.3922617605410808,0.49239454390238085,1.0780530878784762,1.5453248720209507,-0.1619284664750484,-1.9974428867427296,1.2763829032827803,1.093867620771695,0.42427550486349236,-0.18066851602864512,0,1,0,0,0,0,0,0
-0.3847551571862075,-0.20836071315666504,-1.2283128750176695,-1.45027263189022,0.49239454390238085,1.1900537110468394,1.549291959845376,-0.2047156267198388,-2.0212391595440495,1.1262004053913586,1.0944950461514042,0.42427550486349236,-0.18066851602864512,0,1,0,0,0,0,0,0
0.8102953438059464,-0.09999974115933281,-1.0821401581014167,-1.193657024064126,0.49239454390238085,1.191874803934309,1.5491390345334577,-0.204789717040609,-2.0212355478075144,1.1262282402549317,1.1049562948829725,0.42427550486349236,-0.18066851602864512,0,1,0,0,0,0,0,0
-1.5798056581783615,-2.029278929498352,-1.357640606953015,-0.3304709891050967,-0.6489334386839322,-1.8319357079441532,-1.8216165643106896,-2.021472033939114,0.4050825794314327,-0.7456829884910852,-0.8648528145473278,-2.356959071492339,-2.030714120161971,0,0,0,0,0,0,1,0
0.8102953438059464,-1.202026606272783,-1.5940099260612683,-1.0496834939901392,-0.6478245398318789,-0.6018930782124811,-1.2492752551455317,-0.5378380572894522,0.8588868870464659,0.2857854828046028,-0.5561951768997959,0.42427550486349236,-1.1056913180953083,0,0,0,0,0,0,1,0
0.8102953438059464,1.6675163500044394,0.22352644102084424,-0.5861810687980534,-0.6478245398318789,2.618328357176753,0.49361852079850055,0.34619118562484524,0.8102963368932807,1.4729107599572133,0.09360807760909232,0.42427550486349236,1.669377088104681,0,0,0,0,0,0,1,0
0.8102953438059464,0.40612242657541237,-0.08897604424488424,-0.6013969633432619,0.4294976001529273,0.4119953016028483,-0.4480590740764009,-1.7164092542967475,0.09345128893393939,-1.036514769611288,-0.552725621497513,0.42427550486349236,0.7443542860380179,0,1,0,0,0,0,0,0
0.8102953438059464,-0.9373763838308873,-0.41176472985385926,0.23946235039500582,0.4294976001529273,-0.8441058033661469,-0.7173965829439861,-0.5385089863053157,0.8602370174248163,0.29337612980617916,-0.5533530468772221,0.42427550486349236,0.7443542860380179,0,1,0,0,0,0,0,0
0.8102953438059464,0.5843886516239917,1.0163460395982136,1.4738910727617727,0.6954494395434941,-1.3009786444519698,-1.7209216933501483,-2.1531346500766904,0.2756203829222801,-0.8862730827674071,-0.8025362841495811,-2.356959071492339,-2.030714120161971,1,0,0,0,0,0,0,0
-0.3847551571862075,1.1246911809464246,1.9326946265399318,3.070080450089082,0.6954494395434941,-1.8618510706135274,-1.8408327135435882,-2.158209837049449,0.28659404853439313,-0.8755688439406819,-0.8597362675233086,-2.356959071492339,-2.030714120161971,1,0,0,0,0,0,0,0
0.8102953438059464,-0.303408900163873,-0.40191953860613455,-0.338684467367873,0.46059414783390923,-0.3205894756345444,-0.44839216259561565,-0.5384266637266821,0.8601897499289545,0.2931082241963838,-0.5288353306900133,0.42427550486349236,0.7443542860380179,0,1,0,0,0,0,0,0
0.8102953438059464,-0.9269247778261104,0.07199293395436208,0.868570799275563,0.46059414783390923,-0.8406962478577251,-0.7174173647805941,-0.5378339411605205,0.8594090657502417,0.2887062266978241,-0.5527113618297925,0.42427550486349236,0.7443542860380179,0,1,0,0,0,0,0,0
-0.3847551571862075,-0.5105879512875773,-0.08198106491201289,0.0034459644135063972,0.740101410046388,-0.0466399640348018,-0.7158672440725733,-1.984336318717517,0.6792722109355845,-0.29948768621820826,-0.5534002820265467,0.42427550486349236,0.7443542860380179,0,1,0,0,0,0,0,0
0.8102953438059464,-0.7790427638064613,-0.08771966104670284,0.2845236653543293,0.740101410046388,-0.5678133236535223,-0.7174185791306167,-0.049339991806866476,0.8752728635670506,0.388563553142943,-0.5288558289623618,0.42427550486349236,1.669377088104681,0,1,0,0,0,0,0,0
0.8102953438059464,-0.5334473805858163,-0.4903352376618182,-0.37749450144137386,0.740101410046388,-0.31993895378068743,-0.4486386032795458,-0.5376610637453901,0.859449431886569,0.28893279187869797,-0.5288576114208269,0.42427550486349236,0.7443542860380179,0,1,0,0,0,0,0,0
0.8102953438059464,-0.8250785937249231,-0.1596379615576647,0.5375522219677256,0.740101410046388,-0.5677858861283406,-0.7174649705332357,-0.04940173374084165,0.8752665584187569,0.3885184325482125,-0.5295768334114876,0.42427550486349236,1.669377088104681,0,1,0,0,0,0,0,0
0.8102953438059464,-0.12877377621340752,0.5425771575459706,1.0426047564815035,-2.556020515439939,-0.48947913817642513,-0.443856741091457,0.7174083894571366,0.6921532108181487,-0.27049747689472725,-0.66906935920114,0.42427550486349236,0.7443542860380179,0,1,0,0,0,0,0,0
-0.3847551571862075,-1.7607584716907296,0.04109323963461353,1.7886225027207638,-2.556020515439939,-1.6959474822371257,-1.8487101628308924,-1.506540188457293,-0.2256490478081363,-1.197891822057164,-1.0814527110779804,-2.356959071492339,-0.18066851602864512,0,1,0,0,0,0,0,0
-0.3847551571862075,-1.6653267314288784,-0.21755035118817767,1.321199839144979,-2.556020515439939,-1.6732066658447444,-1.753411046552581,-1.5065154916837031,-0.22562655691775013,-1.1978843593850057,-1.0814152794502137,-2.356959071492339,-0.18066851602864512,0,1,0,0,0,0,0,0
-0.3847551571862075,-1.7766848618803566,-0.3162177407939875,0.9246926444392867,-2.556020515439939,-1.6726431958473789,-1.7530275711478573,-1.506540188457293,-0.2256490478081363,-1.197891822057164,-1.08138230396861,-2.356959071492339,-0.18066851602864512,0,1,0,0,0,0,0,0
-0.3847551571862075,-1.6784378932819561,0.246929830518514,1.2982818176250623,-2.556020515439939,-1.6725901717277571,-1.7530573237803266,-1.5065484207151565,-0.22564654881610471,-1.1978909928953538,-1.0813849776563074,-2.356959071492339,-0.18066851602864512,0,1,0,0,0,0,0,0
-0.3847551571862075,-1.4900511010347925,0.04777201765502637,1.4312477770710437,-2.556020515439939,-1.6736714149938734,-1.7536549731754398,-1.5065443045862248,-0.22565154680122057,-1.1978926512129777,-1.081451819848748,-2.356959071492339,-0.18066851602864512,0,1,0,0,0,0,0,0
-0.3847551571862075,-1.4175538123323155,0.04886278676590295,1.4603091806108275,-2.556020515439939,-1.6729309225152424,-1.753625788961628,-1.5063014529792558,-0.22521174023559418,-1.1977466274484418,-1.0812254476236824,-2.356959071492339,-0.18066851602864512,0,1,0,0,0,0,0,0
-0.3847551571862075,-1.2871539726896295,0.46009814862000054,1.8923136692801008,-2.556020515439939,-1.6711752689862402,-1.7499202784011838,-1.506132691693057,-0.2250293300433621,-1.1976860062789076,-1.0812504020421936,-2.356959071492339,-0.18066851602864512,0,1,0,0,0,0,0,0
0.8102953438059464,-1.1196947743627903,-0.21602076317527993,0.9585409134719292,-2.556020515439939,-1.6502885226461383,-1.8455554540149186,-1.3365317151922065,-0.530673363435003,-1.253640774941038,1.9897276804051878,-2.356959071492339,-0.18066851602864512,0,1,0,0,0,0,0,0
-0.3847551571862075,-1.5307115509403102,0.009630806693110111,1.3607172222445814,-2.556020515439939,-1.6961451098971172,-1.8489955786391836,-1.5065566529730199,-0.22568403380709554,-1.197903429692888,-1.0813938899486326,-2.356959071492339,-0.18066851602864512,0,1,0,0,0,0,0,0
0.8102953438059464,-0.2271904839740186,0.6650247975647228,1.7851662455096513,-2.556020515439939,-1.403891411068436,-1.7091621999193256,-1.3209192381543526,-0.27263146221420476,-1.2123674983378505,1.996587471808058,-2.356959071492339,1.669377088104681,0,1,0,0,0,0,0,0
-0.3847551571862075,0.8043168800841579,1.8702002616414646,2.648884676261191,0.17436632952982578,-1.2681236737221047,-1.8428943598646246,-1.7746072012617395,0.7680823437164048,-0.07223019675282678,-0.6516039399310298,-2.356959071492339,-2.030714120161971,1,0,0,0,0,0,0,0
0.8102953438059464,1.6173327002474116,0.2802683864889288,-0.474071356118501,0.17436632952982578,0.547420117324227,1.2101045357331044,0.43568406085738337,0.5834470524343978,2.027840884451411,-0.06130093144505781,0.42427550486349236,-0.18066851602864512,1,0,0,0,0,0,0,0
-0.3847551571862075,0.7977317588181992,0.6042441272503623,0.08244582984150109,0.09571445148982334,-0.026823110730474834,-0.09439325971895411,0.8408222832156308,0.5929931470845639,-0.4699115500145202,-0.7693620584266998,0.42427550486349236,-0.18066851602864512,1,0,0,0,0,0,0,0
-1.5798056581783615,1.5292100502847512,1.664290373886886,0.8732126103810143,0.09571445148982334,-0.34329791190953374,-0.916287844991416,0.2727141680654654,0.8348297147070552,0.16726901829675508,-0.5448471550818487,0.42427550486349236,-0.18066851602864512,1,0,0,0,0,0,0,0
-0.3847551571862075,1.54927675824888,1.1979913371902178,0.6932169646156535,0.09571445148982334,-0.24444536232240183,0.10643208447345501,0.6939011771283248,0.6682801682570191,-0.32339269728817654,-0.7046008862440929,0.42427550486349236,0.7443542860380179,1,0,0,0,0,0,0,0
0.8102953438059464,-0.6567219357654863,-0.4798862186100615,-0.07886110618981902,-0.6767513940859106,-0.6019138027934666,-1.2493354979258635,-0.5380891411542845,0.8589108866668896,0.2859193125980004,-0.5561586365012618,0.42427550486349236,-1.1056913180953083,0,0,0,0,0,0,1,0
0.8102953438059464,-1.1780915378512589,-0.6458312177561055,0.2145472706282273,-0.6782844265711887,-0.7012067538808306,-0.08438970103340065,0.8218469288405964,0.5020408609704998,-0.6163067728128498,-0.7856599674021809,0.42427550486349236,-1.1056913180953083,0,0,0,0,0,0,1,0
0.8102953438059464,-0.7411825372991186,-1.6891930676422442,-1.3868141325728072,-0.6752198521526256,-0.6019952566602221,-1.249462012508663,-0.538006818575651,0.8588862715844565,0.28578205130097206,-0.5561969593582611,0.42427550486349236,-1.1056913180953083,0,0,0,0,0,0,1,0
-1.5798056581783615,0.4837062573167753,1.599856311818623,1.7818842245564848,-1.6421853375390931,-0.9085435832476748,-0.8082200979309756,-0.5379450766416759,0.8587082205204517,0.284790408679337,-0.5866671955896124,0.42427550486349236,-0.18066851602864512,0,0,1,0,0,0,0,0
-1.5798056581783615,1.481641881445804,1.7746097270586672,1.147280447345252,0.08341866946717452,0.13226470965835593,0.32953415844306483,-0.5366484960281973,0.8596900105461976,0.29028545020731694,-0.4356911811386664,0.42427550486349236,-0.18066851602864512,0,0,1,0,0,0,0,0
-1.5798056581783615,1.0905473930351381,1.8972633405623485,2.0674060622973878,0.1845751111213578,-1.27634810150677,-1.3172672516269166,-1.6638915652574708,0.7803933537593912,-0.034227494616274924,-0.6288989840028101,-2.356959071492339,-2.030714120161971,1,0,0,0,0,0,0,0
0.8102953438059464,0.029697698188149366,-0.2529951212835982,-0.6045224268035227,1.3208716269007839,0.49041856729898936,-0.1844613038664985,-0.46969142669659514,0.8732277953379142,0.3742079115402651,-0.5324581775202933,0.42427550486349236,1.669377088104681,0,1,0,0,0,0,0,0
-1.5798056581783615,0.9902551174027092,0.47025565073268516,-0.579185179657976,0.13642183966089202,1.0008380646413937,1.3732460698751714,-0.5381879282486448,0.8587002027523426,0.28474580482082484,1.714940318511152,0.42427550486349236,0.7443542860380179,1,0,0,0,0,0,0,0
0.8102953438059464,0.050511819642113986,0.28391931503108714,0.25827453461933236,0.13642183966089202,-0.4546375118624662,0.5777763572952618,0.9535548223964218,0.6108003732614874,-0.4376634832089306,-0.6977749615520596,0.42427550486349236,-0.18066851602864512,1,0,0,0,0,0,0,0
-0.3847551571862075,1.4240572384714987,4.401880777539845,3.737326568142737,0.13642183966089202,1.0028606180495265,1.6076752595997297,0.8539156893472979,0.7080370405093301,-0.23316729366278796,1.7144938126656495,0.42427550486349236,0.7443542860380179,1,0,0,0,0,0,0,0
-0.3847551571862075,1.5277846184104817,1.5161271974154884,1.5106624432944369,0.13642183966089202,-0.13673598686472474,-0.027090925063719552,0.7995786713202198,0.5362594636040205,-0.5644909146608889,-0.5655887330107802,0.42427550486349236,0.7443542860380179,1,0,0,0,0,0,0,0
-1.5798056581783615,1.5483267825473401,1.328965517313557,0.3456360596724627,0.13762455083964653,-0.6802096472170465,0.10642280526704705,0.7939519230706161,0.5147368160290188,-0.5974996088584518,-0.8442600719002307,0.42427550486349236,-1.1056913180953083,1,0,0,0,0,0,0,0
-1.5798056581783615,1.3909168805951058,1.6600328763230554,0.7203729472253004,0.13762455083964653,0.32035166041013974,0.26953323462627654,0.8553810312469752,0.711859978788488,-0.2239018549792308,-0.7118920325955126,0.42427550486349236,-0.18066851602864512,1,0,0,0,0,0,0,0
-0.3847551571862075,0.5953766693886708,1.0218749430389924,0.5471634629523983,-0.01453305800264904,0.22721264876225858,-0.5206071256170931,0.9535548223964218,0.6108003732614874,-0.4376634832089306,-0.586865939708469,0.42427550486349236,0.7443542860380179,1,0,0,0,0,0,0,0
-0.3847551571862075,0.8090845750824832,1.3821077637863066,1.568260812881845,-0.01453305800264904,-0.9651851488652281,-1.2928701598031913,-1.9087641915319131,0.7563741590304518,-0.10654340680890002,-0.6606169411597193,-2.356959071492339,-2.030714120161971,1,0,0,0,0,0,0,0
0.8102953438059464,1.3317426929298062,0.7717431188090305,0.3599486507902942,-0.01453305800264904,0.11121972190365538,-0.42867376812760644,0.8907179981254288,0.6114396882940974,-0.43648045939580543,-0.6642807845346961,0.42427550486349236,1.669377088104681,1,0,0,0,0,0,0,0
0.8102953438059464,0.5928305851964839,0.7159022925287792,0.8224035931871918,-0.01453305800264904,-0.21067913606728883,-0.3110806639042356,0.7838344781565523,0.5010684739611687,-0.6177276679460757,-0.7092584502133533,0.42427550486349236,-0.18066851602864512,1,0,0,0,0,0,0,0
0.8102953438059464,-0.753860443001355,-0.5159927299379682,-0.341283230643909,0.8293474618485428,-0.2471618314248301,0.4433712041995824,0.3292533150709912,0.7730660477383139,-0.05709800159245218,-0.6447209765681142,0.42427550486349236,-0.18066851602864512,0,1,0,0,0,0,0,0
0.8102953438059464,-0.6467542262619154,-0.9603664012974654,-0.7501895292916111,1.399492065749299,-0.18151133644368034,0.09514776692903554,0.33853930194085624,0.7717356837474743,-0.06116989128838914,-0.6487823081808045,0.42427550486349236,-1.1056913180953083,0,1,0,0,0,0,0,0
-1.5798056581783615,0.025578011697508965,0.6664727726926629,0.21906236441417284,1.264513122390393,0.43999558159851865,-0.3406398189440757,-1.7163557446206357,0.09340770021416459,-1.036545070587844,-0.5135846160627682,0.42427550486349236,-0.18066851602864512,0,1,0,0,0,0,0,0
-1.5798056581783615,-0.09350558535729492,0.32682001601612215,-0.30738101421036723,1.264513122390393,0.3779326556901035,-0.3406763256170334,-1.7163022349445238,0.0933916410279084,-1.0365562336045835,-0.5331898767202098,0.42427550486349236,-0.18066851602864512,0,1,0,0,0,0,0,0
-1.5798056581783615,-1.268030675817142,-0.40949316688015536,-0.3328322056926206,1.264513122390393,-0.11854220973324518,0.45216420550513275,0.6294096690267974,0.6722477399935698,-0.3148491845940045,-0.533261175058813,0.42427550486349236,-0.18066851602864512,0,1,0,0,0,0,0,0
0.8102953438059464,0.5905442673660185,0.6435787234783873,0.6402138480971782,-1.3581480408101967,0.22420936884904658,-0.09487699687526183,0.438408938210154,0.6364317505695909,1.929945061456701,-0.10891574442280448,0.42427550486349236,0.7443542860380179,0,0,1,0,0,0,0,0
0.8102953438059464,0.34047846582909136,-0.4536247216578721,-0.8539665727432499,-0.16085046074691,1.6091247235920707,1.5911126347512845,1.5046303960273044,-0.607159598157464,2.7949826390887114,1.096863933451499,0.42427550486349236,0.7443542860380179,0,0,0,0,0,0,1,0
0.8102953438059464,-0.520129905894126,-0.7007597665365711,-0.5665773035392525,-0.16085046074691,0.44849476550213174,1.5905824921789289,1.0250931432289814,-2.0035877225077012,1.2424218086663166,1.0961242131884894,0.42427550486349236,-0.18066851602864512,0,0,0,0,0,0,1,0
-1.5798056581783615,-0.3450136986151979,-0.182129272218665,-0.6560328138606862,-0.16085046074691,0.4227882325908652,1.591985311802956,1.025480059348559,-2.003914718759132,1.240541550753672,1.096123321959257,0.42427550486349236,-1.1056913180953083,0,0,0,0,0,0,1,0
-1.5798056581783615,1.5861026090109056,1.9517561208882215,1.4165309812686062,-0.015115804685510426,-0.20141429034778804,-0.3156521167975687,0.32228059266072906,0.7725970053799543,-0.05853635809023633,-0.5519725327960158,0.42427550486349236,0.7443542860380179,1,0,0,0,0,0,0,0
-0.3847551571862075,1.5028554993571974,-0.6508645182225397,-1.564002425406369,0.8611389607997305,-0.5273269259195443,-0.3111196941001671,0.7013760672682514,0.6836630459516584,-0.28972787100951153,-0.6454696091234489,0.42427550486349236,-0.18066851602864512,0,1,0,0,0,0,0,0
0.8102953438059464,0.011818841336746601,-1.3993613164907879,-1.5393419847846568,0.8611389607997305,-0.38782881482662396,0.4432951860557871,0.4449412348247266,0.681256920691701,-0.2950914384475803,-0.6446559168341388,0.42427550486349236,-1.1056913180953083,0,1,0,0,0,0,0,0
0.8102953438059464,-0.7044589055022333,-1.159494230592169,-1.0341657401262838,0.8611389607997305,-0.2421810484849309,0.44510712818964276,0.3289322570143204,0.7730355742250004,-0.05719154226927646,-0.6454553494557282,0.42427550486349236,-0.18066851602864512,0,1,0,0,0,0,0,0
0.8102953438059464,0.06371300869470128,0.4489740495621084,0.8773667408090133,0.8611389607997305,-0.2717603346612029,-0.31071706687241535,0.3354892504024831,0.7757862315865933,-0.048696543697018355,-0.6453377071970328,0.42427550486349236,-0.18066851602864512,0,1,0,0,0,0,0,0
0.8102953438059464,-1.0482909420844706,-1.6149867166655774,-1.2290347357034093,0.8611389607997305,-0.24227457461594668,0.445132024167427,0.32900634733509065,0.7729840766705114,-0.05734958893886965,-0.6454366336418449,0.42427550486349236,-0.18066851602864512,0,1,0,0,0,0,0,0
0.8102953438059464,-0.9768786702879206,-1.4833338165609251,-1.1468036752719304,0.8611389607997305,-0.24200219443123694,0.44510025477015375,0.32880465701743833,0.7730513368170167,-0.0571431594253236,-0.645451784538798,0.42427550486349236,-0.18066851602864512,0,1,0,0,0,0,0,0
0.8102953438059464,-1.2709378070717783,-1.4304507770265598,-0.9323366125385092,0.8611389607997305,-0.2418773213887077,0.44530904037388047,0.3288540505646185,0.7730839099208875,-0.05704316641675366,-0.6454571319141933,0.42427550486349236,-0.18066851602864512,0,1,0,0,0,0,0,0
-1.5798056581783615,0.6788338425079011,0.9624634760384477,0.16899446130177256,0.8611389607997305,1.3775437168939249,1.0519936592251975,-1.3120407480487235,-1.3170878583395775,-0.9755670037159119,1.703447026328301,0.42427550486349236,-0.18066851602864512,0,1,0,0,0,0,0,0
-0.3847551571862075,0.7396960415819341,0.38224058341420386,-0.19662980726018342,0.8611389607997305,1.3802698172488699,1.0576758647848943,-1.3120407480487235,-1.3170878583395775,-0.9755670037159119,1.7025290602187835,0.42427550486349236,-0.18066851602864512,0,1,0,0,0,0,0,0
-0.3847551571862075,0.008490644886654117,-0.3964971470436988,-0.8008021817626848,0.8611389607997305,1.380469407724042,1.0577152369598446,-1.3120407480487235,-1.3170856415878986,-0.9755687934634579,1.7025299514480163,0.42427550486349236,-0.18066851602864512,0,1,0,0,0,0,0,0
0.8102953438059464,-0.5623039399650906,-1.0965605696164764,-0.9824907847464935,0.8611389607997305,0.1388883554280236,-0.17506916518509566,0.8919651851917271,0.7015161312845236,-0.24871479170209052,-0.6332125334883095,0.42427550486349236,-1.1056913180953083,0,1,0,0,0,0,0,0
-1.5798056581783615,1.347134546267863,0.5735298429590058,-0.736632624673767,1.487288260212681,-0.05122473957153617,0.33197537670527855,0.4322018157811839,0.7844050290676664,1.562550493546988,-0.22746794816466873,0.42427550486349236,0.7443542860380179,0,1,0,0,0,0,0,0
0.8102953438059464,-0.2331097778109295,0.1671869009003013,0.30513128075226303,-0.6888950844488311,-0.5139991929739801,-1.249401070170189,-0.05219658528545085,0.875179179831189,0.38789370607831714,-0.528814832417665,0.42427550486349236,-0.18066851602864512,0,0,0,0,0,0,1,0
0.8102953438059464,-1.4593189729734553,-0.8180845393207927,0.1980793760288921,-0.7245675083698151,-0.6554940235081528,0.04443344264629521,0.8524009539004405,0.43632943235862454,-0.7065421230774872,-0.7789962464304702,0.42427550486349236,-1.1056913180953083,0,0,0,0,0,0,1,0
0.8102953438059464,-1.0629475728880764,-1.5283124201853147,-1.072524211260106,-0.7114046237369868,-0.516082561742998,-1.249209445226994,-0.0521801207697241,0.8751786939958464,0.387890235481151,-0.5298602443074357,0.42427550486349236,-0.18066851602864512,0,0,0,0,0,0,1,0
0.8102953438059464,0.06261767736221248,-0.11464244403457016,-0.14234979077672996,-0.7114046237369868,-0.5162358660815412,-1.249287621748508,-0.052344765926991194,0.8752389039782192,0.3883205984165934,-0.529722103776392,0.42427550486349236,-0.18066851602864512,0,0,0,0,0,0,1,0
0.8102953438059464,-0.8363113737231944,-1.3139054741359026,-1.000856939549599,-0.7114046237369868,-0.279320592612409,-1.2494268635772623,-0.5378997992234273,0.8588868870464659,0.2857854828046028,-0.5296918019824856,0.42427550486349236,-0.18066851602864512,0,0,0,0,0,0,1,0
0.8102953438059464,1.5234098552596869,-0.0009756187798063813,-0.8106626273007382,0.35219421397229383,0.5531304613240595,-0.9115911232583492,0.40783433250565154,0.6986781702367103,-0.2553831669205939,-0.555612312981714,0.42427550486349236,0.7443542860380179,1,0,0,0,0,0,0,0
0.8102953438059464,1.3730117653041094,0.8924199916307826,0.5548001861168058,0.35219421397229383,0.02178110368778653,0.10642918453208432,0.3182220895340949,0.7757758305239061,-0.04872886461448429,-0.6596000486053896,0.42427550486349236,0.7443542860380179,1,0,0,0,0,0,0,0
-0.3847551571862075,1.5220875789944783,1.616963252235189,1.4456105327585393,0.35219421397229383,-0.16415762075890647,-1.221170967805452,0.3246103216360587,0.9010360493963167,0.7088159895732123,-0.419667770766808,0.42427550486349236,-0.18066851602864512,1,0,0,0,0,0,0,0
0.8102953438059464,-1.057681913904337,-1.163344232093887,-0.706697655181344,-0.8306457331914059,-0.5161220491520799,-1.2493345478533668,-0.05226655947728935,0.8752442419148334,0.3883587766386747,-0.5297114090256014,0.42427550486349236,-0.18066851602864512,0,0,0,0,0,0,1,0
0.8102953438059464,-0.3370941109388898,-1.1031390171342306,-1.1034881029329433,0.42793853955088906,-0.568312997380839,-0.7175618937535508,-0.04940173374084165,0.8752670434566012,0.388521903356209,-0.5295714860360925,0.42427550486349236,1.669377088104681,0,1,0,0,0,0,0,0
0.8102953438059464,-0.7927512946271049,-0.9625727609096005,-0.7054165116069419,0.42793853955088906,-0.4154008949651892,-0.7217665336746082,-0.5385089863053157,0.8602279295820362,0.2933246088095887,-0.5287052112220624,0.42427550486349236,1.669377088104681,0,1,0,0,0,0,0,0
0.8102953438059464,-0.8834519127567872,-0.7849219934031227,-0.443334929688581,0.42793853955088906,-0.5692824394677516,-0.7175266558865925,-0.04940173374084165,0.8752670434566012,0.388521903356209,-0.5288994991947564,0.42427550486349236,1.669377088104681,0,1,0,0,0,0,0,0
0.8102953438059464,-0.350758565208822,-0.4577993722388935,-0.3618321810915656,0.42793853955088906,-0.5690503071853033,-0.7174816622619632,-0.04940173374084165,0.8752670434566012,0.388521903356209,-0.5288335482315483,0.42427550486349236,1.669377088104681,0,1,0,0,0,0,0,0
0.8102953438059464,-0.7735351565721189,-0.8239803273030664,-0.4912046831117971,0.42793853955088906,-0.5785180454764702,-0.7175040806183283,-0.05278519172268071,0.8751568268453103,0.3877340598153849,-0.5297791424472745,0.42427550486349236,1.669377088104681,0,1,0,0,0,0,0,0
0.8102953438059464,-0.5002329370922083,-0.32219755828964797,-0.4728455907237078,0.23034803405232387,-0.05643266450376242,0.5916519377067955,0.22139427254530697,0.8200024786116236,0.10546649580384528,-0.6025631601812175,0.42427550486349236,-1.1056913180953083,0,1,0,0,0,0,0,0
0.8102953438059464,-0.8740628166554981,-0.7359898830241406,-0.25382085816245653,0.886243694571674,-0.8348224598163141,-0.7160462757537281,-0.5387683024280114,0.8611246639714535,0.2984370791969884,-0.5527630531252797,0.42427550486349236,0.7443542860380179,0,1,0,0,0,0,0,0
0.8102953438059464,0.15859333225827552,-0.5995041511396249,-0.8458443456982224,0.886243694571674,-0.0616729111886639,-0.45598142276543396,-1.9037672110088562,0.7565344643426407,-0.10608466352173553,-0.5533245275417806,0.42427550486349236,-0.18066851602864512,0,1,0,0,0,0,0,0
0.8102953438059464,0.7556683832306053,-0.33150159336965607,-0.8726982404853074,-0.55511690575536,1.7617385461916446,1.596784882159382,1.6151319933271258,-0.3520397982352087,2.773043958438405,1.0961242131884894,0.42427550486349236,1.669377088104681,0,0,0,0,0,0,1,0
0.8102953438059464,1.2632609968444972,0.6966131621479466,0.17943125893082312,-0.55511690575536,1.739728661556199,1.5888962779081082,1.6290815542765817,-0.37202304386593277,2.776985512370685,1.0969575125209154,0.42427550486349236,0.7443542860380179,0,0,0,0,0,0,1,0
0.8102953438059464,0.5764718763101815,0.0947691631383876,-0.3640784446460824,-0.15632338029721354,1.7204797014180504,1.8751642251777263,1.6151319933271258,-0.35204234035770227,2.773044484319377,1.0969209721223814,0.42427550486349236,0.7443542860380179,0,0,0,0,0,0,1,0
-1.5798056581783615,-0.9564396625703683,-0.41075243969489916,-0.6119587931426166,-0.15632338029721354,0.22418714079983842,1.5884616761524806,0.6614331521152504,-2.0281243870128,1.0682948395154404,1.0968594773053362,0.42427550486349236,-0.18066851602864512,0,0,0,0,0,0,1,0
0.8102953438059464,0.43242164907152647,-0.8234426506817721,-1.185070374910777,-0.15632338029721354,1.9245756393298623,1.5919952885808613,1.5198559569455807,-0.46245759461981756,2.7900595476921906,1.0961161921253966,0.42427550486349236,1.669377088104681,0,0,0,0,0,0,1,0
-1.5798056581783615,1.0462502156860203,-0.24056259127851345,-1.3498874407541683,1.2550785544501755,0.4221005358296705,-0.34390258820109093,-1.716351628491704,0.09340770021416459,-1.036545070587844,-0.5504173377852313,0.42427550486349236,-0.18066851602864512,0,1,0,0,0,0,0,0
0.8102953438059464,0.8837331404110386,-0.1122997130273702,-0.6309541048214035,1.2550785544501755,2.3116804251418333,0.3352076495744697,0.33405272140532755,0.7755781323769082,-0.04934291461518594,-0.5332718698096034,0.42427550486349236,0.7443542860380179,0,1,0,0,0,0,0,0
0.8102953438059464,1.680532794956441,-0.12018993151556129,-0.9573164968530782,0.8893202691612607,1.3808521299443908,1.0534899427610722,-1.3119666577279534,-1.317107809002446,-0.975550895748638,1.703477328122207,0.42427550486349236,-0.18066851602864512,0,1,0,0,0,0,0,0
-0.3847551571862075,1.333980246128485,0.5750376027165011,-0.34240810094095897,0.12889610693120407,1.0658374918688875,0.6999381313158208,-1.9444222164670375,0.12549879356348895,-1.0135528331356873,-0.7980480537345038,0.42427550486349236,-1.1056913180953083,1,0,0,0,0,0,0,0
-1.5798056581783615,0.5174196014397184,1.8753193918509117,2.098757505421261,0.12754152020398604,-0.871872677305268,0.4683154471901697,-0.4513087948877222,0.8816504651000932,0.43743160507520257,-0.5048256151653531,0.42427550486349236,-1.1056913180953083,1,0,0,0,0,0,0,0
-0.3847551571862075,1.4482098724226096,1.4366726904102,1.0650077858309126,0.12754152020398604,0.025692602099098606,0.11628786614859979,0.8530965796898939,0.7092687094443881,-0.2301945478819917,-0.5615969172782281,0.42427550486349236,-0.18066851602864512,1,0,0,0,0,0,0,0
0.8102953438059464,0.5839141329054272,-0.43554115544838673,-0.860387095018562,0.8195837230421579,1.666346261327039,1.3807464962570752,-0.39502896400489207,-0.7409699194579344,2.7820907012610876,0.4408434638164031,0.42427550486349236,2.594399890171344,0,1,0,0,0,0,0,0
-1.5798056581783615,0.32105601655598387,-0.3177673462702684,-1.184882400096271,0.8195837230421579,1.3803072414128175,1.0578082633891657,-1.312036631919792,-1.3170856415878986,-0.9755687934634579,1.7025290602187835,0.42427550486349236,-0.18066851602864512,0,1,0,0,0,0,0,0
-1.5798056581783615,0.33597616353797416,-0.024514598601379556,-0.8640651280139776,0.8195837230421579,1.3811597689245911,1.059303059290504,-1.312036631919792,-1.3170878583395775,-0.9755670037159119,1.7025272777603184,0.42427550486349236,-0.18066851602864512,0,1,0,0,0,0,0,0
0.8102953438059464,1.2092436853981443,1.0824167177164126,1.0596584618914848,0.9830680967171577,-0.2417642843789494,0.3032022550007092,0.854026824828453,0.7123041399388117,-0.22281796036333032,-0.7079100203845187,0.42427550486349236,0.7443542860380179,1,0,0,0,0,0,0,0
0.8102953438059464,-1.1076517487586874,-0.4346846764476398,0.02146586527588981,-1.08318506350144,-0.026167945509910494,0.4740049987317154,0.3293438699074882,0.7731648002809817,-0.056794786203630564,-0.6466175123749619,0.42427550486349236,-0.18066851602864512,0,0,0,0,0,0,1,0
-1.5798056581783615,-1.5351603997083192,-0.007891620968765885,0.4956956814615499,-1.08318506350144,-0.7702361057015293,0.4769362463188788,0.8077409549917366,0.5407525434697222,-0.557413312542246,-0.7979767553959007,0.42427550486349236,-2.030714120161971,0,0,0,0,0,0,1,0
0.8102953438059464,0.41344746007738925,-0.31595021979670385,-0.6934931852944386,-1.08318506350144,-0.5879323135673873,-0.9952588112262913,0.8304125931474179,0.463218425818122,-0.6709857342367613,-0.8364012125276823,0.42427550486349236,-0.18066851602864512,0,0,0,0,0,0,1,0
-0.3847551571862075,-0.5014511186736994,0.050749711872747676,0.10603142899614862,-1.08318506350144,-0.4431126354575773,-0.6181806257545489,0.830449638307803,0.4633373746031667,-0.6708243886347469,-0.8372059925246669,0.42427550486349236,-0.18066851602864512,0,0,0,0,0,0,1,0
-1.5798056581783615,-0.4627881494348351,-0.4832840633634514,-0.9246748135604629,-1.08318506350144,0.7386322156131682,0.1401978990487588,-2.008374511678515,0.1453184066541902,-0.9986540317936276,-0.8492937346056231,0.42427550486349236,-0.18066851602864512,0,0,0,0,0,0,1,0
0.8102953438059464,-1.1195906796790722,-0.6977557656173222,-0.11581668904013352,-1.08318506350144,-0.34409405159578615,0.47317770126474146,0.329385031196805,0.7731690017142033,-0.0567818829270803,-0.6468590354969805,0.42427550486349236,-1.1056913180953083,0,0,0,0,0,0,1,0
-1.5798056581783615,-1.589618470179824,-1.016076007074009,-0.6903013720165393,-1.08318506350144,-0.7705134463511989,0.4768257567349815,0.8077162582181466,0.5407525434697222,-0.557413312542246,-0.7979776466251333,0.42427550486349236,-2.030714120161971,0,0,0,0,0,0,1,0
-1.5798056581783615,-1.2946853182199733,-0.06955085105540572,0.20117149767353823,-1.08318506350144,-0.7720919480729427,0.4739645865283485,0.8077574195074633,0.5407576011640666,-0.5574053081023982,-0.797068592807941,0.42427550486349236,-2.030714120161971,0,0,0,0,0,0,1,0
-1.5798056581783615,-1.4848782832335519,-0.8625698290985161,-0.5740121997615011,-1.08318506350144,-0.7703474862000813,0.47693870444079045,0.8077121420892148,0.5407542293712243,-0.557410644399675,-0.7980034922728768,0.42427550486349236,-2.030714120161971,0,0,0,0,0,0,1,0
-1.5798056581783615,-1.537455157867261,-1.0973269302425601,-0.8067433771756451,-1.08318506350144,-0.7702548296151738,0.4769461944902191,0.8077162582181466,0.5407542293712243,-0.557410644399675,-0.7979758641666681,0.42427550486349236,-2.030714120161971,0,0,0,0,0,0,1,0
0.8102953438059464,-0.8512371478609173,-0.4994869207270565,0.007990341592711047,-1.08318506350144,-0.223486574028404,-0.32408254820264504,-0.023803527914737607,0.690817694855992,-0.2735545704879017,-0.70940461180749,0.42427550486349236,-0.18066851602864512,0,0,0,0,0,0,1,0
-0.3847551571862075,-1.3249673102837627,-0.6138268913906467,0.06651352823208054,-1.08318506350144,-0.7153096866101277,-0.3665373367281062,0.8684209277025304,0.38096533026845436,-0.7743990148858823,-0.7979758641666681,0.42427550486349236,-1.1056913180953083,0,0,0,0,0,0,1,0
-0.3847551571862075,1.0084800163781875,0.9243576657605714,0.41506049188874083,0.13068431170739533,-0.5857379501350336,0.5655934679313749,0.8905780497417518,0.6123844799725583,-0.4347288653494132,-0.7582528860430737,0.42427550486349236,-1.1056913180953083,1,0,0,0,0,0,0,0
0.8102953438059464,-0.2963652025718903,-0.5083559603730857,-0.6203728548118981,-1.0791192457361574,1.4510729749343902,0.4734419152965946,0.5048885365856817,0.5620314925392862,2.064146448130481,-0.07711579417650159,0.42427550486349236,-0.18066851602864512,0,0,0,0,0,0,1,0
0.8102953438059464,-0.0026314766282462846,-0.014332470031352471,-0.05202805895561414,-1.0791192457361574,1.254304777178395,0.4718928195577291,-1.104254443448698,0.5424384347153343,-0.5547404785021357,-0.6606258534520446,0.42427550486349236,-1.1056913180953083,0,0,0,0,0,0,1,0
0.8102953438059464,-0.36011952796218527,-1.3384023614194143,-1.317305921450414,-1.0791192457361574,0.722789029198326,0.4769227547004692,0.438754693040415,0.6365259385949469,1.9297595999559047,-0.11763018385859231,0.42427550486349236,-1.1056913180953083,0,0,0,0,0,0,1,0
-1.5798056581783615,-1.3281660918749547,0.22604508655062883,0.42611521067080116,0.3889439720246004,-0.9772290512503508,-0.7158705095210193,-0.5338371799678615,0.8607618314206972,0.29636147008460767,-0.5526864074112813,0.42427550486349236,0.7443542860380179,0,1,0,0,0,0,0,0
0.8102953438059464,-0.4931986172828674,-0.5968441522417143,-0.4488870562609123,0.3889439720246004,-0.5866212866315325,-0.7174292127438446,-0.0493152950332764,0.8752631630304721,0.3884941369248262,-0.543070935221394,0.42427550486349236,1.669377088104681,0,1,0,0,0,0,0,0
0.8102953438059464,-0.46462057983059796,-0.692718889077576,-0.5615527913557038,0.3889439720246004,-0.5707187673010762,-0.7174721041743678,-0.04939761761190991,0.8752675284900394,0.38852537416536936,-0.5295714860360923,0.42427550486349236,1.669377088104681,0,1,0,0,0,0,0,0
0.8102953438059464,-0.052214944244964735,0.15345352396352885,0.389363268811414,0.3889439720246004,-0.5639731393985369,-0.7175138903143304,-0.04939761761190991,0.8752670434566012,0.388521903356209,-0.5295777246407203,0.42427550486349236,1.669377088104681,0,1,0,0,0,0,0,0
0.8102953438059464,-0.373961223458393,-0.26294862338884667,0.023207824180595294,0.3889439720246004,-1.3772520962354309,-1.6715494401610036,-2.2835006856007887,0.23411961702269327,-0.9249310137406046,-0.9070017186418992,-2.356959071492339,-1.1056913180953083,0,1,0,0,0,0,0,0
-1.5798056581783615,1.1755912976726193,1.2678473932449386,0.38984392980190463,0.09433101483616593,-0.2346656431546677,0.13003853803456739,0.8688572373692881,0.5674204273654359,-0.5139922858953203,-0.6686602849834037,0.42427550486349236,-0.18066851602864512,1,0,0,0,0,0,0,0
-0.3847551571862075,0.8904795605107328,1.058064456560277,0.6495294173126748,-0.0700015441880126,-0.30773768563989545,0.1036046915109879,0.8450207347259423,0.4382124802228677,-0.7041101869438484,-0.8369154517948584,0.42427550486349236,-1.1056913180953083,1,0,0,0,0,0,0,0
-0.3847551571862075,1.717108257139388,0.5084599681560952,-0.48329144025307724,0.13637371210763297,1.3657749083430937,0.662151965549794,-1.9579642806522572,0.7575610940296188,-0.10313974433952781,-0.6968846235487512,0.42427550486349236,-1.1056913180953083,1,0,0,0,0,0,0,0
-1.5798056581783615,1.1719123693968851,1.6975532603087897,1.225548482852991,0.17446028943049344,-0.3157209781263805,0.15878078307979118,0.1384913197323851,0.8916101666384336,1.0074578888222723,-0.36031725125495895,0.42427550486349236,0.7443542860380179,1,0,0,0,0,0,0,0
-1.5798056581783615,1.3916952414158568,1.6409609382038703,1.1663980332356798,-0.15632338029721354,-0.014133838936476656,0.8303550216725468,-1.9879626283063248,0.0659750605106979,2.5963037151254897,0.1409180901893099,-2.356959071492339,-1.1056913180953083,0,0,0,0,0,0,1,0
0.8102953438059464,1.7022903283122925,-0.010549674899817958,-0.8208242555589483,-0.15632338029721354,2.256187573425706,0.8317831006368875,1.5046427444140997,-0.6071570281840294,2.7949827253619386,0.5066803496826872,0.42427550486349236,0.7443542860380179,0,0,0,0,0,0,1,0
-0.3847551571862075,1.2013203462846815,0.09819922955903393,-0.797248863438132,-1.50840405474929,0.5137921628267469,-0.8814908414566293,-0.5411680055951795,0.8594995573083982,0.2892142908545945,-0.45465475674867833,0.42427550486349236,0.7443542860380179,0,0,0,0,0,0,0,1
0.8102953438059464,-0.29751117425474355,-0.6159135164227383,-0.6172986549321828,0.42933776749970676,-0.16096640480041055,-0.18404523042943738,0.8372988768501147,0.4654907838518316,-0.6678970973121491,-0.6475836048630365,0.42427550486349236,1.669377088104681,0,1,0,0,0,0,0,0
-1.5798056581783615,-1.3039806356845978,-0.003050628289501826,0.5595005407214405,0.42361307023070266,-0.9579043267415538,-0.7184772537318384,-0.5378751024498373,0.8593992771614233,0.2886513027683191,-0.5668302153317102,0.42427550486349236,-0.18066851602864512,0,1,0,0,0,0,0,0
-0.3847551571862075,-0.28443283545115794,0.26649606380249785,0.05165021812319903,0.42361307023070266,0.28380809756006653,-0.4479991341423623,-1.7164504155860643,0.09344440655309147,-1.0365195541081225,-0.5526258038234684,0.42427550486349236,0.7443542860380179,0,1,0,0,0,0,0,0
-1.5798056581783615,-0.13656394984106035,0.4733567642972919,0.12068706917192452,0.42361307023070266,0.2766224264033206,-0.4479359597019119,-1.7164462994571323,0.09346275952819211,-1.0365067953398024,-0.5668524960625236,0.42427550486349236,-0.18066851602864512,0,1,0,0,0,0,0,0
-1.5798056581783615,-0.9421919060068334,0.2484492576928187,0.39577583012594264,0.42361307023070266,-0.9786263190458867,-0.7159250645045291,-0.5338742251282466,0.8607642395201371,0.29637521410936807,-0.5533628503987801,0.42427550486349236,0.7443542860380179,0,1,0,0,0,0,0,0
-0.3847551571862075,0.7641806509831575,0.38239594917708747,-0.20942242371645525,0.42060226852983496,-0.360161274059949,-0.7156456190879092,0.31781047664092704,0.7756208060879269,-0.04921041671549422,-0.5295732684945574,0.42427550486349236,1.669377088104681,0,1,0,0,0,0,0,0
0.8102953438059464,-0.05536683692294751,-0.02846209918469621,-0.19411075005720893,0.42060226852983496,0.4123087965392115,-0.4479189710289153,-1.7166603381615797,0.09352699392057676,-1.0364621368763156,-0.5527300776436758,0.42427550486349236,0.7443542860380179,0,1,0,0,0,0,0,0
0.8102953438059464,-0.3910982931654465,0.07282943271937473,0.605887788444714,0.42060226852983496,-0.8000927888319112,-1.566632969654783,-0.5385172185631791,0.8601885375930557,0.2931013549381116,-0.5351835565134042,0.42427550486349236,-0.18066851602864512,0,1,0,0,0,0,0,0
-0.3847551571862075,-0.8731325347836537,-0.29586815373611924,0.00017198482898705188,0.41153517978731946,-0.8755083500658786,-0.4613328661874254,-0.5385336830789058,0.8602188407581687,0.2932730881401102,-0.5533378959802688,0.42427550486349236,-0.18066851602864512,0,1,0,0,0,0,0,0
0.8102953438059464,-0.46213920266273867,-0.6611987238507624,-0.497648314722955,0.41153517978731946,-0.33257742385646,-0.4477355134431976,-0.538504870176384,0.860214598971282,0.29324904527297546,-0.5430620229290688,0.42427550486349236,0.7443542860380179,0,1,0,0,0,0,0,0
0.8102953438059464,-0.6226522326611692,-0.049897697775531775,0.34320324155308163,0.41153517978731946,-0.31994367875369206,-0.44769016864649847,-0.5374923024591913,0.8594934460209988,0.28917996118319045,-0.5288299833146182,0.42427550486349236,0.7443542860380179,0,1,0,0,0,0,0,0
0.8102953438059464,-0.4455179142419718,-0.22112119147207937,0.10589199118988905,0.41153517978731946,-0.32228006385200264,-0.44846110137745926,-0.5385089863053157,0.8601958113468328,0.293142570575012,-0.5295714860360925,0.42427550486349236,0.7443542860380179,0,1,0,0,0,0,0,0
0.8102953438059464,-0.31077144398617124,-0.5854326957552134,-0.5927993853276428,0.41153517978731946,-0.5690431325432622,-0.7174748971743844,-0.04940996599870499,0.8752670434566012,0.388521903356209,-0.5288112675007347,0.42427550486349236,1.669377088104681,0,1,0,0,0,0,0,0
0.8102953438059464,1.1930678448938496,-0.014271214679426311,-0.6734472282397238,0.6936259501394386,1.3128323930953985,0.7670906067585236,1.4214228496734382,-1.7974678600520082,-0.3511982227050341,1.4579374359524766,0.42427550486349236,-0.18066851602864512,1,0,0,0,0,0,0,0
0.8102953438059464,-0.892462144494754,-0.27011672474594656,0.03932567053425258,1.2259731855619884,-0.41148701858413794,-0.1844491181050874,0.8507791991013594,0.5751855264916697,-0.5008716473373949,-0.6469775689849085,0.42427550486349236,0.7443542860380179,0,1,0,0,0,0,0,0
0.8102953438059464,-0.4443822577959261,-1.1967778114164669,-1.1845008022592909,1.2259731855619884,-0.24090585002084952,-0.184297503196615,0.8751713791504817,0.3800431674370438,-0.7754723184757247,-0.6476246014077336,0.42427550486349236,0.7443542860380179,0,1,0,0,0,0,0,0
0.8102953438059464,-0.8943217707842767,-0.8423357635179257,-0.5332852722306133,1.2259731855619884,-0.31621498553343214,-0.18432824989981675,0.8372988768501147,0.46548530534955934,-0.6679045599419685,-0.6471014498482317,0.42427550486349236,1.669377088104681,0,1,0,0,0,0,0,0
0.8102953438059464,-0.9580648426733526,-1.5793505779543322,-1.2249073228436291,1.2259731855619884,-0.3191727821035648,-0.18378498182936873,0.8372535994318662,0.4655218281611832,-0.6678548083315939,-0.6475746925707112,0.42427550486349236,1.669377088104681,0,1,0,0,0,0,0,0
-1.5798056581783615,1.5943072832241167,0.8862540630494447,-0.435516903887444,-0.9056776710908241,1.8730023405399736,1.061574576531681,1.5200247182317794,-0.46236273707710523,2.790049888836124,0.4043939706639325,0.42427550486349236,0.7443542860380179,0,0,0,0,0,0,1,0
0.8102953438059464,-1.2355055042091871,-1.03370958921916,-0.3590764132012341,-1.417935714095841,-0.5816078208345933,-0.03477648566552601,0.8676635599791017,0.3789789424574345,-0.7767087513855667,-0.7787992847700789,0.42427550486349236,-1.1056913180953083,0,0,0,0,0,0,1,0
0.8102953438059464,-1.4929376010055675,-1.15245165030584,-0.2190864059193374,-1.417935714095841,-0.7133183473052952,-0.086231215433735,0.8303055737951942,0.49301016636156536,-0.629398209362421,-0.7902346470528151,0.42427550486349236,-1.1056913180953083,0,0,0,0,0,0,1,0
0.8102953438059464,-1.3104888589708439,-0.9860888408866348,-0.1895995454491476,-1.417935714095841,-0.6950762702236792,-0.0893180177517549,0.822822451397404,0.5153479621448701,-0.5965821387833979,-0.7788794954010074,0.42427550486349236,-1.1056913180953083,0,0,0,0,0,0,1,0
0.8102953438059464,-1.2781606216086143,-1.0242501153975683,-0.2759771856418084,-1.417935714095841,-0.6541985883607102,0.019921662149644408,0.8693017792939095,0.3818476517387573,-0.7733704095748649,-0.7902132575512341,0.42427550486349236,-1.1056913180953083,0,0,0,0,0,0,1,0
0.8102953438059464,0.695381983575865,-0.44566829885723236,-0.9186604625311657,-0.4699664353239278,1.717612198416089,0.26516702892220273,1.5220128085057798,-0.48827435643605877,2.7923739516055757,1.7024310250032038,0.42427550486349236,1.669377088104681,0,0,0,0,0,0,1,0
-1.5798056581783615,-0.31062046119948944,-1.0157596008434382,-1.4861487006040575,-3.232786872072913,-1.3417518997113294,-1.7723924633518997,-1.3115838577373073,-1.3171410596982354,-0.9755240481790892,1.8166857213857543,-2.356959071492339,0.7443542860380179,0,0,0,0,0,0,0,1
-0.3847551571862075,0.2299690303784243,1.810021251810864,1.8373662712914474,-3.232786872072913,-1.088473160767814,-1.5102499055167011,-1.6894815388257114,0.09182654217421582,-1.037642536755638,-0.9549917391265457,-2.356959071492339,-0.18066851602864512,0,0,0,0,0,0,0,1
-1.5798056581783615,-0.6805247753451208,-0.5802114608085395,-0.928202286299835,1.289129077679072,0.37574980288528387,-0.3426815094618613,-1.7163598607495674,0.09340770021416459,-1.036545070587844,-0.5330080659567713,0.42427550486349236,-0.18066851602864512,0,1,0,0,0,0,0,0
-1.5798056581783615,0.023032865769734106,0.21859685641125504,-0.4725207806499927,1.289129077679072,0.48867315451945753,0.33537800008121815,-1.9883536605548344,0.13815142009048384,-1.004104326997165,-0.5331381854247225,0.42427550486349236,-0.18066851602864512,0,1,0,0,0,0,0,0
-1.5798056581783615,-0.3847579341330791,0.13719541223840934,-0.3211557610854043,-1.2234933961057055,-0.8480750091870899,-0.38155577110097105,-0.46874471704230924,0.8731552878689154,0.3737088322467951,-0.5333823822344386,0.42427550486349236,-1.1056913180953083,0,1,0,0,0,0,0,0
-0.3847551571862075,1.6478847739097298,1.0967020801902518,0.3377545298647847,-0.018085862206524188,0.737302515275169,0.7684148485630209,-1.5693605482125592,0.13883397343146744,-1.0035883429950596,-0.517178943557607,0.42427550486349236,0.7443542860380179,1,0,0,0,0,0,0,0
-1.5798056581783615,1.5210297587925572,1.7433886680275472,0.8869905563697289,-0.018085862206524188,0.13355210568990633,0.4494882182290078,0.8449178315026502,0.5932828538256919,-0.46939748353690547,-0.5359714031549707,0.42427550486349236,0.7443542860380179,1,0,0,0,0,0,0,0
0.8102953438059464,0.461381364870107,-1.217427565247672,-1.4940061901186361,-1.4152268729221706,0.8345074634555292,-0.06316779334242907,-2.1479359792359816,0.2756119693350572,-0.8862812105491985,-0.5299395637091321,0.42427550486349236,-0.18066851602864512,0,0,0,0,0,0,1,0
-1.5798056581783615,-1.382530383709795,-1.626528434545811,-1.3678340041119297,-1.4152268729221706,-0.6503677480753579,-0.4971670707349615,-0.05275226269122729,0.8751237662238738,0.38749806551258026,-0.5299333251045042,0.42427550486349236,-0.18066851602864512,0,0,0,0,0,0,1,0
-1.5798056581783615,-0.14319408430165165,-1.1457978785546512,-1.6117771062458295,-1.4152268729221706,0.7300723256802157,-0.08989048156012648,-1.717092531699406,0.09371739368406347,-1.036329731074481,-0.5299359987922018,0.42427550486349236,-0.18066851602864512,0,0,0,0,0,0,1,0
0.8102953438059464,0.11776220492613516,-1.3420855854794655,-1.4890933194566471,-1.4152268729221706,0.8355559752908597,-0.06351587256205553,-2.1467423018457947,0.27529432623392946,-0.8865879752443807,-0.5299466935429923,0.42427550486349236,-0.18066851602864512,0,0,0,0,0,0,1,0
0.8102953438059464,-1.2503084289081536,-1.9465466112455039,-1.3223279149902543,-1.4152268729221706,-0.341940665306844,-1.2503672142319666,-0.0527604949490907,0.875122307197828,0.38748765412347874,-0.5299636268984105,0.42427550486349236,-0.18066851602864512,0,0,0,0,0,0,1,0
0.8102953438059464,-1.4732947714096387,-0.9808559051287208,-0.12446325135801607,-0.7951241863825749,-0.6546671126756066,0.04498356816199113,0.8525409022841175,0.43638756278639235,-0.7064671760241127,-0.7788928638394955,0.42427550486349236,-1.1056913180953083,0,0,1,0,0,0,0,0
0.8102953438059464,-0.7011550917731573,-0.4040921577466765,0.03346652283605484,-1.1024045510644664,-0.38879143963180374,-0.9952694510995729,0.8523392119664652,0.43610438354320813,-0.7068321999350998,-0.8503043885553252,0.42427550486349236,-0.18066851602864512,0,0,0,0,0,0,1,0
0.8102953438059464,-0.2138973920033442,0.9484934397058112,2.0137681053816534,-1.1024045510644664,-0.385416068442524,-0.9952642772106379,0.8523968377715087,0.43608000060203234,-0.7068636210375672,-0.8494256365320393,0.42427550486349236,-0.18066851602864512,0,0,0,0,0,0,1,0
0.8102953438059464,0.9321931425370967,0.1407013031163695,-0.3779008025137908,-1.1024045510644664,-0.39005923314344654,-0.9347867061497513,0.8521416377777447,0.4368956096181277,-0.7058118096241558,-0.8499282898191928,0.42427550486349236,-0.18066851602864512,0,0,0,0,0,0,1,0
-1.5798056581783615,-0.6392782099732569,0.1028590703529091,-0.12642454846092716,-1.1024045510644664,-0.6069930183250619,0.1401062563703284,0.8303920125027594,0.4632275761973382,-0.6709733236952728,-0.8372585750493868,0.42427550486349236,-1.1056913180953083,0,0,0,0,0,0,1,0
-1.5798056581783615,-1.3850248900974511,0.11197239690473017,0.8010247922109021,-1.1024045510644664,-0.8427933613795934,-0.32405778947207586,0.8315239479589709,0.4641275881469389,-0.6697515896798384,-0.8368477183731853,0.42427550486349236,-1.1056913180953083,0,0,0,0,0,0,1,0
-0.3847551571862075,-0.7393557340590884,-0.9895661884890995,-1.0312517220217987,-1.1024045510644664,0.6670915332428385,-0.017264923055527192,-1.3365399474500697,-0.5306836425000634,-1.2536411639017957,-0.8047322729785629,0.42427550486349236,-0.18066851602864512,0,0,0,0,0,0,1,0
0.8102953438059464,-0.15578571424153306,0.8205794410700006,2.1323202340498106,-1.1024045510644664,-0.5670314067169251,-0.6744279767924106,0.8251974577909822,0.5007688064509511,-0.6181650029858865,-0.8186372314646709,0.42427550486349236,-0.18066851602864512,0,0,0,0,0,0,1,0
-0.3847551571862075,-0.49075006235425483,0.4011259871492569,0.8711169368208463,-1.1024045510644664,-0.5897115123085385,-0.11714669694662679,0.8304414060499397,0.46333920448048327,-0.6708219062498141,-0.837232729401643,0.42427550486349236,-1.1056913180953083,0,0,0,0,0,0,1,0
0.8102953438059464,-0.7002388765752755,-0.06331907841907218,0.6990437313938307,-1.1024045510644664,-0.5893527199516869,-0.9952614345345304,0.8316062705376043,0.4641806138128912,-0.6696795437480962,-0.8367942446192329,0.42427550486349236,-0.18066851602864512,0,0,0,0,0,0,1,0
0.8102953438059464,-0.6438836686836806,-0.6244325558504493,-0.28520741938716804,-1.1024045510644664,-0.589115097516639,-0.9952604430340464,0.8316062705376043,0.46406907398916436,-0.6698310843567669,-0.8368486096024179,0.42427550486349236,-0.18066851602864512,0,0,0,0,0,0,1,0
0.8102953438059464,-1.0592480133284807,-0.9734421995177313,-0.38914026932357565,-1.1024045510644664,-0.39053647626116755,-0.9347835036733374,0.8525079732526641,0.4360837518575045,-0.7068587870713081,-0.8503008236383947,0.42427550486349236,-0.18066851602864512,0,0,0,0,0,0,1,0
0.8102953438059464,-0.575825850966571,-0.13888105367152329,0.4624856191551583,-1.1024045510644664,-0.3612057044967011,-0.1170794747749406,0.831639199569058,0.46417695695556704,-0.6696845125515033,-0.836796027077698,0.42427550486349236,-1.1056913180953083,0,0,0,0,0,0,1,0
0.8102953438059464,-0.8860073747316156,-0.47022961882709513,0.22048230825676998,-1.1024045510644664,-0.36159282048547187,-0.1167623664743179,0.8304455221788712,0.46333920448048327,-0.6708219062498141,-0.8372042100662017,0.42427550486349236,-1.1056913180953083,0,0,0,0,0,0,1,0
0.8102953438059464,-0.6099189985274931,-0.19748732595755977,0.35559164707270763,-1.1024045510644664,-0.36173379160517644,-0.11708342415738696,0.8304455221788712,0.46333920448048327,-0.6708219062498141,-0.8372042100662017,0.42427550486349236,-1.1056913180953083,0,0,0,0,0,0,1,0
0.8102953438059464,-1.0021097565350594,-0.9263534664190856,-0.4253224203870502,-1.1024045510644664,-0.3617838253553241,-0.11724851423326098,0.8303920125027594,0.46322940626372805,-0.6709708415738018,-0.8372576838201542,0.42427550486349236,-1.1056913180953083,0,0,0,0,0,0,1,0
0.8102953438059464,-0.8620432363182458,-1.3207091518030385,-1.029908085179982,-1.1024045510644664,-0.39071536330025003,-0.9346431937168692,0.8523886055136453,0.43608750310070227,-0.7068539530870482,-0.8503409289538594,0.42427550486349236,-0.18066851602864512,0,0,0,0,0,0,1,0
0.8102953438059464,-1.0008972012990554,-0.24733078528405458,0.5287061116056412,-1.1024045510644664,-0.38815370004489985,-0.9347001083307414,0.8523392119664652,0.4361025079507586,-0.7068346169699852,-0.850333799119999,0.42427550486349236,-0.18066851602864512,0,0,0,0,0,0,1,0
0.8102953438059464,-0.512818939876358,0.48315795363932895,1.4795614046763839,-1.1024045510644664,-0.3578306550745353,-0.14264103401283296,0.8304414060499397,0.46333920448048327,-0.6708219062498141,-0.8363816054845663,0.42427550486349236,-1.1056913180953083,0,0,0,0,0,0,1,0
0.8102953438059464,1.4119251239322979,1.8409854446918388,2.9776315816221826,-1.1024045510644664,-0.3706628692281956,-0.7376451923845512,0.8315856898929461,0.4642299801519729,-0.6696124631844911,-0.8360019418315036,0.42427550486349236,-0.18066851602864512,0,0,0,0,0,0,1,0
0.8102953438059464,0.019178571986301796,0.39302874407697164,0.7526345075918506,-1.1024045510644664,-0.4071016117262554,-0.5440875506695378,0.8456505024524889,0.43805333761405546,-0.7043160488339555,-0.837232729401643,0.42427550486349236,-0.18066851602864512,0,0,0,0,0,0,1,0
-1.5798056581783615,-1.5405957970440243,-0.244402360462869,0.23435415688071687,-1.1024045510644664,-0.6328789921208544,0.47356838045651994,0.8304455221788712,0.4633373746031667,-0.6708243886347469,-0.7978635692833678,0.42427550486349236,-2.030714120161971,0,0,0,0,0,0,1,0
0.8102953438059464,-1.1043845078957673,-1.0646652573669086,-0.5224038916650549,-1.1024045510644664,-0.5887799224989267,-0.9347001083307414,0.8303920125027594,0.46322940626372805,-0.6709708415738018,-0.8372576838201542,0.42427550486349236,-0.18066851602864512,0,0,0,0,0,0,1,0
0.8102953438059464,-0.05969471116053229,0.7705138183175115,1.8585330865581917,-1.1024045510644664,-0.5870616523718434,-0.9347033311279005,0.8303878963738278,0.46322940626372805,-0.6709708415738018,-0.8363183282090557,0.42427550486349236,-0.18066851602864512,0,0,0,0,0,0,1,0
0.8102953438059464,-0.7414010410931171,-0.14976049511437292,0.6286522751364557,-1.1024045510644664,-0.5885282317767004,-0.9347199895183339,0.8312769802230703,0.4639995842325058,-0.6699254784498638,-0.8369109956486959,0.42427550486349236,-0.18066851602864512,0,0,0,0,0,0,1,0
0.8102953438059464,-1.236635534309746,-1.1098735218758267,-0.4090952551025292,-1.1024045510644664,-0.39153757826178787,-0.9953412377691955,0.852421534545099,0.43609500555027797,-0.7068442850645205,-0.8503052797845575,0.42427550486349236,-0.18066851602864512,0,0,0,0,0,0,1,0
0.8102953438059464,-0.5115398018974493,-0.25872600478046337,0.15556029738262703,-1.1024045510644664,-0.36117875696195906,-0.11714042427476973,0.8316145027954677,0.4641403876884648,-0.6697341996203542,-0.8368138516623489,0.42427550486349236,-1.1056913180953083,0,0,0,0,0,0,1,0
0.8102953438059464,-0.7317925037436637,-0.19176363358692436,0.5513769999456768,-1.1024045510644664,-0.3614780425127508,-0.1171852539899653,0.8314951350564491,0.46414587315895395,-0.6697267466719059,-0.8368396973100924,0.42427550486349236,-1.1056913180953083,0,0,0,0,0,0,1,0
-0.3847551571862075,-0.533750284423592,-0.6386427292575673,-0.7447240753215628,-1.1024045510644664,-0.5878903715041865,-0.1170756831912313,0.830523728628573,0.4633135859112793,-0.6708566592393058,-0.8363548686075901,0.42427550486349236,-1.1056913180953083,0,0,0,0,0,0,1,0
0.8102953438059464,-0.9126788977913984,-1.3559058401015252,-0.9981672167949579,-1.1024045510644664,-0.3621918804063315,-0.11714669694662679,0.8311617286129832,0.4630299104812591,-0.6712413669656965,-0.8373548278065014,0.42427550486349236,-1.1056913180953083,0,0,0,0,0,0,1,0
0.8102953438059464,-1.1426254752952552,-0.7964151284706401,-0.09665670171992433,-1.1024045510644664,-0.35997891051251274,-0.11678701466773919,0.8314827866696539,0.46416050094148886,-0.6697068719496624,-0.8368325674762321,0.42427550486349236,-1.1056913180953083,0,0,0,0,0,0,1,0
0.8102953438059464,-0.7958609872831993,-0.47996450294836124,0.01971991016862875,-1.1024045510644664,-0.3916152838888344,-0.9952725191402312,0.8524750442212108,0.4360593684775519,-0.7068902075301946,-0.8503542973923474,0.42427550486349236,-0.18066851602864512,0,0,0,0,0,0,1,0
0.8102953438059464,-0.7548010409202527,-0.6143245972485598,-0.27614140402706083,-1.1024045510644664,-0.3906805649954006,-0.9347142451378203,0.8524750442212108,0.4360649954574122,-0.7068829567225761,-0.8503231043692084,0.42427550486349236,-0.18066851602864512,0,0,0,0,0,0,1,0
0.8102953438059464,-0.394664686428987,-0.030935902179891516,0.3111957893014695,-1.1024045510644664,-0.39162931292638575,-0.9952905261260899,0.8525079732526641,0.4360837518575045,-0.7068587870713081,-0.850314192076883,0.42427550486349236,-0.18066851602864512,0,0,0,0,0,0,1,0
0.8102953438059464,-0.5601479736374456,-0.2389657231532844,0.004960970543710331,-1.1024045510644664,-0.39175970118143283,-0.9953383173361995,0.8524421151897571,0.4360912543316268,-0.7068491190847855,-0.8503115183891855,0.42427550486349236,-0.18066851602864512,0,0,0,0,0,0,1,0
0.8102953438059464,1.3835121359406735,1.2703740374402632,1.515539452035869,-1.1024045510644664,-0.3868450700683933,-0.9604038972421571,0.8523392119664652,0.4360987567566554,-0.7068394510262536,-0.8503070622430227,0.42427550486349236,-0.18066851602864512,0,0,0,0,0,0,1,0
0.8102953438059464,-1.035972208536352,-0.6934197696591331,-0.06812289366374537,-1.1024045510644664,-0.3755282075599879,-0.6722635382711138,0.8312399350626851,0.46302441924234083,-0.6712488118808613,-0.8373860208296401,0.42427550486349236,-0.18066851602864512,0,0,0,0,0,0,1,0
-1.5798056581783615,-1.7309378699359528,-0.42428734715894395,0.2519037016065331,-1.1024045510644664,-0.8350625736263418,-0.3684471584703796,0.8312358189337533,0.46303906248311494,-0.6712289586859124,-0.8364974652847966,0.42427550486349236,-1.1056913180953083,0,0,0,0,0,0,1,0
-0.3847551571862075,0.0849275648705067,0.6526529369994369,0.7894883139770902,-1.1024045510644664,0.7623829021911603,0.13098250269103248,-2.006810382684477,0.14332754196134992,-1.0001752118923315,-0.8372042100662017,0.42427550486349236,-0.18066851602864512,0,0,0,0,0,0,1,0
0.8102953438059464,-0.5984058208836396,-0.43092330812539886,-0.20437095003346822,-1.1024045510644664,-0.5874494685199173,-0.9952619444631806,0.8304414060499397,0.46333920448048327,-0.6708219062498141,-0.8361382999040823,0.42427550486349236,-0.18066851602864512,0,0,0,0,0,0,1,0
0.8102953438059464,-1.2470383748724903,-0.6658579532173338,0.2662941154084738,-1.1024045510644664,-0.5889438174632158,-1.020038296997067,0.8304414060499397,0.46333920448048327,-0.6708219062498141,-0.8372345118601081,0.42427550486349236,-0.18066851602864512,0,0,0,0,0,0,1,0
0.8102953438059464,-0.8259394796811192,-0.3209045673321812,0.39982474277984076,-1.1024045510644664,-0.3911339963582176,-1.018938873689906,0.8525079732526641,0.4360837518575045,-0.7068587870713081,-0.850314192076883,0.42427550486349236,-0.18066851602864512,0,0,0,0,0,0,1,0
0.8102953438059464,-0.5462031217219312,0.10339850332677145,0.8469092492246643,-1.1024045510644664,-0.35907096017712475,-0.11672850677078515,0.8313510705438403,0.4640197001566754,-0.6698981544955758,-0.8359154925959472,0.42427550486349236,-1.1056913180953083,0,0,0,0,0,0,1,0
0.8102953438059464,-1.1675527186299615,-1.1016765573485574,-0.48752176292720595,-1.1024045510644664,-0.36179971844056563,-0.11714742971155918,0.8303920125027594,0.46322940626372805,-0.6709708415738018,-0.8372576838201542,0.42427550486349236,-1.1056913180953083,0,0,0,0,0,0,1,0
-0.3847551571862075,0.9455153053098627,0.48516077108866085,-0.1813483553392388,-3.232786872072913,-0.044164367910824544,-1.2477959481781487,-2.166536765878233,0.2685997139484683,-0.8930134884738948,1.7348993971739126,-2.356959071492339,-0.18066851602864512,0,0,0,0,0,0,0,1
0.8102953438059464,0.10537313719795713,-1.2834189528985493,-1.4240730113320514,-3.232786872072913,0.4655358572692162,-0.47216120708978254,-1.3181202704808115,-0.5040073022635371,-1.2522991736103892,1.9636610078118226,-2.356959071492339,1.669377088104681,0,0,0,0,0,0,0,1
-1.5798056581783615,1.3787088047201126,1.5523267491488606,0.9492161673084701,-0.7327356146094802,-0.5920046484640654,-0.6833790129625104,-0.538109721798943,0.8586823143093074,0.2846463048070145,-0.5373688505915956,0.42427550486349236,-0.18066851602864512,1,0,0,0,0,0,0,0
0.8102953438059464,-0.032451140928856835,-0.4548871892448814,-0.7761123494680705,0.8722186816176958,-0.3580965843701462,-0.31032294966647533,0.4450400219190869,0.6812298622326526,-0.29515154341843514,-0.6338542185357393,0.42427550486349236,-0.18066851602864512,0,1,0,0,0,0,0,0
0.8102953438059464,0.04528648577193156,0.2691706863821672,-0.1297882223948641,0.8722186816176958,-0.3847932951124858,-0.31036850317939835,0.4450400219190869,0.6812420387280753,-0.29512449634224447,-0.6447655380297413,0.42427550486349236,-0.18066851602864512,0,1,0,0,0,0,0,0
0.8102953438059464,-0.4219279513006031,-0.774296646781866,-0.8735107500015586,0.8722186816176958,-0.3850192552120613,-0.3101941746182833,0.44501532514549674,0.6812447445739803,-0.29511848584515854,-0.6454268301202868,0.42427550486349236,-0.18066851602864512,0,1,0,0,0,0,0,0
0.8102953438059464,-0.07020914847105898,-1.2373509979812767,-1.4140709270564908,0.8722186816176958,-0.38429515285605265,-0.3101102277985114,0.44504413804801857,0.6812433916529352,-0.29512149109532515,-0.6445828360370702,0.42427550486349236,-0.18066851602864512,0,1,0,0,0,0,0,0
0.8102953438059464,-1.0069609141229954,-1.5124405167964412,-1.166588368417813,0.8722186816176958,-0.2423061262372338,0.44568524023538114,0.3288705150803452,0.7730177088402671,-0.05724637547322296,-0.6454268301202868,0.42427550486349236,-0.18066851602864512,0,1,0,0,0,0,0,0
0.8102953438059464,-1.1082284856321463,-1.5166032295541696,-1.1094576829800418,0.8722186816176958,-0.24177600092719176,0.4457865821123982,0.3292738957156497,0.7730965178078337,-0.05700445879523132,-0.6454669354357513,0.42427550486349236,-0.18066851602864512,0,1,0,0,0,0,0,0
0.8102953438059464,-0.9103747618498149,-1.6269294102048988,-1.302916176853203,0.8722186816176958,-0.2418880546386812,0.44565727502884417,0.32886228282248187,0.7730439810553972,-0.05716573815643657,-0.6454045493894733,0.42427550486349236,-0.18066851602864512,0,1,0,0,0,0,0,0
0.8102953438059464,-1.1983945677205035,-1.2876191722789767,-0.866005969660865,0.8722186816176958,-0.24190435052520853,0.44557962847714133,0.3288005408885067,0.7730702507112693,-0.057085099263721545,-0.6454116792233336,0.42427550486349236,-0.18066851602864512,0,1,0,0,0,0,0,0
0.8102953438059464,-0.8986412046933858,-0.7711329309489207,-0.5884550225226656,0.8722186816176958,-0.24214064792224602,0.4449474150580667,0.32876761185705333,0.7730839099208875,-0.05704316641675366,-0.6446594817510688,0.42427550486349236,-0.18066851602864512,0,1,0,0,0,0,0,0
0.8102953438059464,-0.9948916308895444,-1.532701477107956,-1.1935368156209858,0.8722186816176958,-0.3710522100305987,0.4456948311325061,0.891660591650783,0.7016649167410415,-0.2483635734764935,-0.6454740652696116,0.42427550486349236,-1.1056913180953083,0,1,0,0,0,0,0,0
0.8102953438059464,-0.9924055648303641,-1.0529802199353007,-0.7849768639456812,0.8722186816176958,-0.24299807678963775,0.4440060808467092,0.3288417021778235,0.7730786564606249,-0.0570592944852418,-0.6447833626143923,0.42427550486349236,-0.18066851602864512,0,1,0,0,0,0,0,0
0.8102953438059464,-0.7766908006872568,-1.5567988520260088,-1.3307578563935878,0.8722186816176958,-0.24192826064249204,0.4457147754841345,0.32877172798598503,0.7730797071608675,-0.0570560688765865,-0.6454713915819139,0.42427550486349236,-0.18066851602864512,0,1,0,0,0,0,0,0
0.8102953438059464,-1.110245660128495,-1.418349119535466,-0.977112092180463,0.8722186816176958,-0.2419946949155165,0.4458939092093812,0.3288540505646185,0.7730061482548498,-0.05728185539331557,-0.6454152441402639,0.42427550486349236,-0.18066851602864512,0,1,0,0,0,0,0,0
0.8102953438059464,-0.8014398653415216,-1.5549291183508045,-1.2991129456023636,0.8722186816176958,-0.2417810269829246,0.4458146574623735,0.32878407637278,0.7730776057562876,-0.057062520091375975,-0.6454348511833797,0.42427550486349236,-0.18066851602864512,0,1,0,0,0,0,0,0
0.8102953438059464,-1.0774785394596913,-1.6558853083730434,-1.223958498450038,0.8722186816176958,-0.24204542835294227,0.4457244867629004,0.3288540505646185,0.7730114031278237,-0.05726572819473665,-0.6454277213495194,0.42427550486349236,-0.18066851602864512,0,1,0,0,0,0,0,0
0.8102953438059464,-0.5317893774333402,-1.7345809950862718,-1.5429716055346179,0.8722186816176958,-0.2418668618015149,0.4457455949963872,0.32887874733820865,0.772989331973426,-0.05733346200509216,-0.6454393073295425,0.42427550486349236,-0.18066851602864512,0,1,0,0,0,0,0,0
0.8102953438059464,-0.9014320503089188,-1.6198037777543206,-1.2906971338852142,0.8722186816176958,-0.24195147794198774,0.44589923177613344,0.32884993443568683,0.7730135050483506,-0.057259277297652074,-0.6454188090571941,0.42427550486349236,-0.18066851602864512,0,1,0,0,0,0,0,0
-1.5798056581783615,-1.3776454656182007,-1.0572704191204039,-0.9662760921646637,0.8216721536390192,-0.5289009592408642,-0.31019756071933763,0.6441124815707504,0.6800784675003765,-0.2977048033752328,-0.6330940000003816,0.42427550486349236,-0.18066851602864512,0,1,0,0,0,0,0,0
0.8102953438059464,0.42858798657195496,-0.5239237728369979,-1.059304031956127,0.8216721536390192,-0.3848551364747218,-0.3101988236737472,0.4450688348216086,0.6812271563028143,-0.2951575538441003,-0.6449001136438548,0.42427550486349236,-0.18066851602864512,0,1,0,0,0,0,0,0
0.8102953438059464,-0.5558097841630527,0.30066865191432274,0.29135767913443344,0.8216721536390192,-0.501517144750411,-0.3102399497065102,0.7011208672744874,0.683458398284199,-0.2901855139772676,-0.6448992224146224,0.42427550486349236,-0.18066851602864512,0,1,0,0,0,0,0,0
0.8102953438059464,1.177259615251658,1.4581992225069869,1.3689580398215344,0.8216721536390192,-0.5117904530534354,0.4439554752799509,0.6442441976965642,0.6800974539614861,-0.2976627687100449,-0.6446888923157428,0.42427550486349236,-1.1056913180953083,0,1,0,0,0,0,0,0
0.8102953438059464,-0.5932780162770309,-0.2449571824440229,-0.33292876073579,0.8216721536390192,-0.24336223480421254,0.44407685675614644,0.32898576669043217,0.7730586923779894,-0.057120580570660676,-0.6447646468005089,0.42427550486349236,-0.18066851602864512,0,1,0,0,0,0,0,0
0.8102953438059464,-0.9966237180387444,-1.3718654919831081,-1.082926365150963,0.8216721536390192,-0.2416532048193416,0.4457912735580673,0.32877172798598503,0.773086011276328,-0.05703671517171097,-0.6454393073295425,0.42427550486349236,-0.18066851602864512,0,1,0,0,0,0,0,0
0.8102953438059464,-1.021671935903875,-1.4221021201529245,-1.0848234307168154,0.8216721536390192,-0.24191250571914047,0.44578250733248603,0.3288211215331652,0.7730555400192846,-0.05713025723778734,-0.6454473283926352,0.42427550486349236,-0.18066851602864512,0,1,0,0,0,0,0,0
0.8102953438059464,-1.3755964071470173,-1.5362440328721405,-0.9235768996588957,0.8216721536390192,-0.24200674305373665,0.4456435981666126,0.32877172798598503,0.7730965178078337,-0.05700445879523132,-0.6454250476618216,0.42427550486349236,-0.18066851602864512,0,1,0,0,0,0,0,0
0.8102953438059464,-0.8402088049826815,-1.348829614253179,-1.1445412023172463,0.8216721536390192,-0.24205204520107326,0.44574806183855065,0.32884993443568683,0.7730156069524984,-0.05725282639048118,-0.6454295038079844,0.42427550486349236,-0.18066851602864512,0,1,0,0,0,0,0,0
0.8102953438059464,-1.4576534677569144,-0.9835408282471904,-0.30759416572910925,0.8216721536390192,-0.24288132688052577,0.4440364270925732,0.3288663989514135,0.7730807578570147,-0.05705284326540996,-0.6447958398236476,0.42427550486349236,-0.18066851602864512,0,1,0,0,0,0,0,0
0.8102953438059464,-1.2864196876093446,-1.5944939990605387,-1.0218077264473622,0.8216721536390192,-0.24212592912129907,0.44578974808301686,0.32898988281936387,0.7729966892255311,-0.05731088419188047,-0.6454277213495193,0.42427550486349236,-0.18066851602864512,0,1,0,0,0,0,0,0
0.8102953438059464,-0.7155950936910966,-1.1921207066576458,-1.0768059287710214,0.8216721536390192,-0.24228897136490946,0.4450793010892633,0.32880877314637,0.7730534384263402,-0.05713670833659824,-0.644559664077024,0.42427550486349236,-0.18066851602864512,0,1,0,0,0,0,0,0
0.8102953438059464,-0.9996011834734404,-0.8846902735877444,-0.5018975759653609,0.8216721536390192,-0.2461071791194441,0.4458118449636516,0.3289939989482955,0.7730597431560344,-0.057117355009909526,-0.6454268301202869,0.42427550486349236,-0.18066851602864512,0,1,0,0,0,0,0,0
0.8102953438059464,-1.4592542659491279,-1.4970287023229523,-0.8282152602184321,0.8216721536390192,-0.24309867284237935,0.4440993990469937,0.3292533150709912,0.7730660477383139,-0.05709800159245218,-0.6447762327805318,0.42427550486349236,-0.18066851602864512,0,1,0,0,0,0,0,0
0.8102953438059464,-0.9863718602626819,-1.3961643637796033,-1.0145888372389809,0.8216721536390192,-0.24531121464323724,0.44572239578534545,0.32877172798598503,0.7730828592370248,-0.05704639203549359,-0.6454428722464725,0.42427550486349236,-0.18066851602864512,0,1,0,0,0,0,0,0
0.8102953438059464,-1.1493597036293186,-1.1861097701237326,-0.7003007299758937,0.8216721536390192,-0.24764714765826892,0.4449648592292037,0.3288540505646185,0.7730082502163237,-0.05727540452144903,-0.6444928218845836,0.42427550486349236,-0.18066851602864512,0,1,0,0,0,0,0,0
0.8102953438059464,-0.8237019264824403,-0.8810962757123161,-0.7482958301977659,0.8216721536390192,-0.3885735546164863,0.44397583900087767,0.44495358321152156,0.6812528620201306,-0.29510045427599,-0.6446897835449752,0.42427550486349236,-1.1056913180953083,0,1,0,0,0,0,0,0
-1.5798056581783615,1.6478360092779432,1.2802955440161432,0.06637712277357125,0.9831524435282354,1.7146677056614357,0.7915190325085976,-0.003548057441951283,0.879902580480423,1.1178468405739077,-0.3446039886560248,0.42427550486349236,0.7443542860380179,1,0,0,0,0,0,0,0
-0.3847551571862075,1.385435531800357,1.4016175310440018,1.1684304353423391,0.9802257818833444,-0.17329462191803635,-0.40954515541839726,-0.17135028559965887,0.6535959940076406,-0.3542182871321964,-0.5102041835837392,0.42427550486349236,0.7443542860380179,1,0,0,0,0,0,0,0
0.8102953438059464,1.02676305857834,-0.26767027499307566,-0.8571560102200111,0.006460325565073944,1.6659997835113536,0.2695626893725093,1.5043710799046086,-0.6071159085941874,2.7949841048949007,1.7024292425447392,0.42427550486349236,0.7443542860380179,0,0,0,0,0,0,1,0
0.8102953438059464,1.0543686141368767,-0.05520936787322844,-0.6543636224744392,0.006460325565073944,1.6653144677108693,1.5885622368340337,1.5221280601158667,-0.48834108972414614,2.7923791232379522,1.0969031475377304,0.42427550486349236,0.7443542860380179,0,0,0,0,0,0,1,0
-0.3847551571862075,-1.4842640344192797,-1.7198379112677844,-1.1813294497068132,-1.085378704615946,-0.40545931341478764,-0.6722646205748194,0.8525944119602293,0.4356016150026544,-0.7074798042424338,-0.8505726485543199,0.42427550486349236,-0.18066851602864512,0,0,0,0,0,0,1,0
0.8102953438059464,-1.0355183202914038,-0.32714211253750447,0.4663994568191237,-1.085378704615946,-0.42505321013609937,-0.934687870086808,0.8523186313218067,0.43611938817233725,-0.7068128634940017,-0.8636576761464901,0.42427550486349236,-0.18066851602864512,0,0,0,0,0,0,1,0
-1.5798056581783615,-1.338778996713467,-0.24097041315915838,0.1403518127386645,-1.085378704615946,-0.7704750830555693,0.47653179433827886,0.8077121420892148,0.5407542293712243,-0.557410644399675,-0.7979767553959007,0.42427550486349236,-2.030714120161971,0,0,0,0,0,0,1,0
0.8102953438059464,-0.7053319832240602,0.06972222591608847,0.5263410206331939,-1.085378704615946,-0.5846856947481646,-0.08378485812984111,0.8304043608895545,0.46322574612779693,-0.6709758058123533,-0.7654967972451687,0.42427550486349236,-1.1056913180953083,0,0,0,0,0,0,1,0
0.8102953438059464,0.8374441087407545,-0.8780344642831306,-1.351996411317593,-1.085378704615946,-0.39116557870128077,-0.9346668091108409,0.8526149926048878,0.43559973858807055,-0.707482220070924,-0.8505450204481112,0.42427550486349236,-0.18066851602864512,0,0,0,0,0,0,1,0
-0.3847551571862075,1.329631740607039,-0.4450890100290315,-1.3572478973132132,-1.085378704615946,-0.6522911068784548,-0.7365212218062362,0.8304125931474179,0.46321659573282536,-0.6709882163318854,-0.8372648136540148,0.42427550486349236,-0.18066851602864512,0,0,0,0,0,0,1,0
0.8102953438059464,-0.7375111118976944,0.2502886574567826,1.2164021363747088,-1.085378704615946,-0.6565495341767311,-1.0205701431579206,0.8077121420892148,0.5407542293712243,-0.557410644399675,-0.7970115541370585,0.42427550486349236,-0.18066851602864512,0,0,0,0,0,0,1,0
0.8102953438059464,1.5346238788824293,0.9216535917236526,0.7074099403255754,-1.085378704615946,-0.14268755692180357,-0.736615083107921,0.6517849458993978,0.6778110225760556,-0.3027083614479736,-0.7180014089845826,0.42427550486349236,0.7443542860380179,0,0,0,0,0,0,1,0
0.8102953438059464,1.0758016732964346,-0.5272882140902874,-1.1530282637870142,-1.085378704615946,1.8544150692930137,0.4773194365968508,-0.036090172775795695,0.28060025957438234,-0.8814411434802738,-0.8368316762469996,0.42427550486349236,-0.18066851602864512,0,0,0,0,0,0,1,0
0.8102953438059464,-1.1239645061859465,-0.8390019920055664,-0.14228008185431415,-1.085378704615946,-0.6770753469215797,0.4767561346604304,0.8906850690939755,0.611666440866544,-0.4360604314712525,-0.7587421708917388,0.42427550486349236,-1.1056913180953083,0,0,0,0,0,0,1,0
-1.5798056581783615,-1.577449781153976,-0.7512925011237079,-0.25345071126808716,-1.085378704615946,-0.8426572913999575,-0.32407198282911265,0.831367535059567,0.4640142140333796,-0.6699056065357649,-0.8368762377086268,0.42427550486349236,-1.1056913180953083,0,0,0,0,0,0,1,0
0.8102953438059464,1.6565649051059164,0.36150410736485766,-0.4689889669645357,-0.5585547196500626,0.6160681547507746,1.4295686256839863,0.45412843460023145,0.6409489018731146,1.921000458167713,-0.10856994748057854,0.42427550486349236,-0.18066851602864512,0,0,0,0,0,0,1,0
0.8102953438059464,0.869812670406295,0.1547174442430214,-0.23668981257611313,-0.5585547196500626,1.6659108964695233,1.5900653027688731,1.5220086923768479,-0.4882717897745417,2.792373752613495,1.096056479766816,0.42427550486349236,0.7443542860380179,0,0,0,0,0,0,1,0
-0.3847551571862075,0.6367085730687231,1.771611027881628,2.7329459359110166,0.13699925563300716,-1.2951718716788565,-1.786346410393954,-1.7199326606622638,0.09532491181779121,-1.0352099481545995,-0.9403960779852181,-2.356959071492339,-1.1056913180953083,1,0,0,0,0,0,0,0
0.8102953438059464,0.09140577828000414,0.786269726394702,1.2445797765465598,0.13699925563300716,-0.3203294693047289,-0.06744267088110574,-0.5388300443619866,0.8587495311902554,0.28502029406941193,-0.5563288612846771,0.42427550486349236,-0.18066851602864512,1,0,0,0,0,0,0,0
0.8102953438059464,0.2684013048679051,0.8836447355429794,1.5238333642041066,0.12831571239468398,-1.5567808480124294,-1.7619138029589538,-1.5693605482125592,0.13883622575410257,-1.0035866392560044,-0.8702340566534117,-2.356959071492339,-2.030714120161971,1,0,0,0,0,0,0,0
0.8102953438059464,1.3708492351768113,0.9027731996803207,0.6936606548304427,0.14060331787039018,0.2440606742793916,0.2435589890979752,0.8907468110279506,0.6116557178607861,-0.43608029947103505,-0.7575978325571561,0.42427550486349236,-0.18066851602864512,1,0,0,0,0,0,0,0
-0.3847551571862075,0.9894064224018988,0.5417275673280162,-0.1798319849953457,0.14060331787039018,0.23758983730441377,0.2436243710555281,0.7939560391995479,0.5147385528202321,-0.5974970031405957,-0.7685679731805056,0.42427550486349236,-0.18066851602864512,1,0,0,0,0,0,0,0
-1.5798056581783615,1.213067031850662,1.90088623572606,1.7690907811849792,0.14060331787039018,-0.42245358119050447,0.1057027099995885,0.8544013925612358,0.7123734963625018,-0.2226485679496723,-0.6819716848006392,0.42427550486349236,-0.18066851602864512,1,0,0,0,0,0,0,0
-1.5798056581783615,1.3419195284447338,0.8349700422119191,-0.3607442812615559,0.14060331787039018,0.05686154902439688,0.002062350331097248,0.9534971965913781,0.6108233810629137,-0.4376209394886112,-0.6497902884428085,0.42427550486349236,-0.18066851602864512,1,0,0,0,0,0,0,0
-0.3847551571862075,1.6771173852898285,1.1340310976592083,0.4191917960422044,0.17436632952982578,0.6714263099524082,1.441388279724657,0.7211211377535097,-1.8878597409772315,-0.13712627199960298,1.4943726694372261,0.42427550486349236,-0.18066851602864512,1,0,0,0,0,0,0,0
0.8102953438059464,-0.914883627940585,-0.737651618620526,-0.3483611479694109,-0.731482645628429,-0.5155207251282542,-1.249382596370891,-0.05371955299017158,0.8754824480262748,0.39006652825336957,-0.5284111055753239,0.42427550486349236,-0.18066851602864512,0,0,0,0,0,0,1,0
0.8102953438059464,-1.2972876691080113,-0.7263208453350485,-0.09785393758631547,-0.7312321713871626,-1.3966359770045311,-1.8211283947369243,-1.9081097270317762,0.7563930883288711,-0.10648925249902896,-0.6608040992985528,-2.356959071492339,-2.030714120161971,0,0,0,0,0,0,1,0
0.8102953438059464,-1.0210258023045224,-0.4139882775861145,0.3289919018089953,-0.7312321713871626,-0.6639205643942796,-0.0847429872748265,0.830293225408399,0.4930119436481796,-0.629395655777644,-0.7789650534073312,0.42427550486349236,-1.1056913180953083,0,0,0,0,0,0,1,0
0.8102953438059464,-0.7445154226405319,-0.1681368341155067,0.586535674878581,-0.7313991497892158,-0.4164746885296126,-1.2509666913167574,-0.05219658528545085,0.8751806373107812,0.38790411787681145,-0.5298281600550643,0.42427550486349236,-0.18066851602864512,0,0,0,0,0,0,1,0
0.8102953438059464,-1.4846260189358955,-1.494678438599485,-0.7532994623468844,-0.731482645628429,-0.5622578510970843,-0.016958418591690297,0.8378669026426864,0.4659490511945627,-0.6672725842894012,-0.7900056011400519,0.42427550486349236,-1.1056913180953083,0,0,0,0,0,0,1,0
0.8102953438059464,-0.9746242372425354,-0.6874244313716307,-0.062047588316634386,-0.731482645628429,-0.4327628119477954,-1.2558176991276997,-0.052344765926991194,0.8752500645103658,0.388400425768896,-0.529700714274811,0.42427550486349236,-0.18066851602864512,0,0,0,0,0,0,1,0
-0.3847551571862075,-0.5039090513849537,-0.7823331528623885,-0.910860271346445,-0.73198371362787,-0.4328417929538072,-1.2494280501259742,-0.052344765926991194,0.8752389039782192,0.3883205984165934,-0.529722103776392,0.42427550486349236,-0.18066851602864512,0,0,0,0,0,0,1,0
0.8102953438059464,-1.1314921002791352,-0.6471949245908085,0.08820111028987317,-0.7322343074113953,-0.7913905431806427,-1.256495599659404,-0.5381138379278747,0.8589090407774846,0.28590901791877527,-0.556162201418192,0.42427550486349236,-1.1056913180953083,0,0,0,0,0,0,1,0
0.8102953438059464,0.19153300445178847,-0.4270743091900004,-0.7466507747575242,-0.7322343074113953,-0.5523061270408017,-1.2506973028812445,-0.05218423689865577,0.875179179831189,0.38789370607831714,-0.5290260537457772,0.42427550486349236,-0.18066851602864512,0,0,0,0,0,0,1,0
0.8102953438059464,-1.618305290396887,-1.5358115118176576,-0.710137348650794,-0.7825679691936865,-0.5810031690326161,-0.035413634439507374,0.8500341797647258,0.4394848210288441,-0.7024621237847404,-0.7659174574429282,0.42427550486349236,-1.1056913180953083,0,0,0,0,0,0,1,0
0.8102953438059464,0.5270694013568936,-0.19239578349429698,-0.69015593469947,0.4268983078803722,1.6858477075919536,0.09529289941169523,1.3556882706345446,-1.8147377445502486,-0.31467015883493155,1.4613437140792491,0.42427550486349236,2.594399890171344,0,1,0,0,0,0,0,0
-0.3847551571862075,1.4686835780979857,1.7923958163987035,2.219543947318493,0.4260976619577306,-0.3564364477210712,-0.486308602483759,-0.30426420493246564,0.8785715126523521,1.1282008592910777,-0.3554885712730506,0.42427550486349236,0.7443542860380179,0,1,0,0,0,0,0,0
-0.3847551571862075,1.5346642039959857,-0.16739135523948487,-1.1863047619031728,-0.16085046074691,1.5000255417515598,2.795484568584915,1.0250272851660742,-2.0036164691362206,1.2422568306444768,1.0961242131884894,0.42427550486349236,-0.18066851602864512,0,0,0,0,0,0,1,0
0.8102953438059464,-0.7943023891128742,-0.022801488523393525,0.30724501995954434,0.4304562556434769,-0.33217120838288416,-0.4529736607093617,-0.5374799540723963,0.8594958905882565,0.2891936930341553,-0.5291490433798678,0.42427550486349236,0.7443542860380179,0,1,0,0,0,0,0,0
-0.3847551571862075,1.687664644839602,0.4275935257621769,-0.6000364271373037,0.6653981691607485,1.3852607422247039,0.8108369835769236,-1.3364535087425042,-0.5306759332010833,-1.2536408721904768,-0.6828655877208778,0.42427550486349236,0.7443542860380179,0,0,0,0,0,0,0,1
-1.5798056581783615,0.924116006653963,1.3637086682806348,0.9003203156700732,0.6686626719414961,-0.4090921930058397,0.338610685329314,-0.5392951669312662,0.8591738317246918,0.2873881562041227,-0.5741338388923855,0.42427550486349236,-1.1056913180953083,0,0,0,0,0,0,0,1
0.8102953438059464,1.4326979828185402,1.2699040001806774,1.4693734107075516,0.6657077281190606,-0.363468370658785,0.34176777560310717,-0.5395133217646452,0.8591805791386392,0.2874259104149983,-0.5459005880347124,0.42427550486349236,-0.18066851602864512,0,0,0,0,0,0,0,1
0.8102953438059464,-0.7693873367335533,-1.739614964463385,-1.41947283405547,-0.3865656437959126,-0.4069764395358235,-0.41725710922610276,0.853672837740329,0.5764885978205475,-0.49864776764037294,-0.7395058791365694,0.42427550486349236,1.669377088104681,0,1,0,0,0,0,0,0
0.8102953438059464,-0.3810227391614934,-0.47347807382638196,-0.34531600282705555,0.7431821161633664,-0.5786463320038301,-0.717504712315473,-0.05275226269122729,0.8751417576181564,0.3876264735083007,-0.5297978582611579,0.42427550486349236,1.669377088104681,0,1,0,0,0,0,0,0
0.8102953438059464,-0.6412738149213327,-0.09403241327912588,0.06295273007745122,0.7431821161633664,-0.18063871063290768,0.08530771892645345,0.3387986180635521,0.7715106798442019,-0.06185620178727953,-0.6480933879840501,0.42427550486349236,-1.1056913180953083,0,1,0,0,0,0,0,0
0.8102953438059464,-1.3250348304808333,-1.4894012120240705,-0.8298652100142385,-0.0998552116769455,-1.237273986450974,-1.8664546174541676,-0.8672806685941458,0.2315111814094323,-0.927267330209809,-0.9220073452301953,-2.356959071492339,-1.1056913180953083,0,1,0,0,0,0,0,0
-1.5798056581783615,-0.195751265915911,1.184353979036232,1.6702311059901382,1.5465066058374146,-0.9709125868738139,-0.40447841371350407,-0.5370189476320484,0.85886041824635,0.28563792948216576,-0.5410175430696191,0.42427550486349236,-0.18066851602864512,0,1,0,0,0,0,0,0
-1.5798056581783615,-0.8580782840514423,0.5092535889386332,0.6578899163134584,1.5465066058374146,-0.8555396109117303,-0.4565337379983405,-0.5348744444586443,0.8607106428084644,0.2960694150236475,-0.5416939860571178,0.42427550486349236,-0.18066851602864512,0,1,0,0,0,0,0,0
-1.5798056581783615,-0.8124213193065483,-0.4779289269629635,-0.7203010575535578,1.5465066058374146,-0.16009113357249932,-0.404601527073116,-1.908982346365292,0.7554798136946395,-0.1090973376796295,-0.5337914564521751,0.42427550486349236,-0.18066851602864512,0,1,0,0,0,0,0,0
0.8102953438059464,0.9223876701316727,0.8911303292880115,0.9948873929746074,1.5486678737541786,-0.07647083189408736,-0.4045041495028791,-0.537101270210682,0.85948488948647,0.2891318998895916,-0.5410015009434335,0.42427550486349236,0.7443542860380179,0,1,0,0,0,0,0,0
-0.3847551571862075,-0.8041406845677908,-0.4589814129399181,-0.3716054313270719,1.5486678737541786,-0.8457861574123484,-0.45693062817163554,-0.5387724185569431,0.8586514635636981,0.28447475598273675,-0.5410228904450143,0.42427550486349236,-0.18066851602864512,0,1,0,0,0,0,0,0
-1.5798056581783615,-0.32269255760568405,-0.4413672752442331,-0.9939300719083796,1.5486678737541786,0.2617051201989095,-0.4115354672372432,-2.1464829857230994,0.27542475634465274,-0.886462032805831,-0.5410148693819214,0.42427550486349236,-0.18066851602864512,0,1,0,0,0,0,0,0
-1.5798056581783615,-1.2416198573834916,-0.25464063876399,-0.0095649619868776,1.5486678737541786,-0.9699836138695784,-0.4047202258383857,-0.5387888830726698,0.8586070193603397,0.28422773217974084,-0.5410433887173629,0.42427550486349236,-0.18066851602864512,0,1,0,0,0,0,0,0
-1.5798056581783615,-0.792399625347297,0.4494407047546529,0.42964626380213117,1.5486678737541786,-0.9675635718655909,-0.41343245114503274,-0.5373235411729925,0.8581756076397422,0.28183680216280477,-0.541565649047632,0.42427550486349236,-0.18066851602864512,0,1,0,0,0,0,0,0
-1.5798056581783615,-0.3390128170970074,-0.270147641239484,-0.8402304407731912,1.5486678737541786,0.2600791613654121,-0.40459666336104094,-2.1464624050784407,0.27546893203787925,-0.8864193704839808,-0.5410389325712001,0.42427550486349236,-0.18066851602864512,0,1,0,0,0,0,0,0
-1.5798056581783615,-1.409224412961771,-0.22811172251587358,0.10248358326980332,1.5500024486071466,-0.8822005058329336,-0.4566821093655909,-0.5347591928485572,0.8607226900230643,0.2961381329222028,-0.5717284111937567,0.42427550486349236,-0.18066851602864512,0,1,0,0,0,0,0,0
-1.5798056581783615,1.1992122071346574,0.625198850862665,-0.5779350300265835,1.5500024486071466,-0.17771570004698511,-0.405291282960703,-1.9091552237804224,0.7555267142492247,-0.1089636334005462,-0.5410121956942239,0.42427550486349236,-0.18066851602864512,0,1,0,0,0,0,0,0
-1.5798056581783615,-1.1173953273125279,0.15702590825722232,0.44589177964604076,1.5500024486071466,-0.9686970071780561,-0.40472760636544725,-0.5375746250378248,0.8582146887785252,0.28205288236909426,-0.5410424974881304,0.42427550486349236,-0.18066851602864512,0,1,0,0,0,0,0,0
-1.5798056581783615,-0.3988819029934463,-0.5426247559016909,-1.061405926722969,1.5500024486071466,0.2603536869789154,-0.4045487392700487,-2.1464624050784407,0.27546893203787925,-0.8864193704839808,-0.5410184342988515,0.42427550486349236,-0.18066851602864512,0,1,0,0,0,0,0,0
-1.5798056581783615,-1.0497304414429485,0.20582307044855935,0.5923215548805797,1.5500024486071466,-0.9686753213399093,-0.4046426281889172,-0.5374182121384211,0.8582190300604945,0.28207689164555266,-0.5410344764250374,0.42427550486349236,-0.18066851602864512,0,1,0,0,0,0,0,0
-1.5798056581783615,-0.8539126461017585,-0.8299482620940943,-1.025883540559535,0.5047085523018465,0.40909013843948405,1.5476605625243187,1.0521361103101041,-1.9948344491760028,1.2900868466884856,1.093860490937835,0.42427550486349236,-1.1056913180953083,0,1,0,0,0,0,0,0
0.8102953438059464,-0.2460474498748871,-1.3855921088105323,-1.3883763747808782,0.5047085523018465,1.0792376362871445,1.5468377085783374,-0.16184614389641488,-1.997426832721958,1.276468459378485,1.0938792067517182,0.42427550486349236,-0.18066851602864512,0,1,0,0,0,0,0,0
0.8102953438059464,0.2527234275387794,4.2273263288306,3.9047315943897485,0.5047085523018465,2.007082947187179,2.351448028318157,-0.1618379116385515,-1.9974332546561078,1.2764342370557686,1.093878315522486,0.42427550486349236,0.7443542860380179,0,1,0,0,0,0,0,0
0.8102953438059464,-0.7062097490269625,-1.136984890069547,-0.9118297952923627,0.5047085523018465,0.41189929394458374,1.545579790910855,1.0522390135333959,-1.994827853921966,1.2901210066507476,1.0941563790430384,0.42427550486349236,-1.1056913180953083,0,1,0,0,0,0,0,0
0.8102953438059464,-0.3011310218516378,-1.5578319611361127,-1.491496089689992,0.5047085523018465,1.0780815378851285,1.5448425916161148,-0.16183379550961982,-1.997435181151634,1.2764239703289055,1.0938961401071363,0.42427550486349236,-0.18066851602864512,0,1,0,0,0,0,0,0
0.8102953438059464,-0.2491843376144952,-1.0790374973258388,-1.111084683640266,0.5047085523018465,1.1152191395113307,1.549287666799182,-0.20494201381108107,-2.0212274203667215,1.1262908684444621,1.0944656355867302,0.42427550486349236,-1.1056913180953083,0,1,0,0,0,0,0,0
0.8102953438059464,-0.36652646973745695,-1.1396247884210375,-1.1504103897124152,0.5047085523018465,1.089865322487549,1.5493478919893189,-0.16183379550961982,-1.997434538990803,1.2764273925727347,1.1049669896337635,0.42427550486349236,-0.18066851602864512,0,1,0,0,0,0,0,0
0.8102953438059464,-0.09299730613507223,-0.4428597103986651,-0.47662922537457536,0.5042132632071794,1.1687585707129546,1.549311710646632,-0.20471151059090714,-2.0212387080924423,1.1262038847530969,1.0941688562522944,0.42427550486349236,-0.18066851602864512,0,1,0,0,0,0,0,0
0.8102953438059464,-0.15401799087009724,-1.0488530291393408,-1.1508085497366147,0.5042132632071794,1.177809441973652,1.549189566844437,-0.20492143316642275,-2.0212292265883525,1.1262769510993473,1.0941973755877352,0.42427550486349236,-0.18066851602864512,0,1,0,0,0,0,0,0
0.8102953438059464,0.26325380724184655,0.12159168394922606,-0.12530298711906704,0.5042132632071794,1.1101618033872225,1.5476456425575682,-0.20446865898393815,-2.0212373537111183,1.1262143228318113,1.093956743694949,0.42427550486349236,-1.1056913180953083,0,1,0,0,0,0,0,0
-1.5798056581783615,1.4648424143445953,2.2045281751525945,2.594238122945862,0.5042132632071794,-0.481800533411685,-0.19056473075749064,0.8914177400438139,0.7009308430107624,-0.25009483402031707,-0.6480265457916095,0.42427550486349236,-0.18066851602864512,0,1,0,0,0,0,0,0
-0.3847551571862075,-1.0623201948540073,-0.022039948701595754,0.5010569844124385,0.9213397252277538,-0.5490397381655568,-0.33069700589029877,0.6441371783443405,0.6800933854969979,-0.2976717761919924,-0.645430395037217,0.42427550486349236,-0.18066851602864512,0,1,0,0,0,0,0,0
0.8102953438059464,0.03611401774606336,-0.006594191640284458,0.0661454919865318,0.9213397252277538,-0.33373519308557903,-0.329839855513004,0.44495769934045326,0.6812528620201306,-0.29510045427599,-0.6259597099938894,0.42427550486349236,-0.18066851602864512,0,1,0,0,0,0,0,0
0.8102953438059464,-0.8157035642975968,-0.6658859174433293,-0.34362880373824395,0.9213397252277538,-0.39050209803369623,-0.31088665427180195,0.44502355740336025,0.6812258033321723,-0.29516055905206373,-0.6454393073295426,0.42427550486349236,-0.18066851602864512,0,1,0,0,0,0,0,0
-0.3847551571862075,-0.0767567586064506,-0.1735859256079502,-0.74973723502408,0.9213397252277538,-0.29191025389603453,0.44356839483675276,0.32889932798286703,0.7730450318907701,-0.05716251263098483,-0.6447557345081831,0.42427550486349236,-0.18066851602864512,0,1,0,0,0,0,0,0
0.8102953438059464,-0.6990638324698393,-0.10654663136311611,0.06333233052939337,0.9213397252277538,-0.27844972135268947,0.4432223226963596,0.3288910957250037,0.772990383021725,-0.05733023661077062,-0.6446576992926036,0.42427550486349236,-0.18066851602864512,0,1,0,0,0,0,0,0
0.8102953438059464,-1.2461634222423315,-1.0797970953625704,-0.5100100288617669,0.9213397252277538,-0.24674823701120907,0.4450737480129355,0.32890756024073037,0.7730565908096141,-0.0571270316845998,-0.6454232652033568,0.42427550486349236,-0.18066851602864512,0,1,0,0,0,0,0,0
0.8102953438059464,-1.0982982880693886,-1.6439355328369734,-1.210152538491132,0.9213397252277538,-0.2418654560196062,0.4452363997241332,0.3290186957218857,0.7730607939299847,-0.057114129446636575,-0.6454241564325892,0.42427550486349236,-0.18066851602864512,0,1,0,0,0,0,0,0
0.8102953438059464,-0.9092897449438884,-1.7323297643676976,-1.3912593657598484,0.9213397252277538,-0.24194107962424533,0.44499808499869664,0.32924919894205956,0.7730986190649952,-0.05699800748968321,-0.6454170265987288,0.42427550486349236,-0.18066851602864512,0,1,0,0,0,0,0,0
0.8102953438059464,-0.9175281796607571,-1.3009680449754386,-1.0494694444235064,0.9213397252277538,-0.38524349168909117,-0.3109584593868551,0.4451141122398571,0.6812217443973563,-0.2951695746564733,-0.6454268301202868,0.42427550486349236,-0.18066851602864512,0,1,0,0,0,0,0,0
0.8102953438059464,-1.484302483004013,-1.776373332764768,-1.043054032657016,0.9213397252277538,-0.24212581655166387,0.44520528781857255,0.3291339473319727,0.773071301444271,-0.05708187367523584,-0.645465152977286,0.42427550486349236,-0.18066851602864512,0,1,0,0,0,0,0,0
0.8102953438059464,-0.9850458333705636,-1.9046324602187543,-1.4432906684306266,0.9213397252277538,-0.1680709890536006,0.5731566165243301,0.3289981150772272,0.7729956382018,-0.057314109601333395,-0.6637799137060081,0.42427550486349236,-0.18066851602864512,0,1,0,0,0,0,0,0
0.8102953438059464,-0.9794172524160427,-1.6970701627356428,-1.330404622609758,0.9213397252277538,-0.2422789167617865,0.445124563180567,0.3288417021778235,0.7730177088402671,-0.05724637547322296,-0.6454134616817988,0.42427550486349236,-0.18066851602864512,0,1,0,0,0,0,0,0
0.8102953438059464,-0.013774229427008023,-0.7355747174771889,-0.9858363821916462,-0.5895321777241673,-0.02657441410502157,0.6561652068114784,0.8684085793157352,0.3818613720972119,-0.7733544015234394,-0.6329950735555696,0.42427550486349236,-0.18066851602864512,0,0,1,0,0,0,0,0
-0.3847551571862075,1.6521882662365444,0.8193522058332136,-0.22715858732573646,1.2977409253728356,0.8567140034531417,1.8124684534528372,0.19480819577560038,-1.9985453241276245,0.27070815712013957,1.3112927955716809,0.42427550486349236,-1.1056913180953083,0,1,0,0,0,0,0,0
-0.3847551571862075,-0.6108783512014291,-0.43414362856342675,-0.4265466758797697,1.2977409253728356,-0.2862234607332978,1.0733023042644527,1.3686458445114662,-1.8155870889641266,-0.31282848718180833,1.4676553995041057,0.42427550486349236,-1.1056913180953083,0,1,0,0,0,0,0,0
-1.5798056581783615,-0.7980310194745616,0.3423707019939905,0.5671109114999776,1.2977409253728356,-1.754299951095057,-1.4381980663283853,-2.007057350420378,0.14286890657043477,-1.0005248614555358,-0.8523961035640992,-2.356959071492339,-2.030714120161971,0,1,0,0,0,0,0,0
0.8102953438059464,0.5234870657008133,-0.5523837398333021,-0.9760257766473911,1.2977409253728356,0.9099265322198192,1.5826967290556904,0.9657015188738027,-1.8158758398023815,-0.3122013754590254,1.4720482683913017,0.42427550486349236,-1.1056913180953083,0,1,0,0,0,0,0,0
-0.3847551571862075,-0.3245456192853083,-0.3583397160181716,-0.5640694300425193,1.2977409253728356,0.024370782401008134,1.0595488295645996,0.9655780350058524,-1.8160229009301854,-0.3118817911610521,1.4689396608281975,0.42427550486349236,-1.1056913180953083,0,1,0,0,0,0,0,0
-1.5798056581783615,0.7310309145138771,-0.14376256573836688,-1.1631060797281252,1.2977409253728356,1.3843055103442494,1.0594604582070424,-1.3120407480487235,-1.3170878583395775,-0.9755670037159119,1.7025219303849235,0.42427550486349236,-0.18066851602864512,0,1,0,0,0,0,0,0
-1.5798056581783615,1.0246830535864873,-0.5351983650950167,-1.5504562846672785,1.2977409253728356,1.3825622408093765,1.0600330472456514,-1.312036631919792,-1.3170878583395775,-0.9755670037159119,1.7025192566972256,0.42427550486349236,-0.18066851602864512,0,1,0,0,0,0,0,0
-1.5798056581783615,0.3499116376708462,-0.6426394218665739,-1.463876269708921,1.2977409253728356,1.3769040961088872,1.0523245726127877,-1.3120407480487235,-1.3170900750889851,-0.9755652139630465,1.7032153067278404,0.42427550486349236,-0.18066851602864512,0,1,0,0,0,0,0,0
0.8102953438059464,0.8112874303233375,0.15798535489195656,-0.1885416521915419,1.2977409253728356,0.9836875585115253,1.7779478664033743,0.9656397769398276,-1.8159555605681015,-0.31202814753518066,1.467731153988872,0.42427550486349236,-0.18066851602864512,0,1,0,0,0,0,0,0
-1.5798056581783615,-0.16038273262348102,0.4738122656206055,-0.0750199369045524,1.1767253421699502,0.6925002631807041,1.6199648507049915,0.7984796648954616,-1.8697954774252759,-0.18504723218605862,1.4343457069378787,0.42427550486349236,-1.1056913180953083,0,1,0,0,0,0,0,0
-1.5798056581783615,0.754798119491767,-0.15474613542504212,-1.1965489480172211,1.1767253421699502,-0.29512968575684717,1.0733230589732374,1.3686458445114662,-1.81558296274096,-0.3128374448664661,1.464920216989437,0.42427550486349236,-1.1056913180953083,0,1,0,0,0,0,0,0
-1.5798056581783615,-0.41864383059097693,0.20887637481763874,-0.10127574895693374,1.1767253421699502,0.015436814855692644,1.054503340215468,0.9656891704870075,-1.8158992075550833,-0.3121506029066108,1.4655253616383326,0.42427550486349236,-1.1056913180953083,0,1,0,0,0,0,0,0
-0.3847551571862075,0.9039001908114846,1.8499345081194967,1.7773700336712486,1.1767253421699502,0.8123167960339654,1.6191078969177746,0.9621122544453796,-1.8157218601605325,-0.3125358531513168,1.4718940857340717,0.42427550486349236,-1.1056913180953083,0,1,0,0,0,0,0,0
-0.3847551571862075,-0.6719806228074877,-0.46290563855864264,-0.44843772394103476,1.1767253421699502,0.024266677186892415,1.0595104901613728,0.9656809382291442,-1.8159047056905917,-0.31213865628516374,1.4689155976389194,0.42427550486349236,-1.1056913180953083,0,1,0,0,0,0,0,0
0.8102953438059464,-0.6539929831912915,-0.7643164948748379,-0.5567081198401505,0.9039338005407292,-0.4962597421806553,-0.32904262942123574,0.6441536428600672,0.6800784675003765,-0.2977048033752328,-0.6454303950372171,0.42427550486349236,-0.18066851602864512,0,1,0,0,0,0,0,0
0.8102953438059464,0.18096230044541012,-0.5730983587811885,-0.9012330352985635,0.9039338005407292,-0.5082088559634595,-0.3291988059468527,0.7014419253311585,0.6836563155251972,-0.2897429262416726,-0.6454606968311234,0.42427550486349236,-0.18066851602864512,0,1,0,0,0,0,0,0
0.8102953438059464,-0.8086795597250641,0.22348050232339609,0.38913868881214947,0.9039338005407292,-0.5078082476610879,-0.33001731675430296,0.7013184414632081,0.6835916985689997,-0.2898874523617412,-0.6447165204219514,0.42427550486349236,-0.18066851602864512,0,1,0,0,0,0,0,0
0.8102953438059464,-0.8681951006231177,0.0227493436069221,0.185130609746943,0.9039338005407292,-0.24213875238846563,0.4451316437381433,0.32943854087291674,0.7731017709200251,-0.056988330512454034,-0.6444411305890962,0.42427550486349236,-0.18066851602864512,0,1,0,0,0,0,0,0
0.8102953438059464,-0.9952470507962616,-0.8299752506912682,-0.326964965441546,0.9039338005407292,-0.5413942861554563,0.4457525728700014,0.6916167255712435,0.669664322964298,-0.32042284423503536,-0.6454633705188211,0.42427550486349236,-1.1056913180953083,0,1,0,0,0,0,0,0
0.8102953438059464,-1.3276381196332827,-1.473299632405187,-0.8593310403478964,0.9039338005407292,-0.38915196594174933,0.445894431160125,0.44499886062977007,0.6812731550346114,-0.29505537484178235,-0.6454339599541472,0.42427550486349236,-1.1056913180953083,0,1,0,0,0,0,0,0
0.8102953438059464,-1.1031091213540136,-1.2629082019651503,-0.8488047808688676,0.9039338005407292,-0.2425680110223707,0.44558286478545045,0.31916879918838076,0.7714705187959915,-0.06197863006759837,-0.645443763475705,0.42427550486349236,-1.1056913180953083,0,1,0,0,0,0,0,0
0.8102953438059464,0.9217762344901438,-0.3159405802317045,-0.8828428775489504,2.0166398960391985,3.117600187928698,2.39885637271976,0.8536851861271239,0.5766464884475705,-0.4983778679279257,1.0910005363306101,0.42427550486349236,1.669377088104681,0,1,0,0,0,0,0,0
0.8102953438059464,-0.5738686954134746,-0.5177258978325903,-0.23856433368776847,2.0166398960391985,0.21096672238545808,0.6959898959743996,-0.22616065845388003,-2.019485686057213,1.1394592411716886,1.091006774935238,0.42427550486349236,0.7443542860380179,0,1,0,0,0,0,0,0
0.8102953438059464,-0.8175960128263662,-0.665085134696412,-0.2283684906813389,2.0166398960391985,0.20789776717049882,0.6959200939333319,-0.22124600050945675,-2.0197849481095353,1.1372314365567031,1.0910005363306101,0.42427550486349236,0.7443542860380179,0,1,0,0,0,0,0,0
0.8102953438059464,-0.6444425882562674,-0.28646022229701096,0.16683730101985758,2.0166398960391985,0.21113847234089927,0.6960021928194994,-0.22460064558877413,-2.0193337312872934,1.140585132294845,1.0909978626429124,0.42427550486349236,0.7443542860380179,0,1,0,0,0,0,0,0
0.8102953438059464,-0.6927534825039753,-0.5519073309316647,-0.18121897457565272,2.0166398960391985,0.2108118831543871,0.6960191903530947,-0.22603717458592967,-2.0195156470398627,1.1392368289626063,1.0910041012475402,0.42427550486349236,0.7443542860380179,0,1,0,0,0,0,0,0
0.8102953438059464,-0.6552392981207081,-0.419249657029453,-0.02698170373701931,2.0166398960391985,0.21167275823888068,0.6960045903207838,-0.22674514876217822,-2.0195137750078604,1.139250729860459,1.091006774935238,0.42427550486349236,0.7443542860380179,0,1,0,0,0,0,0,0
0.8102953438059464,0.7438794968324901,-0.6396783574785612,-1.1325349537627036,2.0166398960391985,3.117604119935405,2.398822234751694,0.853672837740329,0.576594936016595,-0.4984660025286221,1.0909969714136798,0.42427550486349236,1.669377088104681,0,1,0,0,0,0,0,0
-0.3847551571862075,-1.5402947689248268,-1.0679121281710162,-0.30726911168069965,-0.43935884465956515,-1.838512834315809,-1.915388504501182,-1.3364658571292996,-0.5307016308686705,-1.2536418443457245,1.963167266816995,-2.356959071492339,0.7443542860380179,0,1,0,0,0,0,0,0
-1.5798056581783615,-2.1804366238991517,-0.9829300032303181,0.3508441466029408,-0.43935884465956515,-1.869859060676851,-1.6944949898557629,-1.716417486554611,0.09347881827510882,-1.0364956311285243,-0.9208175542047529,-2.356959071492339,-2.030714120161971,0,1,0,0,0,0,0,0
-1.5798056581783615,-1.8118630255369597,-0.6868605285093472,0.007384162276535457,-0.43935884465956515,-1.8434693804890305,-1.6074726209818184,-1.3364658571292996,-0.5307016308686705,-1.2536418443457245,1.9326952481271784,-2.356959071492339,-0.18066851602864512,0,1,0,0,0,0,0,0
-0.3847551571862075,-1.61666604361994,-0.5840422376762167,0.6319587754794737,-0.43935884465956515,-1.83792928196126,-1.9153771765469125,-1.336511134547548,-0.5306887820333341,-1.2536413583451775,1.9631574632954376,-2.356959071492339,0.7443542860380179,0,1,0,0,0,0,0,0
-1.5798056581783615,-1.9042057044265777,-0.9980088819141884,-0.07378511338045948,-0.43935884465956515,-1.8406543299415747,-1.6025793521137832,-1.3364576248714362,-0.5307042006361076,-1.2536419415273352,1.9326988130441087,-2.356959071492339,-0.18066851602864512,0,1,0,0,0,0,0,0
-1.5798056581783615,-2.2412406805587564,-1.6421054186197674,-0.3778884910137387,-0.43935884465956515,-1.8975372270131536,-1.6989836628945278,-1.7162610736552073,0.09344440655309147,-1.0365195541081225,-0.9220536891502875,-2.356959071492339,-2.030714120161971,0,1,0,0,0,0,0,0
-0.3847551571862075,-1.565596187731534,-0.45295274403691055,0.7900300035861199,-0.43935884465956515,-1.8385211846843266,-1.9152577806807172,-1.3364699732582312,-0.5306785029672857,-1.2536409694337494,1.9631521159200416,-2.356959071492339,0.7443542860380179,0,1,0,0,0,0,0,0
-1.5798056581783615,1.6475181005017934,1.6377224807239692,0.8586184679174408,-0.43935884465956515,1.1018705392175587,-0.014605109886394184,-1.3209603994436694,-0.27260880592579767,-1.2123610502732534,-0.7121950505345765,0.42427550486349236,-0.18066851602864512,0,1,0,0,0,0,0,0
-0.3847551571862075,-1.7998171859498675,-0.5041416835931009,1.2775181866172927,-0.43935884465956515,-1.8208217558566604,-1.9152521775112286,-1.3365893409972498,-0.5306707936690469,-1.2536406776854334,1.9631494422323446,-2.356959071492339,0.7443542860380179,0,1,0,0,0,0,0,0
-0.3847551571862075,-1.763053229849671,-0.46656154476301026,1.1213371271452504,-0.43935884465956515,-1.8414807964049464,-1.9205400768883858,-1.3361983087487403,-0.5299821008684447,-1.2536143909190078,1.9629230700072788,-2.356959071492339,0.7443542860380179,0,1,0,0,0,0,0,0
-1.5798056581783615,-1.8613086387765474,-1.677368011824003,-1.0026479234700127,-0.43935884465956515,-1.8765909053481662,-1.6624356938453155,-1.7165368542936295,0.09347881827510882,-1.0364956311285243,-0.9096647115887323,-2.356959071492339,-2.030714120161971,0,1,0,0,0,0,0,0
-1.5798056581783615,-1.9655321061721216,-0.7921359693921516,0.3675812711425132,-0.43935884465956515,-1.8665468644837828,-1.9153450570530917,-1.3362394700380573,-0.5304086781914651,-1.2536307252229744,1.963058536850625,-2.356959071492339,-0.18066851602864512,0,1,0,0,0,0,0,0
-1.5798056581783615,-2.0194096875227667,-0.8625034591835221,0.41460207186970516,-0.43935884465956515,-1.8406618966681376,-1.602577330627427,-1.3364617410003679,-0.5307042006361076,-1.2536419415273352,1.9327014867318062,-2.356959071492339,-0.18066851602864512,0,1,0,0,0,0,0,0
-1.5798056581783615,-1.9211795995813183,-0.6305107952612874,0.6041268831018589,-0.43935884465956515,-1.8663202406410864,-1.9153279167551027,-1.3364535087425042,-0.5306810727336128,-1.2536410666708555,1.9631423123984841,-2.356959071492339,-0.18066851602864512,0,1,0,0,0,0,0,0
-1.5798056581783615,-1.715512256094238,-0.361392506945239,0.7182677444424221,-0.43935884465956515,-1.8409897992106878,-1.602642939009962,-1.3362806313273738,-0.5303778411612943,-1.2536295501274013,1.9325883006192734,-2.356959071492339,-0.18066851602864512,0,1,0,0,0,0,0,0
-1.5798056581783615,-1.655016731238387,-0.008341046724831217,1.3308275725942271,-0.43935884465956515,-1.8655388329807165,-1.9152246577173202,-1.336342373261349,-0.5304240967132612,-1.2536313124377898,1.9630638842260204,-2.356959071492339,-0.18066851602864512,0,1,0,0,0,0,0,0
-1.5798056581783615,-1.7804594437010874,-0.16317907863777067,1.2129869407444123,-0.43935884465956515,-1.840246949778754,-1.602501707832648,-1.336395882937461,-0.5304703523054766,-1.2536330727503533,1.9326194936424126,-2.356959071492339,-0.18066851602864512,0,1,0,0,0,0,0,0
-1.5798056581783615,-1.9815729062822744,-0.4936738002182864,1.1033752000949628,-0.43935884465956515,-1.8667772456171046,-1.9152196493689149,-1.3362600506827154,-0.5300309258090485,-1.2536162691189685,1.962926634924209,-2.356959071492339,-0.18066851602864512,0,1,0,0,0,0,0,0
0.8102953438059464,-0.8699928330610563,-0.702508055759524,-0.20766056617662343,-1.634908244790575,-0.07345010475888365,-0.13590943316456963,0.48969590469885904,0.5947578611586983,-0.46677487552412106,-0.7505687076001035,0.42427550486349236,-1.1056913180953083,0,0,0,0,0,1,0,0
-0.3847551571862075,1.3410708334439227,1.4306404867359162,1.1581845518323053,-1.6368356279484326,0.03700817652219926,0.5965539773806816,-0.29344290197108475,0.6256452869456679,-0.4097189894448435,-0.7387848746874437,0.42427550486349236,-1.1056913180953083,0,0,0,0,0,1,0,0
0.8102953438059464,-0.5209270222801606,-0.0048524105731507245,0.1626237606064958,-1.6368356279484326,0.9614099254066177,0.7397215399804936,0.8528701925986518,0.4360406116785796,-0.706914376596378,-0.6991447808824757,0.42427550486349236,-0.18066851602864512,0,0,0,0,0,1,0,0
-1.5798056581783615,0.023549584510186503,-0.17419571486115074,-0.8829830438857861,-1.6368356279484326,-0.4175078859746791,-0.13582382179198338,0.8751837275372769,0.3796544901545779,-0.775924164746482,-0.7509866941101653,0.42427550486349236,-1.1056913180953083,0,0,0,0,0,1,0,0
0.8102953438059464,-1.6438589743114966,-0.9365212104273127,0.34605291246646874,-0.8642592265126271,-1.377308725456948,-1.810855218517157,-1.9087436108872546,0.7563953152283184,-0.10648288135298609,-0.6614903458076095,-2.356959071492339,-2.030714120161971,0,0,0,0,0,0,1,0
0.8102953438059464,-0.6680644359827167,-0.4881967122868751,-0.08516522345324058,-0.8642592265126271,-0.6020546131757214,-1.2494378019200136,-0.5380109347045827,0.8588862715844565,0.28578205130097206,-0.5561969593582611,0.42427550486349236,-1.1056913180953083,0,0,0,0,0,0,1,0
0.8102953438059464,-0.22241341038280643,-1.1467432683154952,-1.2139893372396937,-0.8655315205043776,-0.3420862806032004,-1.2493977347523832,-0.05218835302758744,0.8751786939958464,0.387890235481151,-0.529832616201227,0.42427550486349236,-0.18066851602864512,0,0,1,0,0,0,0,0
-0.3847551571862075,-0.07273929027070543,-1.0958030137361887,-1.414522239730839,0.5698899257828743,1.1754227600917817,1.549235681272155,-0.20483911058778914,-2.0212373537111183,1.1262143228318113,1.0938916839609738,0.42427550486349236,-0.18066851602864512,0,1,0,0,0,0,0,0
0.8102953438059464,-0.06674216018967005,-1.2118151007892126,-1.3121989920830475,0.5735405966351955,1.1770711803027463,1.546569609885746,-0.20485969123244757,-2.021227871928755,1.1262873891098086,1.0938694032301601,0.42427550486349236,-0.18066851602864512,0,1,0,0,0,0,0,0
0.8102953438059464,-0.08585889245225883,-1.336509334976828,-1.3982715095619196,0.5735405966351955,1.1784557830005293,1.5474785227361343,-0.2045180525311183,-2.0212355478075144,1.1262282402549317,1.0938694032301601,0.42427550486349236,-0.18066851602864512,0,1,0,0,0,0,0,0
0.8102953438059464,0.0768241705477793,-1.0428462009061443,-1.2333027273944068,0.5735405966351955,1.0790511131170086,1.5444973287543478,-0.1618379116385515,-1.997434538990803,1.2764273925727347,1.0942686739263388,0.42427550486349236,-0.18066851602864512,0,1,0,0,0,0,0,0
0.8102953438059464,-0.19402855654935294,-0.9777655330327736,-1.0934582897440042,0.5735405966351955,1.178152722887619,1.549807483214068,-0.20469916220411213,-2.0212409653063075,1.1261864879335737,1.0942098527969912,0.42427550486349236,-0.18066851602864512,0,1,0,0,0,0,0,0
0.8102953438059464,-0.7598716405665987,-1.3010273578810672,-1.074015898436704,0.5735405966351955,0.41333618932550437,1.5477120580788144,1.0521361103101041,-1.9948344491760028,1.2900868466884856,1.0934157675507967,0.42427550486349236,-1.1056913180953083,0,1,0,0,0,0,0,0
-0.3847551571862075,-0.5056824019121219,-1.044727561180494,-1.215709007036902,0.5735405966351955,1.109382233062366,1.5510696192682651,-0.20520132993377682,-2.0213334159954646,1.1254731950322163,1.0937161118021632,0.42427550486349236,-1.1056913180953083,0,1,0,0,0,0,0,0
0.8102953438059464,-0.3209117050144514,-0.9029600730813362,-0.9353644523291624,0.5735405966351955,1.0819132644399123,1.5459431325463329,-0.16197786002222858,-1.9974505917082068,1.276341836014788,1.0953114121284115,0.42427550486349236,-0.18066851602864512,0,1,0,0,0,0,0,0
0.8102953438059464,-0.4425104397407727,-1.2363251514674682,-1.1659720904247604,0.5735405966351955,1.0800215454482782,1.5470353753641963,-0.1619902084090236,-1.9974525178518228,1.2763315691631258,1.094403249540452,0.42427550486349236,-0.18066851602864512,0,1,0,0,0,0,0,0
0.8102953438059464,-0.27997085746335193,-1.2780773531394096,-1.2819455369358719,0.5735405966351955,1.0783464742929834,1.54560215613001,-0.16184202776748324,-1.9974338968256278,1.2764308148150216,1.0938818804394157,0.42427550486349236,-0.18066851602864512,0,1,0,0,0,0,0,0
0.8102953438059464,-0.022909185512062964,-1.1808806216017513,-1.3233315187429338,1.3692218442031023,0.4148782359988875,-0.40458960857854864,0.4399607188173965,0.6363213548024066,1.9301623807443147,-0.09950971110256439,0.42427550486349236,1.669377088104681,0,1,0,0,0,0,0,0
-1.5798056581783615,-0.5401647290731738,-0.023258050070087386,-0.36049870966257247,1.5531577503040808,-0.9687021858898333,-0.4045184462671733,-0.537648715358595,0.8582692493759239,0.28235471857579253,-0.5410104132357587,0.42427550486349236,-0.18066851602864512,0,1,0,0,0,0,0,0
-0.3847551571862075,1.6743387306296809,1.8181754974925717,2.0746566512433704,1.5531577503040808,-0.4379121327854984,-0.40992343769820766,0.3189012508078216,0.7753761193527063,-0.04996979895113584,-0.5410255641327119,0.42427550486349236,0.7443542860380179,0,1,0,0,0,0,0,0
-1.5798056581783615,-0.5931617314481731,-0.45797697393621845,-0.9158122692989193,1.5531577503040808,0.260522072727927,-0.40467423109846357,-2.146651747009298,0.27543527447001126,-0.8864518753120566,-0.5409961535680382,0.42427550486349236,-0.18066851602864512,0,1,0,0,0,0,0,0
-1.5798056581783615,-0.3122465787566395,-0.584451115737131,-1.139337255683755,1.5531577503040808,0.26032260800395446,-0.40451344532778044,-2.1465653083017324,0.27546893203787925,-0.8864193704839808,-0.5410219992157819,0.42427550486349236,-0.18066851602864512,0,1,0,0,0,0,0,0
-1.5798056581783615,-0.7756592381146835,0.22014276014233775,-0.053895611358351435,1.552060970792175,-0.17870432772066736,-0.40479301837572873,-1.9092787076483726,0.7555579773250071,-0.1088744945887615,-0.5412394591485219,0.42427550486349236,-0.18066851602864512,0,1,0,0,0,0,0,0
-1.5798056581783615,-1.0028112185658522,0.21725931264186374,0.2684807267400581,1.552060970792175,-0.8541758484964501,-0.4567876569611875,-0.5348744444586443,0.8607088355757899,0.29605910738873115,-0.5410594308435486,0.42427550486349236,-0.18066851602864512,0,1,0,0,0,0,0,0
-1.5798056581783615,-0.7072347469896374,0.4709491333172068,0.27124681819922136,1.552060970792175,-0.1783089197011516,-0.4045778826978644,-1.9089370689470435,0.7554943312947617,-0.10905595352690407,-0.541237676690057,0.42427550486349236,-0.18066851602864512,0,1,0,0,0,0,0,0
-1.5798056581783615,-0.9954721192001582,-0.1488648360634168,-0.30240025517377617,1.552060970792175,-0.17620698421840297,-0.40462374242508836,-1.9092416624879878,0.7555557443532449,-0.10888086171640275,-0.5403072333712836,0.42427550486349236,-0.18066851602864512,0,1,0,0,0,0,0,0
-1.5798056581783615,-1.2463303482317991,0.06172093468977776,0.44641782753740344,1.552060970792175,-0.968351892676126,-0.40458174863887036,-0.5374881863302596,0.8581514058934181,0.28170304118668604,-0.5410246729034796,0.42427550486349236,-0.18066851602864512,0,1,0,0,0,0,0,0
-1.5798056581783615,-0.4110093286413262,-0.370858115797043,-0.8721364500558381,1.552060970792175,0.2602045591440095,-0.3996756758756973,-2.1464541728205773,0.27547524275835095,-0.8864132756848605,-0.5410255641327121,0.42427550486349236,-0.18066851602864512,0,1,0,0,0,0,0,0
-1.5798056581783615,-0.38937183236173334,-0.6979966127492072,-1.2193758706803912,1.552060970792175,0.2603016382148008,-0.4046161017352866,-2.1465694244306643,0.27547103561394914,-0.8864173388893213,-0.5410264553619445,0.42427550486349236,-0.18066851602864512,0,1,0,0,0,0,0,0
-1.5798056581783615,-1.3305189924483254,-0.07796230525091867,0.4068729544056372,1.5522764699038445,-0.9752653620853683,-0.4044990509218726,-0.5388341604909183,0.8611282602844694,0.29845770046638587,-0.5404061598160959,0.42427550486349236,-0.18066851602864512,0,1,0,0,0,0,0,0
-1.5798056581783615,-0.9909998259755444,0.02659654370277167,0.08305639661562426,1.5522764699038445,-0.8337627158752379,-0.8530207335728347,-0.5346192444648803,0.8607293152473919,0.2961759280128311,-0.5410006097142009,0.42427550486349236,-0.18066851602864512,0,1,0,0,0,0,0,0
-1.5798056581783615,-0.3176444649617771,-0.6873082341942984,-1.2299934208072154,1.5522764699038445,0.2601911195527331,-0.4045755442471095,-2.1464459405627143,0.2754457925308938,-0.8864417176920919,-0.541033585195805,0.42427550486349236,-0.18066851602864512,0,1,0,0,0,0,0,0
-1.5798056581783615,-0.8629669535801914,-0.49583328790274556,-0.6917190298677514,1.5522764699038445,-0.8104095170894775,-0.7061157657721436,-0.5375128831038497,0.8582376331380203,0.2821797893705085,-0.5410228904450144,0.42427550486349236,-0.18066851602864512,0,1,0,0,0,0,0,0
-1.5798056581783615,-0.3507098005770348,-0.2020073676149585,-0.7883714111917872,1.5522764699038445,0.2612135681899544,-0.4046769324112574,-2.152665411378479,0.27598843695496517,-0.8859174132695133,-0.5412510451285449,0.42427550486349236,-0.18066851602864512,0,1,0,0,0,0,0,0
-1.5798056581783615,0.9860622835592658,-0.030427924126578222,-1.1330568738213758,-1.3489769593710064,-0.6606745300319581,-0.11090321676517041,0.3219801152487167,0.7727064512943204,-0.05820100145938688,-0.647268109714717,0.42427550486349236,-1.1056913180953083,0,0,1,0,0,0,0,0
-0.3847551571862075,-0.6991163485387812,0.39519346922070964,0.9586065570923636,-1.3489769593710064,-1.2712683729183305,-1.6579333091348802,-1.3364576248714362,-0.5306862122666367,-1.2536412611265697,-0.8896459205673918,-2.356959071492339,-1.1056913180953083,0,0,1,0,0,0,0,0
-1.5798056581783615,-1.6287297005079042,-0.061960773915516125,0.7640115254764792,-1.3489769593710064,-1.825869227182264,-1.8700300225321573,-1.6886583130393762,0.09061191082771335,-1.0384833742207067,-0.9212667337379536,-2.356959071492339,-2.030714120161971,0,0,1,0,0,0,0,0
-0.3847551571862075,0.6915192502742018,-0.23545998184564748,-0.9685263731218624,0.3989973717994206,0.2390856955297107,-0.45734375817405115,-2.146437708304851,0.2754563105273011,-0.8864315599459365,-0.5533530468772221,0.42427550486349236,0.7443542860380179,0,1,0,0,0,0,0,0
0.8102953438059464,1.506970496956517,0.15473902058828598,-0.5672446501387013,0.3989973717994206,1.7388619848636508,-0.40505749782160627,-0.5406082120604714,0.859853266234017,0.29120566234888384,-0.5668694294179418,0.42427550486349236,-0.18066851602864512,0,1,0,0,0,0,0,0
0.8102953438059464,-0.5710347115116413,-0.4034575374932429,-0.0958887781566515,0.3989973717994206,-0.3208716877771444,-0.4476695375592925,-0.5385254508210424,0.8601970235780851,0.29314943986819025,-0.5295857457038129,0.42427550486349236,0.7443542860380179,0,1,0,0,0,0,0,0
0.8102953438059464,-0.3124575804865732,-1.2892464010527027,-1.2685720583400848,0.8993742060604584,1.0787440478854067,1.54928649914353,-0.16182556325175648,-1.9974538019258434,1.2763247245876481,1.0938658383132305,0.42427550486349236,-0.18066851602864512,0,1,0,0,0,0,0,0
-0.3847551571862075,-0.037773066608447814,-1.1161450617816586,-1.4398275682742694,0.8993742060604584,1.1751137238512117,1.5493491918527007,-0.2045180525311183,-2.0212355478075144,1.1262282402549317,1.0938613821670673,0.42427550486349236,-0.18066851602864512,0,1,0,0,0,0,0,0
0.8102953438059464,0.3184011487887585,-0.8808017049582403,-1.203094291377861,0.8993742060604584,1.3398317184145576,2.4837477522989317,0.7611257948404859,-2.0212730058258694,1.1259394501744708,1.0503702868482887,0.42427550486349236,-0.18066851602864512,0,1,0,0,0,0,0,0
0.8102953438059464,-0.31028004542090104,-1.5699342328128052,-1.4897237485398376,0.8993742060604584,1.1760056526039073,1.5451541744904496,-0.20502022026078298,-2.0212238077114426,1.1263187030826807,1.0938863365855789,0.42427550486349236,-0.18066851602864512,0,1,0,0,0,0,0,0
0.8102953438059464,-0.11805490178284528,-1.5061946938297601,-1.5131166951320973,0.8993742060604584,1.1755113128981944,1.5492308994040096,-0.20476913639595065,-2.0212387080924423,1.1262038847530969,1.0938925751902067,0.42427550486349236,-0.18066851602864512,0,1,0,0,0,0,0,0
-0.3847551571862075,-0.07445637329177682,-1.1628928661130065,-1.4715085196243978,0.8993742060604584,1.1752380599044778,1.5491398894927266,-0.20446454285500648,-2.0212387080924423,1.1262038847530969,1.0938970313363692,0.42427550486349236,-0.18066851602864512,0,1,0,0,0,0,0,0
0.8102953438059464,-0.10563582498816357,-1.4541413315282907,-1.48937133681154,0.8993742060604584,1.1785936077789414,1.5493020105474131,-0.21056052980282122,-2.0214400666435193,1.1246485022330754,1.094223221235479,0.42427550486349236,-0.18066851602864512,0,1,0,0,0,0,0,0
0.8102953438059464,0.08230364443419591,-0.8846193218372026,-1.077189249292786,0.8993742060604584,1.2058059805365866,1.5492102445951548,-0.2244648133340288,-2.0193778646182534,1.1402584970379295,1.094493263692939,0.42427550486349236,-0.18066851602864512,0,1,0,0,0,0,0,0
0.8102953438059464,-0.11150166530196642,-0.45648902581285095,-0.7089652582251036,0.8993742060604584,1.1881168288635968,1.5492282466656673,-0.2007394461718381,-2.0210559602986398,1.1276094581569958,1.1049723370091584,0.42427550486349236,-0.18066851602864512,0,1,0,0,0,0,0,0
-1.5798056581783615,-0.2921085991582851,0.19492856190304722,-0.2911714060306384,0.8993742060604584,0.35280889546188743,-0.4098350263324517,-1.9881190412057288,0.13838797094738986,-1.0039255768481083,-0.5414988068551913,0.42427550486349236,-0.18066851602864512,0,1,0,0,0,0,0,0
0.8102953438059464,-1.2940954521267172,-1.4094568336886348,-0.7945417238744581,-1.430248536213195,-0.538615741434353,-1.3476690940079505,0.8379286445766615,0.46597460606306695,-0.6672377427677411,-0.8036039767701657,0.42427550486349236,0.7443542860380179,0,0,0,0,0,0,1,0
0.8102953438059464,1.4474446408216552,0.12422040087463071,-0.7431095038214025,-0.22702847122744452,1.8047474390766822,0.5999289652532298,-1.3372767345288399,0.547601106006644,2.087674929114823,0.07782262544232273,0.42427550486349236,1.669377088104681,0,1,0,0,0,0,0,0
0.8102953438059464,-0.08233938810192822,-1.6013435771580342,-1.5921102368581368,0.8984547676404111,1.1893867296098533,1.5493760272620594,-0.2248270326800164,-2.0194547698675827,1.1396885989418486,1.0938462312701145,0.42427550486349236,-0.18066851602864512,0,1,0,0,0,0,0,0
0.8102953438059464,-0.13598533724902392,-1.3389124036232398,-1.391951928630275,0.8984547676404111,1.1781269396150482,1.5492678245666842,-0.20470739446197547,-2.0212373537111183,1.1262143228318113,1.0943872074142669,0.42427550486349236,-0.18066851602864512,0,1,0,0,0,0,0,0
0.8102953438059464,-0.2488851852138752,-1.365765156099202,-1.3843378501529955,0.8984547676404111,1.1765894877598164,1.5461722127185589,-0.2045180525311183,-2.021235999290041,1.1262247609007772,1.0948524290736532,0.42427550486349236,-0.18066851602864512,0,1,0,0,0,0,0,0
0.8102953438059464,-0.013349412794397055,-1.4442677756942996,-1.5083100954716104,0.8984547676404111,1.1890966720428078,1.5492070664780955,-0.22455125204159396,-2.019479598024534,1.139504418089365,1.093900596253299,0.42427550486349236,-0.18066851602864512,0,1,0,0,0,0,0,0
0.8102953438059464,-0.2551880331156744,-1.3173351694624376,-1.3233262305430566,0.8984547676404111,1.0837508949264072,1.5493047363457162,-0.1619984406668869,-1.9974538019258434,1.2763247245876481,1.094333733660314,0.42427550486349236,-0.18066851602864512,0,1,0,0,0,0,0,0
0.8102953438059464,-0.6877400878178923,-1.3438298550809724,-1.1653704609180815,0.9004412679373374,0.4161236723772241,1.55031945234156,1.0522060845019425,-1.9948232369861119,1.2901449185301672,1.0936323362543046,0.42427550486349236,-1.1056913180953083,0,1,0,0,0,0,0,0
0.8102953438059464,-0.12898665285167277,-1.2671683308598491,-1.349639770356027,0.9004412679373374,1.179851155959361,1.551255524083737,-0.20048836230700573,-2.0211234437635937,1.1270910866092931,1.0934861746601674,0.42427550486349236,-0.18066851602864512,0,1,0,0,0,0,0,0
0.8102953438059464,-0.5548841911825293,-1.3746573358095506,-1.243350801631218,0.9004412679373374,0.41615105583398343,1.5493229139398768,1.0521237619233093,-1.9948331301598883,1.2900936786935984,1.0943087792418031,0.42427550486349236,-1.1056913180953083,0,1,0,0,0,0,0,0
0.8102953438059464,-0.4622770570398693,-1.3092067795141982,-1.218683838966449,0.9004412679373374,1.1218164846127965,1.5464004654301138,-0.22500402622407856,-2.0194153941966877,1.1399805017473956,1.0938595997086022,0.42427550486349236,-1.1056913180953083,0,1,0,0,0,0,0,0
0.8102953438059464,-0.2481152639113544,-1.7597364222530296,-1.6389872931386236,0.9004412679373374,1.0831265427223595,1.549217633046838,-0.16198609228009192,-1.9974531598910057,1.276328146876157,1.094206287880061,0.42427550486349236,-0.18066851602864512,0,1,0,0,0,0,0,0
0.8102953438059464,-0.7547278935674496,-1.6715843109294541,-1.3815305311076065,0.9004412679373374,0.41736565344402693,1.5491964579661954,1.0521484586968992,-1.9948397250669954,1.2900595186047372,1.0941581615015035,0.42427550486349236,-1.1056913180953083,0,1,0,0,0,0,0,0
0.8102953438059464,-0.27683678289648683,-1.5249134169545662,-1.4734868877656588,0.9004412679373374,1.0839349393811784,1.5493852082780486,-0.161895537443595,-1.997446097221042,1.2763657919480789,1.0942089615677584,0.42427550486349236,-0.18066851602864512,0,1,0,0,0,0,0,0
0.8102953438059464,-0.14404371756687356,-0.9532613674667914,-1.0654533147902066,0.9004412679373374,1.1115027609309962,1.54696162324971,-0.2050161041318513,-2.0212238077114426,1.1263187030826807,1.094468309274428,0.42427550486349236,-1.1056913180953083,0,1,0,0,0,0,0,0
0.8102953438059464,-0.14031321148660872,-1.3425846246026485,-1.3896296092759797,0.9004412679373374,1.1867946540838579,1.5448113614627694,-0.2047979492984724,-2.02123464482921,1.126235198959992,1.1050177897000182,0.42427550486349236,-0.18066851602864512,0,1,0,0,0,0,0,0
0.8102953438059464,0.046861025524550855,-0.7645352440661624,-0.9466942997314195,0.9004412679373374,1.0801416676650244,1.5467130560740472,-0.16190788583039006,-1.9974518758082955,1.2763349914485538,1.0945413900714964,0.42427550486349236,-0.18066851602864512,0,1,0,0,0,0,0,0
-0.3847551571862075,-0.13430013901303345,-1.2949886899565797,-1.5223109293805355,0.9009152857345285,1.17579974698917,1.5492361749456351,-0.20520132993377682,-2.0213334159954646,1.1254731950322163,1.0940128911365994,0.42427550486349236,-0.18066851602864512,0,1,0,0,0,0,0,0
-1.5798056581783615,-0.3585890639500317,-1.2547489822911444,-1.6461256572247276,0.9009152857345285,-0.32434449069939336,0.0027514496432749797,0.640119836507023,0.6771319987246832,-0.3042004681005615,-0.635171455341435,0.42427550486349236,-0.18066851602864512,0,1,0,0,0,0,0,0
-0.3847551571862075,-0.08078641708733605,-1.1893572543246589,-1.481302134524806,0.9009152857345285,1.1753015932403343,1.5492202567929494,-0.20455098156257173,-2.0212499930575007,1.1261169003846918,1.0938934664194389,0.42427550486349236,-0.18066851602864512,0,1,0,0,0,0,0,0
0.8102953438059464,-0.026074207409842582,-1.5920928637234204,-1.6077868592682953,0.9009152857345285,1.1814436394879582,1.5493605522627387,-0.20485969123244757,-2.021227871928755,1.1262873891098086,1.0938622733963002,0.42427550486349236,-0.18066851602864512,0,1,0,0,0,0,0,0
-0.3847551571862075,-0.23175467930647417,-1.3688222253726925,-1.5513322991775385,0.9009152857345285,1.1752198207111182,1.5492612193022086,-0.20485969123244757,-2.021227871928755,1.1262873891098086,1.0938836628978807,0.42427550486349236,-0.18066851602864512,0,1,0,0,0,0,0,0
0.8102953438059464,-0.08630809099564113,-1.3521326700906,-1.4125457776643773,0.9009152857345285,1.1811594422047382,1.5492752685237516,-0.20494201381108107,-2.021230581208197,1.1262665130791352,1.0938551435624395,0.42427550486349236,-0.18066851602864512,0,1,0,0,0,0,0,0
0.8102953438059464,-0.1441281176106505,-1.721702395409167,-1.6498526478891655,0.9009152857345285,1.1781678379482694,1.5493139752176135,-0.2095603104724236,-2.0213883473179086,1.1250486771996495,1.0941171649568069,0.42427550486349236,-0.18066851602864512,0,1,0,0,0,0,0,0
-0.3847551571862075,-0.12580287538860965,-1.4628132460317949,-1.6419942708684088,0.9009152857345285,1.175377827352674,1.5492243916920099,-0.2048102976852674,-2.021234193333432,1.1262386783108969,1.0938800979809506,0.42427550486349236,-0.18066851602864512,0,1,0,0,0,0,0,0
0.8102953438059464,-0.15049285936403428,-1.0325548453552373,-1.1324811777062378,0.9009152857345285,1.178035825175039,1.5492302493091847,-0.20482676220099416,-2.0212332903286256,1.126245637009457,1.0942134177139213,0.42427550486349236,-0.18066851602864512,0,1,0,0,0,0,0,0
0.8102953438059464,-0.12818672329289513,-1.523662783376479,-1.5193037759986985,0.9009152857345285,1.1913684298946459,1.5492827508334164,-0.20471151059090714,-2.0212391595440495,1.1262004053913586,1.1049919440522744,0.42427550486349236,-0.18066851602864512,0,1,0,0,0,0,0,0
-0.3847551571862075,-0.19826640358742845,-1.3343207762275797,-1.5432152093370015,0.9009152857345285,1.1859097838372052,1.5493019525395075,-0.20470739446197547,-2.02123961099124,1.1261969260285374,1.1049937265107397,0.42427550486349236,-0.18066851602864512,0,1,0,0,0,0,0,0
0.8102953438059464,-0.3803259652117762,-0.2561729821044057,-0.05614295636349907,-0.8712695948782369,0.250874179618225,-0.7754762351789733,0.35708657890699635,0.7792587644810597,-0.03781940769502098,-0.5290715064366368,0.42427550486349236,0.7443542860380179,0,0,0,0,0,0,1,0
-0.3847551571862075,-1.537129747027047,-0.7884079458729656,-0.20054528482720632,-0.8696280110348239,-0.7041452075024802,-0.009570799970690894,0.8658154180887782,0.37773299517458286,-0.7781533013418479,-0.8035995206240029,0.42427550486349236,-1.1056913180953083,0,0,1,0,0,0,0,0
-1.5798056581783615,1.284957573802931,0.8311497896416293,-0.22837463772148034,-0.08438694786059793,-0.08209885078716855,0.03125083155600488,0.7790844653693961,0.525846069174679,-0.5806432637460857,-0.561041681466355,0.42427550486349236,0.7443542860380179,1,0,0,0,0,0,0,0
-0.3847551571862075,1.7117825800226425,1.2224079730403403,0.5129782372482002,-0.08438694786059793,-0.08132822571193876,-1.047474450703266,0.7270442472861941,0.694564090863483,-0.26494770250234007,-0.5831584261010976,0.42427550486349236,-0.18066851602864512,1,0,0,0,0,0,0,0
-0.3847551571862075,0.0016776420440549871,0.7189552606139794,1.0742693799278324,0.211418240364823,-0.21603346236627632,0.1543933125198466,0.3179133798642191,0.7756218468239918,-0.04920718500695915,-0.658971731996448,0.42427550486349236,-1.1056913180953083,0,1,0,0,0,0,0,0
-1.5798056581783615,0.8478835229799003,1.03154526297328,0.20760191607714085,-1.5637870158210856,0.39247722181867095,-0.11237842524878983,0.29106798697181663,0.8265000458855831,0.13173298027351507,-0.5965179522968904,0.42427550486349236,-0.18066851602864512,0,0,1,0,0,0,0,0
0.8102953438059464,-1.3069890476399628,-0.9504214502058427,-0.1973503008617315,-1.0653321569411907,-0.604244284329659,-0.08433710864181593,0.852931934532627,0.4355209264062021,-0.7075836808017052,-0.7790167447028188,0.42427550486349236,-1.1056913180953083,0,0,0,0,0,0,1,0
0.8102953438059464,-1.5404344982102889,-1.2917861675722488,-0.31455372341819515,-1.0653321569411907,-0.723619445927846,-0.08446353990648846,0.8312399350626851,0.46303906248311494,-0.6712289586859124,-0.8050112277283482,0.42427550486349236,-1.1056913180953083,0,0,0,0,0,0,1,0
0.8102953438059464,-1.0311641884244707,-0.7880655836485985,-0.20938736396182367,-1.0653321569411907,-0.2708937356184802,0.4729047568439282,-0.02514950207539617,0.690779252472658,-0.2736423875912279,-0.7094046118074899,0.42427550486349236,-1.1056913180953083,0,0,0,0,0,0,1,0
0.8102953438059464,-1.5389030967439696,-0.6347161603120645,0.3803850662814503,-1.0653321569411907,-0.6986784748061382,-0.009935896422971062,0.8658565793780951,0.3777035028504283,-0.7781874554346574,-0.8036396259394674,0.42427550486349236,-1.1056913180953083,0,0,0,0,0,0,1,0
-0.3847551571862075,-1.5430724853205626,-0.9378384101459832,-0.20683654973646437,-1.0653321569411907,-0.7398451735941347,-0.0843730950784602,0.8378463219980279,0.46593262273781627,-0.667294981957142,-0.8035950644778403,0.42427550486349236,-1.1056913180953083,0,0,0,0,0,0,1,0
0.8102953438059464,-1.4251667455439385,-1.2196391450579658,-0.4678198152521222,-1.0653321569411907,-0.6898682018986966,-0.0859294406159707,0.8239543868536154,0.5150771638849955,-0.5969888085289953,-0.778804632145474,0.42427550486349236,-1.1056913180953083,0,0,0,0,0,0,1,0
-0.3847551571862075,0.007268711868008567,-0.22472427084803098,-0.5663404959587328,0.4633340191339868,0.3060599593570335,-0.4572486958835374,-1.7165862478408098,0.09349717100724382,-1.036482871699639,-0.5717061304629433,0.42427550486349236,-0.18066851602864512,0,1,0,0,0,0,0,0
0.8102953438059464,-0.6446704698329073,-0.3128043669578523,0.12275582418387672,0.4633340191339868,-0.32251315866070435,-0.4487712931713691,-0.5385089863053157,0.8602200526580356,0.2932799575438063,-0.5295723772653248,0.42427550486349236,0.7443542860380179,0,1,0,0,0,0,0,0
0.8102953438059464,-0.5490427327794969,-0.06277688146277847,0.022654998670140883,0.4633340191339868,-0.17709331541693174,0.09523656909258646,0.33893445031829744,0.7716448594393387,-0.06144700702174702,-0.6482297460566289,0.42427550486349236,-1.1056913180953083,0,1,0,0,0,0,0,0
0.8102953438059464,0.13018128253106254,0.21093616406126953,0.3363082266122537,0.006303519955040336,0.4880661663446607,0.2685669230702424,1.025212510968,-2.003658971757752,1.242012794584495,1.7024265688570412,0.42427550486349236,-0.18066851602864512,0,0,0,0,0,0,1,0
0.8102953438059464,0.5372077874768423,0.33716182564417174,0.07401475508225835,0.003949560730976718,1.5987176147672102,1.5868399755227978,1.5046386282851678,-0.6071467482891961,2.7949830703931786,1.09326604103973,0.42427550486349236,-0.18066851602864512,0,0,0,0,0,0,1,0
0.8102953438059464,-0.19778813343170942,-0.7075409082217349,-0.7400332429830854,0.003949560730976718,0.4787730808541787,1.591624147034662,1.0837809095368427,-1.9875708549615307,1.326348265476698,1.096051132391421,0.42427550486349236,-1.1056913180953083,0,0,0,0,0,0,1,0
0.8102953438059464,-0.587578163688284,-0.05617539988816611,0.24099519391413196,0.003949560730976718,0.48868278246983643,0.26753790405607203,1.0251795819365466,-2.0036523882844985,1.2420506034621408,1.7030415170274948,0.42427550486349236,-0.18066851602864512,0,0,0,0,0,0,1,0
0.8102953438059464,-0.20135546495966142,-0.2285778671049392,-0.12123320290520133,0.003949560730976718,0.492516508931152,0.26936283413157425,1.0252042787101365,-2.0036565778285675,1.2420265432873805,1.7024301337739716,0.42427550486349236,-0.18066851602864512,0,0,0,0,0,0,1,0
-1.5798056581783615,0.41365189719742423,0.6120416996309257,-0.13461935518395396,0.1662175141885266,-0.75969990478953,-1.2550914093745928,-0.5370806895660235,0.8582041447769042,0.28199457442985976,-0.5446172179398531,0.42427550486349236,-0.18066851602864512,0,0,1,0,0,0,0,0
-0.3847551571862075,1.4752893306478063,1.1960912631338274,0.6350849195255623,0.1672561222880854,-0.009061022886483283,-1.229484087162437,0.7401993953518361,0.7078509552796752,-0.23361541390144464,-0.6282644287892407,0.42427550486349236,-0.18066851602864512,0,0,1,0,0,0,0,0
-0.3847551571862075,1.348207371408159,0.24495184325732997,-0.721320034135643,0.17041494409277286,0.7565791514408807,1.4405433906711804,0.4456944864192236,0.6570946050108136,1.888162644764058,-0.13318302519566916,0.42427550486349236,-1.1056913180953083,0,0,1,0,0,0,0,0
-0.3847551571862075,0.5368645585255103,0.4145159706558789,-0.07056811496011424,0.16933128631134658,-0.09491196598746017,-0.5275981641096155,-0.18166118857351163,0.8587945190644267,1.2559077495869642,-0.30909652480235056,0.42427550486349236,-1.1056913180953083,0,0,1,0,0,0,0,0
-1.5798056581783615,1.5111333209232116,1.6432786776272683,0.9827041561227746,0.16933128631134658,-0.17651091306013056,0.24851790523010361,0.8657783729283933,0.3783718357899686,-0.777413035382133,-0.8309014369336704,0.42427550486349236,-1.1056913180953083,0,0,1,0,0,0,0,0
-1.5798056581783615,-0.06663243916046524,0.5666588579315467,0.024963554095202147,0.16933128631134658,-0.548348943331996,0.47147053723955856,0.854207934501447,0.7088797544574492,-0.23113458868188091,-0.6948517296693246,0.42427550486349236,-1.1056913180953083,0,0,1,0,0,0,0,0
-1.5798056581783615,-0.770787449242886,0.6469192609070259,0.8143476020076409,0.2131152242645965,-0.869171141477692,-0.46238809830969035,-0.5340882638326938,0.860752800426212,0.2963099301976153,-0.5533637416280125,0.42427550486349236,-0.18066851602864512,0,1,0,0,0,0,0,0
0.8102953438059464,-0.7283095730697345,-0.13926818530789895,0.6527951885594503,0.2131152242645965,-0.9711224268119594,-1.56498436198086,-0.841217340198762,0.8381769310812761,0.18221583535142047,-0.5966774823295151,-2.356959071492339,-1.1056913180953083,0,1,0,0,0,0,0,0
0.8102953438059464,0.46509967918474077,0.5204588950823598,0.6667525055409079,0.2131152242645965,-0.5766412112199574,-0.7175295460842507,-0.04940584986977332,0.8752665584187569,0.3885184325482125,-0.5295732684945574,0.42427550486349236,1.669377088104681,0,1,0,0,0,0,0,0
-0.3847551571862075,-1.4359859624108182,-0.8173787156332871,-0.37093978981931225,0.2131152242645965,-1.4729008692505403,-1.8484684745610476,-1.988279570234064,0.13798469374642203,-1.004230267488937,-0.9528474415930512,-2.356959071492339,-1.1056913180953083,0,1,0,0,0,0,0,0
0.8102953438059464,0.6482714536087755,-0.3723813017975094,-0.8160681513223821,-0.10467128499881988,1.6536314776427328,0.26651148802143887,1.5046427444140997,-0.6071493182630686,2.7949829841446188,1.7024301337739716,0.42427550486349236,0.7443542860380179,0,0,0,0,0,0,1,0
0.8102953438059464,0.4973754004780284,-0.5968077968763971,-0.9758125065649248,-0.10467128499881988,1.670149599098446,0.2716232637225068,1.5043669637756771,-0.6070105395174655,2.7949876327423726,1.702434589920134,0.42427550486349236,0.7443542860380179,0,0,0,0,0,0,1,0
0.8102953438059464,0.09062648000508727,-0.6471672837304974,-0.8552648365689455,-0.10489564717621484,0.7279441068946536,0.26787228758213955,1.248751240989556,-1.890614958747488,1.670711324631892,1.7024336986909019,0.42427550486349236,0.7443542860380179,0,0,0,0,0,0,1,0
-1.5798056581783615,0.6554680097060173,1.0645248562177019,0.45396110744059504,-0.08394405867079847,-0.5107024587909664,-0.32903652517736787,0.854347882885124,0.7124718361002317,-0.22240832301519928,-0.707790595667358,0.42427550486349236,-0.18066851602864512,1,0,0,0,0,0,0,0
0.8102953438059464,1.139048657728919,0.4158414489595935,-0.007184900019451575,0.8811526726638307,0.06851193451771719,-0.02437514303710485,0.8412338961087988,0.5927679116460446,-0.4703109807234097,-0.6391855518048007,0.42427550486349236,-0.18066851602864512,0,1,0,0,0,0,0,0
0.8102953438059464,-1.8725789299053863,-1.3838425334218944,-0.07034074095423447,-0.6794957701654969,-1.6464944830600745,-1.8011863481279873,-0.8673506427859843,0.23147669415301314,-0.9272981473949701,-0.9279901670682446,-2.356959071492339,-0.18066851602864512,0,0,1,0,0,0,0,0
0.8102953438059464,-1.671681157945454,-1.3912663236156784,-0.35820887324707956,-0.6794957701654969,-1.6300667301698366,-1.8012622327237817,-0.9825322786811231,0.2275561698790438,-0.9307892051945916,-0.9279937319851748,-2.356959071492339,-0.18066851602864512,0,0,1,0,0,0,0,0
0.8102953438059464,-1.5968769201286501,-0.29596520656181935,1.276388126758212,-0.6794957701654969,-1.6321904072789803,-1.8050471502903285,-0.9824664206182165,0.22723215676034786,-0.9310766406948832,-0.9279411494604549,-2.356959071492339,-0.18066851602864512,0,0,1,0,0,0,0,0
0.8102953438059464,0.6272181962667057,-0.1118836477224783,-0.5316053505751476,0.6787227939358097,-0.19202822697082775,-0.36046891332290154,-0.06929910099657197,0.8739379128996608,0.37913072371634116,-0.5386736101880357,0.42427550486349236,0.7443542860380179,0,0,0,0,0,0,0,1
-1.5798056581783615,0.36518814363421154,0.2275020504889866,-0.6695167904139577,0.8551428648951882,0.6923503940570828,1.6185912661495494,0.7998256390561205,-1.8688954227998056,-0.18735536829670923,1.4353670556383702,0.42427550486349236,-1.1056913180953083,0,1,0,0,0,0,0,0
-1.5798056581783615,-0.43609318191844726,0.6498457945044905,0.7555763796937335,0.8551428648951882,-0.19990347895994381,1.0595988099971674,1.3686170316089443,-1.8155815873256562,-0.31284043075475204,1.4649023924047861,0.42427550486349236,-1.1056913180953083,0,1,0,0,0,0,0,0
0.8102953438059464,0.9429842260560505,0.5928919188893516,0.21755899397617026,0.8551428648951882,1.4040947517264173,1.0535353431916554,-1.3120119351462018,-1.3170945085809822,-0.9755616344413595,1.7034425701821385,0.42427550486349236,-0.18066851602864512,0,1,0,0,0,0,0,0
-1.5798056581783615,-0.4705304958848671,0.416227775867152,0.3611226891237244,0.8551428648951882,0.01936568647102934,1.0594984793927966,0.9655204092008087,-1.8161163377768128,-0.3116786712393302,1.464912195926344,0.42427550486349236,-1.1056913180953083,0,1,0,0,0,0,0,0
-0.3847551571862075,0.7639734006903789,0.748205429491356,-0.005882746069063653,0.8551428648951882,1.9295675157407353,1.6193131522130797,-1.3120407480487235,-1.3170878583395775,-0.9755670037159119,1.714211292998934,0.42427550486349236,-0.18066851602864512,0,1,0,0,0,0,0,0
-1.5798056581783615,0.6542976553021476,-0.04757427042207386,-1.0217752156587496,0.8551428648951882,1.3809333150124954,1.0582047195662638,-1.3120407480487235,-1.3170856415878986,-0.9755687934634579,1.7025299514480163,0.42427550486349236,-0.18066851602864512,0,1,0,0,0,0,0,0
-0.3847551571862075,0.6201660591564921,0.05153279186023003,-0.6306061617685432,0.8551428648951882,1.3823984109508096,1.0517095681150503,-1.3120407480487235,-1.3170856415878986,-0.9755687934634579,1.7032866050664435,0.42427550486349236,-0.18066851602864512,0,1,0,0,0,0,0,0
-1.5798056581783615,0.2739642413439328,-0.7262067787280894,-1.4590409482271967,0.8551428648951882,1.3799869625769186,1.057517112763329,-1.312048980306587,-1.317083424833947,-0.9755705832056851,1.7025308426772487,0.42427550486349236,-0.18066851602864512,0,1,0,0,0,0,0,0
0.8102953438059464,0.198003715797222,0.21904929022291902,0.32166359905727826,0.8551428648951882,-0.1123153290760011,-0.10413951281821696,0.6947655642039772,0.6681579380648046,-0.32365440899157616,-0.7054635961411928,0.42427550486349236,-1.1056913180953083,0,1,0,0,0,0,0,0
-1.5798056581783615,0.3374916234219993,-0.7051561671433839,-1.4866476371280901,0.8551428648951882,1.38177097011785,1.0594038957818819,-1.312036631919792,-1.317083424833947,-0.9755705832056851,1.7025326251357138,0.42427550486349236,-0.18066851602864512,0,1,0,0,0,0,0,0
0.8102953438059464,-0.040853687652204825,-0.8531865512027348,-0.987316652627331,0.8998189030250509,1.1769451658296948,1.5466431829785219,-0.2049749428425345,-2.0212256140744183,1.1263047857722397,1.0938738593763229,0.42427550486349236,-0.18066851602864512,0,1,0,0,0,0,0,0
0.8102953438059464,1.4937786856865716,-0.30764791377482154,-1.0658443360610457,0.8998189030250509,2.0726681053508496,1.5493477351217289,-0.20485145897458415,-2.021232387306151,1.1262525957036833,1.0938792067517182,0.42427550486349236,0.7443542860380179,0,1,0,0,0,0,0,0
0.8102953438059464,-0.2808336191381256,-1.205017632198679,-1.292029345291883,0.8998189030250509,1.07924807451734,1.545342515195554,-0.16184614389641488,-1.9974486655254893,1.2763521028525853,1.095255264686762,0.42427550486349236,-0.18066851602864512,0,1,0,0,0,0,0,0
0.8102953438059464,-0.03976867155652356,-1.3197367183772668,-1.431961326819091,0.8998189030250509,1.1823831564697993,1.5518740859280262,-0.20481852994313074,-2.0212337418332376,1.1262421576607184,1.0931965251595919,0.42427550486349236,-0.18066851602864512,0,1,0,0,0,0,0,0
0.8102953438059464,0.016708448319661538,-1.5969272495636715,-1.6173244158809412,0.8998189030250509,1.177057255437858,1.549229299701442,-0.20475678800915556,-2.0212400624340128,1.1261934466646324,1.0938881190440435,0.42427550486349236,-0.18066851602864512,0,1,0,0,0,0,0,0
0.8102953438059464,-0.23907783708987324,-1.5986252247118773,-1.5370640268656164,0.8998189030250509,1.0801239941094336,1.5470134463936263,-0.16193258260398008,-1.997447381381955,1.2763589474034127,1.0941955931292704,0.42427550486349236,-0.18066851602864512,0,1,0,0,0,0,0,0
0.8102953438059464,-0.43435734333209236,-1.2007294362294254,-1.206306417831541,0.8998189030250509,1.078983350911217,1.5468655220272942,-0.16184202776748324,-1.9974300437433394,1.2764513482363886,1.0945529760515196,0.42427550486349236,-0.18066851602864512,0,1,0,0,0,0,0,0
0.8102953438059464,-0.2031363175508935,-1.0309220485552588,-1.1275124810831807,0.8998189030250509,1.188713355990642,1.549232555663518,-0.20447277511286982,-2.0212387080924423,1.1262038847530969,1.1044652275758426,0.42427550486349236,-0.18066851602864512,0,1,0,0,0,0,0,0
0.8102953438059464,-0.043189708378868936,-1.3604662960854403,-1.4418798848708474,0.8998189030250509,1.1882518631761618,1.5497096142874476,-0.2047156267198388,-2.0212391595440495,1.1262004053913586,1.1048912351489972,0.42427550486349236,-0.18066851602864512,0,1,0,0,0,0,0,0
-0.3847551571862075,-0.07533226418634677,-0.9382607574478607,-1.2741233478565368,0.8999078273547011,1.1752018034902525,1.5492335992436852,-0.20457979446509347,-2.021232387306151,1.1262525957036833,1.0938943576486713,0.42427550486349236,-0.18066851602864512,0,1,0,0,0,0,0,0
-1.5798056581783615,-0.27900962907083865,-0.5264209862541022,-1.1582897184299308,0.8999078273547011,1.1605636710189153,1.5520126662732918,-0.20489673639283265,-2.021230581208197,1.1262665130791352,1.0930984899440122,0.42427550486349236,-0.18066851602864512,0,1,0,0,0,0,0,0
0.8102953438059464,-0.20570772191826261,-0.6601872868129354,-0.8671922995356255,0.8999078273547011,1.1818989917411087,1.5518181303511547,-0.20480618155633573,-2.021234193333432,1.1262386783108969,1.09321345851501,0.42427550486349236,-0.18066851602864512,0,1,0,0,0,0,0,0
-0.3847551571862075,-0.3088527378280536,-1.777237969365922,-1.7647216107870491,0.8999078273547011,1.1751666982934614,1.5492977747785683,-0.20472385897770215,-2.0212355478075144,1.1262282402549317,1.0938694032301601,0.42427550486349236,-0.18066851602864512,0,1,0,0,0,0,0,0
0.8102953438059464,-0.1272714455491792,-1.0892185079508574,-1.1823913354136062,0.8999078273547011,1.178880321017687,1.5492352428888279,-0.2108280781833803,-2.0214234328872718,1.1247772557359312,1.09418846329541,0.42427550486349236,-0.18066851602864512,0,1,0,0,0,0,0,0
0.8102953438059464,-0.39509044051576375,-1.7924069898845516,-1.6139919199258672,0.8999078273547011,1.0810684473348944,1.5493093421064996,-0.16193258260398008,-1.9974467393036708,1.2763623696765165,1.0938640558547648,0.42427550486349236,-0.18066851602864512,0,1,0,0,0,0,0,0
0.8102953438059464,-0.6386630237048188,0.40526295354236425,1.5177797454661093,0.18424833227214388,-1.8096807061924152,-1.8810481734355187,-2.0240034532320954,0.40462436613551706,-0.7462403965251243,-0.8784039550281169,-2.356959071492339,-2.030714120161971,0,0,1,0,0,0,0,0
0.8102953438059464,0.02419290412655055,-1.1831967688864184,-1.3283125041137154,0.5708399144366517,1.181524914394808,1.5492746617464677,-0.20481441381419907,-2.021234193333432,1.1262386783108969,1.093902378711764,0.42427550486349236,-0.18066851602864512,0,1,0,0,0,0,0,0
0.8102953438059464,-0.1273624110131005,-1.4929530835422486,-1.5104999336808866,0.5708399144366517,1.1780304586061743,1.54930792299901,-0.20470739446197547,-2.0212391595440495,1.1262004053913586,1.0941982668169679,0.42427550486349236,-0.18066851602864512,0,1,0,0,0,0,0,0
0.8102953438059464,-0.3011178926318404,-0.7244967505037656,-0.7747168184283479,0.5708399144366517,1.093683011067359,1.5491320854850055,-0.16184202776748324,-1.9974332546561078,1.2764342370557686,1.1049919440522744,0.42427550486349236,-0.18066851602864512,0,1,0,0,0,0,0,0
0.8102953438059464,0.7066766574257201,1.2275760505415798,2.162865868865698,-2.1409478418918932,-1.631214428710249,-1.7354231051900264,-1.6908439775020967,0.09124340591519998,-1.0380464583153108,-0.9284705396245843,-2.356959071492339,-2.030714120161971,0,0,1,0,0,0,0,0
0.8102953438059464,-0.12843992504471727,-1.3913761223721888,-1.4303815713412773,0.5738687423869431,1.1879725673426946,1.5493082004958545,-0.20469916220411213,-2.0212400624340128,1.1261934466646324,1.104988379135344,0.42427550486349236,-0.18066851602864512,0,1,0,0,0,0,0,0
0.8102953438059464,-0.19175536712843863,-0.5360065964849642,-0.5977643126232105,0.5738687423869431,1.0706328110822383,1.5500492925816176,-0.16182556325175648,-1.9974538019258434,1.2763247245876481,1.0941920282123403,0.42427550486349236,-0.18066851602864512,0,1,0,0,0,0,0,0
0.8102953438059464,0.09890992791658812,0.546890698300837,1.0794324621113915,0.5738687423869431,-0.31671113695439884,-0.18388670336550172,0.32928212797351303,0.7731669010057828,-0.05678833457039589,-0.6446068992263491,0.42427550486349236,-0.18066851602864512,0,1,0,0,0,0,0,0
0.8102953438059464,-0.06728982626103758,-1.244395708679563,-1.3385378265804104,0.5728111390162071,1.1780359956900903,1.5483088222598969,-0.2049255492953544,-2.021227871928755,1.1262873891098086,1.0938613821670673,0.42427550486349236,-0.18066851602864512,0,1,0,0,0,0,0,0
0.8102953438059464,0.05595096841497429,-1.1429059093668466,-1.3341760694173308,0.5728111390162071,1.1812118237526823,1.5514965453124825,-0.20483911058778914,-2.0212301296726656,1.1262699924202895,1.0932713884151253,0.42427550486349236,-0.18066851602864512,0,1,0,0,0,0,0,0
-0.3847551571862075,-0.43078532372306516,-1.321738250876688,-1.444966692171906,0.5728111390162071,1.1091989052611912,1.5492403088291216,-0.21109151043500765,-2.021449954118006,1.1245719453962453,1.094242828278595,0.42427550486349236,-1.1056913180953083,0,1,0,0,0,0,0,0
-0.3847551571862075,-0.09582566369141857,-0.8197876223879527,-1.2047953927279522,0.5728111390162071,1.176948182373856,1.5521420085418738,-0.2045180525311183,-2.0212355478075144,1.1262282402549317,1.093126118050221,0.42427550486349236,-0.18066851602864512,0,1,0,0,0,0,0,0
0.8102953438059464,-0.07976517056181606,-1.0518217090878696,-1.1937214852269455,0.5728111390162071,1.1799148760061755,1.5468118166235245,-0.2044768912418015,-2.0212378051759767,1.1262108434733233,1.0945618883438446,0.42427550486349236,-0.18066851602864512,0,1,0,0,0,0,0,0
0.8102953438059464,-0.10083530694034644,-1.478487729141378,-1.5142394503524328,0.5728111390162071,1.1777104235047364,1.5482385735433792,-0.20474443962236058,-2.021243673817183,1.1261656117144003,1.0932428690796838,0.42427550486349236,-0.18066851602864512,0,1,0,0,0,0,0,0
0.8102953438059464,-0.07985238458858228,-1.287016368418799,-1.3661489328202134,0.5728111390162071,1.1820327882065667,1.549307785303225,-0.20468681381731707,-2.021241868160934,1.126179529198182,1.0938667295424627,0.42427550486349236,-0.18066851602864512,0,1,0,0,0,0,0,0
0.8102953438059464,-0.11112186267423321,-1.4799158224612259,-1.495699412735981,0.5728111390162071,1.1768198744395946,1.5493004156862376,-0.2044768912418015,-2.0212445766188045,1.1261586529660104,1.093867620771695,0.42427550486349236,-0.18066851602864512,0,1,0,0,0,0,0,0
-1.5798056581783615,-0.6453128519951054,-0.8345104573537929,-1.2300349292997743,0.5705111370426632,-0.3009720163753359,-0.39679998211434386,0.3292862441024447,0.7731658506454299,-0.05679156038827334,-0.5904468987648198,0.42427550486349236,-0.18066851602864512,0,1,0,0,0,0,0,0
-0.3847551571862075,0.8310052821804018,0.32237787304742466,-0.34254502614084426,-1.2228088777690305,-0.7646613297137058,-1.6992090211359323,-0.5375375798774398,0.8586594858050848,0.2845193583209719,-0.5440200943540504,0.42427550486349236,0.7443542860380179,0,1,0,0,0,0,0,0
0.8102953438059464,-0.031066033357898416,-0.18701040215476375,-0.14608750720412164,-0.740190467647249,-0.6013550731491115,-1.2495323663837594,-0.5381303024436014,0.8589102713747779,0.2859158810367827,-0.5561541803550991,0.42427550486349236,-1.1056913180953083,0,0,1,0,0,0,0,0
-0.3847551571862075,1.3047457598400547,0.19802575852383386,-0.717312492259715,0.8224195751260165,1.1498524947655262,0.8106232377326898,-2.1579011273795734,0.2864853752674173,-0.8756758680781179,-0.7429442415157133,0.42427550486349236,-1.1056913180953083,0,0,0,0,0,0,0,1
-0.3847551571862075,-1.1001541637320018,-0.47667392117781093,-0.2125599093504926,0.8893799490413288,-0.436687120310485,-0.18424592894459807,0.8536975345139189,0.5765691584584816,-0.4985100683445342,-0.6476041031353851,0.42427550486349236,0.7443542860380179,0,0,1,0,0,0,0,0
-1.5798056581783615,-0.19852898312189232,-0.19392736067200766,-0.8757719083061727,0.552137071781339,0.25457765643460484,-0.4480279843460408,-1.7165656671961513,0.09348799465737441,-1.036489251458119,-0.552321894655172,0.42427550486349236,-0.18066851602864512,0,1,0,0,0,0,0,0
0.8102953438059464,-0.19353340654692766,-0.6968900736156488,-0.8792938320021928,0.205395262293275,0.7843547212531057,0.5921714343808172,0.9315911584169891,0.607699218705,-0.4433766412159627,-0.5823242355394391,0.42427550486349236,0.7443542860380179,0,1,0,0,0,0,0,0
-1.5798056581783615,0.977778835647765,1.846974501192431,1.7560639159413416,1.0582286655839344,-0.5532362971665511,-1.2373524986016669,-0.05160386271928924,0.875623799755433,0.39108367631896784,-0.5427295944253308,0.42427550486349236,-0.18066851602864512,1,0,0,0,0,0,0,0
-0.3847551571862075,1.2527821957562064,1.0829819123053743,0.5174614020474868,1.057048747360756,0.0020713316521779367,-0.08459784696656544,0.853121276463484,0.573555099218203,-0.50364519374657,-0.5426716645252155,0.42427550486349236,0.7443542860380179,1,0,0,0,0,0,0,0
0.8102953438059464,1.2121902035019256,1.1207150091769005,0.9518894872933885,1.057048747360756,0.19348383407925346,-0.8207276287859043,-0.8864741778025591,0.7873867358636111,-0.011654962983209182,-0.5564625456695584,0.42427550486349236,0.7443542860380179,1,0,0,0,0,0,0,0
0.8102953438059464,-1.3462897109599496,-0.6290330996924836,0.38807823360805566,-1.092923037158294,-0.72396366458557,-0.08446045802009984,0.8378710187716178,0.46595452728994313,-0.6672651183213144,-0.8036030855409332,0.42427550486349236,-1.1056913180953083,0,0,0,0,0,0,1,0
0.8102953438059464,-1.438288222633824,-1.3706819740504612,-0.5782925062387101,-1.092923037158294,-0.638390461439478,-0.08674122407927509,0.8332074446920271,0.4662063969375642,-0.6669216411800557,-0.7789285130087974,0.42427550486349236,-1.1056913180953083,0,0,0,0,0,0,1,0
0.8102953438059464,-1.182041485179688,-0.760413751223994,-0.0049467046201046114,-1.3794211976464363,-1.2249618709793122,-1.769275720245228,-1.3824471334250719,0.23455221352769634,-0.9245425021628974,-0.9267166004949432,-2.356959071492339,-0.18066851602864512,0,0,1,0,0,0,0,0
0.8102953438059464,-0.4113525575926582,0.6919675105286001,2.067110244511443,-1.3794211976464363,-1.2678390180119454,-1.9037991269487555,-0.982330588363471,0.22732936644297977,-0.9309904222900851,-0.9279910582974771,-2.356959071492339,0.7443542860380179,0,0,1,0,0,0,0,0
-1.5798056581783615,-2.008854925908929,-1.4626349429291168,-0.5485610441813805,-1.3794211976464363,-1.6339240750437423,-1.0605453233622881,-0.982585788357235,0.2272645605351608,-0.9310479023928944,-0.927860938829526,-2.356959071492339,-2.030714120161971,0,0,1,0,0,0,0,0
-0.3847551571862075,-0.8944961980275634,-0.1900855526626234,-0.04722309318693836,-1.3794211976464363,-0.6680072919100049,-0.8003519563180069,-0.47039528474391196,0.8732730661744359,0.3745198488150983,-0.5324973916065253,0.42427550486349236,-0.18066851602864512,0,1,0,0,0,0,0,0
0.8102953438059464,-1.2887744639012926,-0.10022114888576955,1.1183788705164581,-1.3794211976464363,-1.4053358997836167,-1.771632713623356,-0.978243272334315,0.22856026253654024,-0.9298974141707473,-0.9282798165688206,-2.356959071492339,-0.18066851602864512,0,1,0,0,0,0,0,0
0.8102953438059464,-0.4131484143120199,1.305642512407767,2.9574299486386573,-1.3794211976464363,-1.4128826442737588,-1.7585035029503944,-0.9782391562053834,0.22856026253654024,-0.9298974141707473,-0.9279366933142921,-2.356959071492339,-0.18066851602864512,0,1,0,0,0,0,0,0
0.8102953438059464,-1.3959256938353644,-0.6633950162436713,0.44167743633278966,-1.3794211976464363,-1.3912586135425575,-1.3817647645578137,-1.376198849706785,0.23206289236145078,-0.9267740751963699,-0.9277486439462259,-2.356959071492339,-0.18066851602864512,0,1,0,0,0,0,0,0
0.8102953438059464,-1.3599429117286623,-0.19221578137493794,1.1252252210815046,-1.3794211976464363,-1.434508242160111,-1.7499707726851632,-1.3825171076169103,0.23456512533224055,-0.9245309015954946,-0.9392285676905894,-2.356959071492339,0.7443542860380179,0,1,0,0,0,0,0,0
0.8102953438059464,-1.8280538709796283,-1.025084154844613,0.20830407106516538,-1.3794211976464363,-1.4245894141673512,-1.7774217516316684,-1.3825171076169103,0.23456512533224055,-0.9245309015954946,-0.925889539767145,-2.356959071492339,-0.18066851602864512,0,1,0,0,0,0,0,0
0.8102953438059464,-1.690306490832527,-0.8792384154063573,0.5148118361560604,-1.3794211976464363,-1.629945726432018,-1.8012453224775187,-0.982676343193732,0.22732288595070974,-0.9309961705102929,-0.9280097741113605,-2.356959071492339,-0.18066851602864512,0,1,0,0,0,0,0,0
0.8102953438059464,-1.6374539074445564,-0.6702342778387189,0.7139918500705343,-1.3794211976464363,-1.6295782231739935,-1.8012136532228724,-0.9827586657723655,0.22713710253068362,-0.9311609329857019,-0.9278564826833634,-2.356959071492339,-0.18066851602864512,0,1,0,0,0,0,0,0
0.8102953438059464,-1.6359656434542913,-1.4848393751249935,-0.5674816563263358,-1.3794211976464363,-1.6465167688675495,-1.8012753300169966,-0.8673053653677358,0.2314896269475245,-0.9272865911056956,-0.9279883846097794,-2.356959071492339,-0.18066851602864512,0,1,0,0,0,0,0,0
0.8102953438059464,-1.560736589815122,-0.5261397048752482,0.9892475623801834,-1.3794211976464363,-1.5611441216224329,-1.8012002029566525,-0.7653406194722142,0.1160877808150055,-1.0204387398082786,-0.9280579004899179,-2.356959071492339,-0.18066851602864512,0,1,0,0,0,0,0,0
0.8102953438059464,-1.687328087943665,-0.18494628982335248,1.4188972596632654,-1.3794211976464363,-1.6277524955095386,-1.8011953494274742,-0.9824540722314213,0.2272040730461868,-0.9311015462798643,-0.9279866021513145,-2.356959071492339,-0.18066851602864512,0,1,0,0,0,0,0,0
0.8102953438059464,1.5695038267823322,0.10730577661065002,-0.6324101254739131,0.5313004192482539,2.850682413295801,2.6695373371228572,-0.20462918801227356,-2.021247736285343,1.1261342973125283,1.0679506746893968,0.42427550486349236,-0.18066851602864512,0,1,0,0,0,0,0,0
0.8102953438059464,0.3393062357066445,0.7243985813638388,1.191589969923516,-0.6631007796141759,-0.24677525164901037,-0.6756589144746397,0.10861645594626787,0.8883877200250789,1.0424467219065399,-0.3515760749421948,0.42427550486349236,0.7443542860380179,0,0,0,0,0,0,0,1
-1.5798056581783615,-0.2867050866076608,-0.9348569821202453,-1.4832866678218226,1.2397213867744956,-0.569479665476813,-0.18448975267791276,0.6508835136633603,0.6740262839350373,-0.31098854708155044,-0.6477092681848248,0.42427550486349236,-0.18066851602864512,0,1,0,0,0,0,0,0
0.8102953438059464,-0.9602705110869506,-0.10429734617967254,0.5660688765086864,1.2397213867744956,-0.41683379911933344,-0.18447431154399563,0.8537057667717823,0.5765562693437771,-0.49853210088136685,-0.6469731128387458,0.42427550486349236,0.7443542860380179,0,1,0,0,0,0,0,0
0.8102953438059464,-0.955805719926401,-1.545764892753531,-1.2012150128012948,1.2397213867744956,-0.3191996852364395,-0.18388071054581787,0.8372865284633199,0.46550904532080406,-0.6678722215945975,-0.6475925171553619,0.42427550486349236,1.669377088104681,0,1,0,0,0,0,0,0
0.8102953438059464,-0.970944371512635,-1.5582669700361689,-1.2048010644306675,1.2397213867744956,-0.31929272211997,-0.1839924872520216,0.8372494833029347,0.46553826301429135,-0.6678324195351035,-0.6475898434676645,0.42427550486349236,1.669377088104681,0,1,0,0,0,0,0,0
0.8102953438059464,-0.7273586599140289,-1.2763620881551672,-1.0998659435904374,1.2397213867744956,-0.3191523534248192,-0.18402679766215457,0.8372865284633199,0.4655072191881174,-0.6678747091860712,-0.6475951908430595,0.42427550486349236,1.669377088104681,0,1,0,0,0,0,0,0
0.8102953438059464,-0.3525009684050756,-0.600752363102093,-0.5422618897335911,1.2397213867744956,-0.32250847284477807,-0.20214198154287863,0.8372700639475928,0.4655273064739755,-0.6678473454388655,-0.6475916259261293,0.42427550486349236,1.669377088104681,0,1,0,0,0,0,0,0
0.8102953438059464,-0.4168601648270006,-1.1806467138792152,-1.1463254032251176,1.2397213867744956,-0.31910504324959804,-0.18374940552419528,0.8372865284633199,0.4655072191881174,-0.6678747091860712,-0.6475720188830134,0.42427550486349236,1.669377088104681,0,1,0,0,0,0,0,0
0.8102953438059464,-0.9705448758654519,-1.6108923882943804,-1.2346149343822825,1.2397213867744956,-0.3192023296333662,-0.18394882009670427,0.8372865284633199,0.46550904532080406,-0.6678722215945975,-0.647592517155362,0.42427550486349236,1.669377088104681,0,1,0,0,0,0,0,0
0.8102953438059464,-0.9856019397704068,-1.3463903265180415,-0.9620005440374325,1.2397213867744956,-0.31922140793702813,-0.18380055169606557,0.837257715560798,0.46553826301429135,-0.6678324195351035,-0.6475791487168737,0.42427550486349236,1.669377088104681,0,1,0,0,0,0,0,0
0.8102953438059464,-0.7143150182580218,-0.4627733171869083,-0.1362038569278427,1.2397213867744956,-0.3226256680685002,-0.18391456150454835,0.837282412334388,0.46550356691327077,-0.6678796843558726,-0.647586278550734,0.42427550486349236,1.669377088104681,0,1,0,0,0,0,0,0
0.8102953438059464,-0.9077780364970183,-1.220101566718255,-0.9737725545301432,1.2397213867744956,-0.31922872363602606,-0.18381743944251477,0.8372741800765247,0.4655492194409157,-0.6678174934736011,-0.6475800399461065,0.42427550486349236,1.669377088104681,0,1,0,0,0,0,0,0
0.8102953438059464,-0.9631757666230093,-0.802451428407634,-0.3631489202546584,1.2397213867744956,-0.31926860065293927,-0.1839280412541596,0.8372165542714813,0.465567479899306,-0.6677926163538989,-0.647592517155362,0.42427550486349236,1.669377088104681,0,1,0,0,0,0,0,0
-0.3847551571862075,-1.3166032121451485,0.29832956530430227,1.7046478653757051,-1.3794211976464363,-1.4720332563769054,-1.7574011903421725,-0.8702360491670904,0.23156506649440745,-0.9272191757073706,-0.927958082815873,-2.356959071492339,-0.18066851602864512,0,1,0,0,0,0,0,0
0.8102953438059464,-0.7875550315590139,0.1525775502110855,1.2651793169296237,-1.3794211976464363,-1.403508421456373,-1.7693298932985004,-0.9782391562053834,0.22856026253654024,-0.9298974141707473,-0.9280062091944303,-2.356959071492339,-0.18066851602864512,0,1,0,0,0,0,0,0
-1.5798056581783615,-1.5856019401084902,-0.3191708199950264,0.4093535915108395,-1.3794211976464363,-1.3365350344694271,-1.0325450662961888,-1.6902347904202086,0.09143626854048308,-1.0379129172903532,-0.9279919495267097,-2.356959071492339,-1.1056913180953083,0,1,0,0,0,0,0,0
0.8102953438059464,-0.6814456794343234,0.10846586881560676,0.763377153066006,-1.3794211976464363,-0.828816898813883,-1.434339720551174,-0.9781444852399547,-0.06647224594087843,-1.1318037505634184,-0.939827473734857,-2.356959071492339,-0.18066851602864512,0,1,0,0,0,0,0,0
0.8102953438059464,-1.743748002859587,-0.9737929609642427,0.3944399889231387,-1.3794211976464363,-1.6081691409848444,-1.3816948370234745,-0.9825981367440302,0.22715006474833996,-0.9311494391733535,-0.9280561180314527,-2.356959071492339,-1.1056913180953083,0,1,0,0,0,0,0,0
0.8102953438059464,-1.7745373358811871,-1.5313797358108618,-0.5228695497983817,-1.3794211976464363,-1.6464671507451965,-1.8011389085262364,-0.8673012492388041,0.23148531602580114,-0.9272904432228088,-0.9279848196928493,-2.356959071492339,-0.18066851602864512,0,1,0,0,0,0,0,0
0.8102953438059464,-1.717309988532177,-1.0670068551490275,0.14734886211211418,-1.3794211976464363,-1.6478240801785689,-1.8012597285533076,-0.8673012492388041,0.2314874714878856,-0.9272885171668379,-0.9279892758390119,-2.356959071492339,-0.18066851602864512,0,1,0,0,0,0,0,0
0.8102953438059464,-1.45109929382187,-0.5100156442518895,0.5266030667815362,-1.3794211976464363,-1.646546743031997,-1.801221569680867,-0.8673012492388041,0.23148531602580114,-0.9272904432228088,-0.9279901670682446,-2.356959071492339,-0.18066851602864512,0,1,0,0,0,0,0,0
0.8102953438059464,-1.3837110541607183,-0.8629997196814043,-0.00270284842157527,-1.3794211976464363,-1.209319060056036,-1.807364093369194,-1.7170554865390208,0.09368986687016904,-1.0363488764268254,-0.9284001325152134,-2.356959071492339,0.7443542860380179,0,1,0,0,0,0,0,0
0.8102953438059464,-1.2809617832712006,-0.20225373161596544,0.7576459059062453,-1.3794211976464363,-1.2967482181434076,-1.8092834904092876,-1.5711304836531808,0.13694576738910433,-1.0050141759273743,-0.9288243576299031,-2.356959071492339,0.7443542860380179,0,1,0,0,0,0,0,0
0.8102953438059464,-1.5407645987520697,-0.9488223287377605,0.1378770529324655,-1.3794211976464363,-1.5855528685342175,-1.8456143342236229,-0.7631261421069716,0.11651520229390244,-1.0201286019151017,-0.9404094464237064,-2.356959071492339,-0.18066851602864512,0,1,0,0,0,0,0,0
0.8102953438059464,-1.2883290167950656,-1.1462476100235388,-0.49425271717466646,-1.3794211976464363,-1.5605305417814839,-1.8011909444573975,-0.7631426066226983,0.11651292897123079,-1.0201302520948037,-0.9279866021513145,-2.356959071492339,-0.18066851602864512,0,1,0,0,0,0,0,0
0.8102953438059464,-0.004722735931564222,0.156556386785888,0.4252618192731791,-1.3794211976464363,-0.6038866052399385,-0.20204995564141792,0.33603257942146464,0.7760814504558696,-0.04777852548857421,-0.6326243221948324,0.42427550486349236,-0.18066851602864512,0,1,0,0,0,0,0,0
0.8102953438059464,-1.2659037811018343,-0.920824206117784,-0.26576731608578064,-1.3794211976464363,-1.646549363458526,-1.8012899898510892,-0.8673094814966675,0.2314874714878856,-0.9272885171668379,-0.9279892758390119,-2.356959071492339,-0.18066851602864512,0,1,0,0,0,0,0,0
0.8102953438059464,-1.1760846802122096,-0.5081839296505638,0.4592067010277908,-1.3794211976464363,-1.2038089354359924,-1.800726367509908,-1.7162281446237535,0.09335722815189612,-1.0365801534464314,-0.9280472057391272,-2.356959071492339,0.7443542860380179,0,1,0,0,0,0,0,0
-1.5798056581783615,-1.35464349305151,0.36416210004816363,0.6665296690898844,-0.46692818545586623,-1.6266542982233998,-1.777389825182548,-1.3120201674040652,-1.3170922918361199,-0.9755634242048624,1.9307024595632165,-2.356959071492339,0.7443542860380179,0,1,0,0,0,0,0,0
-1.5798056581783615,-1.6273052060878004,0.05738172514336484,0.6065233119507205,-0.46692818545586623,-1.229504214140637,-1.1896035270665801,-1.4601514153972845,-0.6949339074432653,-1.2472502022130216,1.9312871059397636,-2.356959071492339,0.7443542860380179,0,1,0,0,0,0,0,0
-1.5798056581783615,-1.774886191988252,-0.25907426133647304,0.41126456327237065,-0.46692818545586623,-1.8695941080476073,-1.9211573130910329,-1.3364617410003679,-0.5307016308686705,-1.2536418443457245,1.9631601369831344,-2.356959071492339,-0.18066851602864512,0,1,0,0,0,0,0,0
-0.3847551571862075,-1.9003457842976583,-0.513230567066416,0.8840123780915796,-0.46692818545586623,-1.824547668857185,-1.9204042023101124,-1.3364535087425042,-0.530673363435003,-1.253640774941038,1.963155680836972,-2.356959071492339,0.7443542860380179,0,1,0,0,0,0,0,0
-0.3847551571862075,-1.70069620298572,-0.8037190136877282,0.2628040678193044,-0.46692818545586623,-1.8424432659307504,-1.9216194525122436,-1.3364946700318212,-0.5304343757302775,-1.2536317037910112,1.963078143893741,-2.356959071492339,0.7443542860380179,0,1,0,0,0,0,0,0
-0.3847551571862075,-1.7614205476826226,-0.9380978783456037,0.26413935168017016,-0.46692818545586623,-1.8391708594928835,-1.9152746188939815,-1.3362353539091254,-0.5300180771360763,-1.2536157750716337,1.9629310910703717,-2.356959071492339,0.7443542860380179,0,1,0,0,0,0,0,0
-0.3847551571862075,-1.6824806809826383,-0.736491075778034,0.46959398999307744,-0.46692818545586623,-1.837638989375486,-1.9152038779121126,-1.3364535087425042,-0.5306939215670986,-1.2536415527638947,1.9631663755877626,-2.356959071492339,0.7443542860380179,0,1,0,0,0,0,0,0
-1.5798056581783615,-2.0539342155159526,-1.0358053083788301,-0.033074729203140904,-0.46692818545586623,-1.8977142384100858,-1.6990285427906373,-1.7165492026804245,0.09348799465737441,-1.036489251458119,-0.9220652751303107,-2.356959071492339,-2.030714120161971,0,1,0,0,0,0,0,0
-0.3847551571862075,-1.5376642838786174,-0.10030333020355031,1.6286634156102378,-0.46692818545586623,-1.8208440308397753,-1.9152774211670192,-1.3364740893871627,-0.5305011893892909,-1.2536342451821583,1.9631013158537873,-2.356959071492339,0.7443542860380179,0,1,0,0,0,0,0,0
-0.3847551571862075,-1.825279904400556,-0.5153469112699343,0.7569364737301276,-0.46692818545586623,-1.84112106408809,-1.919584831919832,-1.3364576248714362,-0.5307042006361076,-1.2536419415273352,1.9631717229631576,-2.356959071492339,0.7443542860380179,0,1,0,0,0,0,0,0
-0.3847551571862075,-1.5323864339394928,-0.16971194959129482,1.3821292114877053,-0.46692818545586623,-1.838268058469711,-1.914379230299245,-1.3363547216481442,-0.5304292362215214,-1.2536315081267329,1.9630540807044623,-2.356959071492339,0.7443542860380179,0,1,0,0,0,0,0,0
-0.3847551571862075,-0.7681344571942382,0.7384661084171846,2.1089774310551146,-0.46692818545586623,-1.8247289768340522,-1.9204241118544256,-1.3363012119720323,-0.5304472245043411,-1.2536321928438,1.963078143893741,-2.356959071492339,0.7443542860380179,0,1,0,0,0,0,0,0
-0.3847551571862075,-1.4788483301030244,-0.39858745652712685,0.7184305372509537,-0.46692818545586623,-1.8386939834892686,-1.9154368829942572,-1.3364617410003679,-0.5307042006361076,-1.2536419415273352,1.96317261419239,-2.356959071492339,0.7443542860380179,0,1,0,0,0,0,0,0
-1.5798056581783615,-1.9938888266576495,0.13294157657309344,1.7280810298481915,-0.46692818545586623,-1.8406679517411437,-1.6025994219758082,-1.3364576248714362,-0.5307016308686705,-1.2536418443457245,1.9326979218148759,-2.356959071492339,-0.18066851602864512,0,1,0,0,0,0,0,0
-1.5798056581783615,-1.7640688500297041,-0.5455151715753835,0.4402634299558409,-0.46692818545586623,-1.866312595533641,-1.9154333779489061,-1.3364617410003679,-0.5307042006361076,-1.2536419415273352,1.96317261419239,-2.356959071492339,-0.18066851602864512,0,1,0,0,0,0,0,0
-1.5798056581783615,-1.9829767694185165,-0.3350978628006544,1.4530278170948923,-0.46692818545586623,-1.8411515716498823,-1.602559512269617,-1.336190076490877,-0.5301157271292544,-1.2536195259652418,1.932496504008322,-2.356959071492339,-0.18066851602864512,0,1,0,0,0,0,0,0
-1.5798056581783615,-1.7548832535942847,0.5474260969701507,2.242860954986029,-0.46692818545586623,-1.8683183765914362,-1.9202266826069048,-1.3364535087425042,-0.5307042006361076,-1.2536419415273352,1.963157463295437,-2.356959071492339,-0.18066851602864512,0,1,0,0,0,0,0,0
-1.5798056581783615,-1.8544675025860224,-0.22580915156759052,1.3544260514998756,-0.46692818545586623,-1.8409115993228509,-1.602587201116749,-1.3362888635852372,-0.5304343757302775,-1.2536317037910112,1.9326070164331572,-2.356959071492339,-0.18066851602864512,0,1,0,0,0,0,0,0
-1.5798056581783615,-2.044166255051342,-0.572929059185839,1.0550601711205578,-0.46692818545586623,-1.8460559165086223,-1.915290182640199,-1.3363012119720323,-0.5300797507949288,-1.2536181450929733,1.9629408945919296,-2.356959071492339,-0.18066851602864512,0,1,0,0,0,0,0,0
-1.5798056581783615,-1.9463656710133341,-0.25209440191168503,1.5438312570045898,-0.46692818545586623,-1.8407906444233493,-1.6026173927825413,-1.3366016893840449,-0.5305140381794834,-1.2536347334333493,1.932634644539366,-2.356959071492339,-0.18066851602864512,0,1,0,0,0,0,0,0
-1.5798056581783615,-1.5638312783430877,0.15724709368107376,1.5441136892810223,-0.46692818545586623,-1.8664040948845657,-1.915207900825632,-1.3363547216481442,-0.5304909103593677,-1.2536338544702146,1.9630861649568339,-2.356959071492339,-0.18066851602864512,0,1,0,0,0,0,0,0
0.8102953438059464,1.15638828883743,0.45736430047796717,-0.07385982424978185,-1.6381713529814663,2.583808993770869,0.5650648939228406,0.8354013414126114,0.46222056237341347,-0.6723378249106701,1.481507775465494,0.42427550486349236,-1.1056913180953083,0,0,0,0,0,1,0,0
-1.5798056581783615,-1.1597737976932823,-0.7371082340736248,-0.6721444077999634,-1.6381713529814663,-0.3700075209877552,-0.1356450395633145,0.870046798630543,0.3795681020026495,-0.7760245499496781,-0.7509448063362357,0.42427550486349236,-0.18066851602864512,0,0,0,0,0,1,0,0
-0.3847551571862075,1.4066557135114033,0.9659209921595218,0.24092094219495347,-1.639211033871603,2.759272963549593,1.042709284238665,1.0522925232095077,-1.9947882732909399,1.290325963100526,1.4367956960981343,0.42427550486349236,-0.18066851602864512,0,0,0,0,0,1,0,0
0.8102953438059464,-1.2839636306166677,-0.8577806313570988,0.04388165225190236,-1.639211033871603,-0.51865194382275,0.4787238023169941,0.8751919597951402,0.3796525268497607,-0.7759264463296607,-0.7803464587177704,0.42427550486349236,-1.1056913180953083,0,0,0,0,0,1,0,0
0.8102953438059464,-1.195493062811354,0.3629937145333724,1.7849563259803671,0.22248445020505514,-1.3683900144453665,-1.6951204743588042,-0.8185127730116275,0.1619570642832676,-0.9857224670898053,-0.9212221722763266,-2.356959071492339,-1.1056913180953083,0,1,0,0,0,0,0,0
0.8102953438059464,0.372886415154023,-0.6938546724376664,-1.0464388220036047,-0.14627114962859786,1.6460671521678314,1.5917378572762946,1.1980199519066277,-0.6694434728925343,2.7910769660123487,1.0961242131884894,0.42427550486349236,0.7443542860380179,0,0,0,0,0,0,1,0
0.8102953438059464,0.2975982808360129,-0.6338543909305749,-0.951606469852901,-0.14632873817642375,1.6106220293284021,1.5937206047351022,1.5043710799046086,-0.607113338618892,2.7949841910632944,1.096123321959257,0.42427550486349236,0.7443542860380179,0,0,0,0,0,0,1,0
0.8102953438059464,0.4739064112568384,-0.07949589782649308,-0.5281586201009278,-0.14632873817642375,1.620567443604407,1.5873575449255193,1.5046015831247828,-0.6071724480229935,2.794982207630078,1.0968933440161728,0.42427550486349236,0.7443542860380179,0,0,0,0,0,0,1,0
0.8102953438059464,0.4768913787555989,-0.48338604916572736,-0.8532241815939089,-0.14632873817642375,1.691575796054202,1.5931020671638807,1.5200741117789596,-0.46236530078850974,2.790050149997018,1.0961259956469545,0.42427550486349236,1.669377088104681,0,0,0,0,0,0,1,0
0.8102953438059464,0.0980696732442536,-0.344581119914975,-0.6553897970088932,-0.792865349769602,1.126392022054432,1.5938217359415856,-0.22744489068056348,-2.0198324013939644,1.136876891713166,1.4088690280964553,0.42427550486349236,0.7443542860380179,0,0,1,0,0,0,0,0
0.8102953438059464,0.5683647313605447,-0.24254256878485195,-0.7313203914674953,-0.8083072370812988,1.28872414754379,1.0030607703882726,1.2375841831979144,-0.3434512886900987,2.771231637429901,0.29013749182291726,0.42427550486349236,1.669377088104681,0,0,1,0,0,0,0,0
0.8102953438059464,0.5128338365589901,-0.8576725961659327,-1.2402025075996108,-0.8082195681927685,1.7987297889208995,1.5897063171409682,1.7607194736405687,-0.2590159560136318,2.7495788314114247,1.083123852373411,0.42427550486349236,1.669377088104681,0,0,1,0,0,0,0,0
0.8102953438059464,0.4483827372189774,0.2492085082319585,0.005262544009926124,-0.8082195681927685,1.000797442420864,1.0147667523374706,0.7308063891297476,-2.0264077828287803,1.083762074852503,1.353643117472807,0.42427550486349236,-0.18066851602864512,0,0,1,0,0,0,0,0
0.8102953438059464,0.1981256277818122,0.20358555908162212,0.23752892330041597,0.6943015627400998,-0.4298998142736982,-0.1710792394410916,0.7099705444775948,0.6875452352375738,-0.2809943499823012,-0.7181600477879749,0.42427550486349236,-0.18066851602864512,0,0,0,0,0,0,0,1
0.8102953438059464,-0.07920249955207444,-0.726358177983169,-0.8820120775713743,0.6943015627400998,0.18816406164909294,0.09223761050731716,0.8883347594739872,0.36197360126837647,-0.796148131812754,-0.8292000803287494,0.42427550486349236,-0.18066851602864512,0,0,0,0,0,0,0,1
-0.3847551571862075,-0.2823331366296097,0.7770532798506858,0.8447033608093893,0.3375643109738167,-0.35093403498499104,0.690985671998679,0.9535877514278751,0.6107835003588888,-0.4376946814108492,-0.6901442568630419,0.42427550486349236,-1.1056913180953083,1,0,0,0,0,0,0,0
-0.3847551571862075,0.06125882742060206,0.5038952727431798,0.21653524838481747,0.3375643109738167,-0.3412580613101924,0.6998478308497332,0.9535877514278751,0.610803441015152,-0.437657810760735,-0.6894660314170782,0.42427550486349236,-1.1056913180953083,1,0,0,0,0,0,0,0
-0.3847551571862075,-0.6019300141252913,0.2995415247360784,0.42278488145933235,0.3375643109738167,-0.3605424331312511,0.7000832976361717,0.9535877514278751,0.6108049748865838,-0.4376549745311156,-0.6957848466757953,0.42427550486349236,-1.1056913180953083,1,0,0,0,0,0,0,0
-0.3847551571862075,-0.3034539133585051,0.3669377298647116,0.2674910805777969,0.3375643109738167,-0.34064559662601157,0.6997766961196511,0.9535918675568066,0.610739015163743,-0.4377769290811021,-0.6894722700217059,0.42427550486349236,-1.1056913180953083,1,0,0,0,0,0,0,0
-0.3847551571862075,0.5236624312085115,1.1497284139506456,1.1111500687155085,0.3375643109738167,-0.3403535334648427,0.6998234514315637,0.9535260094938999,0.6108141780395603,-0.43763795707611153,-0.689458901583218,0.42427550486349236,-1.1056913180953083,1,0,0,0,0,0,0,0
-0.3847551571862075,-0.17145233806943916,0.7192820457018324,0.7109430345800641,0.3375643109738167,-0.3301977306069411,0.8968800040847852,0.9535836352989433,0.6107835003588888,-0.4376946814108492,-0.6894597928124505,0.42427550486349236,-1.1056913180953083,1,0,0,0,0,0,0,0
-1.5798056581783615,-0.44246073765481975,0.8889778809444886,0.792451614155995,0.3375643109738167,-0.3954384088176284,0.6949335835481459,0.9535260094938999,0.6108126441897321,-0.4376407933278138,-0.6960334996316743,0.42427550486349236,-1.1056913180953083,1,0,0,0,0,0,0,0
-1.5798056581783615,1.5178562965663016,1.7201963553535575,0.9678619262833951,0.09536870621837819,0.10390055841607068,0.11694918422789913,-0.5371918250471789,0.8582202703875829,0.28208375145222003,-0.4545478092407735,0.42427550486349236,-0.18066851602864512,1,0,0,0,0,0,0,0
-0.3847551571862075,1.0443146288709513,1.3429458865994643,1.213113319318679,0.0954674983256758,-0.1287455629376012,-0.10539666716872967,0.3182509024366166,0.7756176838551161,-0.049220111826116075,-0.6299506344972088,0.42427550486349236,0.7443542860380179,1,0,0,0,0,0,0,0
0.8102953438059464,1.1485615415333754,-0.3436181111808183,-1.0129212065523066,-0.08488534709091974,0.7879893176133289,-0.220890480019759,1.7114782232309074,-1.6995562783251112,-0.5310102871446309,1.5280076606733313,0.42427550486349236,0.7443542860380179,0,0,1,0,0,0,0,0
0.8102953438059464,-1.6010444329866658,-0.9642673993215255,0.1546038477000609,-0.873552414260263,-0.7644625340468538,-0.0848464639219024,0.8501123862144276,0.4393913150260264,-0.7025833756006293,-0.8164136145294805,0.42427550486349236,-1.1056913180953083,0,0,0,0,0,0,1,0
0.8102953438059464,-1.1711922592463053,-1.2443642159144561,-0.6905687453640603,-0.873552414260263,-0.2854679699187802,-1.2514259039246913,-0.5380726766385578,0.8589182698324354,0.2859604914477733,-0.5290278362042422,0.42427550486349236,-0.18066851602864512,0,0,0,0,0,0,1,0
-0.3847551571862075,1.4640631152594334,0.8814354061846733,-0.00897588635090142,1.1259906636978707,1.0230577671752854,1.074598161310214,0.3082857542930247,0.9010011902785371,0.7072651783065551,-0.3839909733589511,0.42427550486349236,0.7443542860380179,1,0,0,0,0,0,0,0
0.8102953438059464,1.646760370154658,1.369460728359543,1.4451807316641394,0.09931556559800202,-0.4735528915378949,-0.879235087942364,0.8522239603563783,0.5727166916871994,-0.5050675412675756,-0.7218229999337193,0.42427550486349236,0.7443542860380179,1,0,0,0,0,0,0,0
-0.3847551571862075,0.43282583361003046,-0.1650638687928876,-0.9027210577957085,0.09931556559800202,-0.5067988596793647,0.5635212287039704,0.9535877514278751,0.6107788985825688,-0.437703189934079,-0.7103769429001925,0.42427550486349236,-0.18066851602864512,1,0,0,0,0,0,0,0
0.8102953438059464,1.5044816169143476,1.4528751359706178,1.7170861481093582,0.09931556559800202,-0.4138531307182509,-0.09437248910568302,0.854413740948031,0.7124352766682204,-0.22249764699920022,-0.6943392728606135,0.42427550486349236,0.7443542860380179,1,0,0,0,0,0,0,0
0.8102953438059464,-1.1735620404766276,-0.6154720999156031,0.1515820153776795,-1.8498456267093157,-0.502540956848441,0.47673018136521494,1.0136050273806687,0.728109287841352,-0.18319271332822967,-0.6832051460584763,0.42427550486349236,-1.1056913180953083,0,0,0,0,0,0,1,0
0.8102953438059464,-0.7343113920420905,-0.11946896801046925,0.533013114169564,-1.3193525112665925,-0.384388624077281,-0.15916188585074897,1.0145928983242711,0.7319624579055328,-0.1732043659540843,-0.6803211282619728,0.42427550486349236,0.7443542860380179,0,0,0,0,0,0,1,0
0.8102953438059464,-1.4499908324593387,-1.4991844570444692,-0.8315456048227271,-1.3193525112665925,-0.5766441721912152,-0.08428932004937903,0.8407070316055438,0.615113105687292,-0.4296478927893508,-0.7241669328153026,0.42427550486349236,-0.18066851602864512,0,0,0,0,0,0,1,0
-1.5798056581783615,-1.3814650606335637,-0.5505644693242348,-0.3639293265472953,-1.3193525112665925,-0.5863013882926477,-0.1593549571341377,0.6932096674678028,0.6696947929976474,-0.3203573392106701,-0.723291745708947,0.42427550486349236,0.7443542860380179,0,0,0,0,0,0,1,0
0.8102953438059464,-1.3804832009571888,-1.692402079190527,-1.0525121953864685,-1.3193525112665925,-0.5781848561360993,-0.08428058890936611,0.9319451455051132,0.607802466575813,-0.4431871047104335,-0.7285999070179626,0.42427550486349236,-0.18066851602864512,0,0,0,0,0,0,1,0
0.8102953438059464,-1.3892411675872538,-0.5552992363170296,0.14004122274806885,-1.3193525112665925,-0.583695604355585,-0.15876032865390427,0.6922217965242001,0.6690462178649738,-0.32175046275055486,-0.7229022785343266,0.42427550486349236,0.7443542860380179,0,0,0,0,0,0,1,0
0.8102953438059464,-1.3250432708093092,-1.4705585957287286,-0.8588959790066083,-1.3193525112665925,-0.5767486847497435,-0.084530161876223,0.8404312509671216,0.6151070108399129,-0.42965927903540285,-0.7242578381970217,0.42427550486349236,-0.18066851602864512,0,0,0,0,0,0,1,0
0.8102953438059464,-1.322370584930966,-1.782888488065428,-1.1760343877085175,-1.3193525112665925,-0.46417350283046066,-0.08413769239064636,0.6992109834501891,0.6822502602107752,-0.29288168066178033,-0.6825483101140933,0.42427550486349236,0.7443542860380179,0,0,0,0,0,0,1,0
0.8102953438059464,-0.4305790108844524,-1.2949295995111518,-1.250757790475076,-1.3193525112665925,1.064704909914681,0.4767544718292444,-2.0083456987759933,0.14538129546718634,-0.9986058893997172,-0.7566843225938011,0.42427550486349236,-0.18066851602864512,0,0,0,0,0,0,1,0
0.8102953438059464,-1.2559567036923702,-1.3240691730850251,-0.8344682620059706,-1.3193525112665925,-0.5801186805251857,-0.08412465822159475,0.8404024380645998,0.6151222478499483,-0.42963081331058944,-0.7241615854399075,0.42427550486349236,-0.18066851602864512,0,0,0,0,0,0,1,0
-0.3847551571862075,-0.47803933441277197,-1.316300901231431,-1.4542000839042248,-1.3193525112665925,0.9400825745605832,0.47693780842545824,-1.506527840070498,-0.22567153878378474,-1.197899284243619,-0.7233746300275736,0.42427550486349236,-0.18066851602864512,0,0,0,0,0,0,1,0
0.8102953438059464,-1.4437836389127812,-1.7781483009518284,-1.0658493971174126,-1.3193525112665925,-0.6061559075044908,-0.0849560034490463,0.8717838050397111,0.5673290982429234,-0.5141452790491495,-0.7444120960617088,0.42427550486349236,-0.18066851602864512,0,0,0,0,0,0,1,0
0.8102953438059464,-0.12805355780708536,-1.035473429712849,-1.15715133547498,-1.3193525112665925,1.058856235648647,0.47693631711195245,-2.147940095364913,0.2756098659318029,-0.8862832424820283,-0.7150835244772427,0.42427550486349236,-0.18066851602864512,0,0,0,0,0,0,1,0
0.8102953438059464,-1.1172021436937116,-1.9141118232414487,-1.4076229788531558,-1.3193525112665925,-0.24620051360469206,-0.08410755735628991,0.8407070316055438,0.6151070108399129,-0.42965927903540285,-0.6825474188848607,0.42427550486349236,0.7443542860380179,0,0,0,0,0,0,1,0
0.8102953438059464,-1.5248682176289459,-1.316757055262563,-0.5901600168287172,-1.328962183882347,-0.5765997135369129,-0.08443640420286624,0.8404312509671216,0.6151070108399129,-0.42965927903540285,-0.7243781541434148,0.42427550486349236,-0.18066851602864512,0,0,0,0,0,0,1,0
-1.5798056581783615,-0.6050256401074228,-0.9193510731610864,-1.3335049651382895,-1.328962183882347,0.8953993207546895,0.5102114277999459,-1.5065854658755418,-0.2257315151356425,-1.197919181032936,-0.7227570081694223,0.42427550486349236,0.7443542860380179,0,0,0,0,0,0,1,0
0.8102953438059464,0.8531454305264845,0.8960092258326919,0.897210591859455,-1.328962183882347,0.9738775749828592,-0.0825574455785674,-1.6903006484831153,0.09125488623195399,-1.0380385105328593,-0.6908215910797734,0.42427550486349236,0.7443542860380179,0,0,0,0,0,0,1,0
-0.3847551571862075,-0.77195686619259,-1.3289358119425145,-1.3519046891468363,-1.328962183882347,0.7147774694473359,0.47676842360918853,-1.506527840070498,-0.22566154278408168,-1.197895967776269,-0.7979722992497379,0.42427550486349236,-1.1056913180953083,0,0,0,0,0,0,1,0
0.8102953438059464,-1.1547228918766317,-0.9920776946556712,-0.49178702536973157,-1.328962183882347,-0.592278230947027,-0.08408413644923743,0.8077203743470781,0.5407576011640666,-0.5574053081023982,-0.7511595925812783,0.42427550486349236,-0.18066851602864512,0,0,0,0,0,0,1,0
0.8102953438059464,-1.4008237411467552,-1.4682861920574708,-0.7715844501678664,-1.328962183882347,-0.5769402396827724,-0.08480837107951254,0.8402954187123761,0.6151085345571781,-0.4296564324793744,-0.72437637168495,0.42427550486349236,-0.18066851602864512,0,0,0,0,0,0,1,0
0.8102953438059464,-1.1432622303017201,-1.646375009935707,-1.1690073244167836,-1.328962183882347,-0.31858998873293237,-0.08476681558389174,0.9320521648573369,0.6078178753231084,-0.44315881425620496,-0.6827247735021365,0.42427550486349236,0.7443542860380179,0,0,0,0,0,0,1,0
0.8102953438059464,-1.1432519150649123,-1.2887077324244585,-0.846771627092192,-1.328962183882347,-0.31870926521138654,-0.08484445985921765,0.9319574938919084,0.6077932211550461,-0.4432040788054964,-0.6827746823391587,0.42427550486349236,0.7443542860380179,0,0,0,0,0,0,1,0
0.8102953438059464,-0.7345739715765547,-0.3036873660773219,0.2297258970777048,-1.328962183882347,-0.3343528062008666,-0.0848639626049198,0.8720307727756117,0.567131724965472,-0.5144758116323306,-0.6908340682890288,0.42427550486349236,0.7443542860380179,0,0,0,0,0,0,1,0
0.8102953438059464,-1.0664764550210493,-1.4793855236809956,-1.0711469692871425,-1.328962183882347,-0.2508505443499783,-0.1586862231874181,0.699186286676599,0.6822543104321129,-0.29287265765362563,-0.6827595314422057,0.42427550486349236,0.7443542860380179,0,0,0,0,0,0,1,0
0.8102953438059464,0.09416473992070196,0.1142685519522764,0.16948028977063317,1.7799818122277822,-0.5879963768130442,-0.49671359300309387,-0.5387559540412165,0.8612055430216861,0.2989010702777703,-0.5402920824743307,0.42427550486349236,-0.18066851602864512,0,1,0,0,0,0,0,0
0.8102953438059464,0.38653023814009385,0.2600874879197338,0.2772062805958371,-1.3610094235303425,-0.2737428215665264,-1.0576230030280729,-0.05120871434184814,0.8808578586532554,1.110215408139013,-0.38465315667872907,0.42427550486349236,0.7443542860380179,0,0,1,0,0,0,0,0
0.8102953438059464,-0.9468489425217875,-0.3353736317097021,0.22310855822492295,-1.3463840521941002,-0.8699766115967911,-1.442412520184127,-0.5444032829354783,0.8570334821971775,0.2755662031464468,-0.5952203225343102,0.42427550486349236,-1.1056913180953083,0,0,1,0,0,0,0,0
0.8102953438059464,0.7108516731580458,-0.747853753036868,-1.2581516654349756,0.8126439946621051,1.1581774518234762,0.4450445297934993,-0.16061130521691153,0.47016085098257915,2.202685659483034,-0.031531201390483946,0.42427550486349236,0.7443542860380179,0,1,0,0,0,0,0,0
0.8102953438059464,-1.2583827516185437,-1.2927064236649677,-0.7114212310711627,0.8126439946621051,-0.39648368965428915,0.4451522390811837,0.44492065418006826,0.681251509121977,-0.29510345954563366,-0.6454526757680306,0.42427550486349236,-1.1056913180953083,0,1,0,0,0,0,0,0
0.8102953438059464,-0.9284074154708886,-1.3489457177210242,-1.0484160386697028,0.8126439946621051,-0.24199857384855586,0.4451382587729807,0.3290186957218857,0.7730618446998407,-0.05711090388084193,-0.6454553494557282,0.42427550486349236,-0.18066851602864512,0,1,0,0,0,0,0,0
-0.3847551571862075,-0.6362651091265706,-1.095461990853289,-1.2531910263034112,0.8126439946621051,-0.25407620958090144,0.4451395391922194,0.32877584411491667,0.7730818085490674,-0.057049617651712396,-0.6454428722464726,0.42427550486349236,-0.18066851602864512,0,1,0,0,0,0,0,0
0.8102953438059464,-1.2791809306799682,-1.4343739546046181,-0.8687057636164786,0.8126439946621051,-0.40745690433283366,0.445225754136602,0.44506471869267694,0.6812853304312521,-0.2950283268306733,-0.6454357424126123,0.42427550486349236,-0.18066851602864512,0,1,0,0,0,0,0,0
0.8102953438059464,-0.8531314721082641,-0.39078044963707215,-0.17656089537678912,0.8102298126411773,-0.36033891084040076,0.44505289441691787,1.0151856208904328,0.7319876181550472,-0.17313869939082766,-0.6454678266649837,0.42427550486349236,-1.1056913180953083,0,1,0,0,0,0,0,0
0.8102953438059464,-1.050159946156635,-1.3747566907165254,-1.0097072636281652,0.8102298126411773,-0.2420086348912353,0.4451444062731627,0.3288663989514135,0.7729987912607091,-0.05730443336540809,-0.6454366336418449,0.42427550486349236,-0.18066851602864512,0,1,0,0,0,0,0,0
0.8102953438059464,-0.8701963327269258,-1.3396534676186655,-1.092507659490753,0.8102298126411773,-0.24216109494793445,0.4452286765823822,0.328936373143252,0.7730418793723668,-0.05717218919977577,-0.6454428722464727,0.42427550486349236,-0.18066851602864512,0,1,0,0,0,0,0,0
0.8102953438059464,-1.0409565316100977,-1.59996417983555,-1.2089052889616094,0.8102298126411773,-0.24187082248417968,0.4452363997241332,0.32880877314637,0.7730492351913137,-0.057149610503962875,-0.6454223739741242,0.42427550486349236,-0.18066851602864512,0,1,0,0,0,0,0,0
0.8102953438059464,-0.4883924728895636,-0.6139996526411644,-0.5833434500252707,0.8102298126411773,-0.24653929864638377,0.44501312275744537,0.32877584411491667,0.7730765550478556,-0.05706574569498857,-0.6454669354357513,0.42427550486349236,-0.18066851602864512,0,1,0,0,0,0,0,0
0.8102953438059464,-0.4969197455804905,0.3402822566598287,1.2615820823002457,0.16191416385921037,-1.3714151756151884,-1.5666806053306834,-2.0321904336772025,0.730596395017372,-0.17676096999592777,-0.6523623760079225,-2.356959071492339,-2.030714120161971,1,0,0,0,0,0,0,0
0.8102953438059464,-0.1533380967670863,-0.08863849521525734,0.08209784918253898,-1.340227588661517,-0.46973229786673326,-0.3447234515340497,-0.42736115676322095,0.8611072795775986,0.2983374104581917,-0.5400336259968935,0.42427550486349236,-0.18066851602864512,0,0,0,0,0,0,0,1
0.8102953438059464,0.04380009831048939,-0.29722716230939855,-0.4614233391797175,-1.340227588661517,0.07713140851556764,-0.4936373270410535,0.86893544381899,0.5676275084618186,-0.5136452738091846,-0.5426547311697972,0.42427550486349236,0.7443542860380179,0,0,0,0,0,0,0,1
-1.5798056581783615,1.026019395715413,1.2647399964439416,0.5085244297015745,0.8063342451684257,0.4037932130481154,0.8329698037085281,-0.5398426120791793,0.859116764335702,0.28706896863173903,-0.5742087021479189,0.42427550486349236,-0.18066851602864512,0,0,0,0,0,0,0,1
0.8102953438059464,1.2839100688378173,-0.013037283559469606,-0.6745403063263499,0.8063342451684257,1.4619833821231059,0.6997594726444569,-1.3761206432570832,0.23159739681178734,-0.9271902814543551,-0.7569338667789127,0.42427550486349236,-0.18066851602864512,0,0,0,0,0,0,0,1
0.8102953438059464,1.5013813028511414,0.5479187089733454,-0.07923853536936462,0.8038473581626819,0.9357063288447328,0.695372986643292,0.8363850962272823,0.5899787788005797,-0.4752402170812766,-0.5405291494501867,0.42427550486349236,-0.18066851602864512,0,0,0,0,0,0,0,1
-1.5798056581783615,0.09663861502449674,0.6201129793576887,0.153687336009322,-1.3586452993588105,-0.07950255263359553,-0.8320519256610854,-0.5360722379777625,0.8602000540799104,0.2931666131265882,-0.5532897696017115,0.42427550486349236,0.7443542860380179,0,0,1,0,0,0,0,0
-0.3847551571862075,1.5474827772480961,0.8953314363639774,0.07295310268201058,-1.346877610322621,1.0394377691564332,0.38116175551297543,0.9265941778939323,0.1266015839368517,2.55391657542258,0.12989269335354262,0.42427550486349236,1.669377088104681,0,0,1,0,0,0,0,0
0.8102953438059464,-1.1511086714354704,-0.032403159736302034,1.4254990744554588,-0.39497277907011125,-1.431876250890728,-1.8672117932777943,-0.8672806685941458,0.23147669415301314,-0.9272981473949701,-0.9391759851658694,-2.356959071492339,-1.1056913180953083,0,1,0,0,0,0,0,0
-1.5798056581783615,-1.0748743128530758,-0.573945501679252,-0.7983875861548423,-0.4020696149660421,-0.49370366496744345,0.5862422420000021,0.8915906174589445,0.7017567499861543,-0.24814671390207702,-0.6472663272562519,0.42427550486349236,-1.1056913180953083,0,1,0,0,0,0,0,0
-0.3847551571862075,-1.0756301666713879,-0.5671142709494436,-0.258031705601736,-0.4020696149660421,-0.5700130714171363,0.1730082879108427,0.6306650883509591,0.6731962601798867,-0.31279265614615315,-0.6476424259923843,0.42427550486349236,-0.18066851602864512,0,1,0,0,0,0,0,0
-1.5798056581783615,-1.190673790008499,-1.4663305472236512,-1.4387740121776291,-0.4020696149660421,-0.5933581565138785,0.5917540629056195,0.7013143253342763,0.6835997761701464,-0.28986938700374226,-0.6455248653358664,0.42427550486349236,-1.1056913180953083,0,1,0,0,0,0,0,0
-1.5798056581783615,-1.1049621830336378,-0.08186180755298407,-0.2858326005302199,-0.4020696149660421,-0.6086225600622615,0.17269881212061972,0.7014048801707733,0.6836724683881565,-0.28970679354883094,-0.6447414748404628,0.42427550486349236,-0.18066851602864512,0,1,0,0,0,0,0,0
-1.5798056581783615,-1.477417271073022,-1.7484096443880175,-1.4585489842813768,-0.4020696149660421,-0.5019849793919435,0.5921757767445618,0.8917099851979631,0.701662329606011,-0.24836968197033016,-0.6455489285251451,0.42427550486349236,-1.1056913180953083,0,1,0,0,0,0,0,0
-1.5798056581783615,-0.7042263350342722,0.0461688875746103,-0.09148934379477956,-0.38972146511414085,-0.7210987207786047,-1.154920491695596,-0.5378298250315889,0.8586564004147405,0.28450220354588235,-0.5333467330651369,0.42427550486349236,-0.18066851602864512,0,1,0,0,0,0,0,0
-0.3847551571862075,0.11577316458795812,0.5559590598980563,0.5733256725737803,0.7451453786787827,-0.8824330699327443,-0.4571433925371833,-0.5374387927830795,0.8586224539342587,0.28431350346335155,-0.5668480399163609,0.42427550486349236,-0.18066851602864512,0,1,0,0,0,0,0,0
-1.5798056581783615,-0.8135063354022292,-0.4194391552649162,-0.6204233273264411,0.7451453786787827,0.2770880895367017,-0.44788378256831396,-1.7164627639728594,0.09345128893393939,-1.036514769611288,-0.5668453662286633,0.42427550486349236,-0.18066851602864512,0,1,0,0,0,0,0,0
0.8102953438059464,-0.40283935238594015,-0.4841368781295765,-0.2916778452183322,0.7451453786787827,0.3696721676475245,-0.44841076645802935,-1.7164545317149962,0.09344899480901515,-1.0365163644490705,-0.5904745268710285,0.42427550486349236,-0.18066851602864512,0,1,0,0,0,0,0,0
-0.3847551571862075,-0.6511908840745392,-0.4488715048313925,-0.4758044251459325,0.7451453786787827,-0.08991464767017143,-0.7154445419433858,-1.984332202588585,0.6792694939962659,-0.2994936872490728,-0.5533566117941522,0.42427550486349236,0.7443542860380179,0,1,0,0,0,0,0,0
0.8102953438059464,-0.8988118813097631,-0.7299814945623634,-0.27552264779214214,0.7451453786787827,-0.8487796518983861,-0.7172619500442999,-0.5379615411574026,0.8605339511113085,0.2950627641347898,-0.5534323662789182,0.42427550486349236,0.7443542860380179,0,1,0,0,0,0,0,0
0.8102953438059464,0.7147528558546874,0.8027626871853586,0.832984946538664,0.7451453786787827,0.0451223598920894,-0.7150231337597023,-1.984332202588585,0.6792708524678299,-0.2994906867352699,-0.5527069056836297,0.42427550486349236,0.7443542860380179,0,1,0,0,0,0,0,0
0.8102953438059464,-0.26618073977167445,-0.5456990304283805,-0.6447472099045446,0.7451453786787827,-0.17762210784498678,0.09566394601486365,0.3388521277396638,0.7716712649736299,-0.06136645205481546,-0.648091605525585,0.42427550486349236,-1.1056913180953083,0,1,0,0,0,0,0,0
0.8102953438059464,-0.9426120337481235,-1.5681016902875196,-1.243287930625363,1.2342892352869408,-0.31923430356857063,-0.1838529510336568,0.8372782962054565,0.4655200020506029,-0.66785729595374,-0.6475782574876413,0.42427550486349236,1.669377088104681,0,1,0,0,0,0,0,0
0.8102953438059464,-0.9127173463761321,-1.4825201393411729,-1.1865647821116965,1.2342892352869408,-0.31924167886393584,-0.18401653021007508,0.8372659478186614,0.4655254803728693,-0.667849833074157,-0.6475942996138272,0.42427550486349236,1.669377088104681,0,1,0,0,0,0,0,0
0.8102953438059464,-0.8761456356303401,-1.2438174853659179,-0.9825027820857716,1.2342892352869408,-0.31922630701544114,-0.1841151125418254,0.8372865284633199,0.4655072191881174,-0.6678747091860712,-0.6475978645307572,0.42427550486349236,1.669377088104681,0,1,0,0,0,0,0,0
0.8102953438059464,-0.42944616761114973,-1.2786504901230762,-1.2394622316734247,1.2342892352869408,-0.3192347013911005,-0.18399345653262802,0.8372865284633199,0.4655072191881174,-0.6678747091860712,-0.6475871697799667,0.42427550486349236,1.669377088104681,0,1,0,0,0,0,0,0
0.8102953438059464,-0.8848689051128266,-0.3353671271810707,-0.12314748576561056,1.2342892352869408,-0.3191881438453665,-0.18377722326379306,0.837233018787208,0.4655711319530861,-0.6677876408773793,-0.6469490496494672,0.42427550486349236,1.669377088104681,0,1,0,0,0,0,0,0
0.8102953438059464,-0.41978136275559985,-1.471752070711033,-1.4114670782883143,1.2342892352869408,-0.3191530374193417,-0.1839700905554933,0.837282412334388,0.465510871450332,-0.6678697339987425,-0.6475809311753389,0.42427550486349236,1.669377088104681,0,1,0,0,0,0,0,0
0.8102953438059464,-0.9996433834953289,-1.4686317853963504,-1.0942909788702155,1.2342892352869408,-0.3191365325242103,-0.18382187138549905,0.8372865284633199,0.46550904532080406,-0.6678722215945975,-0.6475836048630367,0.42427550486349236,1.669377088104681,0,1,0,0,0,0,0,0
0.8102953438059464,-0.9806213673235705,-1.485095427160227,-1.1218027242587663,1.2342892352869408,-0.31914490833752773,-0.18389293810788404,0.8372865284633199,0.46550904532080406,-0.6678722215945975,-0.647582713633804,0.42427550486349236,1.669377088104681,0,1,0,0,0,0,0,0
0.8102953438059464,-1.055106758099813,-1.3098984817480261,-0.9107389529969407,1.2342892352869408,-0.3191308915860675,-0.1839458734664934,0.8372865284633199,0.46550539305227334,-0.6678771967731624,-0.6475880610091992,0.42427550486349236,1.669377088104681,0,1,0,0,0,0,0,0
0.8102953438059464,-1.041185350640904,-1.4070347084266155,-1.0426207388951227,1.2342892352869408,-0.31924896731998104,-0.18393269556002959,0.8372000897557543,0.4655693059277754,-0.6677901286178296,-0.647586278550734,0.42427550486349236,1.669377088104681,0,1,0,0,0,0,0,0
-1.5798056581783615,1.6588240270426222,1.3073653909578782,0.3347781445439819,-1.3090780464069465,3.1675663516207173,1.045890473217262,0.7992246842320955,-1.8685218896777054,-0.18831117140977469,1.4358634703208961,0.42427550486349236,-1.1056913180953083,0,0,1,0,0,0,0,0
0.8102953438059464,1.4317217494876524,1.0667404088610912,0.7657606242076446,-1.3098011085056143,3.0898426330578874,1.0434596378689798,1.1236373859822786,-1.9631949288456356,1.4325999454790832,1.4364802009498143,0.42427550486349236,-0.18066851602864512,0,0,0,0,0,1,0,0
-0.3847551571862075,0.5900960062768026,1.3534658751163264,1.8786224676288061,-1.3112482291901175,0.4161017774229611,1.5485442135586653,1.0100733887572888,-1.9947301934596888,1.2906265555830476,1.0942330247570369,0.42427550486349236,-1.1056913180953083,0,0,0,0,0,1,0,0
-0.3847551571862075,-1.439238198335364,-0.9544373845428961,-0.2556643365251308,-1.3112482291901175,-0.44448865559889383,-0.13558057560890358,0.8751919597951402,0.3796525268497607,-0.7759264463296607,-0.7502344966379004,0.42427550486349236,-0.18066851602864512,0,0,0,0,0,1,0,0
-1.5798056581783615,1.1993425594477236,1.4397420518601247,0.46315616372427426,-1.3112482291901175,3.0287568957188653,1.043172410322361,0.7994716519679961,-1.8686046587724485,-0.1880994863031463,1.4365408045376271,0.42427550486349236,-1.1056913180953083,0,0,0,0,0,1,0,0
-1.5798056581783615,-1.453740094104887,-1.2438054651086194,-1.0126000058414206,-1.3112482291901175,-0.44989188965383925,0.47751792868541315,0.8751919597951402,0.3796525268497607,-0.7759264463296607,-0.7609996545377659,0.42427550486349236,-1.1056913180953083,0,0,0,0,0,1,0,0
-1.5798056581783615,-1.4947559647273674,0.23947823364277493,0.5111962602214902,-1.3112482291901175,-0.4842386012069657,0.7862771945598558,0.8752043081819354,0.3796780495864534,-0.7758967853808886,-0.7434914562644936,0.42427550486349236,-1.1056913180953083,0,0,0,0,0,1,0,0
0.8102953438059464,0.8603082269303144,0.875739193436449,1.1582688114186668,0.8225441109014132,0.3132272437316282,-0.7189311444550153,-2.153089372658442,0.27627020775939737,-0.8856449675847299,-0.5533289836879433,0.42427550486349236,0.7443542860380179,0,1,0,0,0,0,0,0
0.8102953438059464,0.5303197615628622,0.4734061148719118,0.48966221904861745,0.8225441109014132,0.44266707483337886,-0.3973098316060173,-1.988320731523381,0.1380725645104492,-1.004163897135717,-0.5534261276742904,0.42427550486349236,0.7443542860380179,0,1,0,0,0,0,0,0
0.8102953438059464,-0.30801904695537213,-0.8054399751088385,-0.8205367221839699,0.8225441109014132,-0.5679611443447298,-0.7174542926413724,-0.0493276434200714,0.8752806227273227,0.38861908645259113,-0.5295474228468136,0.42427550486349236,1.669377088104681,0,1,0,0,0,0,0,0
0.8102953438059464,-1.2150768117284427,-1.8381896739400474,-1.2861885955784376,0.8228242804022283,-0.2779560101145163,0.4457853043026398,0.3290186957218857,0.7730586923779894,-0.057120580570660676,-0.6454464371634028,0.42427550486349236,-0.18066851602864512,0,1,0,0,0,0,0,0
-0.3847551571862075,-1.131651523394293,-1.1974468633751936,-0.9776342596473888,0.8228242804022283,-0.29998604108790294,0.4457769154547796,0.32947558603330185,0.7731017709200251,-0.056988330512454034,-0.6454606968311235,0.42427550486349236,-0.18066851602864512,0,1,0,0,0,0,0,0
0.8102953438059464,-1.1367446300430777,-1.864019536470188,-1.3474273492917053,0.8228242804022283,-0.2418447211461134,0.4459210439678647,0.32947970216223355,0.7731017709200251,-0.056988330512454034,-0.6454321774956819,0.42427550486349236,-0.18066851602864512,0,1,0,0,0,0,0,0
0.8102953438059464,-1.1060865867887095,-1.2309643707210782,-0.7930953744882999,0.8228242804022283,-0.24278150876666296,0.444159835524543,0.32947558603330185,0.7731007203057767,-0.05699155617405148,-0.644814555637531,0.42427550486349236,-0.18066851602864512,0,1,0,0,0,0,0,0
0.8102953438059464,-0.9505700708194104,-1.6964555652070765,-1.337458593583162,0.8228242804022283,-0.24182498084975484,0.4458200897133606,0.32947558603330185,0.7731017709200251,-0.056988330512454034,-0.6454312862664496,0.42427550486349236,-0.18066851602864512,0,1,0,0,0,0,0,0
0.8102953438059464,-1.0110318359818489,-1.1154046408412335,-0.7032214752988284,0.8228242804022283,-0.24587439122464477,0.44578401325350886,0.3294838182911652,0.7731017709200251,-0.056988330512454034,-0.6454295038079846,0.42427550486349236,-0.18066851602864512,0,1,0,0,0,0,0,0
0.8102953438059464,-0.6262298802361744,-0.41131288802527993,-0.1125959927292995,0.8228242804022283,-0.11610487042119805,0.44582679570283623,0.4449700477272484,0.6812528620201306,-0.29510045427599,-0.645440198558775,0.42427550486349236,-0.18066851602864512,0,1,0,0,0,0,0,0
-0.3847551571862075,-1.050923302849257,-0.575126438130025,-0.35124785376722667,0.8228242804022283,-0.24791566551900426,0.44579408611238536,0.32947970216223355,0.7731017709200251,-0.056988330512454034,-0.6454197002864265,0.42427550486349236,-0.18066851602864512,0,1,0,0,0,0,0,0
-0.3847551571862075,1.6969149482993484,1.3169028788404806,0.4433247754454008,0.8598321141907611,1.9276105367084906,1.619215660707364,-1.3120160512751335,-1.3170945085809822,-0.9755616344413595,1.7156515194387207,0.42427550486349236,-0.18066851602864512,0,1,0,0,0,0,0,0
-0.3847551571862075,0.7711530769409144,1.8952627730204443,1.6404192184363935,0.8598321141907611,0.8127944156683657,1.6197947791747282,0.9633388608670196,-1.8156599799480413,-0.3126702298554573,1.471684646864425,0.42427550486349236,-1.1056913180953083,0,1,0,0,0,0,0,0
-0.3847551571862075,-0.211936485013093,-0.015395711080949928,-0.2980658810263038,0.8598321141907611,0.017731786181007445,1.0541804289629397,0.9655615704901257,-1.816028397700662,-0.31186984335240103,1.4657392566541425,0.42427550486349236,-1.1056913180953083,0,1,0,0,0,0,0,0
-1.5798056581783615,0.27066605396034343,-0.14849391523606817,-1.0457889564555352,0.8598321141907611,1.3766591149718077,1.0517267515034319,-1.3120283996619286,-1.317107809002446,-0.975550895748638,1.7034407877236728,0.42427550486349236,-0.18066851602864512,0,1,0,0,0,0,0,0
0.8102953438059464,-1.3921904996740244,-1.2515720884462327,-0.6399315613190681,0.8598321141907611,-0.3887089584600182,0.44511154225022537,0.44496181546938507,0.6812542149144695,-0.29509744900309953,-0.6454312862664495,0.42427550486349236,-1.1056913180953083,0,1,0,0,0,0,0,0
0.8102953438059464,0.8016535727987022,1.3384874057817377,2.3639316515139632,0.8598321141907611,-0.48260556548357003,0.4453224986508322,0.7013554866235933,0.6836361236724385,-0.28978809145365547,-0.6454179178279615,0.42427550486349236,-1.1056913180953083,0,1,0,0,0,0,0,0
0.8102953438059464,-0.8197941791758999,-1.010033343960643,-0.7230350099567173,0.8598321141907611,-0.24593110525014614,0.4451493167217018,0.32883758604889185,0.7730250653184738,-0.05722379718338541,-0.6454562406849608,0.42427550486349236,-0.18066851602864512,0,1,0,0,0,0,0,0
-0.3847551571862075,0.026043152633431144,-1.1397808165867354,-1.5025154372043381,0.8598321141907611,1.3803107024324774,1.0575626654149304,-1.31203251579086,-1.3171033755377135,-0.9755544753341545,1.7025112356341328,0.42427550486349236,-0.18066851602864512,0,1,0,0,0,0,0,0
-1.5798056581783615,0.4517672003649216,-0.9569397109689308,-1.66734076737492,0.8598321141907611,1.3812907228355384,1.0594234475624849,-1.312036631919792,-1.3170922918361199,-0.9755634242048624,1.702523712843388,0.42427550486349236,-0.18066851602864512,0,1,0,0,0,0,0,0
0.8102953438059464,0.07131375014069324,-0.7562499759386576,-0.9960331686720237,0.8514792029242944,-0.06423515445521362,-0.7174001624230733,0.6997707769848973,0.682580915084896,-0.2921447056494688,-0.553399390797314,0.42427550486349236,1.669377088104681,0,1,0,0,0,0,0,0
0.8102953438059464,0.5477681762464125,-0.2723542409747132,-0.6667834491226314,0.8514792029242944,0.9151949880467399,0.0011819325561596666,-1.9882754541051324,0.1380004656639837,-1.0042183554669446,-0.5295777246407203,0.42427550486349236,0.7443542860380179,0,1,0,0,0,0,0,0
0.8102953438059464,0.2448291600376535,-0.42915365769811903,-0.6753993765637217,0.8514792029242944,-0.321148534537793,-0.44798787898292874,-0.538504870176384,0.8601830818656768,0.2930704433478868,-0.5295732684945574,0.42427550486349236,0.7443542860380179,0,1,0,0,0,0,0,0
-0.3847551571862075,-0.42255907996158176,-0.5692479699886126,-0.7740020944866326,0.8514792029242944,0.3819886100496431,-0.447758126194939,-1.7164586478439277,0.09344899480901515,-1.0365163644490705,-0.5533361135218036,0.42427550486349236,-0.18066851602864512,0,1,0,0,0,0,0,0
0.8102953438059464,0.6673497364763853,-0.18552687753989913,-0.6918029001197767,0.8038788622928104,0.465956981865954,0.5382022919303483,-1.0954541597927712,0.5453876874844426,-0.5500419031037165,-0.6891469713518283,0.42427550486349236,-1.1056913180953083,0,0,0,0,0,0,0,1
-1.5798056581783615,1.3616570733212474,2.179629740877514,1.1740605752503561,0.14745229647192984,0.1427824721846546,0.40646312322734135,0.44706515735347235,0.6575158124964576,1.88728714551953,-0.15276333143459941,0.42427550486349236,-1.1056913180953083,1,0,0,0,0,0,0,0
0.8102953438059464,-1.048833919264517,-1.0605156461719614,-0.6586530112656677,-1.3581480408101967,-0.5803580103478031,-0.3976873867449088,-0.17034183401139774,0.8369137495883432,0.1765267942765221,-0.5563680753709088,0.42427550486349236,0.7443542860380179,0,0,1,0,0,0,0,0
0.8102953438059464,1.05556522698034,-0.4131705144239977,-1.0490159653013233,1.7914004496358062,3.1171825731310756,2.3987952261808814,0.853672837740329,0.5766062134168108,-0.49844672342296464,1.0910112310814006,0.42427550486349236,1.669377088104681,0,1,0,0,0,0,0,0
0.8102953438059464,0.9448710474290872,0.3767915568636616,-0.09564287254663008,-0.09076727945320208,0.22609215753490838,0.15611449714100398,0.8543437667561925,0.7124718361002317,-0.22240832301519928,-0.6490015505720096,0.42427550486349236,-1.1056913180953083,1,0,0,0,0,0,0,0
-1.5798056581783615,1.5036985672022756,0.7397217156403691,-0.522447283103882,0.8561793551426813,0.696210889108385,1.6192228592344424,0.7947339875676348,-1.8701204684942099,-0.18421204692650986,1.4346718968369883,0.42427550486349236,-1.1056913180953083,0,1,0,0,0,0,0,0
-0.3847551571862075,0.3585017416675235,0.4786967669612647,0.21916776618762446,0.8561793551426813,0.8156196836735787,1.6193038456237407,0.9655574543611939,-1.81606824747215,-0.3117832201619324,1.4719092366310251,0.42427550486349236,-1.1056913180953083,0,1,0,0,0,0,0,0
-0.3847551571862075,1.1933416779295332,0.38523479699874386,-0.4617777517644324,0.8561793551426813,0.8345855584512076,1.619298158287159,1.3683206703258637,-1.815585713560195,-0.3128314730799951,1.484380207281974,0.42427550486349236,-0.18066851602864512,0,1,0,0,0,0,0,0
-1.5798056581783615,1.6222344989959583,0.27270498948527844,-1.0719869498743824,0.8561793551426813,0.6926651392434552,1.619302881559697,0.7987883745653375,-1.8693584751143795,-0.18616879373689482,1.4352503046089078,0.42427550486349236,-1.1056913180953083,0,1,0,0,0,0,0,0
-1.5798056581783615,-0.18821992038556698,0.669342015109644,0.49878468960986333,0.8561793551426813,0.016505725029832965,1.053367564166504,0.9624003834705972,-1.8157878572589592,-0.31239251063602097,1.4657276706741194,0.42427550486349236,-1.1056913180953083,0,1,0,0,0,0,0,0
-1.5798056581783615,0.962700202194537,0.11110356406883334,-0.9966277040019046,0.8561793551426813,1.382205739055479,1.0596324106604649,-1.3120407480487235,-1.317083424833947,-0.9755705832056851,1.7025272777603184,0.42427550486349236,-0.18066851602864512,0,1,0,0,0,0,0,0
-1.5798056581783615,0.5589240574547254,-0.07850549314449709,-1.023367965366131,0.8561793551426813,1.3987549717660135,1.058504191137596,-1.31203251579086,-1.3170922918361199,-0.9755634242048624,1.702517474238761,0.42427550486349236,-0.18066851602864512,0,1,0,0,0,0,0,0
-0.3847551571862075,0.9418635737381338,0.3447786981629988,-0.5160232309697043,0.8561793551426813,0.7810663254806204,1.5809833441969694,1.3686129154800128,-1.8155802119065623,-0.31284341663973697,1.4425040193325607,0.42427550486349236,-1.1056913180953083,0,1,0,0,0,0,0,0
0.8102953438059464,-1.2067445983749092,-1.4392243676975787,-0.9509316577535893,0.8561793551426813,-0.24201009287757783,0.445248680583258,0.32880877314637,0.7730460827220482,-0.05715928710301185,-0.6454232652033567,0.42427550486349236,-0.18066851602864512,0,1,0,0,0,0,0,0
0.8102953438059464,-0.5108420904935658,0.44587988148629243,0.5870728800159318,0.8577023676124711,-0.3234766652252049,-0.20259258292445817,0.836450954290189,0.4661224470744751,-0.6670361428272291,-0.6470595620743025,0.42427550486349236,1.669377088104681,0,1,0,0,0,0,0,0
0.8102953438059464,-0.811618575764781,-1.0831342760543115,-0.8342600396557013,0.8577023676124711,-0.32428545623101,-0.18455359707353855,0.8364756510637793,0.46611514677038435,-0.6670460990542865,-0.6477199629356154,0.42427550486349236,1.669377088104681,0,1,0,0,0,0,0,0
0.8102953438059464,-0.5031691399591822,-0.16963078584762062,-0.21729069887942476,0.8577023676124711,-0.31941079251327886,-0.18443247616406666,0.836450954290189,0.4661224470744751,-0.6670361428272291,-0.6468510144338878,0.42427550486349236,1.669377088104681,0,1,0,0,0,0,0,0
0.8102953438059464,-0.928234863135934,-0.5196961862732813,-0.25979524710813945,0.8577023676124711,-0.3198193249282993,-0.18444325437677886,0.836450954290189,0.4661224470744751,-0.6670361428272291,-0.6468839899154917,0.42427550486349236,1.669377088104681,0,1,0,0,0,0,0,0
0.8102953438059464,-0.7894427911964623,-0.5341891992465202,-0.2507140544807724,0.8577023676124711,-0.436006261494734,-0.18450074528161134,0.853672837740329,0.5764612052126068,-0.4986945831991431,-0.646965091775653,0.42427550486349236,0.7443542860380179,0,1,0,0,0,0,0,0
0.8102953438059464,-0.8882449287405398,-0.53359673388063,-0.3326158426064739,0.8577023676124711,-0.31993539338148475,-0.18437896346333382,0.8365291607398911,0.4660695187243882,-0.6671083238858786,-0.6470854077220461,0.42427550486349236,1.669377088104681,0,1,0,0,0,0,0,0
0.8102953438059464,-0.5544031078540669,-0.8665489013561206,-0.7913661141694268,0.8577023676124711,-0.3233582724974001,-0.20252380684345048,0.8365044639663008,0.4660859450484508,-0.6670859232618217,-0.647670054098593,0.42427550486349236,1.669377088104681,0,1,0,0,0,0,0,0
0.8102953438059464,-0.7593361654506166,-0.33395951624522235,-0.24036280229794998,0.8577023676124711,-0.3191501771369273,-0.1843595108843358,0.8364756510637793,0.466116971851147,-0.6670436100040911,-0.6467057440689834,0.42427550486349236,1.669377088104681,0,1,0,0,0,0,0,0
0.8102953438059464,-1.0239573162801747,-1.2601765319436533,-0.8900813017033463,0.8577023676124711,-0.31980321818842133,-0.18391375600658075,0.8364756510637793,0.466116971851147,-0.6670436100040911,-0.647604103135385,0.42427550486349236,1.669377088104681,0,1,0,0,0,0,0,0
0.8102953438059464,-0.7805901076653212,-0.9667368362799249,-0.7680704001814598,0.8577023676124711,-0.3197430316738664,-0.1841329772303346,0.8364797671927108,0.46611514677038435,-0.6670460990542865,-0.6469356812109791,0.42427550486349236,1.669377088104681,0,1,0,0,0,0,0,0
0.8102953438059464,-0.42061317709945845,-0.32674902861263877,-0.12309958744857723,0.8577023676124711,-0.3231931440360868,-0.2012555047851077,0.8364756510637793,0.46611514677038435,-0.6670460990542865,-0.6475782574876414,0.42427550486349236,1.669377088104681,0,1,0,0,0,0,0,0
0.8102953438059464,-0.47680802361148406,-0.5552171947795659,-0.5364299888678071,0.8577023676124711,-0.32258240900769464,-0.19998248737207697,0.8368049413783133,0.46601658771698123,-0.6671805012613877,-0.6469125092509329,0.42427550486349236,1.669377088104681,0,1,0,0,0,0,0,0
0.8102953438059464,-0.9872289955919683,-1.1948333972695762,-0.850289092502885,0.8577023676124711,-0.31968897989781886,-0.1839639656749999,0.8368090575072451,0.46601658771698123,-0.6671805012613877,-0.6475880610091993,0.42427550486349236,1.669377088104681,0,1,0,0,0,0,0,0
0.8102953438059464,-0.7933674183497089,-1.296360198594174,-1.0856894659240097,0.8577023676124711,-0.3197917236190721,-0.18399743679648475,0.8366896897682263,0.4660567425176175,-0.6671257463482281,-0.6475791487168737,0.42427550486349236,1.669377088104681,0,1,0,0,0,0,0,0
0.8102953438059464,-1.1407283370649193,-1.4818329860703434,-1.0042531289306313,0.8577023676124711,-0.43108207048411595,-0.18395420296085155,0.8536975345139189,0.5764370344253862,-0.49873589011716785,-0.6475871697799668,0.42427550486349236,0.7443542860380179,0,1,0,0,0,0,0,0
0.8102953438059464,-0.7584649634473672,-0.6833443473588207,-0.39493452503189636,0.8577023676124711,-0.3195919593986919,-0.1840125970869212,0.8367143865418166,0.4660348400886654,-0.6671556129272739,-0.646935681210979,0.42427550486349236,1.669377088104681,0,1,0,0,0,0,0,0
-0.3847551571862075,-0.7952354849677076,-1.521538030294297,-1.441185171465445,0.8577023676124711,-0.4392432452483948,-0.183765356565304,0.8537016506428505,0.5764338115943259,-0.4987413976405064,-0.6475729101122462,0.42427550486349236,0.7443542860380179,0,1,0,0,0,0,0,0
0.8102953438059464,-0.221541270925391,-0.6390182024235868,-0.6435917978031144,-0.1502497070101216,0.4954193771160673,0.26957548414043536,1.0252166270969316,-2.0036577748018867,1.2420196689388097,1.7024354811493665,0.42427550486349236,-0.18066851602864512,0,0,0,0,0,0,1,0
-1.5798056581783615,-1.2302989259042882,-0.9534109004745667,-0.9072030473659828,-1.076414519169385,0.2458036245176008,0.5065955784450406,-1.1042256305461764,0.542514144231621,-0.5546202260515255,-0.7970463120771274,0.42427550486349236,-1.1056913180953083,0,0,0,0,0,0,1,0
-1.5798056581783615,0.7063156103632703,1.7715145917040414,1.7401574250443128,0.146974314142579,-0.4455653682712273,-0.26455834164944775,0.8722612759957857,0.3761001094600018,-0.780041564825995,-0.8658474263708437,0.42427550486349236,-1.1056913180953083,1,0,0,0,0,0,0,0
0.8102953438059464,0.34004520967825014,0.8843848178135962,1.0977975308138053,0.1482167666418937,-0.5780815573131144,0.5772251469747003,0.7119133573333466,0.6878001480965217,-0.2804174009263448,-0.6846810216675645,0.42427550486349236,-0.18066851602864512,0,0,1,0,0,0,0,0
-0.3847551571862075,0.9855652578382628,0.36584546673810253,-0.4070288861437284,0.12308251570655024,-0.6500170831663966,0.5629491820519176,0.6953253577386852,0.6693609078899585,-0.321074829258659,-0.7104972588465857,0.42427550486349236,-0.18066851602864512,1,0,0,0,0,0,0,0
-1.5798056581783615,0.6048792379563198,0.9700128280645105,0.1116040234587054,0.12308251570655024,-0.22407181012100302,0.16450581538568557,0.9430875065231651,0.7148699643206204,-0.21652584215761939,-0.6731191048338073,0.42427550486349236,-0.18066851602864512,1,0,0,0,0,0,0,0
-1.5798056581783615,0.8883517275310137,1.1240520785533603,0.4398216897034738,0.12308251570655024,-0.2652547465872102,0.14167230155774121,0.7144118475948751,0.6894157780405981,-0.27675059778751376,-0.6783007115918018,0.42427550486349236,-0.18066851602864512,1,0,0,0,0,0,0,0
-1.5798056581783615,0.9831785975714799,0.3893003637589894,-0.7470539665398992,0.8266482776771857,0.028360310372095868,1.0733875001160735,0.7956395359326042,-1.870240449289098,-0.18390347415172295,1.4649068485509487,0.42427550486349236,-1.1056913180953083,0,1,0,0,0,0,0,0
-0.3847551571862075,0.46264362219206373,1.6863092592755853,1.2497354090913306,0.8266482776771857,0.8115909889256423,1.6194562145734175,0.9655245253297405,-1.8160696215453207,-0.31178023310590647,1.471810310186213,0.42427550486349236,-1.1056913180953083,0,1,0,0,0,0,0,0
-0.3847551571862075,-0.8149580257160928,-0.19625182421777196,0.06304872351085461,0.8266482776771857,0.025938761757504484,1.0584630406629032,0.9655368737165357,-1.8160847360999208,-0.3117473752720202,1.4689057941173613,0.42427550486349236,-1.1056913180953083,0,1,0,0,0,0,0,0
-1.5798056581783615,0.7656698524275883,-0.5945790623411141,-1.5186589560547752,0.8266482776771857,1.3817466382867192,1.0595079583460312,-1.31203251579086,-1.3170989420638919,-0.9755580548983954,1.7025272777603184,0.42427550486349236,-0.18066851602864512,0,1,0,0,0,0,0,0
-0.3847551571862075,1.412613457553539,0.3291671017277207,-0.8338726462505055,0.8195837230421579,0.8117708263456724,1.6191673222390672,0.9656315446819642,-1.8159129527801074,-0.31212073625404685,1.4718415032093524,0.42427550486349236,-1.1056913180953083,0,1,0,0,0,0,0,0
-0.3847551571862075,0.23842878206203488,0.6043900183062713,0.3197460865637616,0.8195837230421579,0.02436142704697966,1.059502963132373,0.9656315446819642,-1.815936318792474,-0.3120699621877728,1.4688719274065247,0.42427550486349236,-1.1056913180953083,0,1,0,0,0,0,0,0
-1.5798056581783615,-0.5880611227353242,0.5156126161916713,0.3453523168699127,0.8195837230421579,0.015626870190399544,1.0549670829078308,0.9656315446819642,-1.815936318792474,-0.3120699621877728,1.4654398036320082,0.42427550486349236,-1.1056913180953083,0,1,0,0,0,0,0,0
0.8102953438059464,-0.9603005201534537,-0.644320847679036,-0.05160797353950448,0.9369059842060942,-0.7952861455727406,-1.5598672632165154,-0.5401883669094403,0.8591020311502803,0.2869865997129138,-0.5692917904719889,0.42427550486349236,-0.18066851602864512,0,1,0,0,0,0,0,0
0.8102953438059464,-0.8599050881017184,-0.632081383579398,-0.192322590257939,0.9369059842060942,-0.5685307269104679,-0.7174426513337713,-0.04941408212763665,0.8752670434566012,0.388521903356209,-0.5295688123483948,0.42427550486349236,1.669377088104681,0,1,0,0,0,0,0,0
0.8102953438059464,-0.5153265746735652,-0.5238872017430924,-0.31145559363292274,0.9369059842060942,-0.3212783379630532,-0.44767864792726264,-0.538504870176384,0.8601952052246664,0.29313913593060426,-0.5295750509530226,0.42427550486349236,0.7443542860380179,0,1,0,0,0,0,0,0
0.8102953438059464,0.28094979652148655,1.1258520414874111,1.0929977407320977,0.08689898629238665,0.565025963123411,0.6406666553093796,-0.7901032511251876,0.43720857414520653,-0.7054077846570744,-0.6302634559578307,0.42427550486349236,-0.18066851602864512,1,0,0,0,0,0,0,0
0.8102953438059464,-0.9239388728731841,-1.3801216522642867,-1.0393333544537697,0.7093598341662402,0.21923602766416336,1.5492920898140372,0.7321235503878843,-2.0265351756355914,1.0826411693896283,1.104966098404531,0.42427550486349236,-1.1056913180953083,0,1,0,0,0,0,0,0
0.8102953438059464,-0.08806174769311374,-0.6486566186222805,-0.7816664248627608,0.7093598341662402,1.1063599662963206,0.08529195125781673,-2.1464624050784407,0.27546893203787925,-0.8864193704839808,-0.6475791487168738,0.42427550486349236,-0.18066851602864512,0,1,0,0,0,0,0,0
-0.3847551571862075,-1.0336455655923296,-1.5624007855902087,-1.310012154670838,-0.7504671496609948,-0.02844902961197558,0.27599496308542654,0.6992192157080523,0.68223945945254,-0.29290574187431834,-0.6802302228802537,0.42427550486349236,-1.1056913180953083,0,0,1,0,0,0,0,0
0.8102953438059464,0.4002096973484002,0.8685896471919983,1.4044498040154298,-1.3267674754556842,-0.40212518450345774,-1.3910571323111698,-1.314703883467519,-0.5053298815985625,-1.2523813938854877,1.8123516736279068,0.42427550486349236,-0.18066851602864512,0,0,1,0,0,0,0,0
-1.5798056581783615,-1.9266131211984459,-0.31853764076896696,0.9789171142200593,-1.3267674754556842,-1.9394469447894056,-1.9278513439629432,-1.4601431831394214,-0.6949467157043896,-1.2472487176817224,1.9315526922510606,-2.356959071492339,-0.18066851602864512,0,0,1,0,0,0,0,0
-1.5798056581783615,1.5327661283114837,2.2534250230976274,1.7372677657769693,0.19388312588123885,0.21147254924535122,0.17341478481094158,0.10575986246768358,0.6211834925664218,1.959402401015499,-0.09934750738224207,0.42427550486349236,-0.18066851602864512,1,0,0,0,0,0,0,0
-0.3847551571862075,1.57019685010514,0.9626854455848672,0.0749469539577709,0.19388312588123885,0.4238799467270203,1.132098262823043,0.44725038315539783,0.6568547806833778,1.8886606904319085,-0.12227170570166714,0.42427550486349236,-1.1056913180953083,1,0,0,0,0,0,0,0
-1.5798056581783615,0.9181066848072966,1.581842184939946,1.2631778052753133,1.0408159174282539,-0.17679708458211993,-0.47050749213761073,-0.2513019739685678,0.6465659208681613,-0.3685542541885866,-0.5419052073852303,0.42427550486349236,0.7443542860380179,1,0,0,0,0,0,0,0
0.8102953438059464,0.9591413109950611,0.7237618850229015,0.5297511020995058,-0.0922690238993527,0.2001410578707718,0.5655435072804161,1.182481565189544,0.5228751629307327,-0.5851884763899244,-0.6403218690762907,0.42427550486349236,0.7443542860380179,1,0,0,0,0,0,0,0
0.8102953438059464,0.4923798239030631,0.3463879728289698,0.20553963245736284,-0.8192161694582454,0.4567472722346864,-0.612590434456894,0.438306034986862,0.6361314256844248,1.9305361234394198,-0.10873125997166841,0.42427550486349236,-0.18066851602864512,0,1,0,0,0,0,0,0
0.8102953438059464,-1.386265578681381,-0.6262984769868787,0.2835881784616816,-0.8192161694582454,-1.2921476198330315,-1.8012774921716845,-1.5711181352663857,0.136975070946423,-1.0049920857975365,-0.9279955144436397,-2.356959071492339,0.7443542860380179,0,1,0,0,0,0,0,0
0.8102953438059464,-1.5640919821589743,-0.8169430818776332,0.3590006971097439,-0.8192161694582454,-1.6295931725131416,-1.801307768269682,-0.9797538916522407,0.22806368035308758,-0.9303386551327809,-0.9279972969021049,-2.356959071492339,-0.18066851602864512,0,1,0,0,0,0,0,0
0.8102953438059464,-1.6409424652742184,-1.1557482552600655,-0.17027019686136421,-0.8192161694582454,-1.6464685112889734,-1.8011401884305878,-0.8673341782702576,0.2314788496248777,-0.927296221359688,-0.9272495555760027,-2.356959071492339,-0.18066851602864512,0,1,0,0,0,0,0,0
0.8102953438059464,-1.608423857465916,-0.4766993715500193,1.15198093399933,-0.8192161694582454,-1.6457989430139157,-1.8012545037909249,-0.8705447588369661,0.23157799868738585,-0.9272076181458022,-0.9279527354404778,-2.356959071492339,-0.18066851602864512,0,1,0,0,0,0,0,0
0.8102953438059464,-1.607721457170712,-0.7885872391373008,0.5810558514901044,-0.8192161694582454,-1.6459543309707196,-1.8012120863153436,-0.8699602685286679,0.23151549227247153,-0.9272634779685678,-0.9279767986297565,-2.356959071492339,-0.18066851602864512,0,1,0,0,0,0,0,0
0.8102953438059464,-0.2918835315646344,-0.07642851386985947,-0.02302908202878687,0.8971785284178426,0.41109126093142195,-0.4480103407979598,-1.7164504155860643,0.09345817129656495,-1.036509985064911,-0.5533681977741752,0.42427550486349236,0.7443542860380179,0,1,0,0,0,0,0,0
0.8102953438059464,-0.6688493614133663,0.6828040081765494,2.0718231744555498,1.0156805239948767,-1.655748799236435,-1.8222368390019927,-1.3823730431043015,0.23453714964404937,-0.9245560359232542,-0.9307636724399129,-2.356959071492339,-2.030714120161971,1,0,0,0,0,0,0,0
-1.5798056581783615,1.0056188365825947,2.0485443377206525,1.3160961304249854,0.165745193119234,-0.5700735784225989,0.37559693226432883,-0.15539205373154413,0.837244414252077,0.17801025283652908,-0.5177725022264792,0.42427550486349236,0.7443542860380179,1,0,0,0,0,0,0,0
0.8102953438059464,0.562564536335481,0.7124748935701352,0.9666335838931196,0.09457814622472438,-0.2506595658947037,-0.14528856421631878,0.9460017258067929,0.6143248675522689,-0.4311190800504919,-0.7014949523686869,0.42427550486349236,0.7443542860380179,1,0,0,0,0,0,0,0
-1.5798056581783615,0.8452061490204814,0.8413053407253123,-0.10959329185748912,0.09457814622472438,-0.27367880742786665,-0.10620818456209215,0.4486869121525534,0.7174132434718766,-0.2102366583047704,-0.7042755875742155,0.42427550486349236,0.7443542860380179,1,0,0,0,0,0,0,0
-1.5798056581783615,1.7096988235936348,2.2215211264229886,2.22236671281156,0.09457814622472438,-0.43169556370879003,-0.1367796149567878,0.6933331513357531,0.6686078230489513,-0.32269070669409616,-0.697627017499458,0.42427550486349236,-0.18066851602864512,1,0,0,0,0,0,0,0
-1.5798056581783615,1.4670115090817921,1.6906326674398295,0.6204404417587276,0.09487465272052342,-0.6422973945839642,-0.20801969216500904,0.4094437389179376,0.6975357183400009,-0.2580512117322735,-0.635773926302633,0.42427550486349236,-0.18066851602864512,1,0,0,0,0,0,0,0
0.8102953438059464,-0.8970075842619258,-0.032791062648151,0.6657512995630929,-0.745151967331681,-0.5809756719584438,-1.2494717022834887,-0.5381179540568063,0.8589164240998601,0.28595019671539934,-0.5555071479322741,0.42427550486349236,-1.1056913180953083,0,0,0,0,0,0,1,0
0.8102953438059464,-0.932442701107506,-0.9166114946540859,-0.6082230700290472,-0.745151967331681,-0.5144948125751213,-1.2493117577779007,-0.052221282059040856,0.8751806373107812,0.38790411787681145,-0.5289627764702667,0.42427550486349236,-0.18066851602864512,0,0,0,0,0,0,1,0
0.8102953438059464,-1.1272204927374014,-1.6055068093765172,-1.0867154220629134,-0.7432159643440349,-0.6019535383805777,-1.2491970195350606,-0.537854521805179,0.8588942722507844,0.2858266609633591,-0.5561835909197729,0.42427550486349236,-1.1056913180953083,0,0,0,0,0,0,1,0
-1.5798056581783615,-1.14624250890916,-0.8741091956489285,-0.8981071173456635,-1.3408421533582795,-0.8204828935072715,-1.2469660516438463,-0.5375128831038497,0.8598660454296393,0.2912777729580067,-0.54222783236741,0.42427550486349236,-1.1056913180953083,0,0,0,0,0,0,0,1
-0.3847551571862075,0.32017637422425826,1.0476916211656067,1.4511314505633588,-1.3408421533582795,-0.7816463348945267,-1.501757786557438,-1.689382751731351,0.09198263528617613,-1.037534339968153,-0.6680480105006478,-2.356959071492339,-2.030714120161971,0,0,0,0,0,0,0,1
0.8102953438059464,0.6464718454522588,0.7578962373328065,1.0229620121046106,-1.3425642112027627,-0.5307846979628941,-0.465544569119145,-0.5414314378468069,0.8598027391702998,0.29092066005444844,-0.558918773434442,0.42427550486349236,-0.18066851602864512,0,0,0,0,0,0,0,1
0.8102953438059464,-0.9011253950339884,-1.7647509913090176,-1.4067881679875784,0.7989249816550582,-0.24203497423762413,0.44514140031881033,0.3289569537879105,0.773097568438462,-0.05700123314371772,-0.6454740652696116,0.42427550486349236,-0.18066851602864512,0,1,0,0,0,0,0,0
0.8102953438059464,-0.9980322700663078,-1.8052746064371679,-1.3849856170921282,0.7989249816550582,-0.24198749203567346,0.445220431340328,0.3289693021747055,0.7730576415958492,-0.05712380612889092,-0.6454223739741242,0.42427550486349236,-0.18066851602864512,0,1,0,0,0,0,0,0
0.8102953438059464,-0.6024654892412735,-1.494353957183247,-1.3587928336264985,0.7989249816550582,-0.2536789007411771,0.44516115164709463,0.32924919894205956,0.7730691999741729,-0.05708832484968612,-0.6454580231434258,0.42427550486349236,-0.18066851602864512,0,1,0,0,0,0,0,0
0.8102953438059464,-0.7598594488009677,-0.686667478743431,-0.6488131749913099,0.7989249816550582,-0.2431776231735317,0.4434641309671263,0.32907632152692917,0.7730670984876952,-0.05709477601405144,-0.6447869275313222,0.42427550486349236,-0.18066851602864512,0,1,0,0,0,0,0,0
0.8102953438059464,0.31982564320886236,-0.8864375903118101,-1.241087705282439,1.0471725734701125,-0.2730400887419517,-0.18447946430044615,0.6702128551265191,0.6770555836327766,-0.30436820442864404,-0.6477048120386621,0.42427550486349236,0.7443542860380179,0,1,0,0,0,0,0,0
0.8102953438059464,-0.04555573817203615,0.28939398171754793,0.1006794605865463,1.0471725734701125,-0.31741403739159235,-0.18445656306887698,0.836450954290189,0.4661224470744751,-0.6670361428272291,-0.6471317516421382,0.42427550486349236,1.669377088104681,0,1,0,0,0,0,0,0
-1.5798056581783615,0.16745820674480205,0.06367748849174396,-0.6913906938692786,1.0717080000706922,0.01826224636853593,1.0593385186212128,0.9655780350058524,-1.8160352685784384,-0.3118549085173972,1.4688692537188273,0.42427550486349236,-1.1056913180953083,0,1,0,0,0,0,0,0
-1.5798056581783615,1.5488857021199272,-0.18414832405622822,-1.448878640634487,1.0717080000706922,0.7855831863907197,1.6191891120353976,1.434433933226472,-1.8077151836549847,-0.32973191642275684,1.4772922611955739,0.42427550486349236,-0.18066851602864512,0,1,0,0,0,0,0,0
0.8102953438059464,0.5393393710834709,1.024595652868939,0.6386717535923533,1.0717080000706922,2.191463861492994,1.6191948020445677,-1.312036631919792,-1.3170878583395775,-0.9755670037159119,1.7143075457560482,0.42427550486349236,-0.18066851602864512,0,1,0,0,0,0,0,0
-1.5798056581783615,-0.2562608582559703,-0.21184121224678287,-0.7410821003814683,1.0717080000706922,-0.22162460913630586,1.0594858139157664,1.434508023547242,-1.807717977369431,-0.32972598239367695,1.464908631009414,0.42427550486349236,-1.1056913180953083,0,1,0,0,0,0,0,0
0.8102953438059464,0.5672731506549653,-0.5239548589211998,-0.9714329113836749,1.0717080000706922,1.4168712300508106,1.6194514115329024,0.7988007229521326,-1.8693560458921086,-0.18617502357977803,1.4770667801997412,0.42427550486349236,-0.18066851602864512,0,1,0,0,0,0,0,0
-0.3847551571862075,0.4736597741149144,-0.8352726019173726,-1.3986296216257779,1.0717080000706922,1.3802603519547312,1.0577917926169464,-1.312036631919792,-1.3170878583395775,-0.9755670037159119,1.7025192566972256,0.42427550486349236,-0.18066851602864512,0,1,0,0,0,0,0,0
-1.5798056581783615,0.5110886201899929,-0.33988728689495634,-1.2960604015733652,1.0717080000706922,1.3801843586939346,1.0577150014123664,-1.312036631919792,-1.3171033755377135,-0.9755544753341545,1.7025210391556906,0.42427550486349236,-0.18066851602864512,0,1,0,0,0,0,0,0
-1.5798056581783615,0.30203775101113467,-0.383581144170512,-1.2422978438670604,1.0717080000706922,1.3774105526041878,1.052895326224104,-1.3120407480487235,-1.3170878583395775,-0.9755670037159119,1.7035682335039266,0.42427550486349236,-0.18066851602864512,0,1,0,0,0,0,0,0
-0.3847551571862075,1.2419310941042458,0.6051139917025381,-0.14591624508031092,0.0914119325872454,-0.24431947227285947,-0.7913511375818546,-0.5387271411386947,0.8587322694080218,0.2849242217553272,-0.5372717066052485,0.42427550486349236,-0.18066851602864512,1,0,0,0,0,0,0,0
-0.3847551571862075,1.5373087557161578,1.610408280553685,1.398253424733962,0.09368829171224032,0.08453368625086309,0.6229562041469082,-0.42717181483236377,0.8611264621475953,0.2984473898252147,-0.5702177776445992,0.42427550486349236,0.7443542860380179,1,0,0,0,0,0,0,0
-1.5798056581783615,1.2565230170732788,1.6490951948035248,0.9915062615359838,0.09368829171224032,-0.1262311412998281,-0.07975560110013655,0.3248284764694377,0.9010527288745476,0.7095719791123786,-0.4614949411084322,0.42427550486349236,-0.18066851602864512,1,0,0,0,0,0,0,0
-1.5798056581783615,0.9760926991473631,0.11125185053330741,-1.0433081391694254,0.08982643597196578,0.5480326316967352,0.3998503870194231,-0.4756310007450062,0.8730761306269594,0.37316472575093135,-0.5144999084845879,0.42427550486349236,-0.18066851602864512,1,0,0,0,0,0,0,0
-0.3847551571862075,1.5671002858585974,1.5693700772495205,1.3748951389849269,0.08982643597196578,-0.13101151588465348,0.09882637373875595,0.31798747018498924,0.7755687640538516,-0.04937199895804714,-0.6140787330948824,0.42427550486349236,-1.1056913180953083,1,0,0,0,0,0,0,0
-1.5798056581783615,-1.185726039800909,-0.24251678333741988,-0.367336365801844,0.8714341639474377,-0.5999201413975584,-0.18414750933234283,0.7013431382367982,0.6835701576265472,-0.28993562608118506,-0.6469383548986767,0.42427550486349236,-0.18066851602864512,0,1,0,0,0,0,0,0
0.8102953438059464,-0.7669444089606731,-1.1741631525896048,-0.9858793675072132,0.8714341639474377,-0.3196367107042952,-0.1841349868397892,0.8363686317115556,0.4658833358321746,-0.6673621728316413,-0.6475853873215016,0.42427550486349236,1.669377088104681,0,1,0,0,0,0,0,0
0.8102953438059464,-1.104913418401851,-1.2468311088671689,-0.8187194772863519,0.8714341639474377,-0.31957028239911645,-0.1839688105976919,0.8363562833247604,0.46589793959987236,-0.6673422647572744,-0.6475862785507341,0.42427550486349236,1.669377088104681,0,1,0,0,0,0,0,0
0.8102953438059464,-1.0447404912134706,-1.5131205813502864,-1.1016999953156164,0.8714341639474377,-0.3195318837961165,-0.1839086125822229,0.8363398188090337,0.46589428867690297,-0.6673472418021476,-0.6475782574876414,0.42427550486349236,1.669377088104681,0,1,0,0,0,0,0,0
0.8102953438059464,-0.25247596038818587,-0.9698687991485487,-1.060940498475901,0.8714341639474377,-0.31958688231862636,-0.1840208607090239,0.8364591865480523,0.4659380989184983,-0.667287516107316,-0.6475853873215016,0.42427550486349236,1.669377088104681,0,1,0,0,0,0,0,0
0.8102953438059464,-0.8590020013133882,-1.3763751775600077,-1.0961793073845363,0.8714341639474377,-0.23804357239808283,-0.18401268368370352,0.8755047855939478,0.3801942890370992,-0.7752965506159692,-0.6475880610091993,0.42427550486349236,1.669377088104681,0,1,0,0,0,0,0,0
0.8102953438059464,-0.8719959400731966,-1.025976107016236,-0.752459940171639,0.8714341639474377,-0.28789361339996394,-0.1844483951637323,0.836450954290189,0.4659399243057408,-0.6672850274819467,-0.6353782205233846,0.42427550486349236,1.669377088104681,0,0,1,0,0,0,0,0
-0.3847551571862075,-0.2748477425583098,0.2584781587674057,-0.14992979313038715,0.8714341639474377,-0.43949179947818373,-0.18426054303417488,0.853672837740329,0.5766497103556258,-0.49837235938395175,-0.6468483407461901,0.42427550486349236,0.7443542860380179,0,1,0,0,0,0,0,0
0.8102953438059464,0.582269258972748,0.19650019450602307,-0.13511510887225742,0.8714341639474377,-0.3195855266567943,-0.18445037742498877,0.8363809800983505,0.46590341596063223,-0.6673347991571139,-0.646875968852399,0.42427550486349236,1.669377088104681,0,1,0,0,0,0,0,0
0.8102953438059464,-0.7120558963213158,-0.5099014407803745,-0.20722081652905636,0.8714341639474377,-0.32358976347680635,-0.18441427223478915,0.8363151220354438,0.46590889229295934,-0.6673273335175318,-0.647645099680082,0.42427550486349236,1.669377088104681,0,1,0,0,0,0,0,0
0.8102953438059464,-0.6903255588592241,-0.9094667653164267,-0.7412299970621138,0.8714341639474377,-0.3228314928099778,-0.2013229353618855,0.8363233542933072,0.4657537185343556,-0.6675388447067857,-0.647699464663267,0.42427550486349236,1.669377088104681,0,1,0,0,0,0,0,0
0.8102953438059464,-0.9341466549087803,-1.1359221154034709,-0.8695739875691485,0.8714341639474377,-0.3192651484960418,-0.18448642488915168,0.8363850962272823,0.4659399243057408,-0.6672850274819467,-0.6468554705800506,0.42427550486349236,1.669377088104681,0,1,0,0,0,0,0,0
0.8102953438059464,-1.011470718478177,-0.9230847296597704,-0.5368134659942161,0.8714341639474377,-0.3193036467850258,-0.1838293984829303,0.8364221413876675,0.4659143685968538,-0.6673198678385279,-0.6467966494507026,0.42427550486349236,1.669377088104681,0,1,0,0,0,0,0,0
0.8102953438059464,-0.633871884249889,-0.4729571709532432,-0.4525867720607662,0.8714341639474377,-0.3192580308843745,-0.18402019825949348,0.8362780768750586,0.4658760338725059,-0.6673721267636988,-0.6467413932382852,0.42427550486349236,1.669377088104681,0,1,0,0,0,0,0,0
0.8102953438059464,-0.8096042152514215,-1.320886294080667,-1.0791295584237093,0.8714341639474377,-0.31952089930402355,-0.18397790914272463,0.8363768639694189,0.46590341596063223,-0.6673347991571139,-0.647580931175339,0.42427550486349236,1.669377088104681,0,1,0,0,0,0,0,0
0.8102953438059464,-0.7493618921473927,-0.6238058743822192,-0.26632772136737953,0.8714341639474377,-0.3227816815231915,-0.20053940870319786,0.8364797671927108,0.4659125431653813,-0.6673223564025761,-0.6475800399461066,0.42427550486349236,1.669377088104681,0,1,0,0,0,0,0,0
0.8102953438059464,-0.900556160224594,-0.9282713395996455,-0.6466056004143139,0.8714341639474377,-0.31932711014166215,-0.18389188077369292,0.8363315865511705,0.46589063774129624,-0.6673522188295002,-0.6468403196830972,0.42427550486349236,1.669377088104681,0,1,0,0,0,0,0,0
0.8102953438059464,-0.7825557035468939,-0.7018215846082796,-0.5583105567276575,0.8714341639474377,-0.318907507135694,-0.18421976221827893,0.8362698446171953,0.46587420837469107,-0.6673746152357624,-0.646665638753519,0.42427550486349236,1.669377088104681,0,1,0,0,0,0,0,0
0.8102953438059464,-0.9559763973530236,-1.065620442656255,-0.699476923198476,0.8714341639474377,-0.31947293552494915,-0.1839574448153083,0.8363357026801023,0.46589063774129624,-0.6673522188295002,-0.6475800399461065,0.42427550486349236,1.669377088104681,0,1,0,0,0,0,0,0
0.8102953438059464,-1.0040640989154126,-1.382129171759071,-0.988878004374534,0.8714341639474377,-0.3195349017293465,-0.183960096249643,0.836401560743009,0.46590889229295934,-0.6673273335175318,-0.6475880610091993,0.42427550486349236,1.669377088104681,0,1,0,0,0,0,0,0
0.8102953438059464,-0.5028474797458774,-1.1761540434043407,-1.1231801375814423,0.8714341639474377,-0.3195780728692818,-0.1839010481865809,0.8365003478373693,0.46593444813453627,-0.6672924933449134,-0.6475836048630366,0.42427550486349236,1.669377088104681,0,1,0,0,0,0,0,0
0.8102953438059464,-0.7849939432386985,-0.5808641828303557,-0.4074242243532803,0.8714341639474377,-0.31875177604133215,-0.18401488112891567,0.836286309132922,0.46587968485865844,-0.6673671498064306,-0.6466389018765428,0.42427550486349236,1.669377088104681,0,1,0,0,0,0,0,0
-0.3847551571862075,0.6487928612405488,1.0793580806849359,1.0429607943157055,0.15626890793328294,-0.9795575020808647,-0.9019907182564506,-2.0211262791088527,0.40488814814116625,-0.7459195675589164,-0.9029011729429769,-2.356959071492339,-1.1056913180953083,1,0,0,0,0,0,0,0
-1.5798056581783615,1.3085325326161714,1.2961103075402574,0.24514655078914604,1.03818460837075,-0.8069721739858692,-1.3612461150489936,0.00821583904478378,0.6933424663450797,-0.2677648753460491,-0.7074332127451088,0.42427550486349236,-1.1056913180953083,0,0,1,0,0,0,0,0
-1.5798056581783615,-1.692239264474853,-1.7514730859391483,-1.2852446076685644,-1.334095093357208,-0.7480411547184501,-0.08415933962618934,0.8315774576350827,0.4641568440147785,-0.6697118406565477,-0.8042643776314787,0.42427550486349236,-1.1056913180953083,0,0,1,0,0,0,0,0
0.8102953438059464,-0.11782045559630665,-1.2890373879611288,-1.3722126180045828,-1.334095093357208,1.154588855715273,0.3734486256418605,-2.1478330760126894,0.27563300322572587,-0.8862608909433084,-0.728459092799221,0.42427550486349236,0.7443542860380179,0,0,0,0,0,0,1,0
0.8102953438059464,-1.4618538036644224,-1.3150239594717095,-0.7162776093334668,-1.334095093357208,-0.6323589642921267,0.47392376647052004,0.9319616100208402,0.607811711867288,-0.44317013048226445,-0.7559722304370008,0.42427550486349236,-1.1056913180953083,0,0,0,0,0,0,1,0
0.8102953438059464,-1.3701066180237929,-1.856798871911191,-1.1971625615251986,-1.334095093357208,-0.5250966212104725,-0.08424770766171008,0.8718002695554378,0.5670974649287466,-0.5145331709552414,-0.7284840472177323,0.42427550486349236,-0.18066851602864512,0,0,0,0,0,0,1,0
0.8102953438059464,-0.2633561336524837,-1.6208239284946127,-1.5713433053094261,-1.334095093357208,1.2241749196294385,0.4767732072289338,-1.5065484207151565,-0.22567153878378474,-1.197899284243619,-0.6802266579633236,0.42427550486349236,-0.18066851602864512,0,0,0,0,0,0,1,0
0.8102953438059464,-1.0494950569919985,-1.1399064548592677,-0.7081246621291595,-1.334095093357208,-0.5765249885737324,-0.08433296827308683,0.8406864509608856,0.6151222478499483,-0.42963081331058944,-0.724197234609209,0.42427550486349236,-0.18066851602864512,0,0,0,0,0,0,1,0
0.8102953438059464,0.7899790963211134,0.8717928888029486,1.1970606492081304,-1.334095093357208,-0.04131375324597663,-0.036952601528280414,1.0161611434472404,0.7322044029692051,-0.1725726636109388,-0.6801455561031623,0.42427550486349236,-0.18066851602864512,0,0,0,0,0,0,1,0
0.8102953438059464,-1.228992592841865,-1.9872816144648362,-1.4096483578822567,-1.334095093357208,-0.30478936897912645,-0.08413589514919202,0.8718455469736862,0.5673176813378603,-0.5141644023304756,-0.6825777206787672,0.42427550486349236,0.7443542860380179,0,0,0,0,0,0,1,0
0.8102953438059464,-0.9442794138729963,-1.3450486184037884,-0.9856451123759106,-1.334095093357208,-0.27226208618373254,-0.03574483682798528,0.9320521648573369,0.6078178753231084,-0.44315881425620496,-0.6827506191498802,0.42427550486349236,0.7443542860380179,0,0,0,0,0,0,1,0
0.8102953438059464,-0.5079340217847633,-1.448406892604283,-1.3184881971794575,-0.7246506428600994,-0.6020743826894733,-1.2495318518924636,-0.5381673476039864,0.8589090407774846,0.28590901791877527,-0.5561630926474246,0.42427550486349236,-1.1056913180953083,0,0,1,0,0,0,0,0
-0.3847551571862075,0.16399309418199037,0.7686611490274327,0.5068741107564766,0.18914291115376602,-0.4979605570018993,-0.497741525672696,-0.5385624959814275,0.8586872494180928,0.28467375296235464,-0.5444888809303673,0.42427550486349236,-0.18066851602864512,0,0,1,0,0,0,0,0
0.8102953438059464,1.098662040859085,0.549463712275985,0.2678896347646424,0.0874948406969796,0.26162349580717564,-0.8914090013006085,-0.5373647024623093,0.8580706855769015,0.28125718762898844,-0.5248417324989962,0.42427550486349236,0.7443542860380179,1,0,0,0,0,0,0,0
-1.5798056581783615,1.0913004344909525,1.3204265732801006,0.4860707338787935,0.0874948406969796,0.18050820711065726,0.33618010963670963,-0.538480173402794,0.8588185441686258,0.28540459491981485,-0.38223792545854246,0.42427550486349236,-0.18066851602864512,1,0,0,0,0,0,0,0
-1.5798056581783615,1.3335601191974407,0.9668035730649744,-0.15677345663977468,0.9769832260893265,0.4734142314921053,1.4068733738043124,-2.101086199735625,-1.9796855958799782,1.3630161878969143,1.0318888662530818,-2.356959071492339,-1.1056913180953083,0,0,1,0,0,0,0,0
-1.5798056581783615,0.9231378976044978,1.6919401267972756,1.3709526912497396,0.25477775840568895,-0.3930895569909993,0.3376975898204768,0.32550352161423285,0.9010439470785853,0.7091727873070511,-0.4474322350481643,0.42427550486349236,-0.18066851602864512,1,0,0,0,0,0,0,0
0.8102953438059464,-0.390870411588806,0.25545676141100454,0.364326644310753,0.2548224009754948,-0.2527215045139216,0.18856909684340883,0.6864345192462612,0.6684606820841501,-0.32300603050717985,-0.6818353267280602,0.42427550486349236,-1.1056913180953083,1,0,0,0,0,0,0,0
-0.3847551571862075,1.1844918075711355,1.5702616920635153,1.361821019702475,0.2516048976777669,0.3785550554133599,1.3516178419997282,0.6396999913559919,-2.0441268530701087,0.7739468320219383,1.1814585209750776,0.42427550486349236,0.7443542860380179,0,0,1,0,0,0,0,0
0.8102953438059464,-0.6929991821917333,-0.2899326410877163,-0.03537917001073509,0.19953412356206696,-1.3450858670253893,-1.6982413966118381,-0.9825940206150984,0.22694481935542607,-0.9313314026202208,-0.9216588746002718,-2.356959071492339,-1.1056913180953083,0,1,0,0,0,0,0,0
0.8102953438059464,1.1081843024461833,-0.1735562729744268,-0.8250121777349619,0.05818136163125847,1.6647605444801559,1.591552147679663,1.5219922278611213,-0.48829745640107847,2.792375742257155,1.0921234851636121,0.42427550486349236,0.7443542860380179,0,0,0,0,0,0,1,0
0.8102953438059464,0.687481151464841,-0.22030354990854395,-0.6547622374373707,0.05818136163125847,1.6669217142534012,0.26780666029713784,1.5046427444140997,-0.607159598157464,2.7949826390887114,1.702427460086274,0.42427550486349236,0.7443542860380179,0,0,0,0,0,0,1,0
0.8102953438059464,0.6714272221348909,-0.3258677701290235,-0.7938558240031802,0.05818136163125847,1.6665202840892752,0.2701443287300112,1.5043628476467454,-0.6069771297719017,2.794988749163655,1.702423003940111,0.42427550486349236,0.7443542860380179,0,0,0,0,0,0,1,0
0.8102953438059464,-0.18997170136446234,-0.3200522782715295,-0.22922100176664403,0.05818136163125847,0.49445645830014817,0.2700581842850173,1.0252083948390682,-2.0036583732820015,1.24201623176237,1.7024301337739716,0.42427550486349236,-0.18066851602864512,0,0,0,0,0,0,1,0
0.8102953438059464,0.8256374050417673,-0.2786192724654153,-0.7809839755290028,0.05818136163125847,1.7755077923620406,0.2675325792286152,1.6152225481636227,-0.352169447333416,2.773070770590664,1.7024301337739716,0.42427550486349236,0.7443542860380179,0,0,0,0,0,0,1,0
0.8102953438059464,0.7829513411216712,0.513789881238577,0.2405173309846667,-0.06299435891511572,1.6517616924010328,1.591502621014188,1.5219922278611213,-0.48829745640107847,2.792375742257155,1.093193851471894,0.42427550486349236,0.7443542860380179,0,0,0,0,0,0,1,0
0.8102953438059464,0.7233401458683754,0.09378092067732259,-0.345338129306822,-0.06299435891511572,1.6000219193694663,1.589890828277116,1.5046386282851678,-0.6071467482891961,2.7949830703931786,1.092135071143635,0.42427550486349236,-0.18066851602864512,0,0,0,0,0,0,1,0
0.8102953438059464,0.454921907025893,-0.5011446766453865,-0.8640935213438884,-0.06299435891511572,1.599566945532512,1.5899281214466785,1.5046427444140997,-0.6071493182630686,2.7949829841446188,1.0921404185190302,0.42427550486349236,-0.18066851602864512,0,0,0,0,0,0,1,0
0.8102953438059464,-0.5454810275970319,-0.9874595198890007,-0.8669142985204218,-0.0640325199507187,0.628975239696005,1.590522315915345,0.7306252794567537,-2.0263914785767074,1.0839052363909156,1.2417439399518626,0.42427550486349236,-0.18066851602864512,0,0,0,0,0,0,1,0
-0.3847551571862075,1.1198240801557025,0.3729264484774333,-0.44348084138070554,-0.0640325199507187,1.5972829480901563,1.586890964001236,1.5043751960335405,-0.6071081986679734,2.794984363381581,1.096979793251729,0.42427550486349236,-0.18066851602864512,0,0,0,0,0,0,1,0
0.8102953438059464,1.3688386252903608,-0.15633387335294444,-0.8762693308826479,-1.4316804687358553,2.0998566214605,0.605917259380318,0.8982052366521507,-0.7105910724225949,2.7864983510232153,1.684043183477414,0.42427550486349236,1.669377088104681,0,0,1,0,0,0,0,0
-1.5798056581783615,-0.7376855399512265,0.459895063976664,0.6394055703764485,0.15973436222085338,-0.6985635799511007,0.002450132479485867,0.7402364405122213,0.7078331071265689,-0.23365838090968935,-0.7083948490870209,0.42427550486349236,-1.1056913180953083,0,0,1,0,0,0,0,0
-1.5798056581783615,1.0287230281144255,1.809164236658051,1.5621475089641028,1.0406803903342705,-0.37880190188640483,0.10674150955286686,-0.6454213191767141,0.7418434040684944,-0.1469540846546998,-0.6726137778589563,0.42427550486349236,-1.1056913180953083,0,0,1,0,0,0,0,0
0.8102953438059464,1.3155724787709988,0.46218665292212535,-0.029942134453817222,-1.6542890304552254,0.24260427155060368,-0.2930500344979448,0.44549279610157144,0.6862645573233848,-0.28388639298766083,-0.7113706634944762,0.42427550486349236,1.669377088104681,0,0,1,0,0,0,0,0
-1.5798056581783615,-0.6777451832308073,-0.5551388863099032,-0.9185596562281659,0.33616589287646564,-0.5201501630282721,0.8223319774924623,0.9354685518706294,0.6180016163819575,-0.42423282262263096,-0.6888983183959493,0.42427550486349236,-1.1056913180953083,0,0,1,0,0,0,0,0
-0.3847551571862075,-0.65233029195774,0.9109123684080516,1.123770947526741,0.33616589287646564,-0.36080821701160376,0.6926979779291541,0.9535836352989433,0.6107835003588888,-0.4376946814108492,-0.6961493594319046,0.42427550486349236,-1.1056913180953083,0,0,1,0,0,0,0,0
-1.5798056581783615,-0.7309213017404144,0.8181778683319514,0.7465983224868725,0.33616589287646564,-0.49629693273216446,0.6934268137473885,0.8906068626442734,0.6123645876538515,-0.43476578531844984,-0.6901487130092046,0.42427550486349236,-1.1056913180953083,0,0,1,0,0,0,0,0
-1.5798056581783615,-0.31598833833812395,0.8656979487831048,0.669769798849664,0.33616589287646564,-0.3947573502744013,0.6998256133576882,0.9535836352989433,0.6107835003588888,-0.4376946814108492,-0.6962937385675763,0.42427550486349236,-1.1056913180953083,0,0,1,0,0,0,0,0
0.8102953438059464,-0.16273282002410774,0.7197997880705391,1.1450480697390524,0.33616589287646564,-0.37532092644483755,0.6949733948820529,0.8890921271974159,0.6137265657943008,-0.432233912270415,-0.6895061367325425,0.42427550486349236,-1.1056913180953083,0,0,1,0,0,0,0,0
0.8102953438059464,-0.2773947642046619,0.5568128281714727,0.8249792731885194,0.33616589287646564,-0.3409271821546706,0.6918538759646893,0.9535918675568066,0.6107819664370496,-0.43769751758893943,-0.6903536957326891,0.42427550486349236,-1.1056913180953083,0,0,1,0,0,0,0,0
-1.5798056581783615,0.009009239345684346,1.1060141661024967,0.7335809136305744,0.33616589287646564,-0.37404357849980835,0.6998931198996555,0.9535836352989433,0.610803441015152,-0.437657810760735,-0.6894695963340083,0.42427550486349236,-1.1056913180953083,0,0,1,0,0,0,0,0
0.8102953438059464,-0.03125640380397075,0.3399596974583947,0.43415372871530133,0.33616589287646564,-0.3194141440675748,0.8968940935496261,0.9535836352989433,0.6108049748865838,-0.4376549745311156,-0.6891291467671774,0.42427550486349236,-1.1056913180953083,0,0,1,0,0,0,0,0
-0.3847551571862075,-0.6937653520570989,0.24012549638669364,0.4046224777464437,0.33616589287646564,-0.34074995799242336,0.6998208160129874,0.9535918675568066,0.6107804325116096,-0.43770035376334915,-0.6894713787924736,0.42427550486349236,-1.1056913180953083,0,0,1,0,0,0,0,0
-0.3847551571862075,1.3071952522228336,0.8355124885085855,0.020802921842343437,0.978704021697513,0.582619207701474,0.23082548628382624,-0.537010715374185,0.857855486832835,0.28007065404606674,-0.5710911822924897,0.42427550486349236,1.669377088104681,0,0,0,0,0,0,1,0
-1.5798056581783615,1.697184092443711,2.3456600284585,2.32438063038706,0.9871677451822001,-0.3350018875272869,-0.46976471113111173,0.31862958629833094,0.7723937817020177,-0.059158630212041,-0.5285679619202509,0.42427550486349236,0.7443542860380179,1,0,0,0,0,0,0,0
0.8102953438059464,0.6537659316233205,-0.09131572842896525,-0.6162653273812846,0.5981791756939773,1.6508621821149703,0.2683547610440283,1.5043093379706336,-0.6069848397148208,2.794988491620475,1.703249173438677,0.42427550486349236,0.7443542860380179,0,0,0,0,0,0,1,0
-1.5798056581783615,-0.8097083091248937,-0.38209217579758853,-0.54462575972477,0.5981791756939773,0.22052112931284662,1.590824519237765,0.6912627384831193,-2.0280854358459695,1.0686549106925374,1.09603330780677,0.42427550486349236,-1.1056913180953083,0,0,0,0,0,0,1,0
0.8102953438059464,1.2930919146463273,-0.30440180970969627,-1.011122733902583,0.5981791756939773,1.7374080137835757,1.591533185309016,1.6151319933271258,-0.3522126640851868,2.7730797044490143,1.0813280254698405,0.42427550486349236,1.669377088104681,0,0,1,0,0,0,0,0
-0.3847551571862075,0.8037982848148826,0.4204488338448154,-0.24718479734332743,0.5981791756939773,1.5968021342750975,1.5901329187540423,1.5046386282851678,-0.6071467482891961,2.7949830703931786,1.09213328868517,0.42427550486349236,-0.18066851602864512,0,0,0,0,0,0,1,0
0.8102953438059464,0.375696954599251,-0.5088558593915143,-0.831142810765454,0.5981791756939773,1.600381292257723,1.5899760804820946,1.504383428291404,-0.607113338618892,2.7949841910632944,1.0921279413097746,0.42427550486349236,-0.18066851602864512,0,0,0,0,0,0,1,0
0.8102953438059464,0.4018817663645938,-0.19858164614815518,-0.5503205183263155,0.5981791756939773,1.6648504853714043,0.2679312623666509,1.5042928734549068,-0.6069771297719017,2.794988749163655,1.7024247863985766,0.42427550486349236,0.7443542860380179,0,0,0,0,0,0,1,0
-1.5798056581783615,-0.7822181017512945,0.28065214058397964,0.4919110726439107,0.5981791756939773,-1.3926666724615522,-1.6671534658465854,-1.9089411850759752,0.7554530101770008,-0.1091737380025602,-0.6622380871337117,-2.356959071492339,-2.030714120161971,0,0,0,0,0,0,1,0
0.8102953438059464,-1.2313520580251343,-0.9116112729181751,-0.21665056825272785,-1.1623893257260176,-0.5953242008962711,-0.00957577449998144,0.8697957147657108,0.38185157185568885,-0.7733658358694018,-0.7790176359320514,0.42427550486349236,-1.1056913180953083,0,0,0,0,0,0,1,0
-1.5798056581783615,0.5656010816387717,0.576972415549765,-0.37414656111287226,-0.09048933567779162,-0.2299151679734784,-0.7611089548121964,0.42168922248967894,0.6793346963345233,-0.2993496589098294,-0.5430860861183473,0.42427550486349236,0.7443542860380179,1,0,0,0,0,0,0,0
-1.5798056581783615,1.6867287358120246,1.8442709026674544,1.2608138299764133,-0.0912677018718052,-0.023358042869673856,0.039132988483487514,-0.23908118717041646,0.661027108261389,-0.33877158141068,-0.5239736752265012,0.42427550486349236,0.7443542860380179,1,0,0,0,0,0,0,0
-1.5798056581783615,1.4762318042852811,1.2974105604636972,0.36272993637008255,-0.0912677018718052,0.13762059270396726,-0.07527159128948056,0.635394520493457,0.6731756294052086,-0.3128374448664661,-0.5536355665439375,0.42427550486349236,-0.18066851602864512,1,0,0,0,0,0,0,0
-1.5798056581783615,0.03919088816291096,0.08339383184356212,-0.6321151631573747,-0.093103945430389,-0.401145488903546,0.06368173157506497,-0.5381385347014648,0.8586057844768286,0.2842208705170514,-0.5549536945788661,0.42427550486349236,-0.18066851602864512,1,0,0,0,0,0,0,0
0.8102953438059464,-0.30124355605358566,-0.4288623524149942,-0.37584328258134714,-0.08810104155709032,-0.31332829360917924,-0.12264577296373672,0.7320741568407043,0.7055332693790997,-0.23917464361972718,-0.6647673956956637,0.42427550486349236,-1.1056913180953083,1,0,0,0,0,0,0,0
-1.5798056581783615,1.0910059701714079,1.145332563402531,0.3003412024503418,-0.08810104155709032,0.4765382678833814,1.4404986995234412,1.307895897608834,-1.8069057699152817,-0.3314492537830461,1.4519795685329386,0.42427550486349236,-1.1056913180953083,1,0,0,0,0,0,0,0
-1.5798056581783615,0.6779607655963199,1.1781336474672253,0.6961220953441564,-0.08810104155709032,-0.3871919394659725,0.10642918453208432,0.6924811126468959,0.6681662728703058,-0.3236365658317102,-0.6823460010783063,0.42427550486349236,-0.18066851602864512,1,0,0,0,0,0,0,0
0.8102953438059464,-1.6735811085382877,-1.1339510174862029,-0.020349240915859535,-0.3938941582940509,-1.628828873114372,-1.801208968814813,-0.9810134271053341,0.2278585327304254,-0.9305208268518794,-0.9279901670682446,-2.356959071492339,-0.18066851602864512,0,1,0,0,0,0,0,0
0.8102953438059464,0.7873457981021609,-0.3863564151661977,-0.9503100939114286,-0.09021144093715143,0.9066031766554642,-0.7509523411037983,0.9390125388808039,0.6130298842599604,-0.43353004946416857,-0.3456030566257035,0.42427550486349236,0.7443542860380179,1,0,0,0,0,0,0,0
-0.3847551571862075,1.249527146658917,1.4792512561699585,1.3438738167431963,1.0385646564641382,-0.07331629060200397,-0.9900891443252253,-0.539846728208111,0.8601424559051877,0.2928403274357086,-0.5677009462919029,0.42427550486349236,-0.18066851602864512,1,0,0,0,0,0,0,0
-1.5798056581783615,0.636590412521288,1.33717472580478,0.9994219634203717,1.0406803903342705,-0.7016306266311215,-0.8242113250887035,-0.06881751391156561,0.8739766622143826,0.37940120165049745,-0.5453515908274672,0.42427550486349236,0.7443542860380179,1,0,0,0,0,0,0,0
-0.3847551571862075,1.0975770239531581,0.794765834850162,0.10548589531099427,0.9656809286454587,-0.5373186909352851,-0.9356731436954704,0.30245319959683725,0.8245002503416486,0.12352205530335267,-0.6099550154359143,0.42427550486349236,-1.1056913180953083,1,0,0,0,0,0,0,0
-1.5798056581783615,1.2331056064668648,1.142012332811824,0.2440631671134035,0.6490429119383597,-0.14403322043223468,0.2121136134709632,0.3886531716840331,0.7034463407963195,-0.2441457569814989,-0.7073556758018779,0.42427550486349236,0.7443542860380179,0,0,0,0,0,0,0,1
-1.5798056581783615,0.8801095421872349,1.6724460501541398,1.6444407402213066,-1.8914906306478032,-0.43760552119889606,-0.19919069042948193,0.6880398095296155,0.6691918035314689,-0.3214379663620017,-0.7568358315633333,0.42427550486349236,-0.18066851602864512,0,0,1,0,0,0,0,0
-1.5798056581783615,-1.2402844527087313,-0.6656027022767417,-0.5180605760302377,-1.8914906306478032,-1.4115270409982186,-1.6471255437614987,-1.7170760671836793,0.09369904250720683,-1.0363424947307784,-0.9288395085268564,-2.356959071492339,-2.030714120161971,0,0,1,0,0,0,0,0
-0.3847551571862075,-0.61278768038715,-0.6492676978429187,-0.7102093692039533,0.21526821968365242,-0.331340165083932,-0.6059056111632102,0.6405108687555324,0.6773120728281871,-0.3038050489920556,-0.726425307690562,0.42427550486349236,-0.18066851602864512,0,1,0,0,0,0,0,0
0.8102953438059464,0.9315029331972777,-0.4015348451484526,-0.9764239740197543,1.9852272709716348,3.1175126132584747,2.3987179672309886,0.8537016506428505,0.5765707695820862,-0.49850731426003403,1.091010339852168,0.42427550486349236,1.669377088104681,0,1,0,0,0,0,0,0
0.8102953438059464,-0.8365505088010539,-0.7416040942171396,-0.3442683281613918,1.9852272709716348,0.2107219892389447,0.6958528074301435,-0.22512339396309722,-2.0193985093802604,1.1401056005196424,1.0910032100183076,0.42427550486349236,0.7443542860380179,0,1,0,0,0,0,0,0
0.8102953438059464,0.8939587397475072,-0.42549119238289995,-0.9871765817829325,1.9852272709716348,3.1175626892650556,2.398808535010009,0.8536893022560557,0.5765691584584816,-0.4985100683445342,1.09099697141368,0.42427550486349236,1.669377088104681,0,1,0,0,0,0,0,0
0.8102953438059464,1.107260584373992,-0.3225201620574918,-0.9755437504317397,1.8935741749894623,3.1175181449201337,2.398729036142719,0.8537016506428505,0.5765739918188069,-0.4985018060794343,1.091008557393703,0.42427550486349236,1.669377088104681,0,1,0,0,0,0,0,0
0.8102953438059464,-0.830171699563462,-0.5520226982524767,-0.07765283881529872,1.8935741749894623,0.21131471487203193,0.6959581150912073,-0.22553912298519666,-2.0192462887644402,1.1412314237649548,1.0909960801844472,0.42427550486349236,0.7443542860380179,0,1,0,0,0,0,0,0
0.8102953438059464,0.9388307790617519,-0.5466983894022103,-1.1278026817585074,1.8935741749894623,3.1175516468674918,2.3987851399490108,0.8536975345139189,0.5766464884475705,-0.4983778679279257,1.0910094486229356,0.42427550486349236,1.669377088104681,0,1,0,0,0,0,0,0
0.8102953438059464,-0.49200200443940406,-0.7903021349590758,-0.6820924158738275,1.8935741749894623,0.21125117235017976,0.69593823860559,-0.2251851358970724,-2.019248170854436,1.1412175254343888,1.0910049924767726,0.42427550486349236,0.7443542860380179,0,1,0,0,0,0,0,0
0.8102953438059464,-0.6842937308203647,-0.6093878878744843,-0.3111802550854127,1.8935741749894623,0.21129024488984674,0.6958614935515293,-0.22594250362050108,-2.01930648063819,1.140786668230475,1.090995188955215,0.42427550486349236,0.7443542860380179,0,1,0,0,0,0,0,0
-0.3847551571862075,-0.731423016352738,-0.30449512546487,-0.18741322537389843,1.892232868535391,0.20788724967868819,0.6959968583183835,-0.22120895534907165,-2.019788671594934,1.1372036295377865,1.091010339852168,0.42427550486349236,0.7443542860380179,0,1,0,0,0,0,0,0
-0.3847551571862075,-0.608724261402607,-0.4080077943809325,-0.4357167048849238,1.8925485728233513,0.20586008828488445,0.6958529080133246,-0.22121307147800331,-2.019789137010752,1.1372001536553962,1.0910049924767729,0.42427550486349236,0.7443542860380179,0,1,0,0,0,0,0,0
0.8102953438059464,0.5198053242523356,0.831749741458036,0.8407566772255411,0.3801458382412891,-0.3354912272412647,0.8841975247640841,0.9887189118597447,0.3500850672777875,-0.8093908374779029,-0.7379034489764603,0.42427550486349236,-1.1056913180953083,0,0,1,0,0,0,0,0
-1.5798056581783615,-0.961753147921483,0.7867632327480591,1.7835274230935314,0.13507371202266047,-1.8482799717570675,-1.7635099889730794,-1.5717232062193423,0.1356222194280607,-1.0060106775880562,-0.9355567032525195,-2.356959071492339,-2.030714120161971,1,0,0,0,0,0,0,0
-0.3847551571862075,0.7980571696584129,1.712329380958265,1.6430270212836677,0.4730416865198882,-0.2569736790754674,-0.018481740913267163,0.816154322528086,0.5186656149058296,-0.5915817577988784,-0.6991608230086616,0.42427550486349236,0.7443542860380179,0,0,1,0,0,0,0,0
-1.5798056581783615,0.046253341320177145,1.8459976523366786,2.3474920964491153,0.4730416865198882,-1.2179396282908925,-1.2551067499426047,-1.5719537094395162,0.1320221240781039,-1.0087089576218644,-0.8091242506365258,-2.356959071492339,-2.030714120161971,0,0,1,0,0,0,0,0
-0.3847551571862075,-0.010300676535720386,1.7321087590827473,1.7331692961265912,0.32548861143414437,-0.15051188651098732,0.20065241761915548,-1.4267202162141979,-1.524525445896912,2.314233303122451,1.0146872508358042,-2.356959071492339,-1.1056913180953083,1,0,0,0,0,0,0,0
-1.5798056581783615,0.6063318657243489,0.6399970951358844,-0.6067804272765338,-1.7234365277042378,1.4073120416019875,0.27039074665232016,0.8963776754064856,-0.7086766706760159,2.786746809340412,1.7149732939927569,0.42427550486349236,-0.18066851602864512,0,0,1,0,0,0,0,0
0.8102953438059464,0.8818782030128366,0.6780498307165228,0.6384167922653733,-0.7597058315952258,-0.28457985912046485,-1.2493550887365328,-0.5297457478097737,0.8589939111096854,0.28638258691140867,-0.5298335074304595,0.42427550486349236,-0.18066851602864512,0,0,0,0,0,0,1,0
0.8102953438059464,1.1661037340433449,-0.3921865198783977,-1.0405602162374463,-0.763791490224576,-0.15734110639251328,-1.2494562247569403,-0.538006818575651,0.8589225763893031,0.28598451254164636,-0.529836181118157,0.42427550486349236,-0.18066851602864512,0,0,0,0,0,0,1,0
0.8102953438059464,-0.4785044753486941,0.5250977502219818,1.616652443254316,-0.776370150699435,-1.3757616731208653,-1.8096964429234457,-1.9088053528212299,0.756416469966266,-0.10642235493258324,-0.6607541904615305,-2.356959071492339,-2.030714120161971,0,0,0,0,0,0,1,0
0.8102953438059464,0.012659096009081114,-0.8192334004927703,-0.9821309080892164,-0.776370150699435,0.9322045518013223,-0.08075046718460689,0.7005857705133695,0.21660256040760803,2.481593708574394,0.08124316323681545,0.42427550486349236,0.7443542860380179,0,0,0,0,0,0,1,0
0.8102953438059464,0.3344400731803339,-0.9908595538943125,-1.2995652067932106,-1.076414519169385,2.316522330319149,0.47666521100312115,0.8721254437410403,0.5671578268241981,-0.5144321081323598,-0.662266606469153,0.42427550486349236,-0.18066851602864512,0,0,0,0,0,0,1,0
0.8102953438059464,-0.22819953954415323,-0.8464227676629528,-0.9448283656776558,-1.076414519169385,1.0189680687288423,0.47693479184203896,0.43149384160493537,0.6304229776401467,1.9416863781576885,-0.05777433737189233,0.42427550486349236,0.7443542860380179,0,0,0,0,0,0,1,0
-0.3847551571862075,1.4673134754654014,1.6041760546147956,1.6349468970885674,0.13082921235181535,-0.21620148531934116,-0.04202019800797641,0.6919418997568461,0.6697003328071527,-0.3203454290334301,-0.6873297549466768,0.42427550486349236,-1.1056913180953083,1,0,0,0,0,0,0,0
-1.5798056581783615,-0.9935252788838694,0.5357241364523996,0.7323344116946511,0.37878473277982916,-0.7265937534953274,0.7895333244563975,0.7239983118767527,0.692880862660317,-0.26882667964738827,-0.6851426784100209,0.42427550486349236,-2.030714120161971,0,0,1,0,0,0,0,0
-1.5798056581783615,-0.6863137176792112,0.4750336377800394,0.3239340046167248,0.37878473277982916,-0.6504694225267512,0.8552294820241463,0.6941316803484988,0.6690656316938769,-0.3217087986847752,-0.6785662979030991,0.42427550486349236,-2.030714120161971,0,0,1,0,0,0,0,0
-0.3847551571862075,1.5400630276552891,1.3281265720595576,0.9327429739333997,0.37952729973638816,0.10993332045124289,0.010469988054820792,0.7122344153900175,0.6883202162595256,-0.2792389747585773,-0.6608718327202261,0.42427550486349236,-0.18066851602864512,0,0,1,0,0,0,0,0
0.8102953438059464,1.6261835080599756,1.439745069132915,1.4265717481461688,0.37952729973638816,0.17957490313898758,-0.11731281468279108,1.0113041113078607,0.6781964731278528,-0.3018600760020823,-0.7347752343702406,0.42427550486349236,-0.18066851602864512,0,0,1,0,0,0,0,0
0.8102953438059464,1.0159147700991231,1.0097769774239254,1.153326123060071,0.37952729973638816,-0.23851520571897242,0.22739733694517014,0.7995827874491513,0.5362357348381643,-0.5645281172938758,-0.7855289567049976,0.42427550486349236,-1.1056913180953083,0,0,1,0,0,0,0,0
-1.5798056581783615,1.2405244177952603,2.2013690311428222,2.1571237153005045,-0.08954469351797165,-0.4270383091287317,-0.9162382381837213,0.320366592707499,0.9010057652296429,0.7074665344085502,-0.4486327208243974,0.42427550486349236,-0.18066851602864512,1,0,0,0,0,0,0,0
0.8102953438059464,-0.3852380791971303,-0.9634186548620874,-0.9135629419348139,-0.9534932931764852,-0.15724173734453709,-1.2494389884488033,-0.5380109347045827,0.8588862715844565,0.28578205130097206,-0.529826377596599,0.42427550486349236,-0.18066851602864512,0,0,0,0,0,0,1,0
-0.3847551571862075,1.0775140674261845,0.8142328324664967,-0.0011924153032962658,-0.09015586787167343,0.3893622524910678,0.16836521370411842,-0.5371630121446571,0.8579133804858748,0.2803895602519814,-0.5340418918665192,0.42427550486349236,-0.18066851602864512,1,0,0,0,0,0,0,0
-1.5798056581783615,-0.25268039750822147,3.5222404054540544,3.4999313494663884,-0.7813609264110276,-0.19088087352968847,0.8326536379819188,0.42017448704282157,0.7282037204659968,-0.18294952363112227,-0.7002356454631059,0.42427550486349236,-1.1056913180953083,0,0,1,0,0,0,0,0
-1.5798056581783615,1.537645420057591,1.1549785455245034,-0.11901669339863004,-0.0878235678023353,-0.6629746383264136,-0.6642444286693608,0.8387107090736802,0.5925961799925672,-0.4706153899799503,-0.750138243880786,0.42427550486349236,-1.1056913180953083,1,0,0,0,0,0,0,0
-1.5798056581783615,0.6045285061306777,1.1513181024790626,0.6628832220176757,-0.0878235678023353,-0.2994934783498554,0.23934757426110623,0.8356318446327851,0.4651528897201435,-0.6683572190407137,-0.802727007205345,0.42427550486349236,-1.1056913180953083,1,0,0,0,0,0,0,0
-1.5798056581783615,0.23175082042382278,1.2108414391354514,1.040952176358179,1.0376686821069634,-0.6606879552376425,0.7068790516277198,0.6928803771532688,0.6688922677267674,-0.32208077618582337,-0.7101853286151962,0.42427550486349236,-2.030714120161971,1,0,0,0,0,0,0,0
0.8102953438059464,-1.550175263591386,-0.6785416043100575,0.423792058819983,-0.7340732143113757,-0.6260568430849279,0.06569285662044996,0.8395586316336059,0.4274915343211934,-0.7178429286119995,-0.7658907205659519,0.42427550486349236,-1.1056913180953083,0,0,0,0,0,0,1,0
-1.5798056581783615,-2.067177605400674,-0.6922583027519582,0.7734931759710275,-0.7338223278325005,-1.81100738919714,-1.8111797531673215,-2.021607866193859,0.40512685162325135,-0.7456291074631809,-0.864833207504212,-2.356959071492339,-2.030714120161971,0,0,0,0,0,0,1,0
0.8102953438059464,-1.035546454449575,-0.9526046380357169,-0.5419416352228897,-0.7338223278325005,-0.555916276945672,-1.3905811267575172,0.8658565793780951,0.37773299517458286,-0.7781533013418479,-0.8437155308391479,0.42427550486349236,0.7443542860380179,0,0,0,0,0,0,1,0
0.8102953438059464,1.5870844686872807,1.1672322123321444,1.1930217100274367,-0.7338223278325005,0.8672192153927738,-0.1591511507948016,-0.7571495228981754,0.36862068817401,2.329798731263316,0.01601142201942702,0.42427550486349236,0.7443542860380179,0,0,0,0,0,0,1,0
0.8102953438059464,-1.6863152809363755,-1.2730944213687565,-0.14382662863866844,-0.734491447262428,-0.8115080223051591,0.4773165048501266,0.830293225408399,0.49301372093155166,-0.6293931021886032,-0.8225425979616664,0.42427550486349236,-2.030714120161971,0,0,0,0,0,0,1,0
0.8102953438059464,-1.2424948100136501,-1.0704023348182212,-0.3731451980112963,-1.3886450578828777,-1.4012352175923977,-1.8823000653009414,-2.158263346725561,0.2866107668714455,-0.8755523774852703,-0.9239707232294837,-2.356959071492339,-2.030714120161971,0,0,0,0,0,0,0,1
-1.5798056581783615,1.5615185938172855,1.1708015934693075,0.039237059099080596,0.24793249632561998,0.20286586996440198,0.14170779852617543,0.8922245013144229,0.566975095172181,-0.5147380115864393,-0.54687826650281,0.42427550486349236,0.7443542860380179,1,0,0,0,0,0,0,0
0.8102953438059464,1.3700221089140279,0.6273312519044524,-0.1916193185257591,0.24793249632561998,1.1211579120156312,1.3361100403494721,0.3219718829908532,0.772624371009446,-0.05845252149311276,1.7141952508727483,0.42427550486349236,1.669377088104681,1,0,0,0,0,0,0,0
-1.5798056581783615,1.2633941623303069,1.5896841517468547,1.0047223371784528,0.24676628636257097,-0.03609560949366541,0.4512435124694789,-0.29472713419776825,0.6255838492839785,-0.4098367318959818,-0.5469754104891571,0.42427550486349236,0.7443542860380179,1,0,0,0,0,0,0,0
-0.3847551571862075,0.2234176696161233,0.6140253893114775,0.3436826025506737,0.24676628636257097,-0.32190116933088625,-0.09908951635173906,0.9532131836950922,0.6110304148171763,-0.43723800874498964,-0.6793381024184799,0.42427550486349236,-0.18066851602864512,1,0,0,0,0,0,0,0
0.8102953438059464,1.2992503443713435,1.420431554916107,1.3839001673683207,0.24676628636257097,-0.26363196810112627,0.11665689258801965,0.3512293274372189,0.7788211971627026,-0.039199610100729886,-0.5317006326726332,0.42427550486349236,1.669377088104681,1,0,0,0,0,0,0,0
-0.3847551571862075,1.4207506115696795,1.8733104995959982,1.0476407934202985,0.24676628636257097,0.8949810420585229,0.7663107048162575,0.8922656626037396,0.5670126239709458,-0.5146751961340763,-0.5170684311327719,0.42427550486349236,0.7443542860380179,1,0,0,0,0,0,0,0
-1.5798056581783615,0.004562266296252421,0.8638132606423709,0.3361757320822593,1.7864276405518242,-0.47143530052740523,0.7029411812905701,0.8370601413720773,0.5911908130884915,-0.473102040806374,-0.7010395342308582,0.42427550486349236,-1.1056913180953083,1,0,0,0,0,0,0,0
-1.5798056581783615,0.3391646307026044,0.6397935974140815,-0.04438502601988424,-0.9000918824208276,0.2817481109410393,1.6080967564288418,0.6174605467381369,-2.039445237155344,0.6092294951985792,1.2056500472631764,0.42427550486349236,-1.1056913180953083,1,0,0,0,0,0,0,0
0.8102953438059464,0.9402965360495784,0.26455042470298135,-0.11143184303507357,-1.4093094486746445,1.0452006437623638,0.6099749014980286,-1.4589906670385515,0.1823876379254474,-0.9693010784959146,-0.6686112673756138,0.42427550486349236,-0.18066851602864512,0,0,1,0,0,0,0,0
0.8102953438059464,0.8475074717893216,0.8659784055704374,0.7639425775963746,-1.4093094486746445,0.1388894684457772,-0.3905382220071678,0.8589538311596714,0.5799704646639127,-0.4926737881951166,-0.596540233027704,0.42427550486349236,-0.18066851602864512,0,0,1,0,0,0,0,0
-0.3847551571862075,1.1349458518952305,0.8091855118296847,0.17708142006489178,-1.4093094486746445,0.5004870033565122,-0.37474605227118335,0.8437159218546004,0.7087856386183642,-0.23136187591709248,-0.6615179739138183,0.42427550486349236,-1.1056913180953083,0,0,1,0,0,0,0,0
0.8102953438059464,-0.23417978977848233,-0.31906199971090826,-0.2007304728382692,-1.4093094486746445,-0.09228395163345021,0.43861038473048863,0.6915632158951317,0.6695174871615733,-0.3207384368046757,-0.6822925273243541,0.42427550486349236,-1.1056913180953083,0,0,1,0,0,0,0,0
0.8102953438059464,0.9753940502893137,0.004074492550942179,-0.5009345192518324,-1.4093094486746445,0.17468142842280746,0.5251075120029582,0.8523227474507387,0.43619065747880004,-0.7067210114654772,1.9431627354633751,0.42427550486349236,-0.18066851602864512,0,0,1,0,0,0,0,0
0.8102953438059464,-0.12269318273251532,-0.2618717333112839,-0.2177682956891714,-1.404693877477539,-0.17886220485704002,0.29820033674409624,1.0129340983648052,0.7321229742037709,-0.17278532897832483,-0.6801179279969534,0.42427550486349236,0.7443542860380179,0,0,1,0,0,0,0,0
0.8102953438059464,0.7557884194966176,-0.69134036703472,-1.1683853627348828,-1.404693877477539,0.8332636638792722,-0.7381883908433283,0.6596755650614242,0.2170260791884281,2.481224992760832,0.08174849021166637,0.42427550486349236,0.7443542860380179,0,0,1,0,0,0,0,0
0.8102953438059464,-0.7306784160356454,-1.04711243327317,-0.7730183185880235,-1.404693877477539,-0.3578795137335831,-1.599760877861616,-0.04491103707638114,0.8811590124221487,1.1077727137093312,-0.3465415210075693,0.42427550486349236,0.7443542860380179,0,0,1,0,0,0,0,0
-0.3847551571862075,1.5095972305655714,0.8271742992324006,0.04750641318921711,-1.479008490956816,-0.1382706903257825,-0.49060956277099926,-1.096219759774063,0.545501684691819,-0.5498597039476439,-0.5684665122026558,0.42427550486349236,-1.1056913180953083,0,0,1,0,0,0,0,0
-1.5798056581783615,-1.2877457145014628,-0.18848698665181052,0.16594286910221703,-1.479008490956816,-1.4365399521872957,-1.8362582121923106,-1.5607825355189429,0.14599212628218747,-0.9981380005651983,-0.9484144673903916,-2.356959071492339,-2.030714120161971,0,0,1,0,0,0,0,0
0.8102953438059464,1.6696948225242778,0.2625149974976514,-0.5173141557826024,-1.479008490956816,1.5677297400752583,0.40535355783557847,-2.2799278856880925,0.25430953215822427,-0.9064779283516066,-0.6824921626724432,0.42427550486349236,0.7443542860380179,0,0,1,0,0,0,0,0
0.8102953438059464,0.2813474172603381,0.8547054961444455,1.5400113438256888,-0.38864643299304846,-0.7770155186783029,-0.671493351332765,-0.47463489754354016,0.8732655235100573,0.3744678585904311,-0.5207385131123763,0.42427550486349236,-0.18066851602864512,0,0,0,0,0,0,0,1
-0.3847551571862075,0.9258518452403179,0.8079221321418119,0.1548783436735273,-0.097620184869011,0.09375780957922891,0.1166319370811482,1.0659416067469514,0.6865295369058092,-0.28328890526186706,-0.5631895439167793,0.42427550486349236,0.7443542860380179,1,0,0,0,0,0,0,0
-1.5798056581783615,1.5742780872008013,1.7157288917778601,1.0596124558663618,-0.09868142719525373,-0.2408110582265039,-0.05403423347819546,0.9593174029007706,0.6842011703988605,-0.2885231909117337,-0.6277332561666462,0.42427550486349236,-0.18066851602864512,1,0,0,0,0,0,0,0
-1.5798056581783615,-0.9398521346532596,-0.5922721305981508,-0.698611451743887,-0.7269801917513931,-0.403696310050625,-0.04603652233851472,0.6991821705476672,0.6822529603621522,-0.2928756653262495,-0.7150826332480101,0.42427550486349236,-1.1056913180953083,0,0,0,0,0,0,1,0
0.8102953438059464,0.3727419961669936,-0.9871325970256998,-1.333870845913718,-0.7269801917513931,0.9360995455589701,0.22692406245142988,-2.1479483276227764,0.2756119693350572,-0.8862812105491985,-0.8048320906526073,0.42427550486349236,-0.18066851602864512,0,0,0,0,0,0,1,0
0.8102953438059464,-1.1544828193446064,-1.6816926163130002,-1.2205542715625366,-0.7269801917513931,-0.4219532845181561,-0.08423831007543081,0.6991245447426239,0.6822232578570026,-0.29294183330437396,-0.6826365418081147,0.42427550486349236,0.7443542860380179,0,0,0,0,0,0,1,0
0.8102953438059464,-1.542494810182692,-2.151613551687736,-1.3315068710803242,-0.7269801917513931,-0.6536113194793625,0.476993759222097,0.9319657261497717,0.6077947620674858,-0.4432012497988962,-0.7609586579930689,0.42427550486349236,-1.1056913180953083,0,0,0,0,0,0,1,0
-0.3847551571862075,0.6559744132096621,-0.985628957971892,-1.572884788677643,-1.8930608491738652,1.1729167489166747,1.1869266917344452,0.7980104261972506,-1.8691713787194206,-0.18664845752237347,1.423487861197829,0.42427550486349236,1.669377088104681,0,0,1,0,0,0,0,0
-0.3847551571862075,1.1446528567726693,1.2155121027709799,0.9124982779531473,0.37948605519887746,-0.12069237577937507,-0.46243993473412476,0.7267355376163183,0.6957299502904397,-0.2622494159973659,-0.5665084815787628,0.42427550486349236,1.669377088104681,1,0,0,0,0,0,0,0
-1.5798056581783615,-0.30866142911756983,0.667074360062391,0.2967345191550367,0.08396608589467684,-0.5156640437444511,0.5633348484672507,0.9308914164986039,0.6077038420887522,-0.4433681548617434,-0.6935434051559541,0.42427550486349236,-0.18066851602864512,1,0,0,0,0,0,0,0
0.8102953438059464,0.5933688734852097,0.4139573862167939,0.12918602853482547,0.08396608589467684,-0.424477769497476,-0.4619793932970408,-0.5301820574765316,0.8578909745059794,0.2802661111558826,-0.5405567775563952,0.42427550486349236,0.7443542860380179,1,0,0,0,0,0,0,0
-1.5798056581783615,1.1770870629167032,1.6710742921121777,1.1050887360779194,-0.09722938101508502,-0.3199184527344555,0.2393391715517626,0.844946644405172,0.5932434985461871,-0.4694673370341067,-0.740733993019011,0.42427550486349236,-0.18066851602864512,1,0,0,0,0,0,0,0
-1.5798056581783615,1.1035657145159632,1.7868027564213969,1.4331052140716078,-0.09722938101508502,-0.2643608073449104,0.10643091882485356,0.9457382935551656,0.6142333267144156,-0.43128975410788106,-0.6887156164032785,0.42427550486349236,0.7443542860380179,1,0,0,0,0,0,0,0
-0.3847551571862075,1.251043543997108,1.362705800230382,0.8246585104246753,-0.09722938101508502,-0.6055261586243627,-1.247805873979021,-0.8006693540928045,0.711915525419275,-0.22376638867102333,-0.6491789051892853,0.42427550486349236,-1.1056913180953083,1,0,0,0,0,0,0,0
-1.5798056581783615,0.3847718925512998,1.2911279572589502,1.1553148955121315,-0.09722938101508502,-0.4573457992119813,0.10642744666587853,0.853928037734093,0.7090958856449754,-0.23061237905036772,-0.7082540348682794,0.42427550486349236,-0.18066851602864512,1,0,0,0,0,0,0,0
0.8102953438059464,1.5545095941831268,1.3911941777382262,1.437591505152386,0.12889610693120407,0.11409069383396478,1.118020419485129,-0.13824837673110618,-1.992319347671737,1.3029436136882941,1.0633964933111113,0.42427550486349236,-0.18066851602864512,1,0,0,0,0,0,0,0
0.8102953438059464,0.27891761789700903,-0.6188555161209562,-0.9091510160753639,-0.7676314435844488,0.9981730102517193,-0.15395062131598156,-0.7565609164609455,0.3683494806284813,2.3301076367451996,0.016131737965820025,0.42427550486349236,0.7443542860380179,0,0,0,0,0,0,1,0
-1.5798056581783615,0.7461930105567157,0.9396012957095387,0.18382079464221107,0.12889610693120407,-0.5903348359378222,0.18856939093780498,0.6928433319928836,0.6679926030113401,-0.324008273535282,-0.7119152045555587,0.42427550486349236,-1.1056913180953083,1,0,0,0,0,0,0,0
-0.3847551571862075,0.028164421003252175,0.5791439634569493,0.5115729794377688,0.12550745345922332,-0.5937123561810346,0.08067185774190841,-0.15546614405231432,0.8372489278596759,0.17803053030836558,-0.5643151664374788,0.42427550486349236,0.7443542860380179,1,0,0,0,0,0,0,0
0.8102953438059464,1.3513892739628905,1.0285567591109699,0.923394213778795,0.12550745345922332,-0.3891121232513983,-0.0661792364437736,0.8540309409573849,0.7090005475431571,-0.2308427765202638,-0.6947474558491173,0.42427550486349236,-1.1056913180953083,1,0,0,0,0,0,0,0
-1.5798056581783615,-0.28528809425162144,0.7554152293045218,0.402302827017344,0.12550745345922332,-0.5301008237557727,0.018566825332655378,0.854347882885124,0.7124718361002317,-0.22240832301519928,-0.6657361618714359,0.42427550486349236,-1.1056913180953083,1,0,0,0,0,0,0,0
-1.5798056581783615,0.26837598469272284,1.1794814646825842,0.6551191751661498,0.12118846934175026,-0.37250456195533727,0.11670763050210527,0.32610447643825774,0.9010577544058477,0.7098016037934624,-0.43566355303245774,0.42427550486349236,-0.18066851602864512,1,0,0,0,0,0,0,0
0.8102953438059464,1.3830798172439973,0.7454991924872131,0.22076912781634467,0.12118846934175026,0.49262868427374457,0.3289973587445002,0.8389988380988975,0.5925552102569451,-0.47068799472713296,-0.5236350081181352,0.42427550486349236,1.669377088104681,1,0,0,0,0,0,0,0
-1.5798056581783615,1.098421967516814,1.8826591789594125,0.9608661522679031,0.12118846934175026,-0.18187447423273967,0.1587023022996139,0.41469180330582667,0.7286561781989864,-0.18178321477863937,-0.5164561566500161,0.42427550486349236,0.7443542860380179,1,0,0,0,0,0,0,0
-0.3847551571862075,1.6779116885031196,1.0721774692052601,0.3823999062041094,0.12550745345922332,0.12201102258364034,-0.08388044894184774,0.7144200798527385,0.6894157780405981,-0.27675059778751376,-0.6802222018171606,0.42427550486349236,-1.1056913180953083,1,0,0,0,0,0,0,0
-1.5798056581783615,1.649992913059754,1.7433293447271907,1.1067524715082473,0.12550745345922332,-0.0617644063185843,0.19966361455979262,1.0113164596946556,0.7284070320164164,-0.182425670421651,-0.6915194235688531,0.42427550486349236,-1.1056913180953083,0,0,1,0,0,0,0,0
-1.5798056581783615,1.5340424531176493,1.9088001410464681,1.6174290601471342,0.1193894458594617,-0.18937321143586391,0.3270314083184,0.6360777978961154,0.6763768772463233,-0.3058564141716064,-0.5399177661966633,0.42427550486349236,-0.18066851602864512,1,0,0,0,0,0,0,0
-1.5798056581783615,0.8894433090468388,0.5072226459394339,-0.5486538178681997,0.12439244572323921,-0.16254170616228403,-0.2111646680025041,-0.5370724573081602,0.8581948402010474,0.28194312660538245,-0.52822394743649,0.42427550486349236,-0.18066851602864512,1,0,0,0,0,0,0,0
0.8102953438059464,1.1340127560403972,0.06684070677222469,-0.5792457823312711,-0.0974526856304709,0.8182621224980243,1.5802888206506096,0.3459812630493297,0.8128123767858322,1.4634845018153713,-0.17211459176076682,0.42427550486349236,0.7443542860380179,1,0,0,0,0,0,0,0
0.8102953438059464,-0.03315541694263852,-0.5604800566787583,-0.6793688411508318,-0.7110748962242879,-0.1413241338754438,-1.249609254485455,-0.5379780056731294,0.8588856561180909,0.285778619798818,-0.5297105177963689,0.42427550486349236,-0.18066851602864512,0,0,0,0,0,0,1,0
-0.3847551571862075,-1.079318472729764,-1.6416408837500118,-1.3600486980079942,-0.7110748962242879,-0.4327921906122825,-1.2495767617567999,-0.05226655947728935,0.8752447271553613,0.388362247393123,-0.5296971493578806,0.42427550486349236,-0.18066851602864512,0,0,0,0,0,0,1,0
0.8102953438059464,1.6176853069813855,1.0244896105299186,0.8324864472739375,0.9752888043751935,-0.3514179964800549,-0.11506354139851406,0.7233603118923425,0.6927964041112781,-0.26902079621350045,-0.7012133239312038,0.42427550486349236,0.7443542860380179,1,0,0,0,0,0,0,0
-0.3847551571862075,-0.21899237356046106,0.03265084829706465,-0.1958730323895872,-0.29016698007344544,-0.2645162332814845,-0.06695616953575581,-0.0506077595178232,0.8757114113507134,0.3917155384147205,-0.49635448131004895,0.42427550486349236,0.7443542860380179,0,0,1,0,0,0,0,0
-1.5798056581783615,0.0936733405451861,0.7988519969278675,0.4037127901764708,1.0363101733946485,-0.49517098208555604,1.0519904259093282,-1.9342759586504519,-1.8560661886933045,1.760680891853127,0.9106433677704783,-2.356959071492339,-1.1056913180953083,0,0,1,0,0,0,0,0
0.8102953438059464,1.308844815046834,1.2166686643926283,1.4695278277701695,0.08456305056363188,-0.35848376741879845,-1.3877280614437062,-1.461271002466701,0.1797022584901483,-0.97149418062057,-0.8978826611345375,-2.356959071492339,-0.18066851602864512,1,0,0,0,0,0,0,0
0.8102953438059464,1.5235186380244803,1.1466772556492988,0.9345218538071897,0.08456305056363188,-0.16828531513334077,0.20238353323392141,0.8905780497417518,0.6124349731219723,-0.4346351426413048,-0.68237184672605,0.42427550486349236,0.7443542860380179,1,0,0,0,0,0,0,0
0.8102953438059464,0.1909581424866615,0.7049998584778429,1.1731826053355723,0.08456305056363188,-0.33855873659913904,0.14929292912284056,0.9534189901416762,0.6106991293110446,-0.43785066573984094,-0.6658538041301315,0.42427550486349236,-0.18066851602864512,1,0,0,0,0,0,0,0
-0.3847551571862075,1.5338530201257428,0.5710912553370453,-0.4900296803201811,0.08456305056363188,1.0248799880212243,1.3361150231372099,-0.3692084872164774,0.877690790443356,0.406293554896006,1.7149786413681518,0.42427550486349236,1.669377088104681,1,0,0,0,0,0,0,0
0.8102953438059464,0.8614888973812378,1.2479265089301672,1.0689538319726155,0.08456305056363188,0.03349911707763532,0.14427684274444935,0.6923658610368089,0.6699412559796979,-0.31982728486873024,-0.6859447847193076,0.42427550486349236,-0.18066851602864512,1,0,0,0,0,0,0,0
-1.5798056581783615,0.6406350759405476,1.2526025623385637,0.6728730798656365,0.08620353782445024,-0.18071064369748338,-0.1633695651676931,0.853812786124006,0.5735259810539174,-0.5036946364236592,-0.6819556426744533,0.42427550486349236,-0.18066851602864512,1,0,0,0,0,0,0,0
0.8102953438059464,-0.45718488784525046,1.0097255782695784,1.7233119947473932,0.08620353782445024,-0.9028498696604309,-1.131633364880892,-0.8706435459313264,0.786933469660902,-0.013141247567288085,-0.6234045557841935,-2.356959071492339,-1.1056913180953083,1,0,0,0,0,0,0,0
-0.3847551571862075,0.7215339739122062,1.9480051726544008,2.2305721319567255,0.08620353782445024,-0.5808383929016527,-1.3893941277093522,-2.146865785713745,0.27561617613382805,-0.8862771466683967,-0.8395793359709242,-2.356959071492339,-0.18066851602864512,1,0,0,0,0,0,0,0
-0.3847551571862075,0.12142237682634005,0.5731966050304445,0.2824717957162243,0.3346389286199243,-0.2506888264971969,0.722073454661979,-1.5760245609529455,-1.6363483535450478,2.169238070120216,0.8934907699609902,-2.356959071492339,-1.1056913180953083,0,0,1,0,0,0,0,0
-1.5798056581783615,-0.1733935512299954,1.177374503658064,1.567904358345204,-0.09594599344701266,-1.7208570357264301,-1.8364803732105832,-2.153447475875498,0.2768651385316229,-0.8850692808887912,-0.8350224809049411,-2.356959071492339,-2.030714120161971,1,0,0,0,0,0,0,0
-0.3847551571862075,1.0432971329723406,0.46390758675812005,-0.37447476885468506,-0.09605755086591883,0.8227526687793687,1.3695819485031777,0.40762440993013604,0.6978972938628752,-0.25720780881784744,1.7309699674876389,0.42427550486349236,1.669377088104681,1,0,0,0,0,0,0,0
-1.5798056581783615,1.4625148339464071,1.9751986036631253,1.6659165101301823,-0.09605755086591883,-0.06253188665031238,0.03425739552192864,0.8357470962428721,0.5895864371544198,-0.47593109258031935,-0.6500059659170836,0.42427550486349236,-1.1056913180953083,1,0,0,0,0,0,0,0
0.8102953438059464,-1.0356167878193892,-1.3950823059570936,-0.9861571697760416,-0.7264807125945946,-0.15698272476473252,-1.2493385346883947,-0.538006818575651,0.8588868870464659,0.2857854828046028,-0.5289627764702667,0.42427550486349236,-0.18066851602864512,0,0,0,0,0,0,1,0
0.8102953438059464,-1.3802862659012178,-1.1805146398526192,-0.32410797215422443,-0.7264807125945946,-1.397047050290213,-1.8216174480563618,-1.9087106818558013,0.7563685913673175,-0.10655933440014477,-0.6615081703922605,-2.356959071492339,-2.030714120161971,0,0,0,0,0,0,1,0
0.8102953438059464,0.9668151997938566,-0.3202536290444533,-0.8949208145425654,-0.44791382596084794,1.6672313968140353,1.592081115297622,1.5221321762447984,-0.48833338972065593,2.792378526723615,1.0960030060128638,0.42427550486349236,0.7443542860380179,0,0,0,0,0,0,1,0
-1.5798056581783615,0.30454726233716545,1.4266314556119315,1.1921972637988962,0.33323790986597546,-0.42428641206271805,0.8966652892712231,0.9535877514278751,0.6107835003588888,-0.4376946814108492,-0.6845063407379863,0.42427550486349236,-1.1056913180953083,1,0,0,0,0,0,0,0
-1.5798056581783615,-0.019850133206333078,0.9723119017983775,0.4244099687415891,0.33323790986597546,-0.39361576141034577,0.6993969312395315,0.9534930804624465,0.6107881021028044,-0.4376861728544929,-0.69572335185875,0.42427550486349236,-1.1056913180953083,1,0,0,0,0,0,0,0
-0.3847551571862075,-0.2552396109202046,-0.05962660994844703,-0.31522048768162225,0.33323790986597546,-0.32001859355771956,0.7702666289312146,0.9535465901385584,0.6108187795674399,-0.4376294482989233,-0.6893483891583827,0.42427550486349236,-1.1056913180953083,1,0,0,0,0,0,0,0
0.8102953438059464,0.5831020115810185,0.43130226436642227,0.01609366067967279,0.33323790986597546,0.24468396961155064,0.7683338313858237,0.9535918675568066,0.6107742967738441,-0.43771169842418267,-0.5171762698699093,0.42427550486349236,-0.18066851602864512,1,0,0,0,0,0,0,0
-1.5798056581783615,-1.0319425492452214,-0.16792494912808562,-0.2890382045595259,0.33323790986597546,-0.4119177380547805,0.8763302994736061,0.9535877514278751,0.6108049748865838,-0.4376549745311156,-0.6953909233550121,0.42427550486349236,-1.1056913180953083,1,0,0,0,0,0,0,0
0.8102953438059464,-0.10335044461186389,-0.429876115794592,-0.6270382391384236,-0.7691700498266654,0.6590585707664396,-0.6993138541065683,0.4385447704648993,0.6364817898342565,1.9298465368353719,-0.0769598290608069,0.42427550486349236,1.669377088104681,0,0,0,0,0,0,1,0
-0.3847551571862075,0.8552320009384816,1.2347974443192105,1.2469124527442295,-0.04771985987879761,-0.29999718465847725,0.37983872167981014,-0.5384101992109555,0.8588074564822911,0.28534283103240793,-0.5210584644068589,0.42427550486349236,-0.18066851602864512,0,0,1,0,0,0,0,0
-0.3847551571862075,1.33919526476186,0.5335929459954418,-0.39493465503621533,-0.0498851452869931,1.1926446422386134,1.6073984255721512,0.28628916128213877,0.8091946937814085,0.06418541946817506,1.6711078823963108,0.42427550486349236,0.7443542860380179,1,0,0,0,0,0,0,0
0.8102953438059464,0.7118457246000514,-0.31871272994543665,-0.8264888039107322,0.20732880274181403,1.0238255684525295,1.5455308262776457,-0.16433228577114825,-1.9972642132530976,1.2773342328469461,1.254128461367255,0.42427550486349236,0.7443542860380179,1,0,0,0,0,0,0,0
0.8102953438059464,0.98886532094043,1.5382140157980082,2.0510574255613374,-0.009139650352225902,-0.34971786352086826,0.23128031410828864,0.8534258700044283,0.7078777260774695,-0.23355096226490993,-0.6753739147921366,0.42427550486349236,-1.1056913180953083,0,0,1,0,0,0,0,0
-1.5798056581783615,1.284056363543424,1.0061423172379864,0.028093824124419662,-0.007926037115785373,-0.41531821724888907,0.23019697020994878,0.8537675087057575,0.7090234306882138,-0.23078748269226523,-0.6746609314061035,0.42427550486349236,-1.1056913180953083,0,0,1,0,0,0,0,0
-1.5798056581783615,1.468157481574891,2.097829022162848,1.9362136083231716,-0.005870305754443438,-0.22610919501011417,0.22810620723062103,0.30244496733897397,0.8245002503416486,0.12352205530335267,-0.6121786323711045,0.42427550486349236,-1.1056913180953083,0,0,1,0,0,0,0,0
-1.5798056581783615,1.4429235821550088,1.3283099729614496,0.2583366210929043,-0.005870305754443438,-0.5063620078901057,0.24612849599282624,0.7325804406993006,0.7056358087945773,-0.2389295512063944,-0.705809393083419,0.42427550486349236,-1.1056913180953083,0,0,1,0,0,0,0,0
-1.5798056581783615,1.1542651455592774,1.0381463522710799,-0.07668119501370138,-0.027403551732657894,-0.14469365335040524,0.3772607832579401,0.7300119762459338,0.7052485921348216,-0.23985467194103524,-0.7029547858515894,0.42427550486349236,-1.1056913180953083,0,0,1,0,0,0,0,0
0.8102953438059464,0.756834048743154,1.0600572704250422,1.2067428351819791,-0.027403551732657894,-0.44726608046266003,0.24779176192854294,0.686232828928609,0.668753534055266,-0.3223783207422996,-0.7109161365858799,0.42427550486349236,-1.1056913180953083,0,0,1,0,0,0,0,0
-0.3847551571862075,1.2228340556713526,1.740697246228347,1.4183294703897507,0.110901512551806,-0.13811344740225806,0.16981967612129853,0.40941080988648415,0.6976036179451031,-0.25789290171187285,-0.51773417936948,0.42427550486349236,0.7443542860380179,1,0,0,0,0,0,0,0
-0.3847551571862075,1.5466678427509433,0.9536074364044699,0.1289125504364427,0.110901512551806,0.24678404117072655,0.11652786292589094,0.8343928898243502,0.5895832722247952,-0.47593666320781886,-0.49514864815842063,0.42427550486349236,1.669377088104681,1,0,0,0,0,0,0,0
0.8102953438059464,1.0498128583226514,0.9952474369616419,1.1157521312043628,0.14826453371099937,-0.349657923804222,0.7717619671462265,0.9912132859923415,0.35026156587865265,-0.8091962830810043,-0.7236616058404518,0.42427550486349236,-1.1056913180953083,1,0,0,0,0,0,0,0
-0.3847551571862075,1.3588493478590082,1.6666155613694915,1.5870638756539583,0.21856072899101922,-0.5477821596073958,0.5636320256442188,0.9349828486566917,0.6175661369495181,-0.42505162713752254,-0.7543742564230542,0.42427550486349236,-1.1056913180953083,1,0,0,0,0,0,0,0
0.8102953438059464,-0.14436256379718915,-0.58488751053497,-0.6764683682166165,-0.7710526117953319,0.5593875829227762,-0.6998264038184395,0.5004842786287863,0.5603332852081344,2.066953277228165,-0.07798830759515953,0.42427550486349236,0.7443542860380179,0,0,0,0,0,0,1,0
-1.5798056581783615,0.4942797744958973,0.7068476080289235,-0.14906890547503177,0.3563433705352473,-0.10966369610939392,0.16948179592764917,-0.051361011112320235,0.8806516938686757,1.111877264978382,-0.33457765978993625,0.42427550486349236,-0.18066851602864512,1,0,0,0,0,0,0,0
0.8102953438059464,1.2653991450610245,1.636580083664223,1.764816642252791,0.3561759395450512,-0.35994491076138346,-1.0886864019048934,-0.3827958288199457,0.7582447008104989,-0.10117201198273956,-0.6474383344981324,0.42427550486349236,-1.1056913180953083,1,0,0,0,0,0,0,0
-1.5798056581783615,0.9529116096358192,1.3816548708280187,0.48965990187603137,0.3561759395450512,0.3005436881089188,1.4480040882257155,1.291443730268918,-1.8097867580329996,-0.32531924205944496,1.4769411168779527,0.42427550486349236,-1.1056913180953083,1,0,0,0,0,0,0,0
-1.5798056581783615,0.9837919081213402,1.399159200537373,0.8662986246396603,1.038890339007235,-0.3643535742515975,-0.048756279190163246,1.179530300745531,0.2876824808925901,-0.8744957960616636,-0.7806566064906946,0.42427550486349236,-0.18066851602864512,1,0,0,0,0,0,0,0
-1.5798056581783615,1.1857850122240075,0.8430000940949148,-0.28488289618320706,-0.32764668724214363,-0.13772184123540715,0.16788315070232748,-0.14101853150212537,0.643795567402629,-0.37413192595554684,-0.7528698614785246,0.42427550486349236,-0.18066851602864512,1,0,0,0,0,0,0,0
-1.5798056581783615,0.7871985659423885,0.6601455342139639,-0.5306510087175152,0.3130184915034459,1.0605642434504765,1.310422017072562,0.9285863842968644,-0.37211219364660114,2.777002236323998,0.2696356545575391,0.42427550486349236,0.7443542860380179,1,0,0,0,0,0,0,0
0.8102953438059464,0.2227321491676251,0.48625340700255876,0.5728559216705595,0.03561457565716242,0.9544284025947228,-0.06560679515248376,-0.7185608141636962,0.10551303641138511,-1.028033637551669,-0.4972082789148235,0.42427550486349236,1.669377088104681,0,1,0,0,0,0,0,0
0.8102953438059464,0.1610737711617233,0.011285857733277956,-0.09146580618600578,0.03561457565716242,0.9555720881635623,-0.0714457947987256,-0.7185566980347646,0.1055107530532647,-1.0280352613316452,-0.497265317585706,0.42427550486349236,1.669377088104681,0,1,0,0,0,0,0,0
0.8102953438059464,0.0028433075566037694,0.6380512902753184,0.650346905589866,0.03561457565716242,0.8878813312889916,-0.06652366630586497,-0.8673465266570525,0.2314788496248777,-0.927296221359688,-0.49718867187170757,0.42427550486349236,1.669377088104681,0,1,0,0,0,0,0,0
0.8102953438059464,-0.4446063879354115,0.2194361997598667,0.7485019273749308,0.03561457565716242,-0.13629076720576724,-0.03833884003148725,-0.04861555311489112,0.8752359921517179,0.388299773991208,-0.497184215725545,0.42427550486349236,1.669377088104681,0,1,0,0,0,0,0,0
0.8102953438059464,0.12102006800641335,0.5840104340339569,0.6525802646550992,0.03561457565716242,0.8645235278336928,-0.065207806946387,-0.8676428879401333,0.231310715477277,-0.9274464365795688,-0.49720293153942835,0.42427550486349236,1.669377088104681,0,1,0,0,0,0,0,0
0.8102953438059464,0.5495705975756723,0.45751223974038924,0.3306294494523361,0.03561457565716242,0.7683868998098003,0.012051096787863598,0.3395930309473658,0.7005717684273591,-0.2509402540504745,-0.5296918019824856,0.42427550486349236,1.669377088104681,0,1,0,0,0,0,0,0
0.8102953438059464,-0.7700606662266658,-0.621423990992143,-0.24195383083334945,0.03561457565716242,-0.5717721813088755,-0.8603362376368792,0.8687913793063814,0.38197896933403236,-0.7732171802010481,-0.7809792314728746,0.42427550486349236,0.7443542860380179,0,1,0,0,0,0,0,0
0.8102953438059464,-0.7849958181470305,-0.975148345138343,-0.7287400596494225,0.03561457565716242,-0.5717923169451143,-0.8603561408621141,0.8687913793063814,0.38197896933403236,-0.7732171802010481,-0.7809854700775023,0.42427550486349236,0.7443542860380179,0,1,0,0,0,0,0,0
0.8102953438059464,-0.27894585950067685,-0.3389111147226235,-0.3008982716065817,0.03561457565716242,-0.2420655008069545,-0.8580256577702136,0.7174248539728633,0.6920038383645938,-0.2708400078588394,-0.7085196211795766,0.42427550486349236,0.7443542860380179,0,1,0,0,0,0,0,0
0.8102953438059464,-0.7346855683243374,-0.4155259109831185,0.03681404765905056,0.03561457565716242,-0.5658884546400029,-0.8579763830360735,0.8686761276962944,0.3820083670100347,-0.7731828722251216,-0.778760070683847,0.42427550486349236,0.7443542860380179,0,1,0,0,0,0,0,0
0.8102953438059464,-0.42535930335975664,0.32373783553612107,0.9109048765538356,0.041452795032776366,-0.16899892619841195,-0.7980183540536904,-0.0485579273098477,0.875234050845928,0.38828589106424133,-0.4972376894794973,0.42427550486349236,1.669377088104681,0,1,0,0,0,0,0,0
0.8102953438059464,0.10057637058729509,0.02708198789959102,-0.06220084885136942,0.041452795032776366,0.8242967836161824,-0.07185393167628305,-0.8045055862571281,0.2567031112907086,-0.9042462743340325,-0.497184215725545,0.42427550486349236,1.669377088104681,0,1,0,0,0,0,0,0
0.8102953438059464,0.5398514009326029,0.5742368593911731,0.5120696804153563,0.041452795032776366,0.9544730449272092,-0.07201360949255119,-0.7185566980347646,0.1055107530532647,-1.0280352613316452,-0.49744356343221435,0.42427550486349236,1.669377088104681,0,1,0,0,0,0,0,0
0.8102953438059464,0.3248362247222017,0.3426279411298873,0.31393946396530237,0.041452795032776366,0.8664975020113945,-0.07008055768861028,-0.8704377394847426,0.23157368796617472,-0.9272114706870122,-0.4972617526687761,0.42427550486349236,1.669377088104681,0,1,0,0,0,0,0,0
0.8102953438059464,-0.004285728343567878,-0.08810163147844438,-0.13273617959225864,0.041452795032776366,0.8862610429253015,-0.07154026046242003,-0.8676511201979968,0.23130209281235664,-0.92745413907591,-0.497184215725545,0.42427550486349236,1.669377088104681,0,1,0,0,0,0,0,0
0.8102953438059464,0.3395744423968407,-0.22673476913282384,-0.5785212278130127,0.041452795032776366,1.3964273548469122,0.2434710628862165,-1.5065360723283614,-0.22562905590135987,-1.1978851885947863,-0.4972038227686609,0.42427550486349236,0.7443542860380179,0,1,0,0,0,0,0,0
-0.3847551571862075,-0.32625238706957155,0.5693570168962431,0.8876579343328109,0.041452795032776366,-0.506022657946108,-0.858029047203869,0.49885429157184197,0.7082408741342673,-0.23267612814088373,-0.6973712347097186,0.42427550486349236,0.7443542860380179,0,1,0,0,0,0,0,0
0.8102953438059464,-0.7113844425467809,-0.06571654520207808,0.5781481206515986,0.041452795032776366,-0.5660947160776261,-0.855101691499881,0.8686843599541577,0.382006407185294,-0.7731851594564343,-0.7787627443715445,0.42427550486349236,0.7443542860380179,0,1,0,0,0,0,0,0
0.8102953438059464,-0.6368831093779979,0.5285087555982726,1.1102792268349593,0.041452795032776366,-0.1383841789851094,-0.03599679006024775,-0.04853734666518928,0.8752296826501442,0.38825465454669467,-0.4972430368548925,0.42427550486349236,1.669377088104681,0,1,0,0,0,0,0,0
0.8102953438059464,-0.3503196819022478,0.38005277089028106,0.9108821836872477,0.041452795032776366,-0.13357737738612668,-0.03117240145776449,-0.04855381118091596,0.8752442419148334,0.3883587766386747,-0.4971681735993592,0.42427550486349236,1.669377088104681,0,1,0,0,0,0,0,0
0.8102953438059464,0.05291817454883808,-0.3805524028783858,-0.5900956198627105,0.041452795032776366,0.9170302453059478,-0.07195008198884552,-0.9782391562053834,0.22856026253654024,-0.9298974141707473,-0.49720293153942835,0.42427550486349236,1.669377088104681,0,1,0,0,0,0,0,0
0.8102953438059464,-0.8932920831200353,0.04451109443861176,0.46784150182864487,0.04140167654133953,-0.697078937151642,-0.9098827782641693,0.3408278696268692,0.7776135232140771,-0.04299447443390785,-0.6431461745142139,0.42427550486349236,0.7443542860380179,0,1,0,0,0,0,0,0
0.8102953438059464,-0.5202883915551174,0.642833098325737,1.035740045652296,0.04140167654133953,-0.23886525882738283,-0.8433697075829453,0.835331367220773,0.4628413617212128,-0.6714969530991897,-0.6432477746467237,0.42427550486349236,2.594399890171344,0,1,0,0,0,0,0,0
0.8102953438059464,0.834911153768365,0.7850004764397344,0.6690254149464228,0.04140167654133953,1.2881623532648083,0.6426800040483037,-1.5101500335303746,-0.23711536680171091,-1.2016296451634028,-0.7025795783446895,0.42427550486349236,0.7443542860380179,0,1,0,0,0,0,0,0
0.8102953438059464,0.5196515282929102,0.7947740178206213,0.9022635925074018,0.04140167654133953,0.24464267864021422,-0.9081786317153462,0.34051092769913,0.700748102123323,-0.250525204003326,-0.6432540132513515,0.42427550486349236,1.669377088104681,0,1,0,0,0,0,0,0
0.8102953438059464,0.6048989309757692,0.22387897681250346,-0.10188918899377485,0.04140167654133953,1.4302559521336282,0.14740414293408166,-1.5101582657882378,-0.23711536680171091,-1.2016296451634028,-0.670095164047795,0.42427550486349236,1.669377088104681,0,1,0,0,0,0,0,0
0.8102953438059464,-0.43112480123724206,0.3578511531810817,0.5887976160530671,0.04140167654133953,-0.17206848032937652,-0.45431344858892453,0.8687913793063814,0.38197896933403236,-0.7732171802010481,-0.6431461745142137,0.42427550486349236,1.669377088104681,0,1,0,0,0,0,0,0
0.8102953438059464,0.5368645585255103,0.033857684567897305,-0.3972176750733028,0.04140167654133953,0.7670389630946043,0.012068735331391767,0.34050269544126666,0.7007468058135516,-0.2505282560518945,-0.528892369360896,0.42427550486349236,1.669377088104681,0,1,0,0,0,0,0,0
0.8102953438059464,-0.7776754743466207,0.026491388070849144,0.6566034007585532,0.04140167654133953,-0.48895989229651415,-0.860344986961575,0.6874429708345223,0.6684634587215134,-0.3230000813476919,-0.7085677475581338,0.42427550486349236,0.7443542860380179,0,1,0,0,0,0,0,0
0.8102953438059464,-1.0537479089684483,-0.28809364575094565,0.43304240722272913,0.04140167654133953,-0.6493849247202278,-0.8603313296126781,0.835331367220773,0.46283953098692293,-0.6714994342895472,-0.7800755250310777,0.42427550486349236,0.7443542860380179,0,1,0,0,0,0,0,0
0.8102953438059464,-0.554193043578299,0.1781445356475071,0.7598806357164752,0.04140167654133953,-0.5738419273067654,-0.8603512328872702,0.8687913793063814,0.3819750495945377,-0.773221754517893,-0.7802368375221677,0.42427550486349236,0.7443542860380179,0,1,0,0,0,0,0,0
0.8102953438059464,-0.865474588377399,-0.451600890639211,-0.06420888881209076,0.04140167654133953,-0.5636891738489066,-0.8580097928440372,0.8686761276962944,0.3820083670100347,-0.7731828722251216,-0.7787805689561954,0.42427550486349236,0.7443542860380179,0,1,0,0,0,0,0,0
0.8102953438059464,-0.4938325599268348,-0.3074417437045868,-0.042993665554137736,0.04140167654133953,-0.5659513295729361,-0.8580183581764383,0.8686761276962944,0.38201032683187297,-0.773180584989105,-0.7787716566638699,0.42427550486349236,0.7443542860380179,0,1,0,0,0,0,0,0
0.8102953438059464,-0.8079283947980728,-0.4564977929876467,0.021341964129155667,0.04140167654133953,-0.565930126267479,-0.8580256577702136,0.8687378696302696,0.3819946481758679,-0.7731988827455617,-0.7787627443715445,0.42427550486349236,0.7443542860380179,0,1,0,0,0,0,0,0
0.8102953438059464,-1.1042203958892884,-0.6995946162307416,-0.3428333753789248,0.04339406947784314,-0.4670477002867064,-0.9096956285398518,0.34051915995699333,0.777600095856421,-0.04303654857907004,-0.6438342034817356,0.42427550486349236,0.7443542860380179,0,1,0,0,0,0,0,0
0.8102953438059464,-0.3044995426050409,0.05036474410832734,0.2907394740668826,0.04339406947784314,0.043550340274010474,-0.8599454265487726,-0.16348436321122264,0.8370735359745254,0.17724313624219062,-0.5845505261623269,0.42427550486349236,1.669377088104681,0,1,0,0,0,0,0,0
0.8102953438059464,-0.5612733148466832,-0.1554860122237096,0.02531482049648074,0.04339406947784314,-0.2934939111953974,-0.9093459205263448,0.8547759602940184,0.5722015303995314,-0.5059402034099127,-0.6431274587003306,0.42427550486349236,1.669377088104681,0,1,0,0,0,0,0,0
0.8102953438059464,-0.05459597816626094,0.8263708220339862,1.17724563482548,0.04339406947784314,0.0075594989879425875,-0.4543441548754226,0.3404903470544716,0.7007455094999054,-0.2505313080973533,-0.64306061650789,0.42427550486349236,1.669377088104681,0,1,0,0,0,0,0,0
0.8102953438059464,-0.5872696326947763,-0.42210649369550435,-0.23334255269279802,0.04339406947784314,-0.15910982729904924,-0.4543432152284745,0.686998428909901,0.6658523396110277,-0.32857452724660136,-0.6431969745804688,0.42427550486349236,0.7443542860380179,0,1,0,0,0,0,0,0
0.8102953438059464,-1.302435167544315,-0.4174363332922763,0.2234043441571466,0.04339406947784314,-0.7047291900290992,-0.9097208441138703,0.34053974060165165,0.777583568924552,-0.04308833156734493,-0.6432165816235845,0.42427550486349236,0.7443542860380179,0,1,0,0,0,0,0,0
0.8102953438059464,-0.22418113375424226,-0.13133552921332303,-0.021068305205193823,0.04339406947784314,-0.43345384227966727,-0.857699885182357,0.7174166217149999,0.6921175245226903,-0.27057932425883363,-0.7029503297054267,0.42427550486349236,0.7443542860380179,0,1,0,0,0,0,0,0
0.8102953438059464,-0.6388046295191044,0.4195927952797709,0.9911151525342825,0.08888429172492235,-0.29519723545747234,-0.9096025064838598,0.8531583216238692,0.5735470109525659,-0.5036589279496907,-0.6431925184343059,0.42427550486349236,1.669377088104681,0,1,0,0,0,0,0,0
0.8102953438059464,-0.7655555507628049,-0.46665594588142567,-0.13523895298508806,0.08888429172492235,-0.291432492327452,-0.9099712743753383,0.8547759602940184,0.5722015303995314,-0.5059402034099127,-0.6438181613555498,0.42427550486349236,1.669377088104681,0,1,0,0,0,0,0,0
0.8102953438059464,-0.9741440913682389,-0.15971813623221187,0.5631807800177022,0.08888429172492235,-0.705738590423476,-0.965506547179464,0.34098839865520464,0.7776062931846991,-0.04301712979488719,-0.6431684552450274,0.42427550486349236,0.7443542860380179,0,1,0,0,0,0,0,0
0.8102953438059464,-0.32695009847345513,-0.17033059111608503,-0.009011453929242375,0.08888429172492235,-0.16369176575866556,-0.9079794079055736,0.7174166217149999,0.6921175245226903,-0.27057932425883363,-0.6438297473355729,0.42427550486349236,1.669377088104681,0,1,0,0,0,0,0,0
0.8102953438059464,-0.5618153545725638,-0.253005935453932,0.10315340214877591,0.08888429172492235,-0.28934436804685193,-0.9081113279516951,0.8547759602940184,0.5721999098398585,-0.5059429470104067,-0.6438359859402006,0.42427550486349236,1.669377088104681,0,1,0,0,0,0,0,0
0.8102953438059464,0.49782272330283284,0.39459371104376406,0.3196218520247706,0.08888429172492235,0.07105567290621394,-0.8582399205671772,-0.05075182403043195,0.8758027182419833,0.39237521545396825,-0.5286116321526455,0.42427550486349236,1.669377088104681,0,1,0,0,0,0,0,0
0.8102953438059464,-0.5615612145563299,-0.3164740564348586,-0.04687223439653039,0.08888429172492235,-0.49804348635526213,-0.8603262946307393,0.8687913793063814,0.3819770094657366,-0.7732194673618222,-0.7809667542636188,0.42427550486349236,0.7443542860380179,0,1,0,0,0,0,0,0
0.8102953438059464,0.9503045698564603,0.9165722753346462,0.8532540446240934,0.03669166427637687,1.2774805838377945,0.642681884431494,-1.506552536844088,-0.22568403380709554,-1.197903429692888,-0.7025822520323872,0.42427550486349236,0.7443542860380179,0,1,0,0,0,0,0,0
0.8102953438059464,-0.020035814761085114,0.5609692216419325,0.8404563758123784,0.03669166427637687,0.3043836623364609,-0.4544338942639864,0.3405068115701983,0.7007493984292197,-0.25052215195164684,-0.6429634725215428,0.42427550486349236,2.594399890171344,0,1,0,0,0,0,0,0
0.8102953438059464,-0.5206625670271189,-0.30116702516403965,-0.08897867349409258,0.03669166427637687,-0.17007040448201238,-0.45411352131440885,0.8688243083378347,0.38197112984342935,-0.7732263288159265,-0.6438056841462944,0.42427550486349236,1.669377088104681,0,1,0,0,0,0,0,0
0.8102953438059464,-0.6323236021266178,0.15813727257376156,0.5534357813121114,0.03669166427637687,-0.1718738278147859,-0.4545883174266925,0.8687131728566796,0.38200248752709987,-0.7731897339049537,-0.6428743495982888,0.42427550486349236,1.669377088104681,0,1,0,0,0,0,0,0
0.8102953438059464,-0.44424909231011694,-0.17704040107051414,0.09159848724310175,0.03669166427637687,-0.17013517016282587,-0.45447109444182743,0.8688366567246296,0.3819672100807058,-0.7732309030951502,-0.6438377683986658,0.42427550486349236,1.669377088104681,0,1,0,0,0,0,0,0
0.8102953438059464,-0.25325057058202755,0.0038533057926959714,0.18857408962389746,0.03669166427637687,0.06665089613302347,-0.8603480547529936,-0.048413862797238943,0.8752253140974671,0.38822341812348526,-0.5296918019824856,0.42427550486349236,1.669377088104681,0,1,0,0,0,0,0,0
0.8102953438059464,-0.41019158097143027,-0.1356868218571051,0.13680323310085377,0.03669166427637687,-0.21266910837069855,-0.8603353380174665,0.7174207378439315,0.6920725822340316,-0.2706823880209796,-0.708487536927205,0.42427550486349236,1.669377088104681,0,1,0,0,0,0,0,0
0.8102953438059464,-1.0568679168613504,-0.7950335091850051,-0.30176966519771675,0.03669166427637687,-0.6418346131526883,-0.855305888538061,0.835331367220773,0.46283953098692293,-0.6714994342895472,-0.7787725478931026,0.42427550486349236,0.7443542860380179,0,1,0,0,0,0,0,0
-0.3847551571862075,-0.8546600604018402,0.1586999605918277,0.6685274404179568,0.06549810341968351,-0.24187825444694372,-0.071826235493893,-0.04861966924382287,0.8752359921517179,0.388299773991208,-0.4971833244963124,0.42427550486349236,0.7443542860380179,0,0,1,0,0,0,0,0
0.8102953438059464,-0.7235315620243561,0.7410628420405573,1.3839512572018715,0.06549810341968351,-0.1961602784927497,-0.29484130308589307,-0.04853734666518928,0.8752296826501442,0.38825465454669467,-0.49719491047633546,0.42427550486349236,1.669377088104681,0,0,1,0,0,0,0,0
0.8102953438059464,-0.3177157365960029,0.36592990412001136,0.6865858868619067,0.06549810341968351,-0.14557253451754257,-0.7935147148741022,-0.04861555311489112,0.8752355068318795,0.3882963032577195,-0.4974105879506104,0.42427550486349236,1.669377088104681,0,0,1,0,0,0,0,0
-1.5798056581783615,1.6105862801477175,1.7232508261705741,1.136738507539857,-0.09873730186508367,0.03506132725093556,0.24479378578853975,0.7174166217149999,0.6920990194131713,-0.27062176272258304,-0.7268192310113454,0.42427550486349236,-0.18066851602864512,1,0,0,0,0,0,0,0
-1.5798056581783615,1.5215811754908335,2.4091056222600264,2.0831304621623086,-0.09873730186508367,-0.16727511789359592,-1.0842762640100378,1.152668443337402,0.35883943296043563,-0.7996666536170113,-0.6847790568831439,0.42427550486349236,0.7443542860380179,1,0,0,0,0,0,0,0
-0.3847551571862075,0.9903010688617528,1.851584549568171,2.1031296043238257,-0.09873730186508367,-0.3379786105462,-0.1379311017357099,0.890615094902137,0.612297255284866,-0.4348907406092002,-0.6826917980205325,0.42427550486349236,0.7443542860380179,1,0,0,0,0,0,0,0
0.8102953438059464,0.52333514464972,1.046304910946888,1.1164229784733608,-0.09873730186508367,-0.12999033262369103,-0.6387990341486939,0.854413740948031,0.7124352766682204,-0.22249764699920022,-0.6820429831392423,0.42427550486349236,-0.18066851602864512,1,0,0,0,0,0,0,0
0.8102953438059464,1.6099045111363743,0.604870942114187,-0.0219138035473399,-2.177531361628125,0.9155972820838192,0.43310809532874484,-0.5389823411324587,0.8592633453688489,0.28788927204879405,-0.5469887789276452,0.42427550486349236,0.7443542860380179,0,0,0,0,0,0,0,1
-1.5798056581783615,0.2262816625844594,-1.0759696901819271,-1.6827459822131843,-2.177531361628125,0.6249020016575035,0.30712562463431364,-2.1579217080242317,0.28649791485109555,-0.8756635198312097,-0.5911099733138304,0.42427550486349236,-0.18066851602864512,0,0,0,0,0,0,0,1
0.8102953438059464,1.5249571991185473,0.9849773605344244,0.6442285613595858,0.47125280162950123,0.08131165719286675,-1.0842598881001833,0.32645434739745044,0.9009743354850261,0.7060959123394516,-0.44887067902948596,0.42427550486349236,1.669377088104681,1,0,0,0,0,0,0,0
-0.3847551571862075,0.6892835727941008,1.6548827074403551,1.891904658930743,0.47125280162950123,-0.5480391376727733,0.49591626857082993,0.8532941538786146,0.7080039081224203,-0.23324710066778861,-0.6823058957628422,0.42427550486349236,-1.1056913180953083,1,0,0,0,0,0,0,0
-0.3847551571862075,1.282848497198741,-0.6433672459560518,-1.533705780976368,1.14614644074405,-0.1332453103509289,-0.18429980020719527,0.3288663989514135,0.773031370711527,-0.05720444426517946,-0.6466166211457295,0.42427550486349236,-0.18066851602864512,0,1,0,0,0,0,0,0
-0.3847551571862075,1.6103452693512808,0.6286323694972358,-0.42010326164502876,0.8035953024358841,1.486453603921189,0.3963117349871181,-0.5344998767258616,0.8607756770393714,0.2964404985425996,-0.5402154367603319,0.42427550486349236,-0.18066851602864512,0,0,0,0,0,0,0,1
0.8102953438059464,1.6862354615281772,1.7677079825859847,1.9153213997461958,0.10443174243941333,0.11806076221402521,0.06863047805977425,0.8883182949582605,0.3622162353978304,-0.7958749187511998,-0.5528628707993245,0.42427550486349236,1.669377088104681,1,0,0,0,0,0,0,0
0.8102953438059464,-1.5374617224771594,-0.9157805434648547,0.06016009507106616,-0.9179425842433453,-0.6411165613719397,-0.01109580296960422,0.8658606955070267,0.3776995704914014,-0.778192009233496,-0.7900786819371203,0.42427550486349236,-1.1056913180953083,0,0,0,0,0,0,1,0
0.8102953438059464,-0.39598696269419564,-0.32017469653500413,-0.05715892436522488,-0.9179425842433453,-0.17086825718084386,-1.251013477061639,0.35708657890699635,0.7792587644810597,-0.03781940769502098,-0.5561960681290286,0.42427550486349236,-0.18066851602864512,0,0,0,0,0,0,1,0
0.8102953438059464,1.1873229783002255,0.9923588662862218,0.6774394429086634,0.2867285505684697,-0.7643605387825719,-0.7277961434132979,-0.5384842895317257,0.8588210079072545,0.2854183202931594,-0.5444158001332987,0.42427550486349236,-1.1056913180953083,1,0,0,0,0,0,0,0
-1.5798056581783615,1.4897602798966605,1.2749303975591184,0.22958727604364768,0.2841453728787723,0.39723377858968134,1.4296604393786214,0.4864565112296286,0.5682142058616793,2.053839797988639,-0.06314131981025559,0.42427550486349236,-0.18066851602864512,1,0,0,0,0,0,0,0
-0.3847551571862075,1.2505905940165711,1.3758314955222786,1.1668277884344942,0.2841453728787723,-0.2892769450275528,0.7992276651057966,0.8536275603220805,0.7096407979151304,-0.22929417593043241,-0.6943169921298,0.42427550486349236,-1.1056913180953083,1,0,0,0,0,0,0,0
-1.5798056581783615,0.16950070060608716,1.8038736131842703,2.8030254990655417,0.2841453728787723,-1.843023517854955,-1.7291665592939864,-2.168730662598817,0.34329555340078455,-0.8168286607710266,-0.8926591666026136,-2.356959071492339,-2.030714120161971,1,0,0,0,0,0,0,0
-0.3847551571862075,-0.375677369025298,-1.3244884162662085,-1.4779285648250056,-2.6761537092394,-0.2436306859354602,-0.7812674970393738,0.4801135565459132,0.7109562857471002,-0.22610235991542932,-0.6540601676959135,0.42427550486349236,0.7443542860380179,0,0,0,1,0,0,0,0
-1.5798056581783615,-0.13079939022798634,-0.8687034807859711,-1.4504652015106936,-2.6761537092394,0.07611447592830661,0.026394006216086913,1.014201866075762,0.732172073156957,-0.1726571058619113,-0.668152284320855,0.42427550486349236,-0.18066851602864512,0,0,0,1,0,0,0,0
0.8102953438059464,0.7609659261891792,0.22686954747141924,-0.06545286142093437,-2.6761537092394,0.16229813492099107,-0.6959559927161909,-1.1041762369989963,0.5424737666778346,-0.5546843617091768,-0.49047415083374224,0.42427550486349236,-0.18066851602864512,0,0,1,0,0,0,0,0
-0.3847551571862075,0.3515987116254145,0.6237088298688048,0.3397455510719877,0.9781400335233177,-0.2684411972953794,0.6485081726229703,-1.6398451400386094,-1.6745791434585982,2.1120512546803885,0.8998318659505209,-2.356959071492339,-0.18066851602864512,1,0,0,0,0,0,0,0
-1.5798056581783615,1.6433046353744887,0.7941953656984038,-0.5078294916135303,-0.09845794833351974,0.20500537058823076,0.1064170089686153,0.7325392794099839,0.705657595213561,-0.2388774665329226,-0.6991661703840566,0.42427550486349236,-0.18066851602864512,1,0,0,0,0,0,0,0
-1.5798056581783615,0.7343506714457387,0.3491029288557455,-0.6737119108388391,-0.09845794833351974,-0.606964970081615,-0.45735312343687406,-0.048500301504804194,0.8752282265055733,0.3882442423951429,-0.4979827571179017,0.42427550486349236,-0.18066851602864512,1,0,0,0,0,0,0,0
-1.5798056581783615,0.9222995178404949,1.603073783436091,1.4202003760462891,-0.09845794833351974,-0.37609003290477766,-0.07404070412567502,0.34026395996322933,0.7015070731229665,-0.24873616887709624,-0.6707929965368749,0.42427550486349236,0.7443542860380179,1,0,0,0,0,0,0,0
-1.5798056581783615,-0.14407841552469755,1.0933059315596205,1.0832636758865173,-0.0978435448969344,-0.4986669838667456,0.10001999815068423,0.8532159474289128,0.5735308341597578,-0.5036863960648138,-0.7413738956079757,0.42427550486349236,-0.18066851602864512,0,0,1,0,0,0,0,0
0.8102953438059464,0.2627727239133839,0.004149531141817132,-0.13284303101680622,-0.0978435448969344,-0.4786454906291338,-0.09436882068314359,0.7124319895787379,0.6880589215987263,-0.27983127028181354,-0.7362323941654455,0.42427550486349236,0.7443542860380179,0,0,1,0,0,0,0,0
0.8102953438059464,0.44908701323275907,0.06384873538973741,-0.183834210778734,-0.34192657595442827,0.15613215631407654,0.6229856042185985,0.3189012508078216,0.7721661588708351,-0.05985494746464464,-0.6476958997463367,0.42427550486349236,-0.18066851602864512,0,1,0,0,0,0,0,0
-1.5798056581783615,0.3727785698433954,-1.0511777756761063,-1.7001403368265342,-0.34192657595442827,0.9106361845440443,0.6223178146404471,-2.147903050204528,0.27554045217732115,-0.8863502934339441,-0.7184425674546904,0.42427550486349236,-1.1056913180953083,0,1,0,0,0,0,0,0
0.8102953438059464,-0.3935149633089781,-1.6825497601117514,-1.5333910479136597,0.8602881140649157,-0.34023470281902607,-0.31020118266837393,0.44510999611092544,0.6812190384217367,-0.29517558504318103,-0.6453795949709622,0.42427550486349236,-0.18066851602864512,0,1,0,0,0,0,0,0
0.8102953438059464,-0.2040937953164979,-0.29851394857817265,-0.26026136035791747,0.8602881140649157,0.2988027567306989,0.45207502288763635,1.0142759563965318,0.7320942302563841,-0.17286038417089328,-0.533236220640302,0.42427550486349236,0.7443542860380179,0,1,0,0,0,0,0,0
0.8102953438059464,0.16750134503110198,-0.6327328245036902,-0.9014914404685231,0.8602881140649157,0.2962136764523447,0.4457934550447884,-0.46967084605193676,0.8732207500045676,0.37415938884300676,-0.5332558276834176,0.42427550486349236,0.7443542860380179,0,1,0,0,0,0,0,0
0.8102953438059464,-0.6992429494146923,-1.2797095767487985,-1.1467585047305306,0.8602881140649157,-0.2453113338703673,0.44578584146984823,0.32939737958360005,0.7731070239298419,-0.05697220216665268,-0.6454606968311234,0.42427550486349236,-0.18066851602864512,0,1,0,0,0,0,0,0
0.8102953438059464,0.9049692653248711,0.38220902290809405,-0.02040660276630404,0.2860722119622064,0.3763910569727943,1.551302401175956,0.45924066673337516,0.6383566577679483,1.9261460174185245,-0.07004834636244987,0.42427550486349236,-1.1056913180953083,1,0,0,0,0,0,0,0
0.8102953438059464,1.2492345580579496,1.131311544392077,1.241633698768139,0.2860722119622064,-0.5043349365882593,-0.840184610672195,0.3587906562847109,0.7794875220039507,-0.03709672912733458,-0.6421052187706058,0.42427550486349236,-0.18066851602864512,1,0,0,0,0,0,0,0
0.8102953438059464,1.271495680934457,1.1815564360713695,1.3038427645900934,0.2866848031685743,-0.5473526413902471,-0.09440404643130432,0.8094244517247928,0.500611884058392,-0.6183939119871306,-0.7410494881673308,0.42427550486349236,-0.18066851602864512,0,0,0,0,0,0,1,0
0.8102953438059464,0.9123740091690579,-0.012897577617387152,-0.4943375533965301,0.8012618729380749,0.9912189588648601,0.7112553399006135,-1.461336860529608,0.17825982239842983,-0.9726678259299875,-0.763802570474108,0.42427550486349236,-1.1056913180953083,0,0,0,0,0,0,0,1
-1.5798056581783615,-1.5419030683708588,-0.29091081990707507,0.25181122024646446,0.8575196838483601,-0.9830452415760815,-0.457304102398046,-0.5380356314781728,0.8605345547914228,0.2950661995920159,-0.5670066787197533,0.42427550486349236,-0.18066851602864512,0,1,0,0,0,0,0,0
0.8102953438059464,0.27925522050285434,0.25526760630675366,0.05937687561482659,0.8575196838483601,0.44311298071898936,-0.39634836971621684,-1.9883289637812442,0.1380838297553614,-1.0041553875213842,-0.5526097616972826,0.42427550486349236,0.7443542860380179,0,1,0,0,0,0,0,0
0.8102953438059464,-0.9923558619341658,-0.4163311926322304,0.20283846268068592,0.8575196838483601,-0.8401689333982225,-0.7175173231142388,-0.537726921808297,0.8594365901750577,0.2888607022641111,-0.55239141053531,0.42427550486349236,0.7443542860380179,0,1,0,0,0,0,0,0
0.8102953438059464,1.0266280181841987,-0.7591346967553253,-1.3283188513985935,1.2494855383430774,0.9304398075824614,1.6191076740068,0.7982779745778095,-1.8686667236008934,-0.18794071361126113,1.4720331174943486,0.42427550486349236,-1.1056913180953083,0,1,0,0,0,0,0,0
-0.3847551571862075,0.45683873746543285,-0.07631801815426313,-0.6474302093713018,1.2494855383430774,0.7471929806215982,1.6193548680397103,1.3697860122255408,-1.8152169686838155,-0.31363157480257153,1.4600469755459016,0.42427550486349236,-1.1056913180953083,0,1,0,0,0,0,0,0
-1.5798056581783615,0.7806406405701893,0.052211748890275154,-1.1177454673668885,1.2494855383430774,1.3768407923772787,1.0519864406234503,-1.31203251579086,-1.3171011588019388,-0.9755562651189345,1.7034675246006494,0.42427550486349236,-0.18066851602864512,0,1,0,0,0,0,0,0
-1.5798056581783615,0.4938887183669439,-0.7720250573787145,-1.571069378395344,1.2494855383430774,1.4897539670012865,1.0731665402980914,-1.312036631919792,-1.3170878583395775,-0.9755670037159119,1.7025281689895508,0.42427550486349236,-0.18066851602864512,0,1,0,0,0,0,0,0
-1.5798056581783615,0.3088873275301356,-0.9847125097381055,-1.6494625449239344,1.2494855383430774,1.4899100110244066,1.0731648944557777,-1.312036631919792,-1.3170878583395775,-0.9755670037159119,1.7025272777603184,0.42427550486349236,-0.18066851602864512,0,1,0,0,0,0,0,0
-0.3847551571862075,1.5702690591935315,1.2198490937682964,0.2466148579116748,-0.09773186092395238,0.0314694692050875,-0.7866961449433096,1.014852214446967,0.7145929234924715,-0.21720776046733473,-0.650080829172617,0.42427550486349236,-0.18066851602864512,1,0,0,0,0,0,0,0
-0.3847551571862075,1.3584967403147887,0.44245256478768474,-0.6559561219948182,-0.09538832483172548,0.32459730827798305,1.3961461164783664,0.6377736430159666,-2.0441288770053165,0.7706528788294625,1.1888788955652159,0.42427550486349236,-0.18066851602864512,1,0,0,0,0,0,0,0
-1.5798056581783615,0.2853086180899865,-0.36416909046889223,-1.2691380675802977,-0.09538832483172548,-0.7941896381296365,-0.488021849550484,-0.5364138766790918,0.8596954980936506,0.2903163511497572,-0.5137584057631136,0.42427550486349236,-0.18066851602864512,1,0,0,0,0,0,0,0
-1.5798056581783615,-0.9273617854141071,-0.33103770483725237,-0.5184335066945975,1.5465066058374146,-0.8539243599887876,-0.4565310110160661,-0.5347674251064206,0.860723894648563,0.296145004743856,-0.5410166518403865,0.42427550486349236,-0.18066851602864512,0,1,0,0,0,0,0,0
-1.5798056581783615,-1.0559320086440191,-0.49630126606,-0.565795564669784,1.5465066058374146,-0.7929268892173054,-0.4048687421430513,-0.5349032573611661,0.860713654775685,0.2960865944440847,-0.541027346591177,0.42427550486349236,-0.18066851602864512,0,1,0,0,0,0,0,0
0.8102953438059464,-0.18311931167271836,-0.06034953402662277,0.12523638579081045,1.5465066058374146,-0.1738105357955685,-0.4077096154812896,0.6879986482402989,0.6662373241734857,-0.32775514406761647,-0.5410175430696192,0.42427550486349236,0.7443542860380179,0,1,0,0,0,0,0,0
-1.5798056581783615,-1.11846533928008,0.2254574343952427,0.7153090371597299,1.5465066058374146,-0.9691664955349515,-0.4046122893620479,-0.5378792185787691,0.8583689831857293,0.28290697144181043,-0.5410344764250373,0.42427550486349236,-0.18066851602864512,0,1,0,0,0,0,0,0
-1.5798056581783615,-0.1979700635493058,-0.41096002823773237,-1.0513454628032883,1.5465066058374146,0.26024452001160137,-0.40490457762968923,-2.1464624050784407,0.27546893203787925,-0.8864193704839808,-0.5410309115081072,0.42427550486349236,-0.18066851602864512,0,1,0,0,0,0,0,0
-0.3847551571862075,-1.126238633061027,-0.057553717845673015,0.6313688222524166,0.8038788622928104,-1.0319772513801238,-0.970351917107004,-1.3192275091634331,-0.5034089491919337,-1.2522614379436716,1.9230610601234084,-2.356959071492339,-0.18066851602864512,0,0,0,0,0,0,0,1
-0.3847551571862075,1.5528731605789237,0.20942416456693083,-0.8351308915342166,0.8524570129292574,1.1203267212991268,0.06753108353651019,-1.9439735584134845,0.12542857836012355,-1.013604654419887,-0.8726100737873667,0.42427550486349236,-0.18066851602864512,0,0,0,0,0,0,0,1
0.8102953438059464,0.8013994327824686,1.1287080226480621,1.2320602678332138,0.2617267476085709,-0.2800143952827088,-0.09268853303382525,-0.23535197435831648,0.8845628821652028,1.0787818540140792,-0.3417422515903351,0.42427550486349236,0.7443542860380179,1,0,0,0,0,0,0,0
-0.3847551571862075,1.5710558603427587,1.0657628956947252,0.32702937601136384,0.2617267476085709,0.9375364251203581,0.07796264304091542,-0.836273869351817,0.8452051408405563,0.2150307767584387,-0.6002985467013301,0.42427550486349236,-0.18066851602864512,1,0,0,0,0,0,0,0
-1.5798056581783615,-0.018130237012518636,0.7205926521785361,0.3772514903300576,0.2617267476085709,-0.17452723366585401,0.11628140906539308,0.7402035114807679,0.7078433061647098,-0.23363382840696656,-0.5634221547464725,0.42427550486349236,-0.18066851602864512,1,0,0,0,0,0,0,0
0.8102953438059464,1.3216746409899183,0.7931360568300043,0.37288657190309876,0.2617267476085709,0.1563300455829273,0.30488828107398247,0.8468112508112219,0.5940254653573943,-0.46807820662135496,-0.5422563517028515,0.42427550486349236,1.669377088104681,1,0,0,0,0,0,0,0
-1.5798056581783615,0.6278690187573793,1.6950989210853846,1.5211558142481236,0.2617267476085709,-0.41225809602443325,0.3757302343879376,-0.5371918250471789,0.8584543794663388,0.28338036169160197,-0.5176085160476916,0.42427550486349236,-0.18066851602864512,1,0,0,0,0,0,0,0
-1.5798056581783615,0.6553976763362029,1.2389126850499548,0.5648071900058229,0.2617267476085709,-0.2255895603101713,-0.14557185315182117,0.005618561688895092,0.6959174112501734,-0.26181466253769914,-0.5755811951660322,0.42427550486349236,-0.18066851602864512,1,0,0,0,0,0,0,0
-0.3847551571862075,1.0025044550351794,1.058549828697409,0.7789617490227569,0.25959186033220466,-0.2776106188305813,0.07364541835651436,0.8543561151429874,0.7124705754849061,-0.22241140319492744,-0.6943161009005674,0.42427550486349236,0.7443542860380179,1,0,0,0,0,0,0,0
-1.5798056581783615,1.4872451422251431,0.34835778256647754,-1.000577737733805,0.25959186033220466,0.2833487551604495,0.4567857768067634,0.4552150926381943,0.6581901903966301,1.8858833627634624,-0.13476228339573215,0.42427550486349236,-0.18066851602864512,1,0,0,0,0,0,0,0
0.8102953438059464,1.0381252526252658,0.41512906805999467,-0.12651182438790845,1.0552772111804511,0.4310450146912016,1.132165253315121,0.4483246928065657,0.6571002800317408,1.888150855522847,-0.1475523141119311,0.42427550486349236,-1.1056913180953083,1,0,0,0,0,0,0,0
-1.5798056581783615,0.3911413231960044,1.4974823018775598,1.1740294879531001,0.11651647554348638,-0.18799854146022382,0.08076138773933257,0.853672837740329,0.7091645154946251,-0.23044648224924003,-0.5994937667043455,0.42427550486349236,-1.1056913180953083,1,0,0,0,0,0,0,0
-0.3847551571862075,1.1584232806346513,1.1731274920945438,0.7499543540006557,0.11651647554348638,0.17852833604610038,-0.145807386866089,-0.5380767927674895,0.858535985259374,0.28383319620406755,-0.35284875028626356,0.42427550486349236,-0.18066851602864512,1,0,0,0,0,0,0,0
0.8102953438059464,1.5571335146194376,1.0714781479757824,0.932317753198381,-2.6761537092394,0.47170604509279657,-0.6962210977078293,-0.1702800920774226,0.8367424438378628,0.17575985790729323,-0.5366130882024004,0.42427550486349236,0.7443542860380179,0,0,1,0,0,0,0,0
0.8102953438059464,0.3201820013799912,-0.6889434597774474,-0.9970404327290117,-0.701460775335569,1.211570115767761,0.49318337280624425,-1.6591744815017682,0.2215335887524206,2.477283508042932,0.09276943090127106,0.42427550486349236,1.669377088104681,0,0,0,0,0,0,1,0
-1.5798056581783615,-1.0367927693789916,-1.2510821233065799,-1.2889589699089088,-0.701460775335569,-0.6869833176064026,-0.7292169481096465,-0.05234888205592286,0.8752389039782192,0.3883205984165934,-0.5297114090256013,0.42427550486349236,-0.18066851602864512,0,0,0,0,0,0,1,0
-0.3847551571862075,1.6326964202375427,2.313768658241767,2.9057750644118356,0.3805168447930925,-0.5780214971413599,-0.14101093822175606,0.8691947599416858,0.3800313910063952,-0.7754860134999462,-0.8363958651522869,0.42427550486349236,-1.1056913180953083,1,0,0,0,0,0,0,0
-0.3847551571862075,1.718944438972306,1.724737036002484,1.4719630255727483,0.1701794297233198,-0.3329610589685604,0.5924321273127714,0.8485070959310733,0.4400625173355077,-0.7017125387147376,-0.707772771082707,0.42427550486349236,-1.1056913180953083,1,0,0,0,0,0,0,0
-1.5798056581783615,0.16564171874157962,-0.21715618443853046,-1.0114104456071307,0.8638403898541318,0.6923695020463669,1.618600686207832,0.7997515487353501,-1.8688723159290175,-0.18741453022195204,1.4356032313849942,0.42427550486349236,-1.1056913180953083,0,1,0,0,0,0,0,0
-1.5798056581783615,0.8484733898834019,1.789772154771166,0.8574707486544162,0.8638403898541318,0.5487072145664171,1.6193038456237407,0.965503944685082,-1.8161314509131408,-0.3116458121724093,1.4713040919821296,0.42427550486349236,-1.1056913180953083,0,1,0,0,0,0,0,0
-1.5798056581783615,1.4149110288852247,-0.07407417744798583,-1.3142473982040654,0.8638403898541318,0.6962428102296424,1.6192090379325248,0.7987924906942693,-1.8693572605052213,-0.18617190865979327,1.4352467396919775,0.42427550486349236,-1.1056913180953083,0,1,0,0,0,0,0,0
-0.3847551571862075,-0.4339250254456626,-0.4697533768636594,-0.6533211109520531,0.8638403898541318,0.025347397191903702,1.0595887566940307,0.9636475705368954,-1.815540323103945,-0.31293000586862885,1.468875492323455,0.42427550486349236,-1.1056913180953083,0,1,0,0,0,0,0,0
-1.5798056581783615,1.5810713962137048,-1.1060815953391572,-1.948024330118297,0.8638403898541318,1.3816032931040299,1.0595014892640366,-1.31203251579086,-1.3170922918361199,-0.9755634242048624,1.702517474238761,0.42427550486349236,-0.18066851602864512,0,1,0,0,0,0,0,0
-0.3847551571862075,0.48812134558112685,-0.792779920144268,-1.3713123632713897,0.8638403898541318,1.3821845664078884,1.0576069858446326,-1.31203251579086,-1.3170967253235737,-0.9755598446725368,1.7025165830095281,0.42427550486349236,-0.18066851602864512,0,1,0,0,0,0,0,0
-1.5798056581783615,0.5073824968307444,-0.8427277187103607,-1.6153870482063157,0.8638403898541318,1.3803267355898137,1.058014392441662,-1.31203251579086,-1.3170900750889851,-0.9755652139630465,1.702526386531086,0.42427550486349236,-0.18066851602864512,0,1,0,0,0,0,0,0
-0.3847551571862075,1.0832082936694447,0.6736032865867689,-0.05154370233659399,0.47125280162950123,0.390061203059808,0.7816084327931052,-0.47492302656875757,0.8732549621166888,0.37439507273201955,-0.5430237000720695,0.42427550486349236,1.669377088104681,1,0,0,0,0,0,0,0
-0.3847551571862075,1.6352968954070035,1.6143489822729902,1.4641003201991614,0.47125280162950123,-0.37512617597417947,0.3757382536673254,-0.5096590386231863,0.7275179320631674,-0.18471380641880203,-0.5214889281261762,0.42427550486349236,-0.18066851602864512,1,0,0,0,0,0,0,0
-0.3847551571862075,1.2078876494395225,0.7986777711210385,0.026829032754696124,0.24645215917949995,-0.6068680504919595,-0.907487011757804,0.7336177051900833,0.684043832297607,-0.2888756132785444,-0.7322040380343594,0.42427550486349236,-0.18066851602864512,1,0,0,0,0,0,0,0
-1.5798056581783615,0.704003972357622,1.3385482317375472,0.8753121803525463,0.16753926023150015,-0.2710654600413529,0.1113509399626977,-0.537726921808297,0.8585403107205238,0.2838572108770532,-0.5520331363838284,0.42427550486349236,0.7443542860380179,1,0,0,0,0,0,0,0
0.8102953438059464,0.6172429855093157,0.4227004049236914,0.1823553500782228,0.24447620974748838,0.3522757085124521,1.545429284537232,0.5779168960915086,-2.0354374448014227,0.550928204192007,1.2424079057301058,0.42427550486349236,-1.1056913180953083,1,0,0,0,0,0,0,0
0.8102953438059464,1.5703543975017205,1.1434909398146385,1.0417361626108643,0.25651788178339574,0.025100165429912637,0.3294117338940002,0.9535918675568066,0.61073748113749,-0.43777976515244993,-0.5397921028748751,0.42427550486349236,-0.18066851602864512,1,0,0,0,0,0,0,0
0.8102953438059464,1.6994947929951933,1.1846713928764083,1.0076495812253135,0.3508927329781182,-0.026201615077068197,-0.8994087638435815,0.49936057543043844,0.7042622848451615,-0.24220603157648257,-0.6362453865666473,0.42427550486349236,-1.1056913180953083,1,0,0,0,0,0,0,0
0.8102953438059464,0.9716063392487863,0.6394828059565244,0.3238528902332532,0.35701291658614975,-0.5047502872299446,-0.09438338733399837,0.6933825448829335,0.6684523520814317,-0.32302387790569265,-0.7363883592811402,0.42427550486349236,-0.18066851602864512,1,0,0,0,0,0,0,0
-1.5798056581783615,0.008479391385434533,0.5942861638589964,0.13399907108344888,0.35701291658614975,-0.5265750693050807,-0.09438095881100864,0.8543396506272607,0.7124718361002317,-0.22240832301519928,-0.7126415563800798,0.42427550486349236,-0.18066851602864512,1,0,0,0,0,0,0,0
0.8102953438059464,-1.248366277483186,-0.7376704169158658,0.20492083757772328,-1.3055879176249934,-1.298466990861357,-1.866479971057029,-0.978243272334315,0.22856673884416912,-0.9298916570432949,-0.9220171487517533,-2.356959071492339,-1.1056913180953083,0,1,0,0,0,0,0,0
-0.3847551571862075,-0.008748643785539688,0.2092308642336291,-0.25001911569486673,0.1662647385069874,-0.5322538621875531,0.20284061266980766,-1.9960549377860035,-1.8330659352717213,1.815096457592333,1.0136587723014514,-2.356959071492339,-0.18066851602864512,1,0,0,0,0,0,0,0
-0.3847551571862075,0.7271119145163629,-0.24253182479813978,-0.9911211720361112,0.7994621418825817,0.7386999326431937,0.8105192415493363,-1.5710934384927957,0.13701339043281932,-1.0049631973254471,-0.7423159249067718,0.42427550486349236,-1.1056913180953083,0,0,0,0,0,0,0,1
-1.5798056581783615,1.1925558150447182,1.5496858713210644,0.6529641660422056,-0.09773186092395238,0.01688666225970874,-0.3155804869621692,-0.051072882087102804,0.880644327705408,1.1119364882220801,-0.31370507116382124,0.42427550486349236,0.7443542860380179,1,0,0,0,0,0,0,0
-1.5798056581783615,-0.09339398941975793,1.1852494731537973,0.9491107928695672,-0.09773186092395238,-0.6001854380554947,-0.02480001287365262,0.8540350570863167,0.7090602953197525,-0.2306983961127984,-0.6827889420068795,0.42427550486349236,-1.1056913180953083,1,0,0,0,0,0,0,0
-0.3847551571862075,1.1971978466212976,0.9843835320260541,0.48712923974584604,-0.09773186092395238,0.10722409960036806,-0.3160512117314107,0.9535054288492414,0.6108187795674399,-0.4376294482989233,-0.662913638891978,0.42427550486349236,0.7443542860380179,1,0,0,0,0,0,0,0
-1.5798056581783615,0.6745172217715354,1.211208449942487,0.6999436976275701,1.0351137157831152,-0.5890593995810758,0.6987142054338197,0.8076956775734881,0.5274211041187453,-0.5782223763660637,-0.7877133595539562,0.42427550486349236,-1.1056913180953083,1,0,0,0,0,0,0,0
0.8102953438059464,0.6201444896082193,0.5353233109648744,0.3752360132357072,0.26767137293859694,-0.5250989936131568,-0.11908137881987489,0.8297375480026226,0.49395167368368603,-0.6280442117901147,-0.8025202420233957,0.42427550486349236,-0.18066851602864512,1,0,0,0,0,0,0,0
-1.5798056581783615,1.3167240784198306,-0.24994935061792112,-1.4264127675061484,0.8035953024358841,1.9020322479478273,0.8068181470427264,0.12100188790168637,0.4206960235222724,2.2675856284966884,0.004627751032178187,0.42427550486349236,0.7443542860380179,0,0,0,0,0,0,0,1
-0.3847551571862075,0.784090749004872,0.8795569811572821,0.661511775320394,-2.9971664173481063,0.3046232697383416,1.5736123739521573,0.4306870803343265,0.6303798614746481,1.9417699924992513,-0.108735716117831,0.42427550486349236,-0.18066851602864512,0,1,0,0,0,0,0,0
0.8102953438059464,1.3583054324145507,0.19721831028478096,-0.426381075390895,0.0681137808281059,1.3666689796573874,1.874999184313609,1.5203046149991335,-0.4629703459347313,2.79011161192966,0.3318006759857535,0.42427550486349236,1.669377088104681,0,0,0,0,0,0,1,0
-1.5798056581783615,1.1280240662878378,1.4252650201410089,0.7289183536746303,0.21293185465881237,0.3284261107330467,0.3729121118616726,-0.5380273992203094,0.8586995859704593,0.2847423737651453,-0.5273630199978553,0.42427550486349236,-0.18066851602864512,1,0,0,0,0,0,0,0
-1.5798056581783615,0.1957267757493977,0.8732897938873299,0.30362118265466587,0.21293185465881237,-0.1501931995838459,-0.7012231704480414,0.71442419598167,0.6894157780405981,-0.27675059778751376,-0.6815697404167629,0.42427550486349236,0.7443542860380179,1,0,0,0,0,0,0,0
-0.3847551571862075,-0.732341107269197,0.24286948679809725,0.4111946003214486,0.21453561540125732,-0.8292116155372072,-0.554842450960891,0.31502385735418126,0.7743689673458978,-0.05308666460285921,-0.6428618723890334,0.42427550486349236,-1.1056913180953083,1,0,0,0,0,0,0,0
0.8102953438059464,1.7049104973114488,0.773854829157136,0.28303898588960247,0.21453561540125732,-0.062380978674346145,0.10698180858828645,0.6927321965117281,0.6680773612714521,-0.32382688668346443,-0.6800706928476288,0.42427550486349236,0.7443542860380179,1,0,0,0,0,0,0,0
-1.5798056581783615,1.6415369120030527,2.5796285067851543,2.192021105065102,0.21453561540125732,0.099207764957807,0.4613946180216025,0.31835380565990856,0.7753542427029988,-0.05003765192333252,-0.5232767339666539,0.42427550486349236,-1.1056913180953083,1,0,0,0,0,0,0,0
-1.5798056581783615,1.6804427677569318,2.14548857285138,1.0526026744212753,0.21453561540125732,-0.39211003351237245,0.050559393011368435,0.8466795346854082,0.43943806898949467,-0.7025227510949839,-0.7924208323602385,0.42427550486349236,-1.1056913180953083,1,0,0,0,0,0,0,0
-0.3847551571862075,1.1342706466835404,1.4212958249811016,0.8690202277526592,0.21453561540125732,0.018063971071057144,0.10744297597808367,0.9532543449844092,0.6110288814750835,-0.4372408455155529,-0.6983925834102109,0.42427550486349236,0.7443542860380179,1,0,0,0,0,0,0,0
-1.5798056581783615,0.7960906363226745,1.4355123043368563,0.87005385988939,0.21453561540125732,-0.1602353946602362,0.23949558593096296,0.8535617022591735,0.7092166157477786,-0.23032051762825465,-0.6658707374855497,0.42427550486349236,-0.18066851602864512,1,0,0,0,0,0,0,0
-1.5798056581783615,0.42814722835704916,-0.3233163026231078,-1.2252565378048672,-0.6399264549221032,0.9048417808389722,0.5618289154224866,0.1085547140122927,0.8884049706598337,1.0422716062885604,-0.35172223653633133,0.42427550486349236,0.7443542860380179,0,0,0,0,0,0,0,1
0.8102953438059464,0.2557993605014606,-0.3516209008727208,-0.6120489318484863,-0.6399264549221032,0.30048907640416245,-0.48164757333740477,-0.5409375023750056,0.8599578773207445,0.29179630153052144,-0.5420923655240637,0.42427550486349236,1.669377088104681,0,0,0,0,0,0,0,1
-1.5798056581783615,-1.3783647457601114,5.196138743119212,4.6712048557441195,-3.1742317975978667,-1.658847650990563,-0.7813636748796111,-1.909455701192435,0.7555970517139214,-0.10876306812045668,-0.6683635056489674,-2.356959071492339,-2.030714120161971,0,0,0,1,0,0,0,0
-1.5798056581783615,0.027950606100574878,0.7427705164057514,0.03511525677769369,-0.09171265530276292,-0.6488335437810341,-0.4961296675126191,0.8091898323756873,0.5013469038341387,-0.6173210940308663,-0.7937086586012607,0.42427550486349236,-1.1056913180953083,1,0,0,0,0,0,0,0
0.8102953438059464,-1.049492243819255,-0.8206161980320893,-0.3273882820162749,-0.7574122970478282,-0.6126063007365554,0.06563941943469494,0.8520716635859061,0.43632755713442806,-0.706544540652378,-0.7659183486721608,0.42427550486349236,-1.1056913180953083,0,0,0,0,0,0,1,0
-1.5798056581783615,0.8996248326428415,0.7763573801477437,-0.12239558667681874,-0.7574122970478282,-1.3265446015555622,-1.6484845433350221,-1.3362806313273738,-0.5300797507949288,-1.2536181450929733,-0.888940067015219,-2.356959071492339,-1.1056913180953083,0,0,0,0,0,0,1,0
-1.5798056581783615,0.6552720129144582,1.4807979505706461,1.1143667264678698,1.1254513423344759,-0.4689453032676479,-0.46290207156500657,0.27132703261549,0.8350937011051988,0.16843308140601548,-0.5292417312200522,0.42427550486349236,0.7443542860380179,1,0,0,0,0,0,0,0
-0.3847551571862075,0.5837697139183984,-0.4673110247583476,-1.1272126796969026,-1.3113688826124326,0.5239127412065764,-0.38657045996572414,-1.9881272734635922,0.13838346543939603,-1.0039289821696356,-0.5209283449389077,0.42427550486349236,-0.18066851602864512,0,1,0,0,0,0,0,0
-0.3847551571862075,-1.4241792587118314,0.7663909126958773,2.0600764246850787,-1.3113688826124326,-1.69631333644027,-1.8495664174017639,-1.5065443045862248,-0.22565904378678706,-1.1978951386444407,-1.0813867601147724,-2.356959071492339,-0.18066851602864512,0,1,0,0,0,0,0,0
0.8102953438059464,-0.5305965160270313,-0.2348437620698115,0.047982410261066206,-1.3120929972839166,-0.1051959642892918,-0.8828132206172434,-0.9421859828928179,0.6268114377239282,-0.4074807352180855,-0.5430130053212788,0.42427550486349236,0.7443542860380179,0,1,0,0,0,0,0,0
0.8102953438059464,-1.0206778844618696,0.36730935383639796,1.650724402400756,-1.3120929972839166,-1.2882001098857006,-1.9054850987437244,-0.8673382943991892,0.2314788496248777,-0.927296221359688,-0.9280507706560573,-2.356959071492339,0.7443542860380179,0,1,0,0,0,0,0,0
0.8102953438059464,-1.472860577804631,-0.8914266275013634,0.14539834466811172,-1.3120929972839166,-1.2659203689137513,-1.8793153765787696,-0.867342410528121,0.2314788496248777,-0.927296221359688,-0.9279901670682446,-2.356959071492339,0.7443542860380179,0,1,0,0,0,0,0,0
0.8102953438059464,-0.7101521942913271,-0.1206935179875091,0.590750971635805,-1.3120929972839166,-1.0642652028019233,-1.9122609243515123,-1.7162281446237535,0.09335493394396645,-1.0365817480585153,-0.9267727479365934,-2.356959071492339,-0.18066851602864512,0,1,0,0,0,0,0,0
0.8102953438059464,0.28535832017593943,-0.8688793444106175,-1.1655884494925413,0.016878980878863154,1.6440602450382205,0.27019318246491636,1.0838961611469298,-1.9880664842088585,1.323955249660807,1.7149242763849668,0.42427550486349236,1.669377088104681,0,1,0,0,0,0,0,0
0.8102953438059464,-0.42804699336622865,-0.8649315821821351,-0.8627587825042142,0.016878980878863154,0.895638433237259,0.2680805346610368,0.1502716807348469,-2.005425967403902,1.231746465198335,1.7147130550568543,0.42427550486349236,1.669377088104681,0,1,0,0,0,0,0,0
0.8102953438059464,-0.40251956789121257,-0.9339986080772802,-0.926910527546309,0.016878980878863154,0.8945487980439996,0.26870247439541634,0.1498971130020642,-2.0053943472506837,1.2319322997490292,1.7149305149895946,0.42427550486349236,1.669377088104681,0,1,0,0,0,0,0,0
0.8102953438059464,0.04618863429585009,-0.16501999093935504,-0.2262305506542733,0.016878980878863154,1.2040033872291043,0.2676556038026205,0.7307446471957725,-2.0264018187229023,1.0838144512111576,1.7149242763849668,0.42427550486349236,1.669377088104681,0,1,0,0,0,0,0,0
0.8102953438059464,-0.4036149000339476,-1.6374361196425198,-1.514925912679917,0.016878980878863154,1.193003568848082,0.2640821268514407,0.14985183558381573,-2.005386147353625,1.2319804784081159,1.7149260588434319,0.42427550486349236,1.669377088104681,0,1,0,0,0,0,0,0
0.8102953438059464,-0.4642267105289015,-1.4123211706166832,-1.3163621137661252,0.016878980878863154,1.0357274524779578,0.27015763340598864,-0.22690567779051365,-2.019613829584398,1.1385070066086849,1.7149287325311293,0.42427550486349236,0.7443542860380179,0,1,0,0,0,0,0,0
0.8102953438059464,0.23290992213671852,-1.4687733355503607,-1.594470430152058,0.016878980878863154,1.6571086448262817,0.4986829473348092,1.0839661353387682,-1.9880587564503986,1.3239926469671885,1.7025736216804106,0.42427550486349236,0.7443542860380179,0,1,0,0,0,0,0,0
0.8102953438059464,-0.21345006836829464,-0.9486794147272299,-1.0223983938457035,0.016878980878863154,1.0383606267349164,0.26966789778871925,-0.22746135519629015,-2.0196465138612196,1.138263721502602,1.7149278413018967,0.42427550486349236,0.7443542860380179,0,1,0,0,0,0,0,0
-1.5798056581783615,-1.3359093765893983,-1.190802628316661,-1.040958095303648,0.040532408277472204,-0.404668544695382,-0.4946989321940686,-1.4517462801187986,0.6400134575919095,1.9228612196770014,-0.12271821154717015,-2.356959071492339,-1.1056913180953083,0,0,0,0,0,0,1,0
-0.3847551571862075,1.2793046101273935,0.9155320810789558,0.1863685686837806,0.44282635455679065,0.17813720794363247,-0.7067747751625942,-0.5364509218394768,0.8597070817566168,0.2903815868618345,-0.54244172738322,0.42427550486349236,-0.18066851602864512,1,0,0,0,0,0,0,0
-1.5798056581783615,0.786866590492276,1.3904036449227102,0.9494041773955031,0.4430640534210976,0.2845571820893077,1.6717043344557991,0.6375554881825878,-2.044128877676091,0.7705715902470582,1.1401643057145134,0.42427550486349236,-1.1056913180953083,0,0,1,0,0,0,0,0
-0.3847551571862075,0.26327631424428516,0.35195414730440877,-0.19998913682064465,0.21494774723460847,-0.3534885348055992,-0.46348326599436396,-0.5369654379559365,0.8581240934085874,0.2815521340868445,-0.5447393163447112,0.42427550486349236,-1.1056913180953083,1,0,0,0,0,0,0,0
0.8102953438059464,1.0410567666009187,0.9728533404197264,0.6897423523214358,0.21494774723460847,0.7115081350431978,1.404929604272904,1.2886241819507187,-1.8101149900993365,-0.3246177613770962,1.4749706090448043,0.42427550486349236,-1.1056913180953083,1,0,0,0,0,0,0,0
-0.3847551571862075,0.39195063134767005,-0.17703941869993656,-0.7332537394669758,-0.4843894730172335,0.13552762176561983,0.13684902037565816,-1.9879502799195299,0.06594261182191245,2.596325119338457,0.14093145862779796,-2.356959071492339,-1.1056913180953083,0,0,0,0,0,0,1,0
0.8102953438059464,1.3430504959994587,-0.3743360478595994,-1.0746569845459992,-0.4843894730172335,1.9088241146651925,0.8317060981594053,1.5199835569424625,-0.4624165750862131,2.7900553719230436,0.4034457027605086,0.42427550486349236,1.669377088104681,0,0,0,0,0,0,1,0
0.8102953438059464,0.6443721466307105,-0.8199059641840936,-1.2530412001291429,-0.4843894730172335,1.6684062167116467,1.5886925464585522,1.5188269247126613,-0.45864314506696807,2.78966446450245,1.0961794694009073,0.42427550486349236,0.7443542860380179,0,0,0,0,0,0,1,0
-1.5798056581783615,-0.7452290764369557,-1.4017965242988082,-1.548797474771215,-0.48296260507756233,-0.01680251765716722,0.8314702880842484,-1.9879502799195299,0.0659449295980129,2.596323590502252,0.14093056739856538,-2.356959071492339,-1.1056913180953083,0,0,0,0,0,0,1,0
0.8102953438059464,0.9685669807727514,-0.7013416376279114,-1.2476601832099274,-0.4904681228377593,1.9089952085677842,0.8318004377045121,1.519979440813531,-0.4624140113681793,2.7900551108851825,0.40344392030204373,0.42427550486349236,1.669377088104681,0,0,0,0,0,0,1,0
0.8102953438059464,-0.5834988023112005,-0.8509661463476502,-0.7297718165343097,-1.430899253268878,-0.6214080589894536,-0.17097934617915556,-0.16789685342598124,0.8371255003340069,0.17747630280512788,-0.5699022824962797,0.42427550486349236,0.7443542860380179,0,0,1,0,0,0,0,0
0.8102953438059464,-0.7313254870891642,-1.8264710207195165,-1.5003205324981672,-0.32132708594120696,-0.443902305150636,-0.4967052383153832,-0.15183160220564282,0.860954258822317,0.2974610650462593,-0.5297737950718793,0.42427550486349236,0.7443542860380179,0,1,0,0,0,0,0,0
0.8102953438059464,1.2894504983114066,0.19582498979045562,-0.3861290829732913,0.8035953024358841,0.9227794097676713,0.7118544632099565,-1.3760177400337912,0.2320909046557752,-0.9267490180488308,-0.7566656067799179,0.42427550486349236,-1.1056913180953083,0,0,0,0,0,0,0,1
0.8102953438059464,1.1354363130063347,0.6861935960212686,0.20133828368072948,-2.9019401512041316,0.5331772718433898,-1.1321209219170698,-1.3194991736729238,-0.5037556330882672,-1.252283342718314,-0.9016801888943957,-2.356959071492339,0.7443542860380179,0,0,0,0,0,0,0,1
0.8102953438059464,-1.287542215645839,-1.1563796578955698,-0.5175758806517552,-2.9019401512041316,-1.2919981208330145,-1.4201731426709958,-1.1591800679130064,-0.782160674175787,-1.2335306935764507,1.9410968661023444,-2.356959071492339,-0.18066851602864512,0,0,0,0,0,0,0,1
0.8102953438059464,-0.07189153353430641,-1.0890209601456486,-1.2776438338473646,-0.16976847325963798,1.729961566706728,0.2642870792907419,1.084031993401675,-1.9880559462269336,1.3240062459371191,1.7141907947265855,0.42427550486349236,1.669377088104681,0,1,0,0,0,0,0,0
0.8102953438059464,-0.4473503446377347,-1.3452315126514034,-1.2746871049596797,-0.16976847325963798,1.0326015272290046,0.26427112046838797,-0.2012251493857761,-2.021483196294971,1.1243144322065524,1.7149144728634087,0.42427550486349236,0.7443542860380179,0,1,0,0,0,0,0,0
0.8102953438059464,0.13345227402089188,-1.2902653611181536,-1.4496614006680149,-0.16976847325963798,1.032315619366934,0.26388278336102866,-0.2039376783517517,-2.021418036856732,1.1248190133115732,1.7149224939265018,0.42427550486349236,0.7443542860380179,0,1,0,0,0,0,0,0
0.8102953438059464,-1.0716633394962527,-1.0460897310609818,-0.5233218096759058,-0.16976847325963798,-0.6125727494618788,-1.395598692852178,-1.312048980306587,-1.3170767745584608,-0.9755759524004514,1.7259781925561755,-2.356959071492339,0.7443542860380179,0,1,0,0,0,0,0,0
0.8102953438059464,-0.4951885958854565,-1.359546402413201,-1.2633377481492312,-0.16976847325963798,1.0327644460827514,0.2650437532041179,-0.1993152655614776,-2.0214787055225796,1.1243492316311388,1.7149322974480596,0.42427550486349236,0.7443542860380179,0,1,0,0,0,0,0,0
0.8102953438059464,-0.5039934522389763,-1.446412292889588,-1.321267993298191,-0.16976847325963798,1.034305522299479,0.26702622656915576,-0.20059949778816105,-2.0211732008555248,1.1267083807333917,1.714809307813969,0.42427550486349236,0.7443542860380179,0,1,0,0,0,0,0,0
0.8102953438059464,0.23119846546113437,-1.359241938237072,-1.5422838922103346,-0.16976847325963798,1.2303949762813713,0.5884554069711633,0.7322058729665181,-2.0265387408134243,1.0826097407204287,1.7149269500726643,0.42427550486349236,0.7443542860380179,0,1,0,0,0,0,0,0
0.8102953438059464,-0.025424323183580406,-1.2854295762943218,-1.3948465013107818,-0.16976847325963798,1.0365730313614776,0.270089389969877,-0.22711560036602924,-2.0196058887115393,1.1385660893057978,1.714918037780339,0.42427550486349236,0.7443542860380179,0,1,0,0,0,0,0,0
0.8102953438059464,-1.1997796744812166,-1.0404134293366258,-0.3623177672934309,-0.16976847325963798,-0.6128074440595686,-1.3955798794662335,-1.3120201674040652,-1.3170922918361199,-0.9755634242048624,1.725977301326943,-2.356959071492339,0.7443542860380179,0,1,0,0,0,0,0,0
0.8102953438059464,0.16738505939199905,-1.311085802789652,-1.4787186871923894,-0.16521572696081072,1.4046480731616076,0.5887788108831646,1.084031993401675,-1.9880566487892737,1.3240028461971656,1.7149260588434319,0.42427550486349236,0.7443542860380179,0,1,0,0,0,0,0,0
0.8102953438059464,0.03327628321732094,-1.27940231124156,-1.4148370133894392,-0.16521572696081072,1.2203428520845447,0.5887296767530272,0.7307405310668407,-2.0264018187229023,1.0838144512111576,1.7149162553218735,0.42427550486349236,0.7443542860380179,0,1,0,0,0,0,0,0
0.8102953438059464,-0.16841110387482755,-0.95222743848778,-1.0498052589764324,-0.16521572696081072,1.1907598190974065,0.2637797281482603,0.1502264033165984,-2.0054277237055436,1.231736140936507,1.7142736790452113,0.42427550486349236,1.669377088104681,0,1,0,0,0,0,0,0
0.8102953438059464,-0.3827060616789066,-1.0235387771429532,-1.0780976503212385,-0.16521572696081072,1.0341516890986733,0.26450201208622154,-0.20124573003043442,-2.0214620858234738,1.1244779885650373,1.7156470632925578,0.42427550486349236,0.7443542860380179,0,1,0,0,0,0,0,0
0.8102953438059464,-0.6759202548991087,-1.7394279510921988,-1.4597091156583601,-0.16521572696081072,0.9756551019930642,0.26679890309314236,-0.2006653558510679,-2.0212016740295256,1.126489188728303,1.6890572391396907,0.42427550486349236,0.7443542860380179,0,1,0,0,0,0,0,0
0.8102953438059464,-0.4290532357636197,-1.5065249454376224,-1.397766093831998,-0.16521572696081072,1.0332663016475148,0.2659185825727855,-0.19905183330985024,-2.0213820470631245,1.125097393177414,1.7149322974480596,0.42427550486349236,0.7443542860380179,0,1,0,0,0,0,0,0
0.8102953438059464,0.3600021966131734,-0.5697176325127098,-0.8927389630148428,-0.16521572696081072,1.436257683001799,0.5887859694118383,1.08279303859324,-1.988389177429038,1.3223911798645522,1.7149153640926411,0.42427550486349236,0.7443542860380179,0,1,0,0,0,0,0,0
0.8102953438059464,-0.24261891017823156,-1.1743522634508794,-1.2048102486004397,-0.16521572696081072,1.0233613840473474,0.26394688868965327,-0.20059126553029774,-2.0215554369162407,1.123754146645621,1.7025165830095281,0.42427550486349236,0.7443542860380179,0,1,0,0,0,0,0,0
0.8102953438059464,-0.08534217371180643,-1.0010365928188623,-1.1375983122884228,-0.16521572696081072,1.0344220072891397,0.26357387115139413,-0.2048679234903109,-2.0214166877497006,1.1248294526812055,1.714923385155734,0.42427550486349236,0.7443542860380179,0,1,0,0,0,0,0,0
0.8102953438059464,-0.21521404111282047,-0.8110948723567448,-0.9473499768155206,-0.16521572696081072,1.0379595750279704,0.2695592967560391,-0.20457156220723008,-2.0214202852800986,1.1248016143406045,1.7141997070189108,0.42427550486349236,0.7443542860380179,0,1,0,0,0,0,0,0
-1.5798056581783615,1.2976082836114078,2.04310627116945,1.7964307073033696,0.4459531869068425,0.22177650731451046,1.5484629608972216,0.599971114907438,-2.044034794009755,0.7934768117272566,1.1822142833642728,0.42427550486349236,-1.1056913180953083,1,0,0,0,0,0,0,0
-1.5798056581783615,1.0796081399022461,1.0347550595162698,0.011009548927868913,0.4428659735251718,0.5566900195325725,1.0974912690536651,0.557447386914275,-2.032260776139352,0.514044574893234,1.2364723190413813,0.42427550486349236,-0.18066851602864512,1,0,0,0,0,0,0,0
-1.5798056581783615,-0.9942511236356785,1.0906976295086213,2.6775710484422377,0.4428659735251718,-1.9884986500394564,-1.817707964360006,-2.0055343827156573,0.14295434551534608,-1.0004597476694341,-0.9124025677910989,-2.356959071492339,-2.030714120161971,1,0,0,0,0,0,0,0
-1.5798056581783615,-0.4256584565706223,-0.06232569344590869,-0.6707512862043252,0.4438957170902457,-0.651600944209092,0.5655952873537938,0.6946503125938902,0.6692444814116175,-0.3213248633922414,-0.7100311459579665,0.42427550486349236,-1.1056913180953083,1,0,0,0,0,0,0,0
0.8102953438059464,1.2092690055733264,1.6613732517980442,1.606460138001748,0.3588527021315901,0.1279740176046193,0.38505021770751047,0.9534930804624465,0.6106822537945487,-0.43788186126943907,-0.5044833831400574,0.42427550486349236,0.7443542860380179,0,0,1,0,0,0,0,0
-1.5798056581783615,0.9531910698272356,0.6925805595403528,-0.3830237049282053,0.7923695286097252,1.2239342656098813,0.7073440366239768,0.7985619874740952,-1.869014582943948,-0.1870502005860373,1.4355435190264136,0.42427550486349236,-0.18066851602864512,0,0,0,0,0,0,0,1
-0.3847551571862075,1.0411796160396747,0.355269455802868,-0.39074641445052866,0.7923695286097252,0.5662225721333598,0.7079267741339174,0.8685979212465926,0.5662731321923684,-0.5159120059913961,-0.6965905179020124,0.42427550486349236,-1.1056913180953083,0,0,0,0,0,0,0,1
0.8102953438059464,1.0659765078715606,1.2064637771314406,1.6407481505816883,0.21036243629642642,-0.5633603637040993,-0.414641128561945,-0.5375910895535515,0.8581650589747927,0.28177849581784464,-0.5941882790830277,0.42427550486349236,-1.1056913180953083,1,0,0,0,0,0,0,0
0.8102953438059464,0.5743918713183288,-0.4759005404902256,-0.8926446196464206,0.21036243629642642,0.5592585314601516,1.3361824028158598,-0.8701084491702085,0.7869145648983668,-0.013203165325099972,1.7222368122379672,-2.356959071492339,-1.1056913180953083,1,0,0,0,0,0,0,0
-1.5798056581783615,1.2901950994387446,0.012742587494851009,-1.2590763541015795,1.174834565707812,-0.6895536266101613,0.6949890925505863,0.30389796085185616,0.8249194580577479,0.12523364814312793,-0.6157025527565724,0.42427550486349236,-1.1056913180953083,1,0,0,0,0,0,0,0
0.8102953438059464,-0.10545483232473299,-1.329397076372903,-1.4130029781085156,0.009175812221636518,1.2203295232689453,0.5887877320524708,0.7307446471957725,-2.026401421080381,1.0838179429607686,1.714918037780339,0.42427550486349236,0.7443542860380179,0,1,0,0,0,0,0,0
0.8102953438059464,-0.5883771557928962,-1.2572820974677057,-1.1163314921284475,0.009175812221636518,0.8969630143951418,0.26991543272132906,0.1499712033228344,-2.005407816651213,1.2318531484968602,1.7149216026972693,0.42427550486349236,1.669377088104681,0,1,0,0,0,0,0,0
0.8102953438059464,-0.34072896266391245,-1.1176679388599615,-1.1747831637442037,0.009175812221636518,1.0318033819855372,0.26442194219539517,-0.2009781816498754,-2.021483645347912,1.1243109522581671,1.7142005982481432,0.42427550486349236,0.7443542860380179,0,1,0,0,0,0,0,0
0.8102953438059464,-0.43325075849838396,-1.5335786723376004,-1.4276879339546518,0.009175812221636518,1.0332447571736114,0.265326944121058,-0.19878016880035948,-2.021466129009624,1.124446669446654,1.7149251676141997,0.42427550486349236,0.7443542860380179,0,1,0,0,0,0,0,0
0.8102953438059464,-0.41841501074992493,-1.4682763190540677,-1.366064207738267,0.009175812221636518,0.8130273560644278,0.2694455063375814,-0.2039953041567952,-2.0214216342811073,1.1247911749450754,1.7149251676141997,0.42427550486349236,0.7443542860380179,0,1,0,0,0,0,0,0
0.8102953438059464,-0.3133381594622195,-1.2609457912406057,-1.2640093418377458,0.009175812221636518,0.9740653466353629,0.26306728432196397,0.1498971130020642,-2.0053908331139376,1.2319529477795101,1.7025183654679932,0.42427550486349236,1.669377088104681,0,1,0,0,0,0,0,0
0.8102953438059464,0.2910938089869218,-0.5734000503747061,-0.8758371676018165,0.006408058762769985,1.1198038608468104,0.5887926727176979,1.08401964501488,-1.988053838514017,1.3240164451468661,1.7261849577381247,0.42427550486349236,1.669377088104681,0,1,0,0,0,0,0,0
0.8102953438059464,0.05443363362261756,-0.6244753815170969,-0.9030388277476795,0.006408058762769985,1.3723825288395342,0.49879055300924224,1.0839290901783831,-1.9880643766901613,1.323965448946412,1.71585471970374,0.42427550486349236,1.669377088104681,0,1,0,0,0,0,0,0
0.8102953438059464,-0.45105553054281733,-1.276572379924915,-1.217683670761502,0.006408058762769985,0.8963381478820457,0.26958918340973065,0.15005764203039973,-2.0054201127811204,1.2317808793131162,1.714934079906525,0.42427550486349236,1.669377088104681,0,1,0,0,0,0,0,0
0.8102953438059464,-0.19801507755418357,-0.8189279824826949,-0.9787928935171675,0.006408058762769985,1.2095703698744322,0.26370801543035965,0.7307652278404306,-2.02640460209643,1.0837900089371655,1.7148494131294334,0.42427550486349236,2.594399890171344,0,1,0,0,0,0,0,0
0.8102953438059464,-0.5059674876387792,-1.6275833894896339,-1.4646472041364107,0.006408058762769985,1.0355577003029053,0.26981530498709366,-0.22758895519317215,-2.019625038057675,1.1384235951907795,1.7149314062188268,0.42427550486349236,0.7443542860380179,0,1,0,0,0,0,0,0
0.8102953438059464,0.42061682028087155,-0.6804069606199957,-1.031287558611777,0.006408058762769985,1.4911687081852463,0.4987168835498029,0.7307199504221822,-2.02639983046597,1.0838319099496707,1.7149224939265018,0.42427550486349236,1.669377088104681,0,1,0,0,0,0,0,0
0.8102953438059464,-0.2357327607930745,-1.0331622376001413,-1.0968885882488786,0.006408058762769985,1.0143403758935465,0.269858925664929,-0.22664636166781796,-2.0196581815777543,1.138176832634526,1.7025192566972256,0.42427550486349236,0.7443542860380179,0,1,0,0,0,0,0,0
0.8102953438059464,0.07915737810169979,-0.779019638817753,-1.0360691461218756,0.006408058762769985,1.1674473053247238,0.4986570553642753,0.15024286783232524,-2.005428309130686,1.2317326995130884,1.7143966686793022,0.42427550486349236,0.7443542860380179,0,1,0,0,0,0,0,0
0.8102953438059464,-0.27295998211061595,-1.0278165415115894,-1.0639201944412207,0.006408058762769985,1.0144960547072375,0.2701654650237479,0.15023051944553006,-2.005428309130686,1.2317326995130884,1.7149278413018971,0.42427550486349236,1.669377088104681,0,1,0,0,0,0,0,0
0.8102953438059464,-0.30720880134954015,-0.9156802048424035,-0.9512232968014742,0.006408058762769985,1.0321969570872167,0.26453322472917645,-0.2011304784203475,-2.021459839454325,1.1244953880375206,1.7149216026972693,0.42427550486349236,0.7443542860380179,0,1,0,0,0,0,0,0
-0.3847551571862075,-0.6217069466611961,-0.5125843441812036,-0.5457800993318098,2.1410349356910943,0.20782366520919796,0.6959116951586547,-0.22127892954091016,-2.019780758850896,1.1372627193675453,1.0909925152675173,0.42427550486349236,0.7443542860380179,0,1,0,0,0,0,0,0
-1.5798056581783615,0.586684347237099,0.38629556093935546,-0.5211837845080403,0.8035953024358841,0.7347341685998084,0.8069509376064825,-1.5711057868795906,0.13699084963397357,-1.0049801907336275,-0.7437846706819997,0.42427550486349236,-1.1056913180953083,0,0,0,0,0,0,0,1
0.8102953438059464,-0.39915667348329614,-1.0730224982355763,-1.0409343950590402,1.2211702927172643,-0.2122691796372968,-0.1335198649024534,0.6425936299949613,0.6801679685618173,-0.2975066343698259,-0.6329505120939424,0.42427550486349236,-0.18066851602864512,0,1,0,0,0,0,0,0
-1.5798056581783615,0.3688680093641114,-0.20713010362034426,-1.1187223305523335,1.2211702927172643,1.376993398108501,1.0521435510888935,-1.312036631919792,-1.3170900750889851,-0.9755652139630465,1.703482675497603,0.42427550486349236,-0.18066851602864512,0,1,0,0,0,0,0,0
-1.5798056581783615,0.9823477206817871,-0.5453802562829883,-1.540222899212242,1.2211702927172643,1.4908870591853034,1.0734476216663644,-1.312036631919792,-1.3170900750889851,-0.9755652139630465,1.7025165830095277,0.42427550486349236,-0.18066851602864512,0,1,0,0,0,0,0,0
-1.5798056581783615,0.5117844558752986,-0.8364278985319152,-1.6041832026633656,1.2211702927172643,1.3803159782142531,1.0579235201023076,-1.3120407480487235,-1.3170900750889851,-0.9755652139630465,1.702522821614156,0.42427550486349236,-0.18066851602864512,0,1,0,0,0,0,0,0
0.8102953438059464,-0.6454553952635568,-0.29821042834835176,0.13565854282020084,2.195525620909632,0.21113343330958326,0.6959581738085883,-0.2271896906867994,-2.0196745117480406,1.1380551870435345,1.0909987538721453,0.42427550486349236,0.7443542860380179,0,1,0,0,0,0,0,0
0.8102953438059464,1.0900935056004355,-0.41539088202076496,-1.0424513280083558,2.077393461155052,3.117452191355382,2.398772137406952,0.8537016506428505,0.576507933170779,-0.49861472069085216,1.0909871678921221,0.42427550486349236,1.669377088104681,0,1,0,0,0,0,0,0
0.8102953438059464,-0.8031747664737107,-0.7192412679581708,-0.29011916934646376,-2.9029340669512465,-1.080479614518457,-1.5103309224931283,-1.7858483493741515,-0.2646233236997184,-1.2100565318698744,-0.9550033251065688,-2.356959071492339,-0.18066851602864512,0,0,0,0,0,0,0,1
-0.3847551571862075,-1.259819436994033,-0.5534844245605492,0.023082563435871544,-2.9029340669512465,-1.2268502977746463,-1.6727615069948791,-2.1668866368374258,0.26880456092780536,-0.8928179990188536,-0.9016766239774654,-2.356959071492339,-0.18066851602864512,0,0,0,0,0,0,0,1
0.8102953438059464,0.817546202484671,-0.7040905077799385,-1.2281814373701794,-2.9029340669512465,-0.2803595470829763,-1.6137481264302078,-1.9885183057121014,0.13813790217903227,-1.0041145394912472,-0.948156902142187,-2.356959071492339,0.7443542860380179,0,0,0,0,0,0,0,1
0.8102953438059464,-0.05468881934875951,0.7532776455055251,1.3299420268131668,0.3596047227696247,-1.44251576473441,-1.4676192679863704,-1.7191341316495181,0.09472880167824786,-1.0356255896509847,-0.8609741849273084,-2.356959071492339,-2.030714120161971,0,0,1,0,0,0,0,0
0.8102953438059464,1.690498628741435,0.19380469113636506,-0.6324503729712823,0.3585601526745192,0.4824994439834779,1.209084228093825,0.4039404745362844,0.6010096329932242,1.996738056011003,-0.10720636675479044,0.42427550486349236,-1.1056913180953083,1,0,0,0,0,0,0,0
0.8102953438059464,0.128060952425653,0.8666612463722192,1.6470943268735414,0.3585601526745192,-1.1742320126864918,-1.3445868074518796,-1.3825829656798172,0.23461461976440223,-0.9244864310317225,-0.8234578903834863,-2.356959071492339,-2.030714120161971,1,0,0,0,0,0,0,0
0.8102953438059464,-0.6079740339297818,-0.7755193979319658,-0.5879543715712305,-0.3594988162195759,0.42729045908261326,1.5923790628897314,1.0251754658076146,-2.0036517897607493,1.242054040624219,1.092131506226705,0.42427550486349236,-1.1056913180953083,0,0,0,0,0,0,1,0
0.8102953438059464,0.7983450693680596,-0.7157203521674284,-1.2152272025924666,-0.3594988162195759,1.5894268261389042,1.5883054721941217,1.5043628476467454,-0.6071056286923499,2.794984449531475,1.0921323974559372,0.42427550486349236,-0.18066851602864512,0,0,0,0,0,0,1,0
-0.3847551571862075,1.6969899713707293,0.44315277122650704,-0.5969917614582919,0.35943763809651186,0.9008602900253448,-0.19873686865006313,-0.8671901137576489,0.36219436028579993,2.337078078985123,0.03836077748386266,-2.356959071492339,0.7443542860380179,1,0,0,0,0,0,0,0
-1.5798056581783615,0.5942100664219557,1.1969790725334308,0.7020851727245169,0.35998059849658626,-0.5277710079534041,0.00883192110034582,0.6929297707004488,0.6691571440558192,-0.3215123735909363,-0.6995520726417469,0.42427550486349236,-1.1056913180953083,0,0,1,0,0,0,0,0
-1.5798056581783615,1.2359630348253021,1.0252811314671022,-0.20194428757465688,0.35998059849658626,-0.061261260470173586,0.5520583656633857,0.1385612939242236,0.8916023467913229,1.0075491492004423,-0.3638652348297054,0.42427550486349236,-1.1056913180953083,0,0,1,0,0,0,0,0
-1.5798056581783615,0.2189875764133976,0.8980614106938967,0.48704934661767524,0.35998059849658626,-0.3333648410295253,0.22689364870639184,0.6915796804108584,0.6683704331472973,-0.323199370936255,-0.6851515907023461,0.42427550486349236,-1.1056913180953083,0,0,1,0,0,0,0,0
0.8102953438059464,1.0874105052955299,0.8220575344832256,0.5820016536407832,0.35998059849658626,0.3953923370958735,1.4419554986670338,1.4548993262747738,-1.8041395472023776,-0.33728983098458093,1.4862179219594742,0.42427550486349236,-0.18066851602864512,0,0,1,0,0,0,0,0
0.8102953438059464,1.4441773999587353,0.6722985676982456,0.19129180882928162,0.3597717897215001,0.7385094686056979,0.3075840598951802,0.35637448860181614,0.8148461219497659,1.4557576129456928,-0.1005168001353362,0.42427550486349236,0.7443542860380179,0,0,1,0,0,0,0,0
-0.3847551571862075,1.7086888297590888,0.4092678947571213,-0.6793920605550434,0.3597717897215001,1.6655234133554944,1.6223521773869367,0.9532378804686825,0.6110518812283349,-0.43719829357079093,1.4482007565869641,0.42427550486349236,-0.18066851602864512,0,0,1,0,0,0,0,0
-1.5798056581783615,0.1510010311407595,1.0521694847264451,0.4452560326971688,0.3597717897215001,-0.40328826865901035,0.17397517493052647,0.3186666314587161,0.7752677601460918,-0.050305821928309596,-0.5439318626600289,0.42427550486349236,-0.18066851602864512,0,0,1,0,0,0,0,0
-0.3847551571862075,1.4571966588937262,0.87444028180108,0.06203321210012667,0.355506037560877,1.2033291895670022,0.7012687949903692,-2.0236947435622197,0.4046070354374957,-0.7462614698450819,-0.707644434073221,0.42427550486349236,-0.18066851602864512,0,0,1,0,0,0,0,0
-0.3847551571862075,0.1918265313171675,1.3045940784415944,1.9628812004862883,0.3538719569127339,-1.489524948777618,-1.65269088017534,-1.7717629561699502,0.7689348739689165,-0.06966491237421238,-0.6389520497458749,-2.356959071492339,-2.030714120161971,1,0,0,0,0,0,0,0
-0.3847551571862075,0.7703184486140665,1.7264481241917722,1.9704260031269236,0.21183118852665675,-0.3109033976169133,-0.13938772445755226,0.934719416405064,0.6174401412962452,-0.42528836834619904,-0.6810715432757725,0.42427550486349236,0.7443542860380179,1,0,0,0,0,0,0,0
-0.3847551571862075,0.8842601751985448,0.7765708923419417,0.12177921289594268,0.09096617294182331,0.4042167718336783,-0.22820110578648428,-0.1092790613099581,0.4360987567566552,2.248017974382289,-0.021020935051125362,0.42427550486349236,0.7443542860380179,0,0,1,0,0,0,0,0
-1.5798056581783615,-0.6601992392836831,0.6012767060503706,0.9181386192845695,-0.3663048191183402,-1.4120066065532835,-1.6682210121398633,-1.9092128495854659,0.7554820472160361,-0.10909097091637833,-0.6622184800905957,-2.356959071492339,-2.030714120161971,0,0,0,0,0,0,1,0
0.8102953438059464,-0.007033435672800449,0.06525860862928723,0.01847714451822815,-0.3663048191183402,0.4243457940305353,1.589198282856734,1.0251754658076146,-2.0036517897607493,1.242054040624219,1.0921653729375413,0.42427550486349236,-1.1056913180953083,0,0,0,0,0,0,1,0
0.8102953438059464,-0.30260052946637317,-0.4466073295610947,-0.3582351674961745,-0.3663048191183402,0.4250477304348823,1.589895108025754,1.0252001625812046,-2.0036577748018867,1.2420196689388097,1.0921341799144024,0.42427550486349236,-1.1056913180953083,0,0,0,0,0,0,1,0
0.8102953438059464,-0.2708162075486014,0.0535963766095264,0.1675737828178333,-0.3663048191183402,0.4874537125417206,0.269657447173816,1.0251754658076146,-2.0036517897607493,1.242054040624219,1.7033623595512097,0.42427550486349236,-0.18066851602864512,0,0,0,0,0,0,1,0
0.8102953438059464,-0.2740825101471099,-0.6732775208353717,-0.6919947059811602,-0.3663048191183402,0.42844939511835844,1.5913193133294705,1.0252001625812046,-2.0036577748018867,1.2420196689388097,1.0921395272897978,0.42427550486349236,-1.1056913180953083,0,0,0,0,0,0,1,0
-0.3847551571862075,1.4106759950198922,0.4426747000380733,-0.6241109931491235,1.1810704932453302,0.06588591090033732,0.2342250383188774,-0.5370724573081602,0.857873543732192,0.28017009653050023,-0.5709931470769101,0.42427550486349236,0.7443542860380179,1,0,0,0,0,0,0,0
0.8102953438059464,1.5035916601560602,1.2582951669560225,1.3073235567373482,0.32736556537958494,-0.19328271915605796,-0.5050873155200228,0.6857759386171928,0.6677980227470087,-0.32442452431053187,-0.710869792665788,0.42427550486349236,-1.1056913180953083,0,0,1,0,0,0,0,0
-1.5798056581783615,-0.40362990416207606,1.0750794355387348,1.22277559824981,1.1764269493635333,-1.7852283388255108,-1.7442654986297432,-2.0239293629113253,0.40462436613551706,-0.7462403965251243,-0.864925895344396,-2.356959071492339,-2.030714120161971,0,0,1,0,0,0,0,0
-1.5798056581783615,-0.5679991036625164,0.10133659097029957,-0.3650744361147995,1.1040121038942607,-0.5644853163158787,0.9777792074770416,-1.935284410238713,-1.8558411365528544,1.7612327058061221,0.9229993698504294,-2.356959071492339,-1.1056913180953083,0,0,1,0,0,0,0,0
0.8102953438059464,1.1834180449766738,0.9384690869937786,0.8485656351205478,1.1804008799915633,0.6745360948272557,2.316376329753833,0.43026311905436365,0.7873509829730436,1.5529508426225558,-0.07579855737080578,0.42427550486349236,-0.18066851602864512,1,0,0,0,0,0,0,0
0.8102953438059464,0.46448449291630256,1.0898519496494605,1.3595056173128155,1.1198417377056786,-0.41297122646562334,0.8208039070712345,0.4989407302794073,0.70826252559354,-0.23262393720557722,-0.5855112712750065,0.42427550486349236,-0.18066851602864512,1,0,0,0,0,0,0,0
-0.3847551571862075,1.1966980077275515,1.5885227279895762,1.601126061783782,1.1200994966619715,-0.4257000047377901,-0.3453106033050329,0.895517404459765,0.70023186477183,-0.2517396734978182,-0.6829529281856671,0.42427550486349236,-1.1056913180953083,1,0,0,0,0,0,0,0
-0.3847551571862075,0.9913663919379841,1.0863689117240307,0.8081059423232098,1.1200994966619715,-0.3390739729957721,0.23287368483684187,0.8532859216207513,0.7087780066685864,-0.2313803038793822,-0.7077772272288699,0.42427550486349236,0.7443542860380179,1,0,0,0,0,0,0,0
-1.5798056581783615,-0.8612254878381042,0.46283197171233914,0.3641162288531464,1.1200994966619715,-0.525242642831855,0.7946596272431872,0.6921806352348834,0.6693331897183281,-0.32113436332368267,-0.6974692699252982,0.42427550486349236,-1.1056913180953083,1,0,0,0,0,0,0,0
-1.5798056581783615,0.34339778884935845,1.2697183424979106,0.9325801124775556,0.4194767589731807,-0.509019363568407,-0.12057117754948479,0.8531706700106643,0.707932537111598,-0.23341898565749722,-0.6658707374855496,0.42427550486349236,-0.18066851602864512,1,0,0,0,0,0,0,0
0.8102953438059464,0.7518628548892052,0.681500407510484,0.592247467035657,0.4194767589731807,-0.23261137551779065,0.24245227960003687,0.8065678582462085,0.5433464953899554,-0.5532969097371855,-0.7003212034694299,0.42427550486349236,0.7443542860380179,1,0,0,0,0,0,0,0
-1.5798056581783615,0.5751777342031439,1.5802152777336107,1.1823797966762817,0.4194767589731807,-0.7332704632743083,-0.7196208866726495,-0.3828122933356725,0.7582557676431629,-0.10114011171699962,-0.6312607414690443,0.42427550486349236,-1.1056913180953083,1,0,0,0,0,0,0,0
0.8102953438059464,1.6732433984869457,0.3993844912007113,-0.47088388289869837,-0.49959427349024105,0.3760430635380251,0.15892890897954345,-1.819575909840319,0.18820202809723735,2.505694675460581,0.1416729613492723,-2.356959071492339,-0.18066851602864512,0,0,0,0,0,0,1,0
-1.5798056581783615,-0.6474622537128518,-0.40643495571968213,-0.7332337420261169,-0.49959427349024105,-0.0036545416183828287,0.13698385952748668,-1.8196458840321577,0.18817779802128715,2.505714719286603,0.09276853967203849,-2.356959071492339,-1.1056913180953083,0,0,0,0,0,0,1,0
0.8102953438059464,1.5782083406995346,0.592598940834746,-0.06492848388493913,0.8035953024358841,1.209735856588283,0.6954267991866524,0.9653886930749951,-1.8154178858408911,-0.31319572789391514,1.4765284777432863,0.42427550486349236,-1.1056913180953083,0,0,0,0,0,0,0,1
-0.3847551571862075,0.06006127712297236,0.018665057387314107,-0.3601988892288163,0.8035953024358841,0.15142336994798056,0.374705041734586,-1.461324512142813,0.17862937325269804,-0.9723674293165139,-0.5455993525541135,0.42427550486349236,-1.1056913180953083,0,0,0,0,0,0,0,1
0.8102953438059464,1.059784318453132,-0.39924046070854347,-1.0091824651184826,0.8038788622928104,1.193963389372499,0.489122126699761,0.406052048678235,-1.9524556430390985,0.06734630077147535,1.4352913011536046,0.42427550486349236,0.7443542860380179,0,0,0,0,0,0,0,1
-0.3847551571862075,-0.022954199516940724,-0.17541907932269826,-0.5769171700202719,0.7984824768251144,0.014360414126169646,0.7278235317906304,-0.5397273604690923,0.8591364046790505,0.2871787951765221,-0.5351612757825908,0.42427550486349236,-0.18066851602864512,0,0,0,0,0,0,0,1
0.8102953438059464,0.4487240904517321,0.8841236960088626,1.4497425636577945,0.2115100159790477,-0.8513361662636272,-1.6930588667507425,-1.9601911064042952,0.7573092009970729,-0.1038634364142842,-0.6599173262121742,-2.356959071492339,-2.030714120161971,1,0,0,0,0,0,0,0
-0.3847551571862075,1.4816953349689121,1.991084456304975,1.631587407988112,0.2115100159790477,0.24400250585450026,0.5001680254966623,-2.0230402790620827,0.40876332620649763,-0.741188448188524,-0.5202501194929439,0.42427550486349236,0.7443542860380179,1,0,0,0,0,0,0,0
0.8102953438059464,1.0479138451839836,0.8099322461725613,0.299645697985368,0.2115100159790477,-0.34399862728487135,-0.26727543046848756,0.8537345796743041,0.7077068733941412,-0.23396220192678474,-0.6830937424044086,0.42427550486349236,-1.1056913180953083,1,0,0,0,0,0,0,0
0.8102953438059464,0.8930519023322677,0.6177950382976286,0.554302610074248,0.2115100159790477,0.0007544278195270534,-0.024493525389709572,0.7236319764018332,0.6928175202271187,-0.2689722682879419,-0.6966716197621737,0.42427550486349236,0.7443542860380179,1,0,0,0,0,0,0,0
-0.3847551571862075,0.7645426354997735,1.7372157478629475,1.7089792288527375,0.2115100159790477,-0.23086280486225713,-0.2708745419939179,0.9353286034869523,0.6178726727316283,-0.4244753569574834,-0.6831329564906403,0.42427550486349236,-0.18066851602864512,1,0,0,0,0,0,0,0
-1.5798056581783615,1.6255383127250342,1.5383772902064097,0.5043034528039637,0.2115100159790477,-0.08204129111827296,0.1567527833486611,0.6943786480843995,0.6686536224235792,-0.32259253220802925,-0.5461162655089873,0.42427550486349236,-0.18066851602864512,1,0,0,0,0,0,0,0
-1.5798056581783615,1.120411133076215,1.2650654707804971,0.13904318554057546,0.2137568498352971,-0.027022240995834508,0.3860123392518887,0.9361065518550395,0.617103018298765,-0.4259214564294482,-0.542665425920588,0.42427550486349236,-0.18066851602864512,1,0,0,0,0,0,0,0
-0.3847551571862075,0.9823505338545302,1.6297846620128116,1.7238110513018547,0.2137568498352971,-0.41578955473003987,-0.09273169854945655,0.32638848933454356,0.9010511787451845,0.7095013255222041,-0.43558779854769175,0.42427550486349236,-0.18066851602864512,1,0,0,0,0,0,0,0
0.8102953438059464,1.6441026900249347,1.3846357535731084,0.9651326879018649,0.2137568498352971,0.9695754125689999,-0.1130699949300341,-1.6639615394493095,0.7803913103166521,-0.03423398092941446,-0.6297206973552131,0.42427550486349236,-0.18066851602864512,1,0,0,0,0,0,0,0
0.8102953438059464,0.47308678786836467,0.20695411911816872,0.08240944821655712,-1.354423596875434,-0.4571389974525439,-0.169757220787998,0.8452059605278678,0.5928671501807267,-0.4701350172778826,-0.763806135391038,0.42427550486349236,-1.1056913180953083,0,0,0,0,0,0,0,1
0.8102953438059464,1.2667542435654804,-1.0694417361431119,-1.6088983004499857,-1.354423596875434,1.176308595183233,0.19060714283932123,-2.3531167742222547,0.22407773772817696,-0.9338663427119096,-0.7221135406635277,0.42427550486349236,0.7443542860380179,0,0,0,0,0,0,0,1
-1.5798056581783615,0.6513239413046067,1.2037771307072893,0.6171714978933119,0.4125452153159115,-0.034658609641371886,0.11626868570987908,0.9532378804686825,0.6110534145164075,-0.43719545674504023,-0.5755740653321719,0.42427550486349236,-0.18066851602864512,1,0,0,0,0,0,0,0
-0.3847551571862075,0.5342256331508254,0.31555857421635397,-0.21092204496993866,0.4125452153159115,0.34752405040798845,-0.055454675198232745,-0.5379244959970175,0.8586681243187522,0.2845673918881445,-0.5631022034519904,0.42427550486349236,-0.18066851602864512,1,0,0,0,0,0,0,0
-0.3847551571862075,1.5311850239489657,1.8231235270784922,1.8884113994436948,0.4125452153159115,-0.3407262262284646,0.054376062664242275,0.7116458089527877,0.6874677994550045,-0.28116952604393525,-0.6257894852104738,0.42427550486349236,-1.1056913180953083,1,0,0,0,0,0,0,0
-1.5798056581783615,0.6627789757237853,0.9767603517348779,0.20837690768300735,1.1810456978298909,-0.286212228559304,-0.020830750188733285,1.0010426018811878,0.7244883499961597,-0.19245809085932597,-0.7227810713587011,0.42427550486349236,0.7443542860380179,0,0,1,0,0,0,0,0
0.8102953438059464,0.8142817756047398,-1.2659317593925528,-1.6604318150746495,-0.49635454639729465,1.6922323369291912,1.586377922188264,1.5200329504896428,-0.46236530078850974,2.790050149997018,1.0967703543820817,0.42427550486349236,1.669377088104681,0,0,0,0,0,0,1,0
-1.5798056581783615,0.748323656709179,1.0914838437378351,0.38401503452902147,0.17041494409277286,-0.41075460157617266,-0.7966521599432685,-0.5371465476289303,0.85843644075403,0.2832808787852869,-0.5567575425455293,0.42427550486349236,-0.18066851602864512,1,0,0,0,0,0,0,0
-1.5798056581783615,0.990950953088015,1.1302059712795258,0.31567295422141134,0.2841453728787723,0.4930790813179764,0.65947192490323,-2.0325238401206684,0.7299873394959046,-0.17834117795704474,-0.6570163750602528,0.42427550486349236,-1.1056913180953083,1,0,0,0,0,0,0,0
0.8102953438059464,1.5433518372562367,1.2110566364086695,1.2101046695979956,0.22097999167668234,-0.037759379067041375,-0.7914480100031208,-0.4513087948877222,0.8816504651000932,0.43743160507520257,-0.5304778661655869,0.42427550486349236,-0.18066851602864512,1,0,0,0,0,0,0,0
-1.5798056581783615,-0.005977491189456485,0.008417798115096688,-0.7223040982276373,0.2209343795857458,-0.5614082377011141,0.6517316911677522,-2.040435039927353,-1.7843382819092768,1.9190422028773624,0.9063217972218859,-2.356959071492339,-1.1056913180953083,1,0,0,0,0,0,0,0
-0.3847551571862075,1.645446535028171,1.5087717033686456,1.217642429310949,0.22148163752557465,-1.5229477481279012,-1.8067728370293825,-1.7191094348759282,0.09471504367115968,-1.0356351769875218,-0.939442462706399,-2.356959071492339,-2.030714120161971,1,0,0,0,0,0,0,0
0.8102953438059464,1.4701530865229668,0.7930595134026365,0.39400943414593315,0.24981455195689806,-0.07630165299973818,-0.02755523134552374,0.19688684088609765,0.8251650509269882,0.12623873640328862,-0.5789553890404333,0.42427550486349236,-1.1056913180953083,1,0,0,0,0,0,0,0
-1.5798056581783615,1.4265536205777325,2.2773852801364263,2.065004252698286,0.2658105448966825,-0.08427497536969916,-0.00424156498841622,0.7791667879480295,0.5298492225030674,-0.5744749023233297,-0.6488286521008966,0.42427550486349236,-1.1056913180953083,1,0,0,0,0,0,0,0
0.8102953438059464,0.8772014726681875,1.1041114974330197,1.201360838229257,0.2658105448966825,0.04201953729003039,-1.2492081741407168,0.8541708893410619,0.7124844420384219,-0.22237752105154948,-0.5264682258483838,0.42427550486349236,1.669377088104681,1,0,0,0,0,0,0,0
0.8102953438059464,-0.21948283467156546,0.4919979958561663,1.2338994734880422,0.2658105448966825,-0.7706255991768703,-1.5009045156357652,-0.47399689755913005,0.8732116904516461,0.3740970028657509,-0.5467151715532551,0.42427550486349236,0.7443542860380179,1,0,0,0,0,0,0,0
-1.5798056581783615,1.7052612283268447,1.8432560261081317,1.2622385755883612,0.44139940762592883,0.10823168521033695,0.24099869580840247,-0.5369654379559365,0.8578816370158918,0.2802146746037864,-0.4354407457243225,0.42427550486349236,-0.18066851602864512,1,0,0,0,0,0,0,0
-0.3847551571862075,1.709327461294377,1.4851132143475743,1.172260121031386,0.44139940762592883,-0.4526479423345101,-1.3877240588619346,-1.943994139058143,0.1254308433985161,-1.0136029828470814,-0.841314559286682,-2.356959071492339,-0.18066851602864512,1,0,0,0,0,0,0,0
-0.3847551571862075,1.2268402696956326,1.2339831611602108,0.9819812719225556,0.44139940762592883,-0.5021854601324907,-0.3286621989324312,0.3404779986676765,0.7006638339292208,-0.2507235806900529,-0.6738980391830482,0.42427550486349236,-1.1056913180953083,1,0,0,0,0,0,0,0
-0.3847551571862075,0.5656957977296024,1.6099039866267182,2.0724667560802184,0.44563682795630727,-0.7625887810371246,-1.0881907037637983,-1.5711345997821125,0.1316245378208687,-1.0090058545420577,-0.8303462011217972,-2.356959071492339,-1.1056913180953083,1,0,0,0,0,0,0,0
-1.5798056581783615,-0.03219606345845686,0.45105758047125655,-0.3349204697893784,0.44563682795630727,-0.5571218236195794,0.645859533392053,0.6933166868200265,0.669665708005503,-0.32041986676882317,-0.7071587141414861,0.42427550486349236,-0.18066851602864512,1,0,0,0,0,0,0,0
-0.3847551571862075,0.8802933472131634,1.2190452273373773,1.0804106713549175,0.44563682795630727,-0.949796237656035,-1.095592060369046,-1.689460958181053,0.09060502094945726,-1.0384881382782378,-0.8325297127415232,-2.356959071492339,-1.1056913180953083,1,0,0,0,0,0,0,0
0.8102953438059464,0.010646610404053439,1.0372231328104062,2.3421977755410297,0.44563682795630727,-1.5833103882488462,-1.6743003068400795,-2.158259230596629,0.28660449751464884,-0.8755585524436578,-0.829235729498051,-2.356959071492339,-2.030714120161971,1,0,0,0,0,0,0,0
-1.5798056581783615,1.272941744092588,1.5449846307368644,0.8107646761993704,0.4434601385030936,-0.71878121379868,-0.7194603875423208,-0.38275055140169734,0.7582369537866746,-0.10119434201075374,-0.6590626373781675,0.42427550486349236,-1.1056913180953083,1,0,0,0,0,0,0,0
0.8102953438059464,1.318195461753144,0.8907580897224137,0.7192954795463868,1.1220828291085514,-0.32210065658040155,-0.46301913768198943,-0.5371547798867937,0.8580514260209295,0.2811508724226,-0.5292898575986094,0.42427550486349236,0.7443542860380179,1,0,0,0,0,0,0,0
-1.5798056581783615,0.46797586391870793,1.4922394347295282,1.4334814536139606,1.1215421678710267,-0.5473781320049962,0.5782530084139508,0.8539033409605027,0.7087691025497723,-0.23140180302984573,-0.6823361975567483,0.42427550486349236,-1.1056913180953083,1,0,0,0,0,0,0,0
-0.3847551571862075,0.7732396465426657,1.6805452847657032,1.3334179449157448,0.4399711668683346,0.42795782135836424,1.549428731211648,0.4839744854838268,-2.0222918354754484,1.1179895988785031,1.1831803758523471,0.42427550486349236,-1.1056913180953083,1,0,0,0,0,0,0,0
-1.5798056581783615,1.691635223451892,1.2686690333810233,0.13994184435362084,0.4399711668683346,-0.21599568688196133,-0.03337072642851121,-0.14148777020033665,0.6439089078443258,-0.3739045147388815,-0.5036634522461193,0.42427550486349236,-0.18066851602864512,1,0,0,0,0,0,0,0
-0.3847551571862075,1.2855211822668384,1.460244968046676,1.3856195385869676,0.4399711668683346,-0.3874406627278784,-0.11916652945094411,0.9532461127265459,0.6112021263414845,-0.4369202671616525,-0.6748801737973087,0.42427550486349236,0.7443542860380179,1,0,0,0,0,0,0,0
-1.5798056581783615,-0.7520917821757535,0.4628388985757286,0.5894779676478036,0.43822377880116425,-1.3353587377456506,-1.7607499175555081,-2.1580369596343187,0.286568970715256,-0.8755935430220597,-0.8311402863679914,-2.356959071492339,-2.030714120161971,1,0,0,0,0,0,0,0
0.8102953438059464,1.0769410811796354,0.6532378619354239,0.34947908180038734,0.4426282447661482,-0.10091054926808901,0.25416717216838414,-1.574983180333231,-1.6367318050261024,2.168685914438131,1.0010157944086218,-2.356959071492339,0.7443542860380179,1,0,0,0,0,0,0,0
-1.5798056581783615,0.8726082057233946,1.8596372204274814,1.2652687472246926,0.4426282447661482,-0.3449108517341905,-1.0907047918970225,0.8090992775391903,0.5279603189728017,-0.5773917847662793,-0.6664963804067935,0.42427550486349236,0.7443542860380179,1,0,0,0,0,0,0,0
-1.5798056581783615,0.9162742544115338,1.4666009149012447,0.6788152818816338,0.4426282447661482,0.08999234961120604,0.7668075863909375,0.24438696875765906,0.8992371059725018,0.8881547636544042,-0.39098444914670183,0.42427550486349236,0.7443542860380179,1,0,0,0,0,0,0,0
-1.5798056581783615,0.6469482398894005,0.781239785778696,-0.172335175652571,1.1154533697433944,0.22890289290214882,0.7677568525484464,-0.5370765734370918,0.8578971989552128,0.28030040237731696,-0.5709592803660735,0.42427550486349236,-1.1056913180953083,1,0,0,0,0,0,0,0
0.8102953438059464,1.4641850272440236,1.1793512068677614,1.060285063276108,1.181888523067894,0.26125918685467475,0.27181991960425095,0.3305910569737866,0.7751948010858357,-0.05053197601195794,-0.6457824305840708,0.42427550486349236,1.669377088104681,1,0,0,0,0,0,0,0
-0.3847551571862075,0.7339933750101985,1.3138187000174995,1.084136127157019,0.9592715101703034,-0.3123933735542535,-1.2188696304732578,0.3025314060465393,0.8245084646663924,0.12355554533774732,-0.5566122721806253,0.42427550486349236,0.7443542860380179,1,0,0,0,0,0,0,0
-0.3847551571862075,1.0912085315728655,0.35527809656874704,-0.4881355079183603,0.4073669889984007,0.8250768712568081,0.11662003581769312,-1.572455877169181,0.12991597035024474,-1.010279251636397,-0.5631342877043618,0.42427550486349236,1.669377088104681,1,0,0,0,0,0,0,0
0.8102953438059464,0.7211907449608742,0.3826584415708708,0.1255841693461696,0.4073669889984007,0.4971755666893742,0.41663217918160106,0.45365096364415675,0.6408013775486049,1.9212942050396875,-0.0499573657732734,0.42427550486349236,-0.18066851602864512,1,0,0,0,0,0,0,0
-0.3847551571862075,-0.9533168406944772,0.11408620306774356,0.8158124580398437,0.4083392039734073,-1.421549865236903,-1.5895543660609939,-2.0085885503829624,0.14530268418355993,-0.9986660667319056,-0.9114043910506527,-2.356959071492339,-2.030714120161971,1,0,0,0,0,0,0,0
-1.5798056581783615,1.1286655101856242,0.4456770589434276,-0.8892773096877984,0.4083392039734073,1.1435715008679455,0.3304904462662504,0.9117719976109605,0.005066482802077524,2.6341692353340638,0.1641827380755656,0.42427550486349236,0.7443542860380179,1,0,0,0,0,0,0,0
0.8102953438059464,1.1856884204145994,0.9300185926586267,0.9860426741756491,0.4082582089736834,0.10028089534390681,-0.8435505394004912,0.8459262830909113,0.7071287714118831,-0.23535203051901465,-0.6947394347860246,0.42427550486349236,-0.18066851602864512,1,0,0,0,0,0,0,0
-0.3847551571862075,0.8707223209942779,1.2167900932590507,0.8743583476243572,0.4082582089736834,-0.3602615532784466,0.328039263493759,0.32247405072051794,0.7726170036121851,-0.05847509305259296,-0.536023094450458,0.42427550486349236,1.669377088104681,1,0,0,0,0,0,0,0
-0.3847551571862075,1.3428254275955618,1.6845187050382728,1.7692364010107176,0.4070022536252333,-0.21812114296824237,-0.6134984488275593,0.29925908354585534,0.8270109580586262,0.1338496100827181,-0.543856108175263,0.42427550486349236,0.7443542860380179,1,0,0,0,0,0,0,0
-0.3847551571862075,1.5190988608688085,0.9983120171549269,0.3056876682344446,0.4065563512251678,0.5936063346550515,-0.4429612691075928,0.44723803476860285,0.657276175985557,1.8877853620317306,-0.08883634981365104,0.42427550486349236,1.669377088104681,1,0,0,0,0,0,0,0
0.8102953438059464,1.6464087016850957,1.3724008067437103,0.886350525669827,0.4065563512251678,0.9807026036128371,0.5703983232137833,1.303565729972709,-1.808540070547568,-0.3279778277667213,1.47605969116697,0.42427550486349236,-0.18066851602864512,1,0,0,0,0,0,0,0
-1.5798056581783615,0.20223874966255387,1.8571416187601408,2.937619975877904,0.4065563512251678,-1.7798482876088066,-1.889792795114347,-2.008321002002403,0.14521957791936208,-0.9987296755900253,-0.8943819127091156,-2.356959071492339,-2.030714120161971,1,0,0,0,0,0,0,0
-0.3847551571862075,0.839707920379027,1.3766031510608794,1.506027640559867,0.4065563512251678,-0.4780865945030769,-0.4619828606708858,0.414687687176895,0.7286368330573519,-0.18183311865678745,-0.654665312344809,0.42427550486349236,-0.18066851602864512,1,0,0,0,0,0,0,0
-0.3847551571862075,0.5184239681185316,1.1327494577377997,1.3276482672797545,0.40684012190214447,-0.5656914443047777,-0.5787421881256046,0.3400540373877138,0.7015277772131007,-0.2486873065392391,-0.7154319951071663,0.42427550486349236,-0.18066851602864512,1,0,0,0,0,0,0,0
-1.5798056581783615,1.397560144275494,1.407681867345363,0.458430073048725,0.40684012190214447,-0.5350511511791708,-0.3084057388171676,0.3404944631834033,0.7006962467103306,-0.2506472835197974,-0.6901157375276007,0.42427550486349236,-1.1056913180953083,1,0,0,0,0,0,0,0
-0.3847551571862075,1.1026710680561085,0.77488709915287,0.14410222619352334,0.40684012190214447,-0.701386586280523,-1.6361363403768634,-0.5372082895629056,0.8583274927662833,0.2826771472455924,-0.5635647514236793,0.42427550486349236,-0.18066851602864512,1,0,0,0,0,0,0,0
-0.3847551571862075,1.3258740394432598,0.711501901600389,-0.1569072125875521,1.180351267684337,-0.29286299704642144,-0.4623804222092196,-0.0513651272412519,0.8806512606003348,1.1118807487069169,-0.3343067261032436,0.42427550486349236,-0.18066851602864512,1,0,0,0,0,0,0,0
-0.3847551571862075,0.771179334570263,1.2394794144887678,1.4063248480495847,0.4436185446530933,-0.990651038569769,-1.049653954318853,-0.7883003866531128,0.7112370867536593,-0.22541929219904722,-0.6827666612760658,-2.356959071492339,-1.1056913180953083,1,0,0,0,0,0,0,0
-0.3847551571862075,0.7798782221419787,1.3632194428461508,1.124731457418986,0.4436185446530933,-0.27723128396106,-0.08947599734026158,0.6920736158826597,0.6678466747486654,-0.3243204677449187,-0.5603269156218569,0.42427550486349236,-0.18066851602864512,1,0,0,0,0,0,0,0
0.8102953438059464,1.4685475994394324,0.9571502691223703,0.6853616056701168,0.4436185446530933,0.43536984593049616,-0.41385591837456914,-0.06976010743691982,0.873178963530654,0.37387172342855024,-0.5009362907945434,0.42427550486349236,0.7443542860380179,1,0,0,0,0,0,0,0
-1.5798056581783615,0.9051896440272009,1.5169584963079479,1.1584183444401825,0.4436185446530933,0.24263913862711,1.6087368995605573,0.6256392949253806,-2.0441159558051627,0.7790715237337161,1.1643103793117522,0.42427550486349236,-1.1056913180953083,1,0,0,0,0,0,0,0
-1.5798056581783615,1.6175305727575484,1.188832640352941,0.016752406083089498,0.4436185446530933,0.8922054882492267,1.54599263045834,0.44797893797630484,0.6571527711372576,1.8880418024595682,-0.11069463797095677,0.42427550486349236,-0.18066851602864512,1,0,0,0,0,0,0,0
0.8102953438059464,0.6253951436535846,0.749655972796141,0.8323010057466006,0.4422319504211247,-0.3364417198917183,-0.45511579370307625,0.6915632158951317,0.668648071203283,-0.32260443233888236,-0.7305303095356469,0.42427550486349236,-1.1056913180953083,1,0,0,0,0,0,0,0
-1.5798056581783615,0.38186476129666375,1.5866373225583412,1.8327468921059757,0.4422319504211247,-1.0653925394793664,-1.655646929103008,-2.166240404595152,0.26879611410558696,-0.8928260613821857,-0.6621970905890147,-2.356959071492339,-2.030714120161971,1,0,0,0,0,0,0,0
-0.3847551571862075,0.26457608350705514,1.0366359554360802,1.1308965698202031,0.4422319504211247,-0.6800298632469207,-0.412658286390104,-0.07212276544370291,0.873403146711889,0.37541758947400133,-0.520480947864172,0.42427550486349236,-0.18066851602864512,1,0,0,0,0,0,0,0
-0.3847551571862075,1.2014244401581542,0.8581090663260229,2.166594363712618e-05,0.44413325465291875,1.2974017511716271,1.2322814249349494,0.7980351229708406,-1.8693366115445118,-0.1862248619031521,1.4813134874928,0.42427550486349236,-1.1056913180953083,1,0,0,0,0,0,0,0
-1.5798056581783615,0.7585183095249781,1.5010912615733087,1.2549906917295555,0.44413325465291875,-0.48064397870907966,-0.11817098763229911,0.9281541907590382,0.35746926833620385,-0.8011986609961201,-0.75557919834545,0.42427550486349236,-0.18066851602864512,1,0,0,0,0,0,0,0
0.8102953438059464,0.3234558060425636,0.09089860460583625,-0.2461341519013129,-0.3663048191183402,1.6555173910808008,1.587871420857282,1.5220086923768479,-0.48828205642212535,2.7923745485448634,1.0929576757252704,0.42427550486349236,-0.18066851602864512,0,0,0,0,0,0,1,0
0.8102953438059464,-0.13787497260504994,-0.32702239778548964,-0.3433491829745332,-0.3663048191183402,0.6180316142171289,1.589806285279546,1.0251754658076146,-2.0036517897607493,1.242054040624219,1.092143092206728,0.42427550486349236,-0.18066851602864512,0,0,0,0,0,0,1,0
0.8102953438059464,-0.7354170402318785,-1.3811219812649294,-1.1664407401068355,-0.3663048191183402,0.3076599056115133,0.26860038584260254,0.7306417439724803,-2.0263914785767074,1.0839052363909156,1.7035744721085544,0.42427550486349236,-0.18066851602864512,0,0,0,0,0,0,1,0
-1.5798056581783615,1.057091939555339,-0.5716890781717595,-1.5740957895934964,-0.3663048191183402,0.026628005938860822,0.8193527264783026,-1.9496167711788148,0.11824913638408784,2.5600464486312458,0.12061767073048638,-2.356959071492339,-1.1056913180953083,0,0,0,0,0,0,1,0
0.8102953438059464,-0.2939607233837435,-0.5342996206663656,-0.4751002508173167,-0.3663048191183402,0.4617313665697377,1.588534175051573,1.0849293095087809,-1.9880699966536999,1.3239382508177517,1.092131506226705,0.42427550486349236,-1.1056913180953083,0,0,0,0,0,0,1,0
0.8102953438059464,1.6409273520801018,0.6988591948021451,0.12617932487169367,0.8037213353409012,0.5885844369589853,0.31649630768617343,-0.5407028830259,0.8598727385267796,0.29131554543881083,-0.5386504382279896,0.42427550486349236,0.7443542860380179,0,0,0,0,0,0,0,1
0.8102953438059464,0.5954760751810675,-0.13390845317047426,-0.5273216043846232,0.8036898280600132,-0.04569436374562121,0.2940791817544311,0.6690191777363327,0.6881389254122172,-0.27964996837755257,-0.7161529995562922,0.42427550486349236,-0.18066851602864512,0,0,0,0,0,0,0,1
0.8102953438059464,0.029341340017020538,0.007090388944865517,0.03012525503845481,0.8036898280600132,-0.6645924683627427,-0.2906160682610555,0.9313318422942933,0.6078163344645404,-0.4431616433182662,-0.7618846451656792,0.42427550486349236,-1.1056913180953083,0,0,0,0,0,0,0,1
0.8102953438059464,-0.052989553628560726,-1.1003698567320224,-1.255207198396097,0.2521863221738088,1.4847007598164115,0.4987956919061111,0.7308063891297476,-2.0264077828287803,1.083762074852503,1.7149242763849668,0.42427550486349236,1.669377088104681,0,1,0,0,0,0,0,0
0.8102953438059464,0.07265103053403085,-0.7735852286424797,-0.9813399598718733,0.2521863221738088,1.48025223764727,0.49876482827691493,0.7307364149379091,-2.026401421080381,1.0838179429607686,1.7261822840504273,0.42427550486349236,2.594399890171344,0,1,0,0,0,0,0,0
0.8102953438059464,-0.2448208279649201,-0.7539526738517801,-0.8640455548077828,0.2521863221738088,1.206915429540287,0.2644785861699182,0.7307364149379091,-2.026401421080381,1.0838179429607686,1.7149011044249205,0.42427550486349236,2.594399890171344,0,1,0,0,0,0,0,0
0.8102953438059464,-0.48284078991475543,-1.2829496804355907,-1.2249174172069601,0.2521863221738088,1.0347791600774687,0.26788417498875605,-0.22798410357061327,-2.019850997992914,1.1367378513501967,1.7147558340600169,0.42427550486349236,0.7443542860380179,0,1,0,0,0,0,0,0
0.8102953438059464,-0.2509295547937375,-1.4175804371876883,-1.4076183376113875,0.2521863221738088,1.168072067957752,0.49868933842277086,0.15024286783232524,-2.0054277237055436,1.231736140936507,1.714923385155734,0.42427550486349236,0.7443542860380179,0,1,0,0,0,0,0,0
0.8102953438059464,0.04022432645406143,-1.2403410846166703,-1.3753685463627887,0.2521863221738088,1.4517784160604168,0.4987645844315609,0.7306787891328654,-2.0263954559106345,1.0838703190904284,1.7149242763849668,0.42427550486349236,1.669377088104681,0,1,0,0,0,0,0,0
0.8102953438059464,-0.01666729400768142,-0.723001708333084,-0.8966901585152467,0.2521863221738088,1.0105584634076765,0.2636902142601361,-0.20236943322878248,-2.021515068075473,1.1240673531942362,1.702522821614156,0.42427550486349236,0.7443542860380179,0,1,0,0,0,0,0,0
0.8102953438059464,-0.09027116754386678,-0.6147057172014515,-0.8055647407727974,0.2521863221738088,1.0377499379737423,0.2698218844062028,-0.22716087778427774,-2.0196437131989153,1.138284574726786,1.7147264234953428,0.42427550486349236,0.7443542860380179,0,1,0,0,0,0,0,0
0.8102953438059464,-0.291565621978239,-1.086693804479461,-1.130980308191304,0.2521863221738088,1.040329098216284,0.2638876075936589,-0.20309798804968948,-2.021450403497861,1.124568465527624,1.714720184890715,0.42427550486349236,0.7443542860380179,0,1,0,0,0,0,0,0
0.8102953438059464,-0.1927400407878019,-0.9339986080772802,-1.0086394670008303,0.2521863221738088,1.2100608985105792,0.2695719874864,0.1502716807348469,-2.0054148432470784,1.2318118518963035,1.7149251676141997,0.42427550486349236,1.669377088104681,0,1,0,0,0,0,0,0
0.8102953438059464,0.041856071166943856,-0.09822620533818628,-0.156557715900073,0.8038788622928104,-0.22331496121152283,0.20351716338079717,0.7367253825335002,0.7148486602802865,-0.2165783026275133,-0.6993515460644252,0.42427550486349236,-0.18066851602864512,0,0,0,0,0,0,0,1
0.8102953438059464,0.43919807823772383,-0.058560855980866564,-0.3325992262091396,0.8038788622928104,-0.3429943600525268,-0.06785509653324145,0.7095506993265634,0.686886620016112,-0.28248300284242833,-0.7185940764242226,0.42427550486349236,-0.18066851602864512,0,0,0,0,0,0,0,1
0.8102953438059464,-0.5314423978550987,-0.10304581876023405,0.23131125453132015,2.1453964832876293,0.21138984480176323,0.694507258921182,-0.22398734237795412,-2.0192538167009677,1.1411758303343098,1.0910130135398655,0.42427550486349236,0.7443542860380179,0,1,0,0,0,0,0,0
0.8102953438059464,-0.7181130445353574,-0.6940701351669292,-0.38377635223628576,2.1453964832876293,0.20875972932049283,0.6959175313205698,-0.22118425857548157,-2.019792394797923,1.1371758224473962,1.0910112310814006,0.42427550486349236,0.7443542860380179,0,1,0,0,0,0,0,0
0.8102953438059464,-0.8100881117526272,-0.5052640289818224,-0.029441811635490707,2.1453964832876293,0.20846748231385248,0.6959296580681831,-0.2212953940566369,-2.019780758850896,1.1372627193675453,1.091191259386374,0.42427550486349236,0.7443542860380179,0,1,0,0,0,0,0,0
-1.5798056581783615,-0.22618517903079396,0.6154028363811564,0.37434435202178645,0.3606068587938574,-0.6379604668388977,-0.643584201027337,0.853886876444776,0.7092420281261972,-0.23025906961177983,-0.681915537358989,0.42427550486349236,-0.18066851602864512,0,0,1,0,0,0,0,0
-0.3847551571862075,1.4420636344632245,0.6475730811522198,-0.20910220656238596,0.3549196395282036,0.7468039924516683,0.38118940032486304,0.3455861146718887,0.8103302146251997,1.4727847917842813,-0.06082145011795068,0.42427550486349236,0.7443542860380179,1,0,0,0,0,0,0,0
-1.5798056581783615,-0.3383423015868839,1.1735662743662771,1.2168680214935612,0.3549196395282036,-0.810446226773092,-0.11257380440816712,-0.5359405218519488,0.8573164630935354,0.27711195910551395,-0.5276660379369192,0.42427550486349236,-0.18066851602864512,1,0,0,0,0,0,0,0
-1.5798056581783615,1.031877733965152,1.3192090517713893,0.5080239411808662,1.0984300151648914,-0.2663719675382047,-0.09663368682659376,-0.599678778358979,0.7343400993276413,-0.16697292471114267,-0.5291303275659845,0.42427550486349236,-0.18066851602864512,1,0,0,0,0,0,0,0
0.8102953438059464,1.1280897107663312,-0.13212058679224034,-0.8254490712379862,2.1454099261772406,3.116412377460088,2.3987458024739885,0.8536893022560557,0.5766174906457022,-0.4984274441278868,1.0919220673570575,0.42427550486349236,1.669377088104681,0,1,0,0,0,0,0,0
0.8102953438059464,-0.31502335769820994,-0.5704609705325699,-0.5590838548569449,2.1454099261772406,0.46320600874326306,0.6959223075537954,-0.6841376279080752,-2.0213198982215754,1.125577582199149,1.0939834805719257,0.42427550486349236,1.669377088104681,0,1,0,0,0,0,0,0
-0.3847551571862075,0.4485590401808414,-0.45648376553093184,-1.0677821990869147,-2.745978063897164,-0.48861309609860215,0.3248555510673393,-0.5424316571772047,0.858160094461758,0.28175105768676056,-0.5395461236066936,0.42427550486349236,-0.18066851602864512,0,0,0,0,0,0,0,1
0.8102953438059464,1.6183952101509,-0.025588399688164853,-0.816473574708408,-2.745978063897164,1.0942930753250915,0.14707612368206754,-0.5416331281644592,0.8580973935179248,0.28140465948028043,-0.5232179128373059,0.42427550486349236,0.7443542860380179,0,0,0,0,0,0,0,1
0.8102953438059464,0.050596220496136594,0.6172171426881351,1.162603077851251,0.3582675488741378,-0.617170689768851,-0.15629013129531621,0.728526053701598,0.6978033388604116,-0.25742705579371,-0.7110560595753891,0.42427550486349236,-0.18066851602864512,1,0,0,0,0,0,0,0
0.8102953438059464,-0.011367874520283934,0.5342323096794732,0.8467196152741757,0.2168238733856598,-0.602030698510196,-0.12201687031758268,0.8684867857654371,0.5674889170693034,-0.5138775329767926,-0.7617580906146584,0.42427550486349236,-0.18066851602864512,1,0,0,0,0,0,0,0
-1.5798056581783615,-0.1544756297419555,0.7696251960510883,0.49150752493536515,0.2168238733856598,-0.378685361239218,-0.16909903591476036,0.6912792029988459,0.6682579467604167,-0.3234402831539266,-0.6717724574634377,0.42427550486349236,-1.1056913180953083,1,0,0,0,0,0,0,0
0.8102953438059464,1.6892532512661844,1.1960996232409293,1.0752502630535605,0.2168238733856598,-0.0854938796691942,0.07771718386150515,0.83983852840096,0.7114140694805045,-0.22498845188585656,-0.5877642987748707,0.42427550486349236,0.7443542860380179,1,0,0,0,0,0,0,0
0.8102953438059464,1.4178828671641883,0.8151390967859727,0.09840010774577922,0.2168238733856598,0.43097979165929773,0.3810764586246384,0.008631568066883215,0.6929217666000326,-0.2687326497732367,-0.5044726883892667,0.42427550486349236,0.7443542860380179,1,0,0,0,0,0,0,0
0.8102953438059464,0.7162045453583056,0.3334873721721955,-0.1356821367982697,0.2168238733856598,0.9392022859986235,0.7663965792392172,-0.7901608769302311,0.4371804670603978,-0.7054440794508908,-0.6136972869833548,0.42427550486349236,0.7443542860380179,1,0,0,0,0,0,0,0
-1.5798056581783615,0.08432832018436329,1.813972027937226,2.6948455068793256,0.2168238733856598,-1.8212893511145771,-1.8642010915869183,-2.158135746728679,0.28658150967185814,-0.875581193571632,-0.9173319566762842,-2.356959071492339,-2.030714120161971,1,0,0,0,0,0,0,0
-0.3847551571862075,1.389434243760573,1.4534010022188804,0.8970370037325907,0.2168238733856598,0.5857765360368566,-0.2770444151549644,-1.4401593771761256,0.7451099835403716,-0.13806446750262327,-0.6587132755190113,0.42427550486349236,-0.18066851602864512,1,0,0,0,0,0,0,0
-1.5798056581783615,-0.12315926193284897,0.672887037915612,0.3136129092502752,0.2168238733856598,-0.5246019225779655,0.5627788531185478,0.8906109787732052,0.612318679977553,-0.4348509828787036,-0.6937893844241355,0.42427550486349236,-0.18066851602864512,1,0,0,0,0,0,0,0
-1.5798056581783615,1.3399454922346852,0.9900881725261679,-0.07368652459550436,0.2168238733856598,0.05513177608437531,0.3766491877427785,0.9535877514278751,0.6108049748865838,-0.4376549745311156,-0.5314760429060329,0.42427550486349236,0.7443542860380179,1,0,0,0,0,0,0,0
-1.5798056581783615,1.1680505743596334,1.560581717185262,0.7071771156364794,0.2168238733856598,0.1900883218002431,0.11676113245667026,0.44750969927809353,0.6580415034916568,1.8861930869307224,-0.14140194117816396,0.42427550486349236,0.7443542860380179,1,0,0,0,0,0,0,0
0.8102953438059464,1.644488118998155,0.9285980705558513,0.3268756581424754,0.21476459084310048,0.26114321008136926,-0.11448022148968498,-0.1415412798764484,0.6438348031807604,-0.3740532090888393,-0.678075230595969,0.42427550486349236,0.7443542860380179,1,0,0,0,0,0,0,0
-0.3847551571862075,0.3830379296835221,0.8479655543029302,0.8180106014142403,0.21476459084310048,-0.42738312274803597,0.5655420858427773,0.33815650195021024,0.7013504663087956,-0.24910566456829727,-0.7021767427315808,0.42427550486349236,-0.18066851602864512,1,0,0,0,0,0,0,0
-0.3847551571862075,0.2960340563202012,0.5823762880585999,0.2495412324668175,0.21476459084310048,-0.43835542563998703,0.5371566855752403,0.9353121389712257,0.6172305993348984,-0.4256819307071481,-0.6877361554767157,0.42427550486349236,-0.18066851602864512,1,0,0,0,0,0,0,0
-0.3847551571862075,0.35892374512739084,0.8358566876128066,0.3928531787582055,0.21348189944983875,0.4914641747679363,0.7210394577844035,-0.5381920443775766,0.8585934346835211,0.28415225421611534,-0.5443088526253937,0.42427550486349236,-1.1056913180953083,1,0,0,0,0,0,0,0
-0.3847551571862075,0.8426263051348827,0.6207219160253367,0.11818217471567412,1.1720938895716035,0.3612080163868236,1.0160863546937786,-0.537265915367949,0.8583188206573215,0.2826291251218263,-0.5372529907913652,0.42427550486349236,-1.1056913180953083,1,0,0,0,0,0,0,0
-1.5798056581783615,1.53438474380457,0.48757996074444454,-0.8349786473472648,0.8007884588286925,1.5689591717605813,0.3807625592655916,0.83240479955035,0.4626729209818928,-0.6717252042226148,-0.5441591261143268,0.42427550486349236,-0.18066851602864512,0,0,0,0,0,0,0,1
0.8102953438059464,0.32577400865811,-0.5101806191514965,-0.8399558074930307,-0.35489010435088764,1.6886904457151144,0.2650854351861856,1.4461895974553436,-0.5658051258954649,2.7955724840619913,1.702417656564716,0.42427550486349236,1.669377088104681,0,0,0,0,0,0,1,0
0.8102953438059464,-0.03567149206832233,-0.5337291916495174,-0.7196960885377842,-0.35489010435088764,0.6555089393021382,0.2617062288740276,0.7306005826831636,-2.026387898597172,1.0839366618797517,1.7024274600862734,0.42427550486349236,-0.18066851602864512,0,0,0,0,0,0,1,0
0.8102953438059464,0.6820091804527345,0.23375979239357714,-0.24984687642776296,-0.35489010435088764,1.746655439170362,1.5881933999651272,1.6150867159088775,-0.35204996672918876,2.7730460619256943,1.092856075592761,0.42427550486349236,0.7443542860380179,0,0,0,0,0,0,1,0
-0.3847551571862075,0.8256824190466451,0.823771169680466,0.4331222430038664,-0.35489010435088764,0.42099402529981267,1.589447286230396,1.0254759432196272,-2.003914122151129,1.2405449885452144,1.0927999281511107,0.42427550486349236,-1.1056913180953083,0,0,0,0,0,0,1,0
0.8102953438059464,0.33877920091913827,0.21493723150128055,0.17454288623342615,0.35810032229568073,0.48189747791822746,0.38133749736176553,0.4185486161148088,0.658712391122572,1.8847946065051715,-0.060766193905533325,0.42427550486349236,0.7443542860380179,0,0,1,0,0,0,0,0
0.8102953438059464,-0.5584158864882456,-0.31372180618673534,-0.1617383916680428,2.1514610060419423,0.21573332935885303,0.701960759378117,-0.2271197164949609,-2.0194725724449865,1.1395565450660745,1.0904328233094813,0.42427550486349236,0.7443542860380179,0,1,0,0,0,0,0,0
0.8102953438059464,-0.7210773807502565,-0.13881198422483693,0.1860836477843476,2.1514610060419423,0.213234390028472,0.7029574076151166,-0.22122130373586665,-2.0197914640236516,1.137182774226694,1.0906226551360128,0.42427550486349236,0.7443542860380179,0,1,0,0,0,0,0,0
0.8102953438059464,0.8065112949965368,-0.5929740557321509,-1.10857536269004,2.1514610060419423,3.113472637936205,2.398695898930137,0.853672837740329,0.5765691584584816,-0.4985100683445342,1.091021925832191,0.42427550486349236,1.669377088104681,0,1,0,0,0,0,0,0
0.8102953438059464,-0.514496636048284,-0.4658867823856094,-0.2708870214509779,0.8038788622928104,-0.40006699866721124,-0.16170134082277446,0.6683852938808542,0.6880802572992751,-0.279782924233579,-0.7161797364332683,0.42427550486349236,-0.18066851602864512,0,0,0,0,0,0,0,1
-0.3847551571862075,1.6423087090241508,1.0707379631217462,0.40501497228785044,0.47125280162950123,0.33737376290189913,0.3071000822669626,0.4525478410904671,0.5866433039278134,2.0222726162334794,-0.12161041361112139,0.42427550486349236,0.7443542860380179,1,0,0,0,0,0,0,0
0.8102953438059464,1.7044566098767455,1.0049763915877394,0.518919099907662,0.47125280162950123,0.4618425421117209,-0.32430493685009887,0.44867044763682673,0.7174157337868383,-0.21023047422248464,-0.7080847013140964,0.42427550486349236,-0.18066851602864512,1,0,0,0,0,0,0,0
-0.3847551571862075,0.4052352829898685,0.6973878437220614,0.4418704518799389,0.47125280162950123,-0.22116968347948535,0.2743272937307569,0.8539321538630246,0.7088606786479141,-0.2311806617691267,-0.6753320270182072,0.42427550486349236,-0.18066851602864512,1,0,0,0,0,0,0,0
-1.5798056581783615,0.6588430950693192,0.8662822170251288,0.09388445950977033,0.47125280162950123,-0.13135000293755533,0.28787779648617007,0.8533394312968632,0.7079707731013488,-0.23332690560567565,-0.71264512129701,0.42427550486349236,-0.18066851602864512,1,0,0,0,0,0,0,0
-0.3847551571862075,-0.5689743995392382,0.33451413671648655,0.9273992583730825,0.47125280162950123,-1.515946195869136,-1.7285566772262568,-1.4545864090816565,-0.18167060238895846,-1.1823096717484407,-0.9198995880952356,-2.356959071492339,-1.1056913180953083,1,0,0,0,0,0,0,0
0.8102953438059464,0.4606395777257577,1.4185414803946663,2.5778427943548596,0.47125280162950123,-1.17097769867068,-1.9593727409294748,-1.9435125519731369,0.12596080402124438,-1.0132116853872721,-0.983026245865362,-2.356959071492339,-1.1056913180953083,1,0,0,0,0,0,0,0
-0.3847551571862075,0.9766675611124901,1.5956786173601616,1.9045905606346984,0.47125280162950123,-1.1765722291070075,-1.9192603603776544,-1.9531401775443311,0.12644989523317435,-1.0128502236494359,-0.9894350752765655,-2.356959071492339,-1.1056913180953083,1,0,0,0,0,0,0,0
0.8102953438059464,0.46878892269728295,0.5721193138083166,0.5306823325838254,0.47125280162950123,-1.173179080767877,-1.8743298334377716,-1.908307301220497,0.7562884058083822,-0.10678868430683405,-0.633127866711218,-2.356959071492339,-1.1056913180953083,1,0,0,0,0,0,0,0
-1.5798056581783615,-0.6846003860952949,0.6612944563999597,0.459936638569153,0.47125280162950123,-0.504274922591503,0.956067374539217,0.9348305518862194,0.6180456029335882,-0.42415006959768214,-0.6662405976170542,0.42427550486349236,-1.1056913180953083,1,0,0,0,0,0,0,0
-1.5798056581783615,1.6588756056573981,1.4865999430675834,0.5844772832392632,0.47125280162950123,-0.20783586730270273,0.050802091711611964,0.9562097255573537,0.6861989583868404,-0.2840342366763598,-0.6280086459995015,0.42427550486349236,-0.18066851602864512,1,0,0,0,0,0,0,0
-0.3847551571862075,0.0702859390052751,-0.8192594039879179,-1.255951211085887,-2.7610488902487473,1.0444946626596083,-0.4290998371468479,-1.3768697787226485,0.23213830913484795,-0.9267066116547091,-0.5624426938199099,0.42427550486349236,-0.18066851602864512,0,0,1,0,0,0,0,0
-1.5798056581783615,-0.5955802765000369,-0.15281650058889018,-0.4441051243873242,-2.6761537092394,-0.11387046965672855,-0.7929739251027579,1.0096329629615994,0.6779445346468272,-0.30241463851780603,-0.6932831662200521,0.42427550486349236,-0.18066851602864512,0,0,1,0,0,0,0,0
-0.3847551571862075,1.5095587811705917,0.964653407074923,0.10694201008622599,0.324506585588183,-0.1204314748010999,0.37540359253887434,0.7127489315064771,0.6881935867420178,-0.27952607211888664,-0.7029333963500084,0.42427550486349236,-1.1056913180953083,0,0,1,0,0,0,0,0
-0.3847551571862075,1.1398438992066218,1.8022262966848381,2.098803014295519,0.3285162262633994,-0.5604747201323538,0.0033757749767063475,0.7127448153775455,0.6882002523166735,-0.2795109624511699,-0.7016036823350568,0.42427550486349236,-1.1056913180953083,0,0,1,0,0,0,0,0
-0.3847551571862075,0.8478160027828296,1.4611018296215592,1.6042668218666536,0.3285162262633994,-0.506511953932584,-0.2491865633280063,0.410703274371031,0.7263713243492745,-0.18765428092194553,-0.6909998369262816,0.42427550486349236,-1.1056913180953083,0,0,1,0,0,0,0,0
0.8102953438059464,1.2750770791363717,1.100869506374724,1.0075707176621524,1.1747100929142609,-0.1265955527137796,-0.6063394421022558,0.7322470342558347,0.7055627520104838,-0.2391041815669473,-0.5843651504819585,0.42427550486349236,0.7443542860380179,1,0,0,0,0,0,0,0
-1.5798056581783615,0.6327342438295236,1.722185648628626,1.8974605729814356,1.1878250854413317,-0.5515290295911512,0.2346887168653627,0.8509438442586265,0.5724089332801792,-0.5055889904459473,-0.7179826931706993,0.42427550486349236,-1.1056913180953083,1,0,0,0,0,0,0,0
-1.5798056581783615,0.8849550734296842,0.9314551587859972,-0.08614495199444713,0.2841453728787723,0.13292312109061682,0.5473412895240385,-0.5380726766385578,0.8585600815395219,0.28396699316440366,-0.5177840882065022,0.42427550486349236,-0.18066851602864512,1,0,0,0,0,0,0,0
-1.5798056581783615,-0.3791209128500826,0.06784919367395383,-0.27609451532428947,0.2938867352859355,-0.46387220639504406,0.5638528258385961,0.9457094806526437,0.6142089136287633,-0.4313352649639597,-0.6748079842294729,0.42427550486349236,-0.18066851602864512,0,0,1,0,0,0,0,0
0.8102953438059464,1.2317280009599703,0.43251582684158035,-0.049163571397936374,0.2938867352859355,0.4245433064305631,0.3292983739508727,0.500439001210538,0.5605208769357074,2.0666437273693834,-0.07579320999541035,0.42427550486349236,-0.18066851602864512,1,0,0,0,0,0,0,0
0.8102953438059464,-0.134947210066552,-0.4207837608590557,-0.42305553091597287,-1.3804294004198205,-0.5790750143281177,-0.49311918380012226,-0.06915092035503154,0.8739518259916182,0.379227817524917,-0.5195184202930275,0.42427550486349236,0.7443542860380179,0,0,0,0,0,0,0,1
0.8102953438059464,0.28633080287991736,1.0331251486228907,1.7059357372778536,0.3593540891133187,-1.2291428913537008,-1.4154317701158414,-1.3825829656798172,0.23461461976440223,-0.9244864310317225,-0.843728899277636,-2.356959071492339,-2.030714120161971,1,0,0,0,0,0,0,0
-0.3847551571862075,1.4293257106279815,0.9376269672446216,0.1291917458710885,0.40688065639743703,0.401926615590358,0.17510466899968796,1.169309952608175,0.5046219969761226,-0.6125217551016846,-0.4755505173348395,0.42427550486349236,1.669377088104681,1,0,0,0,0,0,0,0
0.8102953438059464,1.0083046508704894,0.684291065783294,0.4802127386371874,-0.961782775339306,-0.16833179308858348,-0.5013505128425546,-0.5354836315405326,0.8572939073215419,0.2769885615788352,-0.5459398021209442,0.42427550486349236,-1.1056913180953083,0,0,0,0,0,0,0,1
0.8102953438059464,-1.332290467256916,0.27184755141900224,2.1903436892145836,-0.961782775339306,-1.7148847624351347,-1.8310485643009147,-1.2873480905875887,0.25713042827925353,-0.903846872014755,-0.9180538523546425,-2.356959071492339,-2.030714120161971,0,0,0,0,0,0,0,1
-1.5798056581783615,1.5929202999345804,1.736397189949777,0.9326515399842437,0.36273428330507146,0.47797813827500546,1.4381610794759987,0.4039445906652161,0.6010065197870412,1.9967436814585768,-0.08890230077685912,0.42427550486349236,-1.1056913180953083,1,0,0,0,0,0,0,0
-0.3847551571862075,0.5947492921648473,0.5623448595518983,-0.3054676520757226,0.36273428330507146,-0.5691177050907062,0.5359324608079378,0.692402906197194,0.669324873972084,-0.3211522232837981,-0.6982339446068184,0.42427550486349236,-1.1056913180953083,1,0,0,0,0,0,0,0
0.8102953438059464,1.4609412316479538,1.0365114310301957,0.8074178636905143,0.36290101867840663,-0.47307278426890553,0.9745275208871935,-2.0266583563930274,-1.7953060452788192,1.8968305897144564,0.9041766084591594,-2.356959071492339,-1.1056913180953083,1,0,0,0,0,0,0,0
0.8102953438059464,0.37180327396667384,1.2326552397334674,2.702325830389644,-6.219071006868161,-1.890080976839285,-1.8824173329158924,-0.9401361506848421,-0.5504661966315317,-1.2542068535977113,-1.1489134166059547,-2.356959071492339,-1.1056913180953083,0,0,0,0,1,0,0,0
0.8102953438059464,0.07341251150807568,-0.8504708988110122,-1.0630712506039146,0.007453065438102853,0.9183861668456718,0.2692464369963395,0.1498147904234307,-2.0053785323967803,1.2320252154877496,1.7261778279042646,0.42427550486349236,2.594399890171344,0,1,0,0,0,0,0,0
0.8102953438059464,-0.426690957407607,-0.8519548568707835,-0.8181512411536409,0.007453065438102853,0.9513993224131855,0.27061185926818737,-0.2045304009179133,-2.021430626605111,1.124721578726734,1.7149171465511068,0.42427550486349236,0.7443542860380179,0,1,0,0,0,0,0,0
0.8102953438059464,-0.38838246981104857,-1.260723073045682,-1.2471528799153233,0.007453065438102853,1.2230005371694785,0.2712210770427622,0.730748763324704,-2.0264026139946454,1.0838074677090734,1.7149207114680365,0.42427550486349236,2.594399890171344,0,1,0,0,0,0,0,0
0.8102953438059464,0.28297353481748816,-0.8492591945008184,-1.1716181355905166,0.007453065438102853,1.4339637587828025,0.2680473971554028,1.0839085095337249,-1.9880622691326204,1.3239756482168457,1.7149171465511068,0.42427550486349236,1.669377088104681,0,1,0,0,0,0,0,0
0.8102953438059464,-0.2181464925426393,-1.0158564532773509,-1.0802851200798316,0.007453065438102853,1.2220440655449676,0.2703815526497107,0.7307034859064555,-2.026396649024374,1.0838598438816731,1.7149296237603622,0.42427550486349236,2.594399890171344,0,1,0,0,0,0,0,0
0.8102953438059464,0.04331526354487166,-1.2564049754735078,-1.3907341149394001,0.007453065438102853,1.2202872434204521,0.5887543082821675,0.7307652278404306,-2.0264049997034888,1.0837865171799224,1.7149126904049437,0.42427550486349236,0.7443542860380179,0,1,0,0,0,0,0,0
0.8102953438059464,-0.38811426393109744,-0.7873437365908524,-0.7335706677604635,0.007453065438102853,0.8174815978687351,0.2680856723597699,-0.21044116206380262,-2.0214450106480326,1.1246102238799043,1.7149189290095714,0.42427550486349236,0.7443542860380179,0,1,0,0,0,0,0,0
0.8102953438059464,-0.13263182062374923,-1.2978867866995873,-1.3738975123606585,0.007453065438102853,1.0353859412773738,0.2699898654435211,-0.2268151229540168,-2.019632508961308,1.138367987220278,1.7149269500726643,0.42427550486349236,0.7443542860380179,0,1,0,0,0,0,0,0
0.8102953438059464,0.22431981814004182,-0.8455312672724387,-1.104984000088767,0.007453065438102853,0.9593626594457927,0.4987342621681361,0.14988476461526923,-2.0053925902019705,1.2319426237705937,1.7259799750146405,0.42427550486349236,1.669377088104681,0,1,0,0,0,0,0,0
-0.3847551571862075,1.2663003561307773,1.7215383328474927,2.0429116519007535,1.1712458058512616,-0.8302891039903608,-0.820795422206036,-0.5366443798992657,0.8597137873686062,0.29041935514703454,-0.546839943645811,0.42427550486349236,0.7443542860380179,1,0,0,0,0,0,0,0
-0.3847551571862075,1.1072821539222648,1.274256611737454,0.6508094616176905,1.1739879566825977,-0.19487269072720667,1.0094965249993668,-2.0393195689868686,-1.7858801931647899,1.9159575804885889,0.9371663497309044,-2.356959071492339,-1.1056913180953083,0,0,1,0,0,0,0,0
0.8102953438059464,-1.2470346242455808,-0.4060892827120684,0.11058679169124347,-0.38455459055531693,-0.4118262021848067,-0.16590664776875094,0.8925826045314788,0.7015420106993402,-0.24865371322088323,-0.6321225601369116,0.42427550486349236,-0.18066851602864512,0,1,0,0,0,0,0,0
0.8102953438059464,1.4742549549024895,0.0418951828699168,-0.7111496701587606,0.8114216895755048,1.235221079093638,0.8109580351993534,0.9629066673291935,-1.8158497216056146,-0.31225812012485626,1.4730571398825383,0.42427550486349236,-1.1056913180953083,0,0,0,0,0,0,0,1
-1.5798056581783615,1.2930656570169794,0.8491088910281321,-0.37957345939233067,0.36356778373687304,-1.175803837173796,-1.3496181103770406,-1.3821795850445127,0.23449410931379827,-0.9245947024157805,-0.8316803712829114,-2.356959071492339,-2.030714120161971,1,0,0,0,0,0,0,0
0.8102953438059464,1.4318896129312861,1.6429654390251944,1.9552621882559764,0.36356778373687304,-0.2079504585843582,-0.1179502641859535,0.2942168256045501,0.8167770455410555,0.09284933970360491,-0.5783547005377004,0.42427550486349236,-0.18066851602864512,1,0,0,0,0,0,0,0
-0.3847551571862075,1.41332148419423,1.079966814154398,0.45005493223966564,0.36356778373687304,0.17082280920494822,-0.09437489753018748,0.854347882885124,0.7124693148656703,-0.22241448337163064,-0.7323386136484731,0.42427550486349236,0.7443542860380179,1,0,0,0,0,0,0,0
-1.5798056581783615,0.8839910310541816,1.0252147446192559,0.17514657189982866,1.1233436507866843,0.5052639790345264,0.10428373734642739,-0.5373317734308559,0.858258711888372,0.28229640841081477,-0.5568537953026439,0.42427550486349236,0.7443542860380179,1,0,0,0,0,0,0,0
-1.5798056581783615,1.3712590468710482,0.8541371709557026,-0.36633968369351216,1.1233436507866843,1.180516845574569,0.3516901500449629,1.3412406580843554,-1.7906915402432908,-0.3650745722525533,1.4573019895096746,0.42427550486349236,-0.18066851602864512,1,0,0,0,0,0,0,0
-1.5798056581783615,1.5123130539199687,0.8603455767832757,-0.3748264968171702,0.36356778373687304,0.9195359683735536,0.5635508817402141,1.42449348185647,-1.7977796511111872,-0.3505537501997713,1.4719012155679323,0.42427550486349236,-0.18066851602864512,0,0,1,0,0,0,0,0
-1.5798056581783615,1.625887168021853,2.3498780530459036,2.2155613503696805,0.36356778373687304,-0.35426090361031803,0.25037120735178725,0.8553604506023167,0.7118738661555783,-0.22386798895198323,-0.6830777002782228,0.42427550486349236,-1.1056913180953083,0,0,1,0,0,0,0,0
0.8102953438059464,-0.2705236189476339,-0.462276989088352,-0.463938970916254,-0.6409509692699514,-0.4399485567813705,-0.053291286730605195,0.6922300287820634,0.6694232682493232,-0.32094087274907024,-0.6764968636251384,0.42427550486349236,0.7443542860380179,0,0,0,0,0,0,0,1
0.8102953438059464,1.6521263723849604,1.0536367435183445,0.7595568829179375,0.21517666277966085,0.3750719809067822,0.2633229516506969,0.8540556377309748,0.7124781391182059,-0.2223929220711839,-0.6827033840005555,0.42427550486349236,0.7443542860380179,1,0,0,0,0,0,0,0
0.8102953438059464,1.7156687585911559,1.2495964009304594,0.8585175850359908,0.2144440159039923,0.6509944581070922,0.7263952564365302,0.5244360328822193,0.5517838608580556,2.0809294217415943,-0.06082055888871812,0.42427550486349236,-0.18066851602864512,1,0,0,0,0,0,0,0
-1.5798056581783615,1.0024444369021732,1.3735044774609602,0.4584796667289351,0.2144440159039923,-0.053938043789957306,-0.8231216668564629,0.8010687099934869,0.5405350337760351,-0.55775746901086,-0.6489863996750564,0.42427550486349236,-0.18066851602864512,1,0,0,0,0,0,0,0
-0.3847551571862075,1.0163086394008196,1.8659874813081818,1.6876492767718179,0.2144440159039923,-0.2025849576100836,0.2633229516506969,0.890615094902137,0.6123217405902536,-0.4348453031441661,-0.7295945188414786,0.42427550486349236,-0.18066851602864512,1,0,0,0,0,0,0,0
0.8102953438059464,1.1446209719875884,1.2258394061034188,1.3386830842145145,0.2144440159039923,-0.34021702073992544,-0.45923004371185755,0.28950385797777906,0.8266248940074317,0.13224948732663597,-0.5839551850349894,0.42427550486349236,-1.1056913180953083,1,0,0,0,0,0,0,0
-0.3847551571862075,1.2272594591725112,1.6272253062610063,1.2475017903478087,0.2144440159039923,0.11975546169954754,0.26332314292358,0.8240943352372925,0.5021024823696353,-0.6162166364119387,-0.8061983450660932,0.42427550486349236,-1.1056913180953083,1,0,0,0,0,0,0,0
-1.5798056581783615,0.38269001184086926,1.420135095548722,1.0607941776193686,0.2144440159039923,-0.3329637347961267,-0.9167096644173613,0.3402310309317758,0.7015614192427406,-0.24860790354496554,-0.574256828526476,0.42427550486349236,0.7443542860380179,1,0,0,0,0,0,0,0
-0.3847551571862075,1.6518272191740946,1.119662505499147,0.40113323551928004,1.5769028413680215,0.7888410468960535,0.6828625794141875,1.3119132394461515,-1.7952388421256527,-0.3557901126348305,1.454479466530217,0.42427550486349236,-1.1056913180953083,1,0,0,0,0,0,0,0
-0.3847551571862075,-0.39408326066420696,0.3330416887371112,0.4100825650734281,0.22180078354267163,-0.5425815955546212,-0.06139927893513085,0.32217768943743724,0.7725527935176599,-0.05867178283271732,-0.5720510361759366,0.42427550486349236,0.7443542860380179,1,0,0,0,0,0,0,0
-1.5798056581783615,1.158968133533275,1.8253840218105197,1.4460175737376704,0.22180078354267163,0.08006435004423916,-0.11183556022616441,-0.5375622766510298,0.8583448344236966,0.28277319236702037,-0.44788497949829537,0.42427550486349236,-0.18066851602864512,1,0,0,0,0,0,0,0
0.8102953438059464,0.6426513121724846,1.4437181009072477,2.533661503453824,0.22180078354267163,-1.0233831269841969,-1.1725011221472548,-0.3827999449488774,0.7582447008104989,-0.10117201198273956,-0.6474517029366205,0.42427550486349236,-1.1056913180953083,1,0,0,0,0,0,0,0
-1.5798056581783615,1.16517720279841,1.994805811465059,2.103374929374138,0.22180078354267163,-0.6970207207022291,-0.015312560618792057,0.2811522323754049,0.8093157210013572,0.06463259523623976,-0.6340155310268293,0.42427550486349236,-1.1056913180953083,1,0,0,0,0,0,0,0
0.8102953438059464,1.3776706775376406,0.7758978039337927,0.4362145764188534,0.22180078354267163,-0.26310100371853534,-1.2514156688374438,0.3141141928602804,0.7743062204266185,-0.053280382296051663,-0.5563208402215842,0.42427550486349236,-0.18066851602864512,1,0,0,0,0,0,0,0
-0.3847551571862075,-0.6452331400324036,-0.5153320574621427,-0.5179395855674536,0.22180078354267163,-0.44101316705103977,0.945937062844045,0.6922217965242001,0.6697141820663144,-0.32031565335770945,-0.6846507198736579,0.42427550486349236,-2.030714120161971,1,0,0,0,0,0,0,0
-1.5798056581783615,0.7855058648320878,2.415201267291634,3.149997201175524,0.22075191801316993,-1.5679517673058316,-1.6148579814164425,-1.9025241400714894,0.7566268244426501,-0.10582022382884264,-0.6318141948224524,-2.356959071492339,-2.030714120161971,1,0,0,0,0,0,0,0
-1.5798056581783615,1.6471926888513335,1.865209685871337,0.8495447571914696,0.22075191801316993,0.09996109260364165,0.38022480433277783,-1.9079409657455775,0.7563864075334713,-0.10650836587303561,-0.4985460139928678,0.42427550486349236,0.7443542860380179,1,0,0,0,0,0,0,0
0.8102953438059464,1.2172017232796766,0.8461602212411569,0.5076797633127879,0.2186977676404,-0.07566320148861037,0.04949802010923637,0.9534930804624465,0.610683787950413,-0.4378790253306093,-0.7129169462129349,0.42427550486349236,0.7443542860380179,1,0,0,0,0,0,0,0
-1.5798056581783615,1.4053625096687778,2.0603507047815333,1.6988619540777554,0.2186977676404,-0.033827954381218724,0.1424855409222608,0.6927568932853184,0.6696310808414132,-0.32049430242708915,-0.6991376510486154,0.42427550486349236,-0.18066851602864512,1,0,0,0,0,0,0,0
-1.5798056581783615,0.2153358448416687,1.0541354407296208,0.6174890944130156,0.21426080092800287,-0.29881813314247946,-0.07515522392325064,0.9535877514278751,0.6107359471076363,-0.43778260122011764,-0.65793077625284,0.42427550486349236,0.7443542860380179,1,0,0,0,0,0,0,0
-1.5798056581783615,1.2497625302996214,0.9001227376309351,-0.1796331093068499,0.21426080092800287,1.3838382484343792,1.2767239958562377,0.8548047731965402,0.708065073548444,-0.2330997630441274,1.4636297170607175,0.42427550486349236,-1.1056913180953083,1,0,0,0,0,0,0,0
-0.3847551571862075,-0.16895783168178305,1.126993450351463,2.1235510007514242,0.21426080092800287,-1.517945628150748,-1.6141477903968355,-2.008259260068428,0.14521733176264756,-0.9987313946459504,-0.7931070788692952,-2.356959071492339,-2.030714120161971,1,0,0,0,0,0,0,0
0.8102953438059464,1.647493717780777,0.7854425611783887,0.22764680432604928,0.21426080092800287,0.7039493298686785,1.3574872339809212,0.4539226281536475,0.6409299157056941,1.9210382691757188,-0.044751695826000144,0.42427550486349236,-0.18066851602864512,1,0,0,0,0,0,0,0
-0.3847551571862075,1.2496734413645236,0.448955417799204,-0.42238880417277824,0.21426080092800287,0.694776999691766,1.4555954659720702,1.2905958077089923,-1.8096865775995643,-0.3255332161051813,1.466577012132731,0.42427550486349236,-0.18066851602864512,1,0,0,0,0,0,0,0
0.8102953438059464,-0.1679047003711827,0.07207243898692954,0.38633504981684996,-1.3998365135162496,-0.5244982176472697,-1.2517030521146277,-0.42752580192048806,0.8611384489850211,0.29851612767750396,-0.5594633144955244,0.42427550486349236,-0.18066851602864512,0,0,0,0,0,0,0,1
0.8102953438059464,0.6659261803206928,0.5063458693680838,0.4353395773524073,-1.396776404240496,0.035451604638005625,-0.4954587815858352,0.9335257390148776,0.6157694866706087,-0.42842068215805484,-0.5432473986094373,0.42427550486349236,1.669377088104681,0,0,0,0,0,0,0,1
-0.3847551571862075,0.6397582475918112,0.7984126493801428,0.5211129410889972,1.0207946949118554,-0.4749321713772134,-0.4091226143053533,0.29812303196071227,0.8269559808962542,0.1336214733415418,-0.5476839377290273,0.42427550486349236,0.7443542860380179,1,0,0,0,0,0,0,0
-1.5798056581783615,0.7722118354072476,1.461225636569334,1.3257877712793753,1.0207946949118554,-0.4506046768441055,0.10434373729142607,0.9262690037083298,0.6742020053368392,-0.3106060649162112,-0.7007650356272357,0.42427550486349236,0.7443542860380179,1,0,0,0,0,0,0,0
0.8102953438059464,1.67537123065642,0.8744490902192136,0.3931327449845081,0.35738941121112494,0.691514934575749,0.3374476407687742,0.4295304481045251,0.7880125335578498,1.550775990455212,-0.09171502023475908,0.42427550486349236,0.7443542860380179,1,0,0,0,0,0,0,0
0.8102953438059464,1.2212604533728986,0.4195765305368937,-0.17413388454153056,0.35738941121112494,0.38442179602617826,1.2009214321241297,0.45397613782975926,0.6408262110117002,1.9212447649993778,-0.08807434881982847,0.42427550486349236,-1.1056913180953083,1,0,0,0,0,0,0,0
0.8102953438059464,1.0903345163968727,0.16192936126580457,-0.4522819803868032,0.3693484593688903,-0.06759540818701569,0.04573089111887174,0.2901542063489841,0.8266038228382079,0.13216228160048962,-0.596388724058172,0.42427550486349236,-1.1056913180953083,0,0,1,0,0,0,0,0
-1.5798056581783615,1.69117008251597,1.0852388239090147,-0.16610406978814973,0.3717128325627983,1.3977989367618013,1.0512479456313464,-1.5719001997634043,0.13585000373151584,-1.0058393509816992,-0.7285473244932428,0.42427550486349236,-1.1056913180953083,1,0,0,0,0,0,0,0
0.8102953438059464,1.2747722987697732,1.4494785554092469,2.060537129583444,0.3717128325627983,-0.6395838338906946,-0.2422782986956914,0.7124155250630112,0.6879709014541099,-0.28003068907180584,-0.7111442912694105,0.42427550486349236,-1.1056913180953083,1,0,0,0,0,0,0,0
-1.5798056581783615,0.6209219129748047,1.4170824645411797,1.1351530086688593,0.29449629553899714,-0.1801259460408727,0.31088646311461643,-0.5370765734370918,0.8583411186416565,0.2827526111714894,-0.5378349634802144,0.42427550486349236,0.7443542860380179,1,0,0,0,0,0,0,0
0.8102953438059464,-0.11092211444551854,-1.3530912149047891,-1.4176065035740357,-0.16819103306082805,1.220293039651537,0.5887180090268522,0.7308434342901325,-2.026412155872533,1.083723665386402,1.7149198202388036,0.42427550486349236,0.7443542860380179,0,1,0,0,0,0,0,0
0.8102953438059464,-0.14200403606808643,-1.363858143580581,-1.4329423327406814,-0.16819103306082805,1.1679858201611222,0.4987908516105108,0.14988064848633756,-2.005388490268732,1.2319667131050562,1.7144991600410444,0.42427550486349236,0.7443542860380179,0,1,0,0,0,0,0,0
0.8102953438059464,-0.30478838057909907,-1.49297647713152,-1.4751258795895492,-0.16819103306082805,0.9985291720477574,0.2646896975283454,0.14988064848633756,-2.005398446878107,1.2319082103161925,1.714362801968466,0.42427550486349236,1.669377088104681,0,1,0,0,0,0,0,0
0.8102953438059464,-0.3621826531073317,-0.926616568432805,-0.9122919140023197,-0.16819103306082805,0.8954659856344269,0.2686298633766942,0.14995062267817605,-2.005407816651213,1.2318531484968602,1.7149296237603622,0.42427550486349236,1.669377088104681,0,1,0,0,0,0,0,0
0.8102953438059464,-0.43454490060542167,-1.7390306199257126,-1.571256140102879,-0.16819103306082805,1.032083334469187,0.2638559994925525,-0.20126219454616118,-2.021543778482438,1.1238446294328512,1.7149322974480596,0.42427550486349236,0.7443542860380179,0,1,0,0,0,0,0,0
0.8102953438059464,-0.059579363785840805,-0.8201126252449465,-0.9909067438213515,-0.16819103306082805,0.9995218188190146,0.2649498470353324,0.15028814525057357,-2.005425967403902,1.231746465198335,1.7147683112692722,0.42427550486349236,1.669377088104681,0,1,0,0,0,0,0,0
0.8102953438059464,0.27247597816391284,-1.2974487797523209,-1.5085376467534237,-0.16819103306082805,1.1678899944757926,0.4987298645287995,0.15026344847698356,-2.0054136721914557,1.2318187346771137,1.7149153640926411,0.42427550486349236,0.7443542860380179,0,1,0,0,0,0,0,0
0.8102953438059464,-0.1879995416832372,-1.0638539239679017,-1.137315606762886,-0.16819103306082805,1.0351366492951641,0.26953626337882886,-0.2269427229508988,-2.0196857064551934,1.1379717721314588,1.7149251676141997,0.42427550486349236,0.7443542860380179,0,1,0,0,0,0,0,0
0.8102953438059464,-0.08681543276369744,-1.3359030673362375,-1.4207992823168403,-0.17421717548554422,1.4731042169028983,0.49871662519134485,0.730864014934791,-2.0264137459372766,1.083709698279203,1.7148182201062943,0.42427550486349236,0.7443542860380179,0,1,0,0,0,0,0,0
0.8102953438059464,0.834567924817033,-0.899034025702507,-1.4148986325440716,-0.17421717548554422,2.6899774850383875,0.4987633211599387,1.4505979715411705,-0.5747461422242987,2.7955802289504166,1.7144296441609066,0.42427550486349236,1.669377088104681,0,1,0,0,0,0,0,0
0.8102953438059464,-0.3577309911665789,-1.211200803678911,-1.1994423716569753,-0.17421717548554422,1.2081335324923617,0.26835971730610436,0.14995062267817605,-2.005398446878107,1.2319082103161925,1.7149322974480592,0.42427550486349236,1.669377088104681,0,1,0,0,0,0,0,0
0.8102953438059464,0.04241405247511893,-0.7773360025998657,-1.0056109510430746,-0.17421717548554422,1.451564279288917,0.49879258455706504,0.7308063891297476,-2.0264077828287803,1.083762074852503,1.7143120019022111,0.42427550486349236,1.669377088104681,0,1,0,0,0,0,0,0
0.8102953438059464,-0.4353213857075949,-1.4440084215059943,-1.3760823792895747,-0.17421717548554422,1.0334558228124866,0.26371952435905505,-0.20473620736449724,-2.021409042058866,1.1248886089256724,1.7155989369140008,0.42427550486349236,0.7443542860380179,0,1,0,0,0,0,0,0
0.8102953438059464,0.0436050389730956,-1.4405856285509098,-1.5289543499531713,-0.17421717548554422,1.4517069196681696,0.4987696566556182,0.7307858084850891,-2.0264053973061142,1.0837830254217244,1.7149305149895946,0.42427550486349236,1.669377088104681,0,1,0,0,0,0,0,0
0.8102953438059464,-0.026416498907008777,-0.9860278947731814,-1.171775311006441,-0.17421717548554422,1.2022599287941889,0.2683977570188128,0.1502264033165984,-2.0054277237055436,1.231736140936507,1.714019678713937,0.42427550486349236,1.669377088104681,0,1,0,0,0,0,0,0
0.8102953438059464,-0.18645876162402986,-1.5979115712170426,-1.554578244056818,-0.17421717548554422,1.1469033597975893,0.49878586025867433,0.1498888807442009,-2.005383804368618,1.2319942436886875,1.7025165830095281,0.42427550486349236,0.7443542860380179,0,1,0,0,0,0,0,0
0.8102953438059464,-0.412025887085771,-0.7011211143160787,-0.7577874638356392,-0.17421717548554422,0.8120378962681641,0.2696456849471468,-0.20417229770085737,-2.0214234328872718,1.1247772557359312,1.714313784360676,0.42427550486349236,0.7443542860380179,0,1,0,0,0,0,0,0
0.8102953438059464,0.041391867685188044,-0.9171742645909058,-1.1480800086681087,-0.17421717548554422,1.0347074758278918,0.2636014599155851,-0.20459214285188848,-2.021425231422755,1.1247633365095242,1.7147504866846213,0.42427550486349236,0.7443542860380179,0,1,0,0,0,0,0,0
0.8102953438059464,-0.4625105649619965,-1.1557049062406364,-1.079476139214813,-0.17421717548554422,0.8151346073458734,0.27022435942826006,-0.20171085259971402,-2.0214256810455815,1.1247598567002253,1.7149224939265018,0.42427550486349236,0.7443542860380179,0,1,0,0,0,0,0,0
0.8102953438059464,1.6685769833791042,0.5364353130270063,-0.09503281923433805,0.3159842652712028,0.5324583776060591,-0.4681845643458152,-1.9885018411963746,0.13813790217903227,-1.0041145394912472,-0.5395033446035317,0.42427550486349236,-1.1056913180953083,0,0,0,0,0,0,0,1
0.8102953438059464,-0.1829889601698973,-0.7371337076452137,-0.9067366039307933,-0.3837508876146481,-0.06492239054843661,0.6579554770964039,0.32872645056773653,0.7731049227382004,-0.056978653512535934,-0.632129689970772,0.42427550486349236,-1.1056913180953083,0,1,0,0,0,0,0,0
0.8102953438059464,-0.9354154768406358,-0.7231424563138015,-0.4088377231848157,-0.3837508876146481,-0.36310683078895484,-0.1658452018973791,0.6994538350571579,0.6824270878621885,-0.29248764881569383,-0.6431844973712132,0.42427550486349236,-0.18066851602864512,0,1,0,0,0,0,0,0
0.8102953438059464,0.8758060498604209,1.4523967643795639,1.5034604983793989,0.36002235693022194,0.06145317900428699,0.17050686591152886,0.8467289282325885,0.5937643827817751,-0.46854228548201615,-0.5446564320260848,0.42427550486349236,0.7443542860380179,1,0,0,0,0,0,0,0
-1.5798056581783615,1.5274226338938661,1.2105926590314926,0.02340660981619402,1.1249118362523984,1.1051399067625005,0.8612164386661478,-1.7752698980197397,0.21012989713867566,2.4871943865670922,0.8935175068379665,-2.356959071492339,-0.18066851602864512,1,0,0,0,0,0,0,0
-0.3847551571862075,0.5884586352184334,0.15610732793533236,-0.44143643208566447,-0.4646709595025801,0.06814327061372748,0.8390786962078631,-1.1270866106327146,-1.490071379504696,2.3532318830377412,0.9230020435381271,-2.356959071492339,-1.1056913180953083,0,0,0,0,0,0,0,1
-0.3847551571862075,0.8814093106397599,1.821202067305427,2.717150187668107,0.2650123737347908,-1.32278362858991,-1.395802833751694,-1.4173766035392892,0.722759346201949,-0.19684198613445128,-0.661326359628822,-2.356959071492339,-2.030714120161971,1,0,0,0,0,0,0,0
0.8102953438059464,0.7247102493112053,-0.6884450601979718,-1.1781951494200757,-2.745978063897164,2.158338276840417,0.5646982959638822,-1.3752233271499774,0.2325282737490213,-0.9263576277052009,-0.5373011171699222,0.42427550486349236,0.7443542860380179,0,0,1,0,0,0,0,0
-1.5798056581783615,1.1938030674283002,0.759547459072519,-0.5247438196450013,1.1914748441252125,-0.44883770946877055,0.8392903219412529,-2.0362777497063584,-1.7823008278857086,1.9230995258904888,0.9232934754971679,-2.356959071492339,-1.1056913180953083,1,0,0,0,0,0,0,0
-0.3847551571862075,1.4941772438795888,1.2459670895056683,0.6055904861578351,-0.9361880584871096,2.306320481095656,1.0749890323161106,1.8812520771468888,0.15190564107183027,2.5347597611687447,1.3693198396732065,0.42427550486349236,0.7443542860380179,0,0,1,0,0,0,0,0
0.8102953438059464,0.35194006566841435,0.2888305923769803,0.289959627711267,0.16895418704766169,-0.302962020672579,0.06791229147571304,0.729382208519387,0.7051562232241291,-0.24007518909437497,-0.5883097310651859,0.42427550486349236,0.7443542860380179,1,0,0,0,0,0,0,0
0.8102953438059464,1.5465825044427548,1.3569889939614799,1.3099536513069738,0.3443269735208385,-0.22581738596424064,0.32926312760187215,-0.5371877089182472,0.8581185057255332,0.2815212670807755,-0.5399560890536624,0.42427550486349236,-0.18066851602864512,1,0,0,0,0,0,0,0
0.8102953438059464,1.186788441448655,0.7857784966365872,0.4527362839850585,0.3443269735208385,-0.07767657666960366,0.11705042616100919,0.6954858867670207,0.669838808388031,-0.32004765732341905,-0.5360623085366901,0.42427550486349236,0.7443542860380179,1,0,0,0,0,0,0,0
-1.5798056581783615,0.38560183198682674,1.250126010652922,1.1082422809129164,-0.10938961478855211,-0.5076676653545377,0.2315617763296486,0.6873071385797769,0.6690614716500212,-0.3217177267537728,-0.7109018769181593,0.42427550486349236,-1.1056913180953083,0,0,1,0,0,0,0,0
0.8102953438059464,0.4096053580595874,0.669746268998202,0.3429717449596259,0.357347582918592,0.02450192460101914,0.16718403277989485,0.9598730803065468,0.7003616303667753,-0.25143457678722253,-0.6652174664580971,0.42427550486349236,-0.18066851602864512,1,0,0,0,0,0,0,0
-1.5798056581783615,-1.304162565802194,0.20883905559298785,0.8436496924780579,0.357347582918592,-1.6172414808240272,-1.5368723772343418,-2.2798620276251853,0.25433720948858257,-0.9064521772583114,-0.9376234638427826,-2.356959071492339,-2.030714120161971,1,0,0,0,0,0,0,0
-1.5798056581783615,0.6501986000953686,0.022911996225611173,-1.0511343084948868,0.357347582918592,-0.06122598961015965,0.11007275025110386,0.9599265899826587,0.6848286564879117,-0.2871160738043461,-0.5445352248504594,0.42427550486349236,-0.18066851602864512,1,0,0,0,0,0,0,0
-0.3847551571862075,0.5306301682749475,1.3096227107885419,1.713660514733784,0.357347582918592,-0.8181986441245779,-1.0184575823394542,-1.5738759416506098,0.12958360705521552,-1.0105264966469945,-0.810046672892206,-2.356959071492339,-1.1056913180953083,1,0,0,0,0,0,0,0
-0.3847551571862075,1.457302628485776,1.691876401797499,1.7543500696069272,0.357347582918592,-0.7276324030814897,-1.3882798960655347,-2.158209837049449,0.2865961383356705,-0.8755667856513057,-0.8296964950112746,-2.356959071492339,-0.18066851602864512,1,0,0,0,0,0,0,0
-0.3847551571862075,1.5643675826574932,2.054931850017441,2.268788328068855,0.357347582918592,-0.2495066442670045,-0.030107028151759318,0.855319289313,0.7117880094027661,-0.22407733670373084,-0.7122003979099718,0.42427550486349236,-1.1056913180953083,1,0,0,0,0,0,0,0
-0.3847551571862075,1.6723872014220709,1.695523356195089,1.6771012812971335,0.357347582918592,-0.7232505433812433,-1.0435283254696321,-1.7169813962182507,0.09365087005123113,-1.0363759976525146,-0.871649328674687,-2.356959071492339,-1.1056913180953083,1,0,0,0,0,0,0,0
-0.3847551571862075,1.338895174096828,1.0311949775097005,0.4584399929969419,0.357347582918592,-0.23251581030240526,-0.3180587383979598,0.3404779986676765,0.7006625373676099,-0.25072663253641964,-0.6187888795888626,0.42427550486349236,-0.18066851602864512,1,0,0,0,0,0,0,0
-1.5798056581783615,1.2755844200941824,0.8385685202373775,-0.3033142275977839,0.21664093502481302,-0.7174907120292279,-0.0943700248958021,0.8097578581682587,0.5277412495073858,-0.5777293441606718,-0.7691142967000533,0.42427550486349236,-1.1056913180953083,1,0,0,0,0,0,0,0
-0.3847551571862075,0.20806238995446827,0.4246500849579364,0.18646515944952166,0.21664093502481302,-0.4100676922558121,0.6758765623441225,0.40702345510611104,0.7254566237132126,-0.1899917204451178,-0.6537981463015464,0.42427550486349236,-1.1056913180953083,1,0,0,0,0,0,0,0
-0.3847551571862075,1.6558315574797973,0.7410334360735281,-0.20186210399115456,0.21664093502481302,0.42475056292259916,0.16895259695303627,-0.5517094117892063,0.86789112638801,0.33907564010617347,-0.5186361033528119,0.42427550486349236,0.7443542860380179,1,0,0,0,0,0,0,0
0.8102953438059464,1.168851442182823,0.7818627164924676,0.5266585377216497,0.21664093502481302,0.2290055894605497,0.010832991515348585,0.854347882885124,0.7124718361002317,-0.22240832301519928,-0.6517937717575614,0.42427550486349236,-0.18066851602864512,1,0,0,0,0,0,0,0
-0.3847551571862075,0.4197118585842094,0.9266966484275018,1.0453752434608667,0.21664093502481302,-1.61759892533842,-1.3418548512819706,-1.9531154807707412,0.12636838691487337,-1.0129104848756385,-0.8224044574306225,-2.356959071492339,-2.030714120161971,1,0,0,0,0,0,0,0
-0.3847551571862075,1.2356854511627093,0.9987016357288372,0.46838798087354105,0.21664093502481302,-0.32916023383535364,-0.8142587923335897,0.8010687099934869,0.5405367201144444,-0.5577548013902048,-0.8104512909637797,0.42427550486349236,-1.1056913180953083,1,0,0,0,0,0,0,0
0.8102953438059464,0.9123205556459498,-0.11092031816513244,-0.6251193000181137,-0.5481150532606086,0.1369826274644419,0.8634203140182579,-2.186693449256659,-1.8753007493334448,1.7119492536395449,0.8932742012574826,-2.356959071492339,-0.18066851602864512,0,0,0,0,0,0,0,1
-0.3847551571862075,0.2026026098977472,0.4503219501369296,0.2601872950995795,0.37890851825127697,-0.6131968770261071,0.7039190395663018,0.9343818938326666,0.6184762067538203,-0.42333949894048184,-0.7355871442010855,0.42427550486349236,-1.1056913180953083,1,0,0,0,0,0,0,0
-0.3847551571862075,0.7431189541228573,0.9371363146523248,0.771869449264058,0.37969226708788234,-0.054800992764540334,0.8749210850377722,0.8536975345139189,0.7077655322008227,-0.23382103629494252,-0.7318707183013888,0.42427550486349236,-1.1056913180953083,1,0,0,0,0,0,0,0
-1.5798056581783615,1.3851044938044104,0.9859806727724215,-0.16565252187778604,0.37969226708788234,0.026157602943493515,-1.0499062038935452,0.8469758959684892,0.5943791862050457,-0.46744901810312656,-0.5354446866785391,0.42427550486349236,0.7443542860380179,1,0,0,0,0,0,0,0
-1.5798056581783615,1.189870938210989,0.5721041520273287,-0.6454809276910891,0.37969226708788234,1.1127016963323042,0.8122535083936313,1.4214228496734382,-1.7974664359376114,-0.3512011651260463,1.4922408491129877,0.42427550486349236,-1.1056913180953083,1,0,0,0,0,0,0,0
0.8102953438059464,-1.297858780446229,-0.8645495444576211,-0.03492239253441574,-1.0484960162336674,-0.7113592979215159,-0.0846460168385608,0.8303014576662624,0.49301016636156536,-0.629398209362421,-0.7902061277173738,0.42427550486349236,-1.1056913180953083,0,0,0,0,0,0,1,0
0.8102953438059464,-1.373025940233814,-1.1729331049079823,-0.4156699818748738,-1.0413642950543611,-0.5770164887427267,-0.00961930192529921,0.8658154180887782,0.37770546902560614,-0.778185178528161,-0.7788928638394955,0.42427550486349236,-1.1056913180953083,0,0,0,0,0,0,1,0
0.8102953438059464,-0.32469003827233706,-0.6512257040049605,-0.7400519672211413,-1.0413642950543611,-0.27735814922838703,-1.2494738361530715,-0.5375169992327814,0.8585792302674675,0.2840733462027796,-0.5288718710885476,0.42427550486349236,-0.18066851602864512,0,0,0,0,0,0,1,0
0.8102953438059464,-1.6340056747284513,-1.6954469208007155,-0.8104719922695104,-1.0402465258691675,-0.5761934410467591,-0.03472471797915741,0.869791598636779,0.3818613720972119,-0.7733544015234394,-0.7787939373946835,0.42427550486349236,-1.1056913180953083,0,0,0,0,0,0,1,0
0.8102953438059464,1.4255614448543041,-0.4272946925598381,-1.1778368744640224,-1.0402465258691675,1.8172595269403724,1.410683895213543,-0.3254910818331279,-0.4854229530425749,2.7921490740538464,0.40515864534545293,0.42427550486349236,1.669377088104681,0,0,0,0,0,0,1,0
0.8102953438059464,-1.64072396148022,-1.8384341193087275,-0.8896743890736416,-1.0402465258691675,-0.7389998543650967,0.48860054092842087,0.8228636126867209,0.5153410196058458,-0.596592567478953,-0.8112150744160678,0.42427550486349236,-2.030714120161971,0,0,0,0,0,0,1,0
0.8102953438059464,-0.7715798767376001,-1.5123593342887773,-1.2460543788760492,-1.0402465258691675,-0.2800209430297474,-1.2493558144786703,-0.5380027024467194,0.8588862715844565,0.28578205130097206,-0.5297212125471592,0.42427550486349236,-0.18066851602864512,0,0,0,0,0,0,1,0
0.8102953438059464,-0.9697955858467925,-0.7732349762649368,-0.19443167677840878,-1.0444167940800737,-0.28726207825401034,-1.25038117806894,-0.537982121802061,0.8588795012148392,0.2857443048585048,-0.5297221037763921,0.42427550486349236,-0.18066851602864512,0,0,0,0,0,0,1,0
0.8102953438059464,-1.1076433084302115,-1.4528532904450737,-0.9430360481519561,-1.0444167940800737,-0.2793582698931991,-1.2494278830209533,-0.5380315153492411,0.8588868870464659,0.2857854828046028,-0.5298326162012271,0.42427550486349236,-0.18066851602864512,0,0,0,0,0,0,1,0
0.8102953438059464,-0.6990703970797377,-1.116723629152175,-0.8961687421394502,0.32608606668662876,-0.21868850032240755,-0.22114154629996555,-0.4693209750927441,0.8731935670690694,0.3739722320852673,-0.5480502329436019,0.42427550486349236,1.669377088104681,0,1,0,0,0,0,0,0
-0.3847551571862075,-0.13308008171296515,0.752604367570603,1.143514396323773,0.3956533628323479,-0.5497349888648632,-0.06252627579212185,0.43814550595852664,0.7153596447265612,-0.21531901159921837,-0.6385509965912314,0.42427550486349236,-0.18066851602864512,1,0,0,0,0,0,0,0
-0.3847551571862075,-0.07275148203633647,0.1383692923756233,-0.0903239960897113,0.3956533628323479,-0.1694410581264489,0.766900511221076,0.8693799857436113,0.5674367349927509,-0.5139649643979274,-0.5834872896879054,0.42427550486349236,-1.1056913180953083,1,0,0,0,0,0,0,0
0.8102953438059464,1.4111880248690243,0.34377072824435406,-0.3321617820958487,0.3956533628323479,0.43846242842850297,0.30716250043423565,0.4231298676157662,0.6601179503778293,1.8818564984302362,-0.10468062310976853,0.42427550486349236,0.7443542860380179,1,0,0,0,0,0,0,0
-1.5798056581783615,0.36923093133489326,0.6554592807210039,-0.024006657108217228,0.3956533628323479,0.34433618398250837,0.4173439045132378,0.5260166263919835,0.5532198308331736,2.0785997895743176,-0.054224571338680645,0.42427550486349236,-0.18066851602864512,1,0,0,0,0,0,0,0
0.8102953438059464,1.0986104622443091,-0.8204512550684975,-1.3966808509021755,0.3956533628323479,1.6382697291494595,0.3814890167026233,-0.5381385347014648,0.8587051368506017,0.28477325331954206,-0.060827688722578425,0.42427550486349236,-0.18066851602864512,1,0,0,0,0,0,0,0
-0.3847551571862075,1.283172970584789,0.5817170483929753,-0.34671501409392036,0.3956533628323479,0.31035882349809246,0.30582065357936195,0.10718815920697565,0.6204178605264499,1.9608525307031726,-0.14323609093873385,0.42427550486349236,0.7443542860380179,1,0,0,0,0,0,0,0
-1.5798056581783615,-0.216254981468036,0.9414496104283415,0.9390951191541955,0.3956533628323479,-0.6396532697006084,-0.06305890234158297,0.3186048895247409,0.7753354898492133,-0.0500958107363704,-0.6312660888444396,0.42427550486349236,-1.1056913180953083,1,0,0,0,0,0,0,0
-1.5798056581783615,1.036613544988642,1.9708623071054168,1.2095968047389738,0.3955717128865315,-0.160950757180683,0.9723516254411754,-1.538333168325572,-1.578279120017181,2.2483104012938777,0.9233104088525865,-2.356959071492339,-1.1056913180953083,1,0,0,0,0,0,0,0
-1.5798056581783615,0.33331379451693,1.7077892082957646,1.9467074198897287,0.3955717128865315,-0.6061141771671147,0.7653263358276261,0.8528537280829251,0.7080497830336463,-0.2331365981104842,-0.68215438679331,0.42427550486349236,-2.030714120161971,1,0,0,0,0,0,0,0
0.8102953438059464,1.3560078610828656,0.8112377321797387,0.41902552766755596,0.3946324341853614,0.7775440469599647,0.4191567088368478,0.3562386563470708,0.8148461219497659,1.4557576129456928,-0.053780739180875205,0.42427550486349236,0.7443542860380179,1,0,0,0,0,0,0,0
-1.5798056581783615,1.5627986692503606,2.010997317827188,1.6582061151083634,0.3946324341853614,-0.1762638071812065,-0.027675527388777297,0.8519399474600925,0.7134740452065376,-0.21995554124165273,-0.7003381368248482,0.42427550486349236,-1.1056913180953083,1,0,0,0,0,0,0,0
-1.5798056581783615,0.5033096992533139,1.1806925595141093,0.944684215189161,0.3946324341853614,-0.37041340217747715,0.7663459899350163,0.8538745280579811,0.7080192003206279,-0.2332102669223306,-0.5949422590137575,0.42427550486349236,-1.1056913180953083,1,0,0,0,0,0,0,0
-1.5798056581783615,0.12228795248410303,0.9618684735004027,0.5345486565218328,0.3946324341853614,-0.3308009406044437,0.5777364589626304,0.8532159474289128,0.7088161650138017,-0.23128816296919216,-0.6818923653989429,0.42427550486349236,-1.1056913180953083,1,0,0,0,0,0,0,0
-1.5798056581783615,0.5630146723330285,1.83606728073959,1.3470541535093115,0.3946324341853614,0.09688047704644379,-0.06542107174083198,-1.3145598189549101,0.24980312910462482,-0.9106539573635777,-0.5445860249167142,0.42427550486349236,-0.18066851602864512,1,0,0,0,0,0,0,0
-0.3847551571862075,0.9012012481140387,1.308016024008079,1.0634704731565692,0.3960207352225804,-0.24879035213478132,-0.11263872459144886,0.9463804096685072,0.6139006189223375,-0.4319097588962532,-0.6510451392022265,0.42427550486349236,-0.18066851602864512,1,0,0,0,0,0,0,0
0.8102953438059464,0.6583929590717716,0.4067719964282702,0.10434191406608356,0.3960207352225804,0.4301928277921733,0.30833416036696837,0.4484687573191744,0.657239299343127,1.8878620020999546,-0.10390703613592278,0.42427550486349236,-0.18066851602864512,1,0,0,0,0,0,0,0
-0.3847551571862075,1.4363065769142145,1.1666423552461431,0.4990209942947664,0.3960207352225804,1.0035628816699398,0.5868711278123686,1.7111201200138513,-1.6995298397335308,-0.5310536063769127,1.5405107155766522,0.42427550486349236,-0.18066851602864512,1,0,0,0,0,0,0,0
-1.5798056581783615,1.0640109119899879,2.3291422005170674,2.236367376211623,0.3959799202989689,-0.17970725059910028,0.1761502892507155,-0.44284191767526104,0.7814292929421431,-0.030931181431913986,-0.5158251663533768,0.42427550486349236,0.7443542860380179,0,0,1,0,0,0,0,0
-1.5798056581783615,1.6118129020576843,1.6842018189876027,0.6893335721267915,0.3952859047420443,0.020697378705518202,0.11199659961597226,0.8031802841354377,0.5116853976000665,-0.6020636165952988,-0.5748236503183722,0.42427550486349236,-0.18066851602864512,0,0,1,0,0,0,0,0
-0.3847551571862075,1.0183905209214956,1.625998680207819,1.4375197065483727,0.3952859047420443,-0.025524490182169266,-1.0998719024412063,0.32557349580607137,0.901039808454818,0.7089855565743813,-0.4196383602021342,0.42427550486349236,0.7443542860380179,0,0,1,0,0,0,0,0
0.8102953438059464,1.3656576610000413,-0.4913043267726522,-1.1965464507172452,-1.3212940454518949,1.4089677708611656,1.5482109680105587,0.1509590742664371,-1.9246898996718458,1.569382502780862,1.1893013382214404,0.42427550486349236,0.7443542860380179,0,0,0,0,0,0,0,1
0.8102953438059464,0.8788041465789782,-0.29317021137000887,-0.8526302638345352,-0.4581993945833664,1.7852220052814192,1.5895347549282182,1.6151813868743061,-0.3522024954203657,2.7730776025232946,1.0921618080206112,0.42427550486349236,0.7443542860380179,0,0,0,0,0,0,1,0
-1.5798056581783615,0.5483299089917426,1.4254499677544055,0.9791703527578657,0.3965920331371882,-0.40569140535025683,-0.18323153416332996,0.8350802833559404,0.5897146049176287,-0.4757054694033243,-0.771195316958037,0.42427550486349236,-1.1056913180953083,1,0,0,0,0,0,0,0
0.8102953438059464,-0.37056081791990897,-0.23738910549307998,-0.12413424816628557,-1.399708890202079,-0.24235130008139247,-0.49201258333969444,0.4089374550593411,0.6978137792947549,-0.2574026958202188,-0.5428026752223993,0.42427550486349236,-0.18066851602864512,0,0,0,0,0,0,0,1
0.8102953438059464,0.4139810594747936,1.18117233731401,1.8887900868120884,0.35219421397229383,-0.5391121942483167,0.22639662085026047,0.6493399653139812,0.6750851604022254,-0.3086808831974116,-0.6290790123077835,0.42427550486349236,-0.18066851602864512,1,0,0,0,0,0,0,0
0.8102953438059464,0.2913882733064666,-0.806706286859094,-1.0984116736413605,-0.7913901675754086,1.5518633844710112,2.237867884677353,1.1482312563490533,-0.795259874094284,2.772020331777825,0.4473414161508607,0.42427550486349236,1.669377088104681,0,0,0,0,0,0,1,0
0.8102953438059464,0.7504946271649524,-1.3001823555794867,-1.6242081942411317,-0.7913901675754086,2.1220291492688403,0.6636117947249481,1.5200905762946861,-0.46307802538847637,2.790122514156207,0.5067792761274992,0.42427550486349236,1.669377088104681,0,0,0,0,0,0,1,0
-1.5798056581783615,0.9146715813109886,-0.7274063348990041,-1.6328446705952504,-1.0053870826551672,0.6581545930404697,2.2383887186941527,0.7014419253311585,0.21660256040760803,2.481593708574394,0.08118879825363041,0.42427550486349236,-1.1056913180953083,0,0,0,0,0,0,1,0
-0.3847551571862075,1.435849875496523,1.02396231807819,0.4767123292983984,-1.0053870826551672,0.8969765932129385,-0.06324548188355271,-2.1478413082705528,0.2756308998482674,-0.8862629229266091,-0.529968974273806,0.42427550486349236,-0.18066851602864512,0,0,0,0,0,0,1,0
0.8102953438059464,1.5243870260447412,0.8027298504004963,0.25049808456092787,-1.0053870826551672,0.8861803576337818,-0.05850400386857045,-2.0083415826470614,0.14535658935188286,-0.9986248029869427,-0.5287595762052474,0.42427550486349236,-0.18066851602864512,0,0,0,0,0,0,1,0
-1.5798056581783615,-0.45567505592720386,0.6685413862993936,0.5378663237509357,1.1798798728150317,-0.5259951389936613,0.2368388761387084,0.33822236001311706,0.7012235861338252,-0.24940489220980847,-0.7156360866014182,0.42427550486349236,-0.18066851602864512,1,0,0,0,0,0,0,0
0.8102953438059464,-1.2149736553091361,-1.6752186755583482,-1.1195520327990602,-0.5356781032904007,-0.40006042262563407,0.6109243332734271,1.015387311208085,0.6796605763652587,-0.2986294045951752,-0.6437762735816206,0.42427550486349236,-1.1056913180953083,0,1,0,0,0,0,0,0
0.8102953438059464,-0.13864301737874724,0.18994527432793762,0.5899232312586011,-0.5272943239405008,-0.14116683812266848,0.6112152225733246,0.328886979596072,0.7729977402451674,-0.05730765877990518,-0.6437620139138999,0.42427550486349236,-1.1056913180953083,0,1,0,0,0,0,0,0
-0.3847551571862075,0.4463064828540341,0.6320037028945493,-0.13369003919012842,0.3695144961303278,0.3170834964619382,0.5195696145372837,-0.5371753605314521,0.8580253257546643,0.28100683475118854,-0.5455218156108824,0.42427550486349236,-0.18066851602864512,1,0,0,0,0,0,0,0
-0.3847551571862075,0.865706113135452,1.1297295720064577,0.9628195728446765,0.4474945275744651,-0.25821462302544884,0.357907140624275,0.9361682937890147,0.6176769317845772,-0.4248433882275802,-0.694374922029915,0.42427550486349236,-0.18066851602864512,1,0,0,0,0,0,0,0
-1.5798056581783615,-0.3407880425325077,1.110570898121708,0.9713341682971021,0.8089114248939774,-0.5194900691475416,0.6967133512818768,0.8467412766193834,0.43904901743011865,-0.7030270615676819,-0.7588927886320384,0.42427550486349236,-1.1056913180953083,0,0,0,0,0,0,0,1
-1.5798056581783615,1.058826840687528,0.8922210783376854,-0.07623742752991175,0.8037528419915868,1.0517767311755626,0.7074363654768411,-1.382278372138873,0.23453714964404937,-0.9245560359232542,-0.7423230547406321,0.42427550486349236,-1.1056913180953083,0,0,0,0,0,0,0,1
0.8102953438059464,0.9345404159547348,1.7035273192282157,2.9941013792785385,0.3224979312984503,-1.8418281471942475,-1.7726983341629843,-1.5717108578325474,0.13172168149579877,-1.0089333327264816,-0.9393310590523315,-2.356959071492339,-2.030714120161971,1,0,0,0,0,0,0,0
-1.5798056581783615,1.5295889154583187,2.0151271402129494,1.7153381253694928,0.3224979312984503,-0.7519344034613775,0.541339727336211,0.8906439078046585,0.6120875620756824,-0.4352797604144269,-0.7584257845141867,0.42427550486349236,-1.1056913180953083,1,0,0,0,0,0,0,0
0.8102953438059464,-0.8846907256221394,-0.9968466123736953,-0.6559169042160239,-0.643633622976156,-0.5805826286854059,0.5653450269547736,0.7300119762459338,0.6976427860402761,-0.2578015651542016,-0.6922127999117701,0.42427550486349236,-0.18066851602864512,0,0,0,0,0,0,0,1
-1.5798056581783615,1.5826487491390684,1.7844555417023094,1.427670128876663,0.3582675488741378,0.13848849048092501,0.7195588504962882,0.8138822193577999,0.5065514629920239,-0.6096796180889295,-0.5174177929919278,0.42427550486349236,-1.1056913180953083,1,0,0,0,0,0,0,0
-1.5798056581783615,-0.5058633937653068,1.195252439721384,1.435316287464171,0.35160658151610497,-0.7535616389077374,-0.02479275463236184,0.31906177983615713,0.7757737502621309,-0.04873532876802848,-0.642739773984175,0.42427550486349236,-0.18066851602864512,1,0,0,0,0,0,0,0
-0.3847551571862075,0.1884430056253897,0.9436589309949741,0.8392400517940105,0.35160658151610497,-0.38856812336907287,0.4746791711408281,0.9532461127265459,0.6112005934027659,-0.43692310434423764,-0.6937180860855323,0.42427550486349236,-0.18066851602864512,1,0,0,0,0,0,0,0
-0.3847551571862075,1.6534627145138865,0.5496396627428054,-0.4843546556779144,0.8023659528559147,1.1392334685120233,0.6998276475598254,-1.336560528094728,-0.5306785029672857,-1.2536409694337494,-0.7510588836780011,0.42427550486349236,1.669377088104681,0,0,0,0,0,0,0,1
-0.3847551571862075,1.6594945433629915,0.9826334300864232,0.1949332715795812,0.3298363196993095,1.144495161832229,0.5417607399844823,1.647089618352672,-1.6949543714069457,-0.5385136519623236,1.4991122264958805,0.42427550486349236,0.7443542860380179,1,0,0,0,0,0,0,0
-1.5798056581783615,1.23108749451635,1.171856172438755,0.323732115680562,0.3298363196993095,-0.3879275281049383,0.7941172157364094,0.01905772265082305,0.7009450961525749,-0.25006125645749105,-0.7388026992720944,0.42427550486349236,-1.1056913180953083,1,0,0,0,0,0,0,0
-1.5798056581783615,0.7485918633993752,2.2886675622403456,2.414264606680849,0.33620828742786274,-0.8382099310978861,-1.5662352541340585,-1.948822358295001,0.12492342181076364,-1.01397727940237,-0.6490461120336367,-2.356959071492339,-2.030714120161971,1,0,0,0,0,0,0,0
-0.3847551571862075,1.5021906101925613,0.7983985957703537,-0.10170843524726307,0.33620828742786274,-0.2427329686778985,-0.11567814594842782,0.9662818930531692,0.6871873206314261,-0.2818036940289392,-0.6992499459319155,0.42427550486349236,-1.1056913180953083,1,0,0,0,0,0,0,0
0.8102953438059464,0.5587261849445886,0.8582413764445492,0.9298588064951885,0.33408716088627227,-0.4907051854540951,-0.6965596564639194,-0.14731209263866066,0.8393909610613752,0.18774071464614725,-0.5532826397678514,0.42427550486349236,-0.18066851602864512,1,0,0,0,0,0,0,0
0.8102953438059464,1.6641318860482501,0.3363944198748774,-0.49794071244514543,0.33514808119140316,1.7198561763600617,0.7022477222752204,0.953217299824024,0.6112082580603424,-0.4369089183945276,1.498920612210884,0.42427550486349236,0.7443542860380179,1,0,0,0,0,0,0,0
-0.3847551571862075,1.275382796957136,0.4424233341792079,-0.4176721679770596,0.33514808119140316,1.5836792544306335,1.4194389068540245,0.8522939345482168,0.572821948581263,-0.5048891185521278,1.4855922790382303,0.42427550486349236,-0.18066851602864512,1,0,0,0,0,0,0,0
-0.3847551571862075,0.4601856902910551,0.9122143147544087,0.8952785216347997,0.33514808119140316,-0.36865266339079994,-0.14518364128551373,0.7326586471490024,0.7056486244712888,-0.23889891327080384,-0.6067751095342072,0.42427550486349236,0.7443542860380179,1,0,0,0,0,0,0,0
0.8102953438059464,0.3950725149591492,-0.25137999262075045,-0.6011243685716972,-0.46848190673474366,0.20896461448139841,0.5276257925173026,-0.4273364599896309,0.8611144735649189,0.29837865254821644,-0.539502453374299,0.42427550486349236,0.7443542860380179,0,0,0,0,0,0,0,1
0.8102953438059464,0.9725300565107319,0.5724363841327008,0.12646227307162355,0.35143864625602034,0.2629263649006415,0.38036592583949647,-0.8379244370534199,0.8380192307948215,0.18150231318605423,-0.5046429131726823,0.42427550486349236,-0.18066851602864512,1,0,0,0,0,0,0,0
0.8102953438059464,0.22656393594861882,0.7066187323620631,1.2532611940858507,0.35143864625602034,-0.49969983741654805,0.6528233831337514,0.6959633577230954,0.6699371031015925,-0.3198362192409384,-0.7101933496782888,0.42427550486349236,-0.18066851602864512,1,0,0,0,0,0,0,0
0.8102953438059464,0.2383725153661832,0.5871449190318563,0.8600591881199563,-0.9618794217027605,-0.4982215405192785,-0.4574135733370437,-0.4153420602827219,0.8612462519831559,0.2991347942223604,-0.520568288328961,0.42427550486349236,-0.18066851602864512,0,0,0,0,0,0,0,1
-0.3847551571862075,0.6104618674517969,-0.04193835619398214,-0.6966251169327955,-0.9618794217027605,0.2829027366078958,-0.7472408187240727,-0.5373811669780361,0.859604603236001,0.2898047841452488,-0.5426092784789377,0.42427550486349236,0.7443542860380179,0,0,0,0,0,0,0,1
-0.3847551571862075,0.651954132511419,1.335196792956467,1.233964861538632,0.39814165525359874,-0.28028142662351146,0.3369665205855582,0.13540833916255846,0.8919946636588213,1.002925850476984,-0.39113863180393144,0.42427550486349236,-0.18066851602864512,1,0,0,0,0,0,0,0
-1.5798056581783615,1.4378632985557165,1.29831937059838,0.016650213876687178,0.39814165525359874,0.30024278349718203,0.17042499935473387,0.45079848629450414,0.6573882087243077,1.8875524800181211,-0.12233943912334024,0.42427550486349236,0.7443542860380179,1,0,0,0,0,0,0,0
0.8102953438059464,1.5005213543491112,1.506609926149956,1.5849110218101596,0.3982639289392228,-0.058360381175941355,0.5324960147337175,0.8544260893348259,0.7124314944703217,-0.22250688726613632,-0.6826819944989744,0.42427550486349236,-0.18066851602864512,1,0,0,0,0,0,0,0
-1.5798056581783615,0.4714109674150159,1.2361538093836701,0.6781115670277432,0.3982639289392228,0.34068894032516034,1.5487251049240558,0.6423013848408122,-2.0440984308250765,0.7575690410615147,1.1870483107215763,0.42427550486349236,-1.1056913180953083,1,0,0,0,0,0,0,0
0.8102953438059464,0.6630059198462595,0.3176276045887888,0.17082733090074628,0.39920104533495726,-0.311312373457654,-0.6224368785104555,1.012703595144631,0.726951141778628,-0.18616879373689482,-0.6642504827407896,0.42427550486349236,-0.18066851602864512,1,0,0,0,0,0,0,0
-1.5798056581783615,0.42826632716889573,0.9807158165706802,0.4158978353788823,0.3984269457569715,-0.39667159301455596,0.2033612246865423,1.0134198015787432,0.7155798679946399,-0.21477563363807636,-0.6988096786910403,0.42427550486349236,-1.1056913180953083,1,0,0,0,0,0,0,0
0.8102953438059464,1.147245829878065,0.6398444742604671,0.256961924119965,0.8060511270155754,0.23195979487406343,0.37743972196252384,-1.57453863840861,0.12911098391226572,-1.01087782001945,-0.5447580321585946,0.42427550486349236,-1.1056913180953083,0,0,0,0,0,0,0,1
-1.5798056581783615,1.6029489650253237,1.6148389182462994,0.5758642420264729,0.40967502054109806,0.272654537902268,1.1257023427759816,-2.0197597243035355,-1.8176281186604262,1.8495633337298711,1.1119328373153057,-2.356959071492339,-1.1056913180953083,1,0,0,0,0,0,0,0
0.8102953438059464,0.8594276479546686,-0.06803360004473112,-0.5349655091554729,-1.0053870826551672,1.7956581943399488,2.238002440894395,1.5200988085525495,-0.46307546158520424,2.7901222547054974,0.4483734596021435,0.42427550486349236,1.669377088104681,0,0,0,0,0,0,1,0
-0.3847551571862075,1.5403781232586953,1.8702887420525054,2.3749737157554662,0.21677814078721747,-0.7161978025363512,-1.641871317641952,-1.4612668863377696,0.1797265857326636,-0.9714743605010298,-0.6680355332913922,-2.356959071492339,-2.030714120161971,1,0,0,0,0,0,0,0
-1.5798056581783615,0.5868447086166687,0.9084687441563042,0.15411048417487638,0.21677814078721747,-0.38832662925353906,-0.10539148459392585,0.7248750473391999,0.7027307868529845,-0.2458427617804818,-0.7145978045455078,0.42427550486349236,0.7443542860380179,1,0,0,0,0,0,0,0
0.8102953438059464,1.3630759413958646,0.9340327862209494,0.6915965502730196,0.2170067905030086,-0.4914424638912952,0.3069393831271664,-0.3742178161263293,0.7610569078694402,-0.09301928085987168,-0.5421761410719228,0.42427550486349236,-0.18066851602864512,1,0,0,0,0,0,0,0
-0.3847551571862075,1.14957059710351,1.2010155596957868,0.7485710649349192,0.2170067905030086,0.12008665947763777,0.28380948325792643,0.9532543449844092,0.6110273481293897,-0.4372436822824363,-0.6821124990193806,0.42427550486349236,0.7443542860380179,1,0,0,0,0,0,0,0
-1.5798056581783615,-0.4403057095915862,0.6465609468166165,0.5169801802195291,1.1322435644210722,-0.5546366660101498,0.6648160660484385,0.9561644481391052,0.6862578639756932,-0.28390147943169436,-0.7085329896180649,0.42427550486349236,-1.1056913180953083,1,0,0,0,0,0,0,0
-0.3847551571862075,1.214712843237507,0.6864137465856169,-0.023698320661163515,-0.8261171509990476,1.0712936163832971,1.6855318581860068,-0.1393309186401375,-1.992319347671737,1.3029436136882941,1.1373275230673345,0.42427550486349236,0.7443542860380179,0,0,0,0,0,0,0,1
-1.5798056581783615,0.020917223745399744,0.14355005742666432,-0.6127777827361447,-0.8261171509990476,0.384639246883974,1.2716035939719683,0.2859845677411946,-1.1250323018799098,-1.105807728373412,1.7919451978904104,0.42427550486349236,-2.030714120161971,0,0,0,0,0,0,0,1
-1.5798056581783615,1.5992240861007918,1.4098996290858792,0.3482621684316477,0.6528963155223683,1.3677556750464674,1.2712565193337078,0.8366279478342511,0.47349162743972384,-0.6569145826847409,1.4644443005792604,0.42427550486349236,-0.18066851602864512,1,0,0,0,0,0,0,0
-1.5798056581783615,0.6069170429262841,1.35112508442599,1.031487890588942,0.3588109126783873,-0.23676173766742303,0.43613792398389356,0.8682274696427416,0.5660036041973455,-0.516362299883265,-0.6823887800814685,0.42427550486349236,-0.18066851602864512,1,0,0,0,0,0,0,0
-1.5798056581783615,0.40499427219343115,1.6255095594303095,1.898551523027318,0.35680371401538225,-0.5915230420218699,0.32709812699311813,-0.16965444047980763,0.8368767904000921,0.176361236239274,-0.543088759806045,0.42427550486349236,-0.18066851602864512,0,0,1,0,0,0,0,0
-1.5798056581783615,0.3373068801316593,0.5293991603481903,-0.30939907010748274,0.35726392300119775,0.10632230798198335,0.07183414336762667,-0.9886653107893231,-1.431219277414635,2.4145586401167143,0.982816002250898,-2.356959071492339,-0.18066851602864512,1,0,0,0,0,0,0,0
0.8102953438059464,1.1851435675159756,1.1344380313188271,1.4727053689422156,0.35726392300119775,-0.9481742087158412,-1.6477162836960453,-2.1526119017023673,0.2759547895826729,-0.8859499380426302,-0.9021971018492696,-2.356959071492339,-2.030714120161971,1,0,0,0,0,0,0,0
0.8102953438059464,-0.33339548964370586,-1.018150333025265,-1.0383401927877183,0.24506027101416672,1.0373256733168823,0.2695228573888763,-0.20447277511286982,-2.0214459095005144,1.1246032641653076,1.7156568668141157,0.42427550486349236,0.7443542860380179,0,1,0,0,0,0,0,0
0.8102953438059464,-0.5668859542189096,-1.527035244548342,-1.3456911503975046,0.24506027101416672,0.9744987176816418,0.26485372414262137,-0.20033194940760196,-2.0214530996842197,1.1245475862932561,1.689027828575017,0.42427550486349236,0.7443542860380179,0,1,0,0,0,0,0,0
0.8102953438059464,0.9138078813718035,-1.0825310009116333,-1.5675702777526848,0.24506027101416672,2.742241911678387,2.350106978845213,1.5297470147684022,-0.5585660665563984,2.7955115488724647,1.1046693190700945,0.42427550486349236,0.7443542860380179,0,1,0,0,0,0,0,0
0.8102953438059464,-0.11335003809026976,-0.9210653332646707,-1.0408622333567596,0.24506027101416672,1.170703116118644,0.4987327222361626,0.14984771945488407,-2.005386733088955,1.231977037084459,1.7149189290095714,0.42427550486349236,0.7443542860380179,0,1,0,0,0,0,0,0
0.8102953438059464,-0.5090171621618673,-1.6604186910642897,-1.4740372928433396,0.24506027101416672,1.0319092974019632,0.26357401567819694,-0.20455921382043507,-2.021428828281674,1.1247354980049251,1.7149135816341765,0.42427550486349236,0.7443542860380179,0,1,0,0,0,0,0,0
0.8102953438059464,-0.32035466116044214,-1.4631899230790255,-1.4055120512871413,0.24506027101416672,1.0141122458274248,0.26979592680111886,-0.22677807779363163,-2.019663781102174,1.1381351257292585,1.702524604072621,0.42427550486349236,0.7443542860380179,0,1,0,0,0,0,0,0
0.8102953438059464,-0.01359323676357744,-1.0253864137068518,-1.2241812684897104,0.24506027101416672,1.0355912185732905,0.263359495975675,-0.20440691704996297,-2.02146343359195,1.1244675488686116,1.7148137639601315,0.42427550486349236,0.7443542860380179,0,1,0,0,0,0,0,0
0.8102953438059464,0.03301088969986718,-1.2632210197525144,-1.3986684198867658,0.24506027101416672,1.1675365760625918,0.49806537611466983,0.14479311312678383,-2.005193203282049,1.2331125975325594,1.7149198202388043,0.42427550486349236,0.7443542860380179,0,1,0,0,0,0,0,0
0.8102953438059464,-0.08272387962098288,-0.7952889542709669,-0.9596989143715982,0.24348730475269248,1.0147143317745688,0.2716194490065466,0.1498147904234307,-2.0053785323967803,1.2320252154877496,1.714900213195688,0.42427550486349236,1.669377088104681,0,1,0,0,0,0,0,0
0.8102953438059464,-0.39642021884503686,-1.1233162720881982,-1.130882140728853,0.24348730475269248,1.0319212174722743,0.2634309549593941,-0.2044480783392798,-2.021449954118006,1.1245719453962453,1.7149144728634087,0.42427550486349236,0.7443542860380179,0,1,0,0,0,0,0,0
0.8102953438059464,0.00035536658909146894,-1.0988000792046595,-1.2576225503248974,0.24348730475269248,1.3707642177223116,0.4987524579762729,1.0839002772758615,-1.988061566604808,1.3239790479702862,1.7149242763849668,0.42427550486349236,1.669377088104681,0,1,0,0,0,0,0,0
0.8102953438059464,-0.24038510841670777,-1.2913999350262355,-1.3191485608562006,0.24348730475269248,1.426100912863925,0.27229800347454425,0.15007410654612638,-2.005397861230153,1.2319116516679562,1.714923385155734,0.42427550486349236,1.669377088104681,0,1,0,0,0,0,0,0
0.8102953438059464,-0.18843748672539937,-1.1286434956340499,-1.1869399760357533,0.24348730475269248,1.2395218072960614,0.2731858927522499,0.1502264033165984,-2.005428309130686,1.2317326995130884,1.7149126904049437,0.42427550486349236,1.669377088104681,0,1,0,0,0,0,0,0
0.8102953438059464,0.395197240116483,-0.6499020824414461,-1.0086370499846455,0.24348730475269248,1.1757600356892317,0.4987295363129526,0.14988064848633756,-2.005388490268732,1.2319667131050562,1.714918037780339,0.42427550486349236,0.7443542860380179,0,1,0,0,0,0,0,0
0.8102953438059464,-0.020419368825973408,-1.5445324411876338,-1.5783670132422214,0.24348730475269248,1.0350791399875559,0.26374115863791414,-0.20112224616248417,-2.021553643505433,1.123768067121766,1.7149135816341765,0.42427550486349236,0.7443542860380179,0,1,0,0,0,0,0,0
0.8102953438059464,-0.178016828051537,-0.7541890092528077,-0.8133362639574587,0.24348730475269248,1.0462414780364484,0.2694664886119963,-0.2026328654804099,-2.0214382686911656,1.1246624216018741,1.7149207114680372,0.42427550486349236,0.7443542860380179,0,1,0,0,0,0,0,0
0.8102953438059464,-0.28849813015427883,-0.1923972711991255,-0.11616860569509734,0.24371211040953897,0.6884383069945571,0.26950107639296733,-0.2025958203200248,-2.0215132730742,1.124081273282913,1.7142237702081895,0.42427550486349236,0.7443542860380179,0,1,0,0,0,0,0,0
0.8102953438059464,-0.07572800920662101,-0.9347634735867104,-1.0738099748129346,0.24371211040953897,1.3705363867694824,0.4986410954216808,1.0839414385651782,-1.988059458995475,1.323989247220492,1.7149055605710837,0.42427550486349236,1.669377088104681,0,1,0,0,0,0,0,0
0.8102953438059464,-0.33836762176206614,-0.8012319227925665,-0.820512027278529,0.24371211040953897,1.0385191951879822,0.2739451535333506,-0.20419699447444745,-2.0214184865502407,1.1248155335195371,1.7149207114680365,0.42427550486349236,0.7443542860380179,0,1,0,0,0,0,0,0
0.8102953438059464,-0.4851336723551196,-1.5694539957282865,-1.4227397671777042,0.24371211040953897,1.1680653299287789,0.49860619621036123,0.1500864549329214,-2.0054277237055436,1.231736140936507,1.7149198202388043,0.42427550486349236,0.7443542860380179,0,1,0,0,0,0,0,0
0.8102953438059464,-0.16126612558211545,-0.9120046656591719,-1.0181767849860288,0.24371211040953897,1.0340461589729086,0.26723987313779196,-0.2005377558541859,-2.0211451625213335,1.1269240892967154,1.7149109079464786,0.42427550486349236,0.7443542860380179,0,1,0,0,0,0,0,0
0.8102953438059464,0.21752275768998314,-0.7977675801057831,-1.1315650206596775,0.24371211040953897,1.437463000611187,0.5888414006765686,1.0838261869550911,-1.988063674175297,1.3239688487049093,1.7149296237603622,0.42427550486349236,0.7443542860380179,0,1,0,0,0,0,0,0
0.8102953438059464,-0.25582666384071695,-1.2393789707395715,-1.2556804896562572,0.24371211040953897,1.168266904294607,0.49872228529665147,0.14991769364672256,-2.005398446878107,1.2319082103161925,1.7149251676141997,0.42427550486349236,0.7443542860380179,0,1,0,0,0,0,0,0
0.8102953438059464,0.5772633663507294,0.3570069019153752,0.1364307343493455,0.24371211040953897,1.3900369017119547,0.264141277643347,1.0827642256907184,-1.988389177429038,1.3223911798645522,1.714432317848604,0.42427550486349236,2.594399890171344,0,1,0,0,0,0,0,0
0.8102953438059464,0.041133039587878666,-0.39494497891303637,-0.5159038183428594,0.24371211040953897,1.043908266348757,0.26946944835884873,-0.2267945423093584,-2.0196992300021264,1.1378709782526784,1.7149189290095714,0.42427550486349236,0.7443542860380179,0,1,0,0,0,0,0,0
0.8102953438059464,0.031652978022668234,-0.47278534547847356,-0.703160215877068,0.24371211040953897,1.0407582972135587,0.26460998957010845,-0.2019578203356147,-2.021418036856732,1.1248190133115732,1.7144929214364169,0.42427550486349236,0.7443542860380179,0,1,0,0,0,0,0,0
0.8102953438059464,0.23946972322749552,-0.38065108347054477,-0.6563212652973878,0.24371211040953897,1.1795215446724305,0.4987317539331229,0.1502716807348469,-2.005415428768336,1.2318084105037916,1.714687209409111,0.42427550486349236,0.7443542860380179,0,1,0,0,0,0,0,0
0.8102953438059464,-0.6712416488358818,-0.8423090123824799,-0.6151227885149875,-0.6428441328061167,-0.1848392688566472,0.5697988589929963,-0.023280779540414503,0.6917750579113966,-0.2713643351852004,-0.6961921384350667,0.42427550486349236,-0.18066851602864512,0,0,0,0,0,0,0,1
-1.5798056581783615,-0.04534661216067973,0.5395021879895546,-0.14702556551416718,0.3607738194972063,-0.141012529900585,0.8622059177675838,-1.4288400226140119,-1.52298229411115,2.3160321064940637,0.8934649243132464,-2.356959071492339,-1.1056913180953083,1,0,0,0,0,0,0,0
-1.5798056581783615,0.9844811791967478,2.4729728108764197,2.391537104756223,0.35985531655315006,-0.10129137162521691,1.0405531695513683,-0.22648171651055088,-2.01965771492204,1.1381803082026871,1.1106646181173994,0.42427550486349236,0.7443542860380179,1,0,0,0,0,0,0,0
-0.3847551571862075,1.5566955695772755,1.3431101141762247,0.8052012906057692,0.35985531655315006,0.3336169870587624,-1.0912494196981768,-0.7889178059928644,0.7112295000685126,-0.22543775545518308,-0.6715808431784411,-2.356959071492339,0.7443542860380179,1,0,0,0,0,0,0,0
-0.3847551571862075,1.1805634297909795,1.5925974187124956,1.7535156706614052,0.35985531655315006,-0.16404515470891465,-0.3247484402038532,-0.14729974425186565,0.8393828215939155,0.18770348279103508,-0.5816977013889626,0.42427550486349236,-0.18066851602864512,1,0,0,0,0,0,0,0
-1.5798056581783615,1.3136697150054217,0.8128094431264483,-0.27695059041259945,0.35985531655315006,1.3334003107204873,1.4153852537026597,0.8053659485981587,0.5424502122023952,-0.554721773102301,1.4859862023590136,0.42427550486349236,-0.18066851602864512,1,0,0,0,0,0,0,0
-0.3847551571862075,0.5423177739723332,0.9945582404866592,0.6415161177730808,0.35985531655315006,-0.22832540516134217,-0.163208095692579,0.8906027465153419,0.6124043716819498,-0.43469194475987455,-0.6819173198174543,0.42427550486349236,-0.18066851602864512,1,0,0,0,0,0,0,0
-1.5798056581783615,-0.4545694077374162,0.2593481866111516,-0.16986244276087512,0.35985531655315006,-0.5575005713563115,0.8704290851565554,0.9532543449844092,0.6110334814905573,-0.4372323351928267,-0.7011019202771361,0.42427550486349236,-1.1056913180953083,1,0,0,0,0,0,0,0
0.8102953438059464,0.9329255518988037,1.0830000759772835,1.352952425019747,0.36048162665177597,-0.2604107669196264,-0.7006488596390886,0.9532419965976141,0.6111806648716561,-0.43695998738312164,-0.7396181740198696,0.42427550486349236,-0.18066851602864512,1,0,0,0,0,0,0,0
0.8102953438059464,0.15935762640506396,0.5272686225885781,0.8652854645249971,0.36048162665177597,-0.6013442133747637,0.47568698026439504,0.8692071083284807,0.3800255027519529,-0.7754928609484768,-0.7980498361929688,0.42427550486349236,-2.030714120161971,1,0,0,0,0,0,0,0
-1.5798056581783615,1.0086563201502974,0.8712442368692351,-0.09702830884312286,0.8008831530337934,0.9428534744541686,0.6963007420151107,-1.9449449648413606,0.12544669860784366,-1.013591281685265,-0.7423061213852137,0.42427550486349236,-1.1056913180953083,0,0,0,0,0,0,0,1
-1.5798056581783615,0.21876438372807858,-0.6748924981137546,-1.4047928131414624,-1.3560364414857424,0.6438554041708869,0.33976817891444977,-2.1579258241531636,0.2865000047725643,-0.8756614617725066,-0.571576010994992,0.42427550486349236,-0.18066851602864512,0,0,0,0,0,0,0,1
0.8102953438059464,-0.6906012676134851,0.5713527250699856,1.2607526329851002,-0.5272943239405008,-0.4311577418478111,-0.16570525558744978,0.8920186948678389,0.7014850739397291,-0.24878808424010454,-0.6319862020643329,0.42427550486349236,-0.18066851602864512,0,1,0,0,0,0,0,0
-0.3847551571862075,-1.096163891290016,-0.8534360711920901,-0.6150157387309796,-0.5272943239405008,-0.4108197551195689,0.49854703116868426,0.886807675640335,0.6919284725540737,-0.2710127735953087,-0.6313516468507636,0.42427550486349236,-0.18066851602864512,0,1,0,0,0,0,0,0
-0.3847551571862075,-0.5801246544020645,-0.04439004182894381,-0.16328446517595477,-0.5272943239405008,-0.368472437879025,0.601772141305951,0.6441371783443405,0.680074398875799,-0.2977138107205056,-0.6445730325155122,0.42427550486349236,-1.1056913180953083,0,1,0,0,0,0,0,0
0.8102953438059464,-0.8471352794813949,0.02032060930603672,0.25425969785858005,-0.5272943239405008,-0.33228513000179605,-0.1744143843428775,0.6993797447363879,0.6823528552258956,-0.29265308880278695,-0.6337918324894614,0.42427550486349236,-0.18066851602864512,0,1,0,0,0,0,0,0
0.8102953438059464,-0.685566304189375,-0.28454011480151054,0.30150973296439143,-0.5272943239405008,2.6399108341498425,1.5436125767019326,0.3219513023461949,0.7731732030819017,-0.05676897961020444,1.4787788315554529,0.42427550486349236,0.7443542860380179,0,1,0,0,0,0,0,0
-0.3847551571862075,-1.1099633867643353,0.9252609407841681,1.5542745043687702,-0.5272943239405008,-0.45791311122954054,-0.16538982201563737,0.8874250949800867,0.692199466655249,-0.2703913750189062,-0.6431140902618425,0.42427550486349236,-0.18066851602864512,0,1,0,0,0,0,0,0
0.8102953438059464,-0.8690822450189075,-0.16087893051951913,0.11199931482433,-0.5272943239405008,-0.14679973670651064,0.6095896507005018,0.328936373143252,0.7730471335492314,-0.05715606157251718,-0.6430222936508906,0.42427550486349236,-1.1056913180953083,0,1,0,0,0,0,0,0
0.8102953438059464,-1.0803687908676214,-1.9506423811746434,-1.4493402586591468,-0.5272943239405008,-0.45348811923060456,0.6108063244916448,0.8925249787264354,0.7016274017651236,-0.2484521454219041,-0.6437735998939229,0.42427550486349236,-1.1056913180953083,0,1,0,0,0,0,0,0
0.8102953438059464,-0.9172627869535492,-0.5069856581680197,-0.24069321885863823,-0.5272943239405008,-0.28080162504419126,-0.19026038515779334,0.6424701461270109,0.6801286443828629,-0.2975937103754923,-0.6609769977696658,0.42427550486349236,-0.18066851602864512,0,1,0,0,0,0,0,0
0.8102953438059464,0.06974296182522903,-0.4931635321395088,-0.7692024366318734,-0.17439304017982935,1.2062090559268792,0.2638008087144007,0.7307364149379091,-2.0264010234334275,1.083821434709425,1.7148226762524568,0.42427550486349236,2.594399890171344,0,1,0,0,0,0,0,0
0.8102953438059464,-0.36596192381938375,-0.7495846223299613,-0.8639762137879932,-0.17439304017982935,1.204762778252956,0.2645419195167559,0.7307899246140207,-2.0264053973061142,1.0837830254217244,1.7141569280157485,0.42427550486349236,2.594399890171344,0,1,0,0,0,0,0,0
0.8102953438059464,-0.47744196625545204,-1.067845433437678,-0.9927518241246313,-0.17439304017982935,1.034596700886804,0.2682327386306228,-0.22742842616483674,-2.019837981115,1.136835179791695,1.7149296237603622,0.42427550486349236,0.7443542860380179,0,1,0,0,0,0,0,0
0.8102953438059464,-0.12727988587765515,-0.4363755799432837,-0.5827197757393409,-0.17439304017982935,1.4539557922247826,0.49879258455706504,0.7308063891297476,-2.0264077828287803,1.083762074852503,1.714228226354352,0.42427550486349236,1.669377088104681,0,1,0,0,0,0,0,0
0.8102953438059464,-0.20213195006183465,-1.089743687303998,-1.1560654064319031,-0.17439304017982935,1.043366598586983,0.26953696720129905,-0.2276753939007374,-2.01965771492204,1.1381803082026871,1.714923385155734,0.42427550486349236,0.7443542860380179,0,1,0,0,0,0,0,0
0.8102953438059464,-0.4646196415661865,-1.5059318890071913,-1.3937894187939894,-0.17439304017982935,1.032241672145134,0.26410965994062446,-0.20208953646142838,-2.0214742143084092,1.1243840309479625,1.714923385155734,0.42427550486349236,0.7443542860380179,0,1,0,0,0,0,0,0
0.8102953438059464,-0.11546661756876991,-1.2215404361896238,-1.294880308387907,-0.17439304017982935,1.221846181254318,0.2697417866481092,0.7307693439693624,-2.02640460209643,1.0837900089371655,1.7149242763849668,0.42427550486349236,2.594399890171344,0,1,0,0,0,0,0,0
0.8102953438059464,0.05538173360557963,-0.48434738721030796,-0.6468755523827744,-0.17439304017982935,1.0404707052579496,0.263597075025512,-0.2045427493047084,-2.021427479492712,1.1247459374522408,1.714923385155734,0.42427550486349236,0.7443542860380179,0,1,0,0,0,0,0,0
0.8102953438059464,-0.1812418680823234,-0.9696660856697251,-1.0748763942898198,-0.17439304017982935,1.155083727580295,0.4986657206542838,0.15005352590146806,-2.0054206982630585,1.23177743790796,1.702522821614156,0.42427550486349236,0.7443542860380179,0,1,0,0,0,0,0,0
0.8102953438059464,0.19461456375995695,-0.6834311787826335,-0.978903997606752,-0.17439304017982935,1.1768339714551823,0.4987513716164108,0.14986006784167907,-2.005387904546508,1.2319701544329298,1.7148378271494102,0.42427550486349236,0.7443542860380179,0,1,0,0,0,0,0,0
0.8102953438059464,-0.3683626515703749,-1.5341751644168158,-1.4540613294173483,-0.17439304017982935,1.031723379821,0.2636896013508283,-0.20445219446821147,-2.0214202852800986,1.1248016143406045,1.7149260588434319,0.42427550486349236,0.7443542860380179,0,1,0,0,0,0,0,0
-0.3847551571862075,0.9082271275949036,0.3932259552948506,-0.39089309120006666,0.324506585588183,0.30943030058277904,0.8621546640501846,-0.7352476008527179,-1.494116168852057,2.3487771692954627,0.8924266422573358,-2.356959071492339,-0.18066851602864512,1,0,0,0,0,0,0,0
-0.3847551571862075,1.4764887566640132,1.2849887568159273,0.7297601365414113,0.324506585588183,0.2659105223291716,0.5656046119601852,-0.5372947282704708,0.858434584816133,0.28327058752139933,-0.556804777694854,0.42427550486349236,-0.18066851602864512,1,0,0,0,0,0,0,0
-1.5798056581783615,-1.038636453275974,0.5308499490920229,0.8824740379106192,0.3236948848167515,-1.5867962810447442,-1.6126089226809193,-2.146865785713745,0.27561617613382805,-0.8862771466683967,-0.8282758756146039,-2.356959071492339,-2.030714120161971,1,0,0,0,0,0,0,0
-1.5798056581783615,1.1053793893464419,1.1428010665876318,0.2952460958224552,0.3565107837306747,-0.370186702900656,-0.41126781463388984,-1.586249025219233,0.7805761751849876,-0.03364692988480683,-0.5448337866433607,0.42427550486349236,-0.18066851602864512,1,0,0,0,0,0,0,0
-0.3847551571862075,1.3852489119811942,0.43935232909555644,-0.696134695734531,0.3585183554592222,1.5046992240352919,-0.11506725260132587,0.47480786635298045,0.5857131263785055,2.023897242989873,-0.0911740440906066,0.42427550486349236,0.7443542860380179,1,0,0,0,0,0,0,0
-0.3847551571862075,1.3548496976343807,1.7843848308074983,1.9724568597776229,0.3585183554592222,-0.6099987365505155,-1.3885241541945468,-2.0083456987759933,0.14537904946761795,-0.9986076088436846,-0.8364012125276821,-2.356959071492339,-0.18066851602864512,1,0,0,0,0,0,0,0
0.8102953438059464,-0.22898258925622517,0.3534676350588511,0.30721203512843603,-0.4014600603292334,0.08754194502244075,-0.39718560543596787,0.6421984816175202,0.6797094394414451,-0.2985213502639822,-0.552896737510161,0.42427550486349236,1.669377088104681,0,1,0,0,0,0,0,0
0.8102953438059464,1.687960984877724,1.36339262952081,1.564537128239572,-0.4014600603292334,-0.1182301295358511,-0.4977934263573647,0.7239448022006408,0.7014850739397291,-0.24878808424010454,-0.5533851311295934,0.42427550486349236,0.7443542860380179,0,1,0,0,0,0,0,0
-1.5798056581783615,0.6152942694744493,0.40512838308805016,-0.5692230962245233,0.799398956068406,0.42857959491196546,0.6915729362960693,0.838558412303208,0.5924527754337008,-0.47086949541202155,-0.7580069067748922,0.42427550486349236,-0.18066851602864512,0,0,0,0,0,0,0,1
-1.5798056581783615,1.6754124932241425,2.0177983167860916,1.4388421352670586,1.2104498831278547,-0.2752760435028475,0.9787479037257742,-1.6447515657251692,-1.6690626959889812,2.1205788489510677,0.9226375307820178,-2.356959071492339,-1.1056913180953083,1,0,0,0,0,0,0,0
-0.3847551571862075,0.9099948509663389,1.3900422988207903,1.3715642030688104,0.3607738194972063,-0.4875834476204454,-0.08382737886677538,0.9520524353363592,0.6112772359264013,-0.4367812407092336,-0.7118296465492346,0.42427550486349236,-0.18066851602864512,1,0,0,0,0,0,0,0
0.8102953438059464,-0.26757522512527515,-0.8881248775314594,-0.9443355822059692,-0.3901247913880867,0.20453985709228845,-0.013939342697659538,-0.05236123044271794,0.8751850095116371,0.38793535333524254,-0.5289609940118015,0.42427550486349236,0.7443542860380179,0,1,0,0,0,0,0,0
0.8102953438059464,-0.3902149002068115,-0.5775238137513969,-0.5007913786816648,-1.3805554711513532,-0.44902647071728563,-1.3135857449225465,-0.46705710418032137,0.8726934475859932,0.3705451155500586,-0.5217464933743807,0.42427550486349236,0.7443542860380179,0,0,0,0,0,0,0,1
-1.5798056581783615,0.28795223154574656,1.6075145814302152,1.5948768719381081,0.3595629532628602,-0.6171993341913916,-0.039942865620923584,0.8531295087213473,0.7086851400369699,-0.23160450195235868,-0.730825306411618,0.42427550486349236,-1.1056913180953083,1,0,0,0,0,0,0,0
0.8102953438059464,-0.9667909253285825,-0.914339069122379,-0.4890103378240591,-0.5537737139748247,-0.6687105873119191,-0.4660815492337172,0.8449425282762405,0.5932009923542544,-0.4695427761593245,-0.7567172980754051,0.42427550486349236,-0.18066851602864512,0,0,0,0,0,0,0,1
-0.3847551571862075,0.9883120285235758,1.5798289763804394,1.483794075771623,0.325275179628295,-0.08056608120694722,-0.0029637981930490053,0.7798582976085515,0.5283965829094883,-0.576719102661591,-0.648876778479454,0.42427550486349236,-1.1056913180953083,0,0,1,0,0,0,0,0
0.8102953438059464,1.5422996433998022,1.1800910525534598,0.9246219474606308,0.325275179628295,0.46155701578821684,-0.801837533823422,0.9453513774355878,0.6143172396456581,-0.43113330339196737,-0.5813171465066675,0.42427550486349236,0.7443542860380179,1,0,0,0,0,0,0,0
-0.3847551571862075,0.23956537677249204,1.4789022318363059,1.6512122034759718,0.325275179628295,-0.3968793197407968,-0.8802577068064096,-0.5384842895317257,0.8588185441686258,0.28540459491981485,-0.5445298774750639,0.42427550486349236,-0.18066851602864512,1,0,0,0,0,0,0,0
0.8102953438059464,1.494777426019898,0.3694628350795159,-0.2979837161036433,0.325275179628295,0.2450000536064323,0.1276155729510823,0.3224863991073131,0.7730765550478556,-0.05706574569498857,-0.6476094505107802,0.42427550486349236,0.7443542860380179,1,0,0,0,0,0,0,0
-1.5798056581783615,1.3944551405107204,1.6429184337240248,1.014715318997071,0.3257020143247859,0.43154397154812174,0.37956404471765187,0.6055731663834515,0.5260673271529864,2.1214821768121768,-0.047415580002065846,0.42427550486349236,0.7443542860380179,1,0,0,0,0,0,0,0
0.8102953438059464,1.2101148874013938,0.299192422196484,-0.2856399373549201,0.3257020143247859,0.4544004132802729,0.3372008578603919,0.418289299992113,0.6587859393801381,1.884641140277146,-0.09171412900552652,0.42427550486349236,0.7443542860380179,1,0,0,0,0,0,0,0
-0.3847551571862075,0.8690239943487363,0.7105759600849308,0.11084045273479516,0.3257020143247859,0.4437275413408065,0.32926383355804384,0.4466576605892363,0.6572931951211619,1.8877499889166172,-0.07997753124219155,0.42427550486349236,-0.18066851602864512,1,0,0,0,0,0,0,0
-1.5798056581783615,0.9935354866751809,1.7250860312069614,1.6049064942277036,0.3257020143247859,-0.45837721223925426,-0.1743172067763659,0.71442419598167,0.6894144484376287,-0.276753622644115,-0.7236571496942892,0.42427550486349236,-1.1056913180953083,1,0,0,0,0,0,0,0
0.8102953438059464,0.6270297023494558,0.5061541973358845,0.20332626616278637,0.3248482292396312,0.3826554808107911,-0.11201570728877709,0.6024531406532398,0.5320628118816745,2.112220689579439,-0.05981346985594655,0.42427550486349236,0.7443542860380179,1,0,0,0,0,0,0,0
-1.5798056581783615,0.3000355822634065,0.95174001701882,0.4879849763556558,0.3248482292396312,-0.39289873043763757,-0.0620953773332778,0.6942757448611073,0.6699260285936256,-0.3198600440873422,-0.6385625825712544,0.42427550486349236,-0.18066851602864512,1,0,0,0,0,0,0,0
-1.5798056581783615,0.913765681349915,1.3483791774350118,0.6934435705543874,0.3248482292396312,-0.32134891824486594,0.3670402725688402,0.8538045538661426,0.5734661235015148,-0.5037962646435569,-0.7157555113185787,0.42427550486349236,-0.18066851602864512,1,0,0,0,0,0,0,0
0.8102953438059464,0.80228001256836,0.46892989411039776,0.2166157369379658,0.3248482292396312,0.45555602041020804,0.30633266665638753,0.44620488640675166,0.6570789983945815,1.8881950648965304,-0.10053373349075428,0.42427550486349236,-0.18066851602864512,1,0,0,0,0,0,0,0
-1.5798056581783615,1.2721455651607192,1.2846329555943419,0.2134297336360861,0.3248482292396312,0.8176889515006521,-0.12644862948760374,-0.5385089863053157,0.8587538461022189,0.28504431232913485,-0.5563226226800493,0.42427550486349236,-0.18066851602864512,1,0,0,0,0,0,0,0
0.8102953438059464,1.6774690537593908,1.042774376131512,0.5056346735182325,0.36043988039180413,0.8081674006940691,-0.11581987603086732,0.3468456501249821,0.8134148125700688,1.4612058350400239,-0.06911166443904901,0.42427550486349236,1.669377088104681,1,0,0,0,0,0,0,0
-0.3847551571862075,0.6603519903434455,-0.195107427212364,-0.9115552279432619,-0.639453826798052,1.1527378389124296,0.7061708273134378,0.9719415703342263,-1.8295572440173948,-0.2818882390804994,1.4439674177323931,0.42427550486349236,-0.18066851602864512,0,0,0,0,0,0,0,1
-1.5798056581783615,-0.4229370068707377,0.3591811903628272,0.24018536132709786,-1.1973518381742776,-0.7694830836195028,-1.2821082401345685,-0.5842968045412992,0.734323435606347,-0.1670167815896378,-0.6776215949166056,0.42427550486349236,-0.18066851602864512,0,0,1,0,0,0,0,0
-1.5798056581783615,0.7786018973358131,0.5169473123710618,-0.538275796446668,1.5827739970791113,0.8516509032418819,0.7643372427757665,-1.9490487453862433,0.12501404061434138,-1.0139104607349845,-0.7091265482869372,0.42427550486349236,-1.1056913180953083,1,0,0,0,0,0,0,0
-0.3847551571862075,-0.433755286283451,0.2704360608194116,0.2338313924885871,1.5636559387322673,-0.26071522616057174,0.2803021876118769,-0.5371300831132036,0.8578797694003365,0.2802043873336975,-0.5748405836737905,0.42427550486349236,0.7443542860380179,1,0,0,0,0,0,0,0
0.8102953438059464,0.7268155744782403,0.10221864545261074,-0.34341799187384564,0.8130198977970579,0.4840716746414673,0.3871906709760408,-0.9782885497525635,-0.0665446994393816,-1.1318400810690457,-0.5419952215377168,0.42427550486349236,-0.18066851602864512,0,0,0,0,0,0,0,1
-1.5798056581783615,1.040015826245703,0.7337612115963704,-0.33432813610903517,0.8130198977970579,0.7586344920707488,0.33840528800896286,-1.3182684511223521,-0.5040047342007876,-1.2522990123695337,-0.5233302077206065,0.42427550486349236,-0.18066851602864512,0,0,0,0,0,0,0,1
-1.5798056581783615,-0.7840270876904527,0.3291884299980231,0.3865572045932781,0.3143946171782737,-0.5450105034462893,0.883610872616554,0.9357196357354618,0.617922736315585,-0.4243811996918068,-0.7010511202108812,0.42427550486349236,-1.1056913180953083,0,0,0,0,1,0,0,0
-1.5798056581783615,0.4823924213800426,1.3253806034610265,0.7448205350504493,0.3143946171782737,-0.28519998443780703,0.19486209025293616,0.9535548223964218,0.6107497532467033,-0.43775707647859974,-0.6934382401065143,0.42427550486349236,-0.18066851602864512,0,0,0,0,1,0,0,0
0.8102953438059464,0.5804387042955623,1.0866615788446725,1.7426795898864618,0.3143946171782737,-0.8226666362880849,-1.3449317474170666,-0.58270386264474,0.7353693537610011,-0.16425897630388236,-0.6490612629305899,0.42427550486349236,-1.1056913180953083,0,0,0,0,1,0,0,0
0.8102953438059464,1.349147031062645,1.4435606151366103,1.9471664308543348,0.3143946171782737,-0.3610511246848689,-0.25938605150654387,0.8228553804288575,0.4909142730129824,-0.6324033686366268,-0.794809326703449,0.42427550486349236,-1.1056913180953083,0,0,0,0,1,0,0,0
0.8102953438059464,0.01427396006501219,0.868832552318753,1.4021681783548547,0.3143946171782737,-0.5011853990891947,0.5655796024852877,0.9347111841472007,0.618377678852368,-0.4235250427655294,-0.6948971823601843,0.42427550486349236,-0.18066851602864512,1,0,0,0,0,0,0,0
-1.5798056581783615,0.012913235215069619,0.5667250901477064,0.060617119905711066,0.3143946171782737,-0.5347717464158188,-0.09441986853008072,0.8543561151429874,0.7124705754849061,-0.22241140319492744,-0.6941726129941284,0.42427550486349236,-0.18066851602864512,1,0,0,0,0,0,0,0
-0.3847551571862075,1.3067601203534147,1.6818996859524342,1.6089095412124617,0.3143946171782737,-0.5987686781712869,0.5655435072804161,0.6928433319928836,0.6696490872615682,-0.3204555961440253,-0.6976724701903175,0.42427550486349236,-1.1056913180953083,1,0,0,0,0,0,0,0
0.8102953438059464,-0.12109894996044616,-0.37726762521421475,-0.40027569022353654,0.3143946171782737,-0.33945738118123775,-0.1256217634022068,0.732230569740108,0.7055512155736582,-0.23913175386833205,-0.6741431272219972,0.42427550486349236,-1.1056913180953083,1,0,0,0,0,0,0,0
-0.3847551571862075,1.378300868744453,1.0698725323209266,0.42986053406119096,0.3143946171782737,-0.005375867196995699,0.49868453914593347,0.3275163086618233,0.7734241158759699,-0.055997933264164426,-0.5894603080043966,0.42427550486349236,-0.18066851602864512,1,0,0,0,0,0,0,0
-0.3847551571862075,1.3427203962679235,0.5676122520491726,-0.3474296038631419,1.179135277786137,0.5144232113624255,0.10610202501775817,-0.5372329863364956,0.8582884615547031,0.2824610499831101,-0.5569188550366194,0.42427550486349236,1.669377088104681,1,0,0,0,0,0,0,0
-0.3847551571862075,1.14905200264448,1.4674597085459575,1.5983153727608619,0.35985531655315006,-0.24189443501579025,-0.14679159967251057,0.8677499986866669,0.3812045954780698,-0.7741202426942804,-0.8043107215515708,0.42427550486349236,-1.1056913180953083,1,0,0,0,0,0,0,0
-0.3847551571862075,0.8860682228732912,1.7555391584347282,2.17771195007945,0.35985531655315006,-0.7557545974541949,-0.11309879630358899,-0.5364138766790918,0.8596961077993516,0.29031978459512126,-0.5334474419684141,0.42427550486349236,-0.18066851602864512,1,0,0,0,0,0,0,0
-0.3847551571862075,0.4191369966190824,0.4162306281466032,-0.0024200802728806163,1.1820372101318413,-0.41419652284036396,1.032922221482347,-2.0360060851968678,-1.7815263238642267,1.9246363240016189,0.9115827233815768,-2.356959071492339,-1.1056913180953083,0,0,1,0,0,0,0,0
0.8102953438059464,1.125576448813391,0.4337294811940758,-0.009806125889883624,0.7934481439549907,0.09730202060220595,0.43438192032674877,0.7099746606065264,0.6875439002471513,-0.28099737035052563,-0.7107583890117202,0.42427550486349236,-0.18066851602864512,0,0,0,0,0,0,0,1
0.8102953438059464,0.18568967114042423,-0.18487076959452853,-0.3766347875501499,0.7934481439549907,-0.3785365104975219,-0.2553623304704351,0.8686185018912508,0.5659464194671259,-0.5164578030497048,-0.7758876388673668,0.42427550486349236,-0.18066851602864512,0,0,0,0,0,0,0,1
-1.5798056581783615,1.6660749749273842,1.532695508342443,0.5386773764676563,0.7934481439549907,-0.2605312730067414,0.20378565842390864,0.7225412022349387,0.6926815679802614,-0.2692846526187503,-0.7147056432826452,0.42427550486349236,-0.18066851602864512,0,0,0,0,0,0,0,1
0.8102953438059464,0.07135782669140521,0.03168640859557669,0.03595993206969741,0.7934481439549907,-0.3082637476641408,0.4345732104601845,0.8346110446577291,0.5897857992051078,-0.4755801124307128,-0.7758929862427619,0.42427550486349236,-1.1056913180953083,0,0,0,0,0,0,0,1
0.8102953438059464,0.812972628559328,0.8691038554590605,1.0322765089687473,0.7964896653234047,-0.41010592554825004,-0.016268506658608763,0.8449178315026502,0.5931348664717092,-0.4696601204357754,-0.7186493326366402,0.42427550486349236,-0.18066851602864512,0,0,0,0,0,0,0,1
0.8102953438059464,0.8532851606221931,0.7348740793720141,0.7388802224822697,0.7964896653234047,-0.22782831673388446,0.20414423229169573,0.7367089180177735,0.7148787362434448,-0.21650424053507908,-0.6993310477920769,0.42427550486349236,-0.18066851602864512,0,0,0,0,0,0,0,1
0.8102953438059464,0.30669478833633446,-0.17943819161885627,-0.4235575593761624,0.7991461874628516,-0.25227281153085945,0.43422109899547573,0.8389906058410342,0.592416525678171,-0.4709337149043304,-0.7617563081561933,0.42427550486349236,-1.1056913180953083,0,0,0,0,0,0,0,1
0.8102953438059464,-0.14197308954741697,-1.067376083410925,-1.178015507334526,0.7991461874628516,-0.5356838471503729,-0.45570086359379897,0.7252743118455728,0.7033097688181242,-0.24446994321656199,-0.7074430162666668,0.42427550486349236,-0.18066851602864512,0,0,0,0,0,0,0,1
0.8102953438059464,0.03189961597483791,-0.32020369170020646,-0.44631826150718173,0.7963313976417076,-0.5429090381648379,-0.38951059419214423,0.9325790293605916,0.608367732288288,-0.4421486028980759,-0.7672168696639732,0.42427550486349236,-1.1056913180953083,0,0,0,0,0,0,0,1
0.8102953438059464,0.23433535401098815,0.3307791867951787,0.4306691072184393,0.7963313976417076,-0.546781556352695,-0.3911643733597224,0.7269289956761071,0.6984853615686392,-0.2558341010186872,-0.710762845157883,0.42427550486349236,-0.18066851602864512,0,0,0,0,0,0,0,1
-1.5798056581783615,0.4912469806297611,1.286970664154153,0.6465577938159737,0.3585601526745192,-0.10015545309991178,0.2498056431970808,0.28843366445554286,0.8215598277847175,0.1116556501768822,-0.5895414098645578,0.42427550486349236,-0.18066851602864512,0,0,0,1,0,0,0,0
0.8102953438059464,0.8696907584217047,1.1342946877426137,1.4803827345903198,0.3585601526745192,-0.17063235621345366,0.14913839489751185,0.4089621518329313,0.6976166743633334,-0.25786245650593065,-0.6856230509663604,0.42427550486349236,0.7443542860380179,0,0,0,1,0,0,0,0
-1.5798056581783615,1.1176437319172867,1.4440532308560183,0.3072388283948645,0.38101138430454273,0.7831450078721028,0.7651810361472772,-0.3349540622470551,-0.532199825957332,2.794875978463581,0.3682510603674564,0.42427550486349236,-0.18066851602864512,0,0,1,0,0,0,0,0
-1.5798056581783615,1.0393931371029554,1.6601775614662337,1.3228566976807232,0.38101138430454273,-0.36415141665682227,-0.24584018364250287,0.874644514647227,0.7070661915103541,-0.23550232750709194,-0.6981109549727278,0.42427550486349236,-1.1056913180953083,0,0,1,0,0,0,0,0
-1.5798056581783615,1.6015075907585137,1.6682762216716542,0.6611395043302061,0.3802695168014355,0.5917694322346744,-0.4417827260870311,0.4486375186053732,0.6569300033634362,1.8885045090627566,-0.06339799382922737,0.42427550486349236,0.7443542860380179,0,0,1,0,0,0,0,0
0.8102953438059464,0.4004891567295703,0.5658631158629472,0.7775608730465089,0.38158815090076426,-0.4340415759324213,0.5636813090825568,1.150993178862209,0.308435011557622,-0.8536373022966242,-0.7802609007114464,0.42427550486349236,-1.1056913180953083,0,0,1,0,0,0,0,0
-1.5798056581783615,1.2959962327282204,1.1044871135324759,0.06491445571423558,0.38158815090076426,0.4947815991301854,-0.6043647954326938,0.4734042663872784,0.5861887012032438,2.0230670413341425,-0.09209022774165898,0.42427550486349236,0.7443542860380179,0,0,1,0,0,0,0,0
-0.3847551571862075,1.5274695228070756,0.8172951164554676,0.0024319210773206157,0.7967112133658437,1.430402833694718,0.8112292681373049,0.4456821380324286,0.6328192396107641,1.9370251946906514,-0.10612174077878775,0.42427550486349236,-0.18066851602864512,0,0,0,0,0,0,0,1
-0.3847551571862075,0.8471173539247803,0.12503544830104485,-0.6817436158272109,0.7967112133658437,0.734726191942799,-0.019561174054299232,-1.461295699240291,0.17819564240763314,-0.9727199755203135,-0.7451393391154625,0.42427550486349236,-1.1056913180953083,0,0,0,0,0,0,0,1
0.8102953438059464,-0.8525397302964309,-0.18977509916258892,0.2604538976223135,-0.5474462928765462,-0.31242664422039285,0.44580650913019587,0.6442277331808374,0.6801055907875475,-0.2976447536582891,-0.6431336973049583,0.42427550486349236,-0.18066851602864512,0,1,0,0,0,0,0,0
-0.3847551571862075,-0.7622592390977934,0.028320676949704037,0.12573885435126914,-0.5474462928765462,-0.31645529576756587,0.6589966102763115,0.6442277331808374,0.6801055907875475,-0.2976447536582891,-0.6319888757520306,0.42427550486349236,-1.1056913180953083,0,1,0,0,0,0,0,0
0.8102953438059464,-0.5925624867620297,-0.5294886092949499,-0.25217905028848514,-0.547149157152148,-0.34644095062395175,0.4468637735511092,1.0141030789814016,0.7319109338371536,-0.17333882210376075,-0.6437566665385046,0.42427550486349236,-1.1056913180953083,0,1,0,0,0,0,0,0
0.8102953438059464,-1.0243849460855294,-1.18145590423255,-0.759773219969526,-0.547149157152148,-0.3384748574771027,-0.17452004986804964,0.6441207138286138,0.6800920293345453,-0.2976747786794664,-0.6454357424126123,0.42427550486349236,-0.18066851602864512,0,1,0,0,0,0,0,0
-1.5798056581783615,-0.7249297988151115,0.6786545412005242,0.37962993597506955,1.18908372774105,-0.4574241501484451,0.8237067152638287,0.9562097255573537,0.6862177018785756,-0.2839919964094767,-0.7260518826421274,0.42427550486349236,-1.1056913180953083,1,0,0,0,0,0,0,0
0.8102953438059464,-0.255225544246242,-0.04271300095812031,0.2808400081664045,-0.5604262484616875,-0.9025128185149123,-0.7740118889280269,-0.541608431390869,0.8597753324248674,0.2907661449459313,-0.5614757101026026,0.42427550486349236,-0.18066851602864512,0,0,0,0,0,0,0,1
-0.3847551571862075,1.0164099201015484,1.0388833522472964,0.6978493975170155,0.3482444698279373,-0.5210907284295314,-0.916116968264235,-0.050150869206406934,0.8754723024851199,0.3899936306746954,-0.5167306552536387,0.42427550486349236,-0.18066851602864512,1,0,0,0,0,0,0,0
-0.3847551571862075,0.999145312064418,1.7034093485896773,2.2714976818729062,0.3570547537663856,-0.9533189041077965,-1.09590586012314,-1.6886048033632644,0.09155106096043467,-1.0378334101296443,-0.8325867514124057,-2.356959071492339,-1.1056913180953083,1,0,0,0,0,0,0,0
-0.3847551571862075,0.7026685676828622,0.4147931509190826,-0.2973964654287374,0.3593540891133187,0.3164682350203365,0.48623244679117245,-0.5368378379590545,0.8578835045922679,0.2802249618873187,-0.5483737491550144,0.42427550486349236,0.7443542860380179,1,0,0,0,0,0,0,0
-1.5798056581783615,1.292365131630107,1.1737238328107038,0.1446183722210065,1.1764269493635333,0.5856008978954983,0.6518497499640432,-2.024110472584319,0.4092065831984281,-0.7406451444910653,-0.6570573716049498,0.42427550486349236,-0.18066851602864512,1,0,0,0,0,0,0,0
-1.5798056581783615,1.3629915405418416,1.6937669813524285,1.2468157719993949,0.21627499455289328,0.007199536445127579,0.0016465843033873918,0.846848295971607,0.5940160303414173,-0.4680949823674466,-0.6491851437939132,0.42427550486349236,-0.18066851602864512,1,0,0,0,0,0,0,0
0.8102953438059464,1.1802502099061507,0.08196466923543874,-0.5780688395950313,0.8038788622928104,0.7917717976237464,0.7113912289876089,-1.1041638886122014,0.5424838612494762,-0.5546683280127588,-0.7563073326284362,0.42427550486349236,-0.18066851602864512,0,0,0,0,0,0,0,1
0.8102953438059464,0.9124115211098711,0.146037075066847,-0.5449730786127217,0.37907355041615814,0.2935205874035614,0.07252067881653115,-2.0401839560625206,-1.784944475291405,1.9178309582714592,0.9835878067662785,-2.356959071492339,0.7443542860380179,1,0,0,0,0,0,0,0
0.8102953438059464,1.6234282978564323,0.7378096669701345,-0.013893745201287212,0.37907355041615814,1.3527456362824468,0.5327896890204054,1.4386406169946464,-1.8083810577614579,-0.3283162709370384,1.465433565027381,0.42427550486349236,-0.18066851602864512,1,0,0,0,0,0,0,0
-1.5798056581783615,0.07845403954208448,1.1184485809501912,0.6326453312916337,0.37705071400381446,-0.40855690504874553,-0.11457161754652927,0.7797183492248745,0.6928373156904949,-0.2689267726214763,-0.6780787955128991,0.42427550486349236,-1.1056913180953083,0,0,1,0,0,0,0,0
-0.3847551571862075,1.6991693821549791,0.9090558607963536,-0.026954758114962386,1.1798302440951587,0.521462259152793,1.4554107988426204,-1.6397381206863857,-1.6751188223752784,2.111211775719954,0.9093983205326182,-2.356959071492339,-0.18066851602864512,0,0,1,0,0,0,0,0
-1.5798056581783615,-0.10673959664912892,1.132654187660285,1.258116666392521,0.35533851754005824,-1.5973333843023982,-1.441585988548791,-1.7175658865265488,0.09387566720342423,-1.0362196299172979,-0.857016235905593,-2.356959071492339,-2.030714120161971,1,0,0,0,0,0,0,0
0.8102953438059464,1.32769240316506,0.902843186734939,0.6484549508365461,0.35533851754005824,-0.43938449908908506,-0.11828137294723652,1.0662873615772124,0.6814571058557437,-0.29464662131074065,-0.7234022581337824,0.42427550486349236,-0.18066851602864512,1,0,0,0,0,0,0,0
0.8102953438059464,0.48544584653003964,0.4901807563999764,0.461901308380099,-1.3547956452386052,-0.15527638306051705,-0.5015140122102508,-0.531095838099364,0.8586045495758955,0.2842140088602882,-0.5217482758328456,0.42427550486349236,-0.18066851602864512,0,0,0,0,0,0,0,1
-0.3847551571862075,-0.2544950106031123,0.7056394929432668,1.1041078217895217,0.35726392300119775,-1.8640801371992255,-1.765058354638503,-2.0169401759853365,0.4522683005134309,-0.6856835847340538,-0.8135928740084875,-2.356959071492339,-2.030714120161971,1,0,0,0,0,0,0,0
-0.3847551571862075,1.1587618206946624,1.0260795113437342,0.5916030908204649,0.19471815560414424,-1.513716586098789,-1.7746136755130375,-1.3825829656798172,0.23461461976440223,-0.9244864310317225,-0.8598378676558184,-2.356959071492339,-2.030714120161971,1,0,0,0,0,0,0,0
-0.3847551571862075,0.3105744014847039,0.2722685658160063,-0.1783842500600453,0.19471815560414424,-0.6135526622972943,0.5410624110720748,0.8541338441806767,0.7080128286395672,-0.23322561436978337,-0.6948731191709056,0.42427550486349236,-0.18066851602864512,1,0,0,0,0,0,0,0
-0.3847551571862075,1.5087672911300445,1.5971303735522155,1.2734753550607842,0.19471815560414424,-0.45040886833669763,0.020921733784314733,0.9357937260562321,0.6173156391680601,-0.42552223260728544,-0.6975619577654825,0.42427550486349236,-0.18066851602864512,1,0,0,0,0,0,0,0
-1.5798056581783615,0.02483059820767302,1.1513533040614814,1.0271443678603387,0.19471815560414424,-0.6409458163162997,0.5623544601535421,0.7401993953518361,0.7078509552796752,-0.23361541390144464,-0.6968373883994264,0.42427550486349236,-0.18066851602864512,1,0,0,0,0,0,0,0
-0.3847551571862075,0.9753734190054524,1.138842756647095,0.841530991918368,0.19471815560414424,-0.3002212858622034,-1.3884004699283847,-1.9089288366891801,0.7554273212883131,-0.10924695353021212,-0.6378647500821748,-2.356959071492339,-0.18066851602864512,1,0,0,0,0,0,0,0
0.8102953438059464,1.252680915055477,1.4327751686826322,1.9241105877773126,0.21901747813282085,-0.7043916888238179,-1.4464646115972213,-1.4183727067407552,0.7221706069622612,-0.19832887876336386,-0.633732120130881,-2.356959071492339,-2.030714120161971,1,0,0,0,0,0,0,0
0.8102953438059464,1.2262616571035962,1.0352478686884343,1.095590066879348,0.21901747813282085,-0.3291408327899406,-0.719631385930433,0.8540103603127264,0.707676265526868,-0.23403585099041452,-0.6598665261459195,0.42427550486349236,-0.18066851602864512,1,0,0,0,0,0,0,0
-1.5798056581783615,-1.8368924870265608,-0.7694848028871653,0.13767935360408667,-1.3538037114814607,-1.8315781808451774,-1.7213485771650698,-2.357492219276628,0.22259062794359538,-0.9351761047473597,-0.869456013533403,-2.356959071492339,-2.030714120161971,0,0,0,0,0,0,0,1
-0.3847551571862075,0.8976292276947658,0.2097715060331325,-0.5221509607611405,0.8044773210794709,0.42528769099621666,0.38519090606006734,-0.5371588960157254,0.858434584816133,0.28327058752139933,-0.5423133903737342,0.42427550486349236,-0.18066851602864512,0,0,0,0,0,0,0,1
-1.5798056581783615,1.4385797655248835,0.9428673371902313,-0.36899516962427337,0.35860194878077206,-0.25236250308534786,0.9742150903668301,-1.639832791651814,-1.6745416768659425,2.112109499814927,0.9041418505190901,-2.356959071492339,-0.18066851602864512,1,0,0,0,0,0,0,0
0.8102953438059464,1.704022415461493,0.3302333477428803,-0.46875551333069265,0.35860194878077206,0.5150310467845385,-0.6085584986460689,0.43582812536999205,0.5836273875430743,2.0275277837745054,-0.07113742848461517,0.42427550486349236,0.7443542860380179,1,0,0,0,0,0,0,0
-1.5798056581783615,1.6038426732207662,1.445796112060401,0.5293001116492883,0.7992725768358072,0.5903328639760282,0.7010439101550254,-1.4181998293256248,0.7230147175515509,-0.19619611024354036,-0.6666425420009303,0.42427550486349236,-0.18066851602864512,0,0,0,0,0,0,0,1
0.8102953438059464,1.4227827901941565,0.8746275460318794,0.4527722890139562,-0.6235462357850736,0.5296028345568579,1.4303551231953229,0.41612833230298224,0.5976327988860904,2.0028160384524925,-0.08614038138521393,0.42427550486349236,-1.1056913180953083,0,0,1,0,0,0,0,0
0.8102953438059464,0.34061256957931263,-0.1551705417543821,-0.36989873607860096,-1.3811859762049172,0.007217900328709307,-0.41715939694762605,0.2446133558489014,0.8992342694187068,0.8882218017605387,-0.43437305310373814,0.42427550486349236,0.7443542860380179,0,0,0,0,0,0,0,1
-1.5798056581783615,0.49772050514793764,1.675608185799402,1.7617973773064424,1.2084286122965504,-0.811896698068424,0.3721032600122603,-0.5370930379528185,0.8579270702517195,0.28046500231897786,-0.5338199757876164,0.42427550486349236,-1.1056913180953083,1,0,0,0,0,0,0,0
-1.5798056581783615,-0.8286796849462875,-0.0011634248969499415,0.043253960661324115,-1.3956303941831856,0.05958099097795604,-0.1356394644199928,-0.29349229551826495,0.6256422901287453,-0.4097247331192718,-0.7504189810890364,0.42427550486349236,-1.1056913180953083,0,0,0,0,0,1,0,0
-0.3847551571862075,-1.008711757647725,-0.5337905183882113,-0.28011601194635816,-1.3956303941831856,0.059490091710017866,-0.1359683885391152,-0.2935087600339916,0.6256422901287453,-0.4097247331192718,-0.7505259285969413,0.42427550486349236,-1.1056913180953083,0,0,0,0,0,1,0,0
0.8102953438059464,-0.9779599357566922,-0.05794363531193633,0.9420037368474335,-1.3956303941831856,-0.6567793766848173,-0.13591439688092394,0.4451552735291739,0.6812325681472304,-0.2951455329797842,-0.7094598680199077,0.42427550486349236,-0.18066851602864512,0,0,0,0,0,1,0,0
0.8102953438059464,-1.2078249263895153,-1.2115065203768631,-0.5704676007528614,-1.3956303941831856,-0.3430787017871511,-0.13561121380940525,0.8710099728005557,0.38090256503347936,-0.7744721238649124,-0.7509350028146776,0.42427550486349236,-0.18066851602864512,0,0,0,0,0,1,0,0
0.8102953438059464,-1.3275302743226556,-1.309346884799622,-0.5915002611127173,-1.3956303941831856,-0.3597412825559769,-0.13732090719124018,0.8684867857654371,0.38097317571399564,-0.7743898759246455,-0.750309359893434,0.42427550486349236,-0.18066851602864512,0,0,0,0,0,1,0,0
-0.3847551571862075,-0.9673067066148691,0.26389930125256617,1.246392519197954,-1.3956303941831856,-0.7243346012941635,-0.13663083978354143,0.5659224963845996,0.6894862415027265,-0.2765902758224685,-0.709659503367997,0.42427550486349236,-0.18066851602864512,0,0,0,0,0,1,0,0
-1.5798056581783615,-1.2204184312377289,0.021769436199635405,0.5819612223042205,-1.3956303941831856,-0.547833466117462,-0.13563953529044112,0.875196075924072,0.37965056354204757,-0.775928727908128,-0.7505134513876858,0.42427550486349236,-1.1056913180953083,0,0,0,0,0,1,0,0
0.8102953438059464,-0.6228004030853531,-0.326037516293079,0.14798449703763927,-1.3956303941831856,0.07305576006821897,-0.13568832470922818,-0.29907788247855166,0.6259164384925776,-0.40919912737210395,-0.7502710370364346,0.42427550486349236,-1.1056913180953083,0,0,0,0,0,1,0,0
-0.3847551571862075,-1.042321945351361,-0.6761626919895496,-0.40534736094857765,-1.3956303941831856,0.12301498027179711,-0.031281922851244516,-0.2989214695791479,0.6257996033016388,-0.4094231707711207,-0.7676580281340812,0.42427550486349236,-1.1056913180953083,0,0,0,0,0,1,0,0
-1.5798056581783615,-1.2071909837455477,-0.6709518676198641,-0.5269732254981305,-1.3956303941831856,-0.3711681168321505,-0.13572574161493406,0.8710099728005557,0.3809045264920279,-0.7744698392822675,-0.7509635221501193,0.42427550486349236,-0.18066851602864512,0,0,0,0,0,1,0,0
-1.5798056581783615,-1.3718161981705537,0.5054468356524726,1.0575655749820345,-1.3956303941831856,-0.537182327715217,0.4739867835351137,0.875196075924072,0.37964860023143754,-0.775931009481885,-0.7792413344694193,0.42427550486349236,-1.1056913180953083,0,0,0,0,0,1,0,0
-1.5798056581783615,-1.2276562499026935,-0.5152221435514714,-0.297229754773739,-1.3956303941831856,-0.37111030169244347,-0.13557454047836198,0.8710099728005557,0.3809064879476758,-0.7744675546949165,-0.7509305466685151,0.42427550486349236,-0.18066851602864512,0,0,0,0,0,1,0,0
0.8102953438059464,1.5160866974762885,1.0260871781063066,0.4988111421245723,0.35943763809651186,0.4771376716004253,1.1343286859964372,0.4539061636379208,0.6407969950620046,1.9213029296475268,-0.044592165793375285,0.42427550486349236,-0.18066851602864512,1,0,0,0,0,0,0,0
0.8102953438059464,0.7682187497925183,0.9034879777868194,1.1894250414701688,0.35943763809651186,-0.7279757057613985,-1.089268450802636,-0.3828122933356725,0.7582557676431629,-0.10114011171699962,-0.696945227136564,0.42427550486349236,-1.1056913180953083,1,0,0,0,0,0,0,0
0.8102953438059464,1.0108591753911516,0.49539845755029904,0.08801143761444825,0.35943763809651186,-0.4783997484195416,-0.5959357612811286,0.009248987406634905,0.6925957518516636,-0.2694817710668335,-0.7445814296158916,0.42427550486349236,-1.1056913180953083,1,0,0,0,0,0,0,0
-1.5798056581783615,-0.3309741306088528,1.6042181595723268,1.6936323747819007,0.35943763809651186,-0.5788882285872673,-0.13574930990219902,0.7326010213439591,0.7056050495835703,-0.2390030809971264,-0.6705211716209497,0.42427550486349236,-1.1056913180953083,1,0,0,0,0,0,0,0
-1.5798056581783615,1.699043718733234,1.964634325797327,0.7276657877496171,1.1779183484627709,1.1808773401680535,0.7590829088401074,-1.6588122621557804,0.22014643631483924,2.4784998345459104,0.9381582878667227,-2.356959071492339,-1.1056913180953083,1,0,0,0,0,0,0,0
-0.3847551571862075,1.632832398896096,0.47129392495171063,-0.5109883645261719,0.8904836191694924,1.5986411442019606,0.32899061875629726,0.8675277277243563,0.566513177675784,-0.5155107452000304,-0.5632822317569635,0.42427550486349236,-0.18066851602864512,0,0,0,0,0,0,0,1
-1.5798056581783615,1.516802226991289,0.6530439459870295,-0.8131513967887896,1.1193776652670602,1.6244991077025648,3.1972062853754366,0.5238309619292628,-0.9140087585683009,2.739978791763633,0.501651143123457,0.42427550486349236,-0.18066851602864512,1,0,0,0,0,0,0,0
0.8102953438059464,-0.5147601530369142,0.07020239831182092,0.8122733013004897,0.35160658151610497,-1.4642838488393595,-1.6348929871047173,-1.2870681938202346,0.25713042827925353,-0.903846872014755,-0.8978692926960494,-2.356959071492339,-2.030714120161971,1,0,0,0,0,0,0,0
-0.3847551571862075,-0.7490749298919124,0.14868188828291112,0.5145011288286706,0.35160658151610497,-1.4655016669312624,-1.6278585226303175,-1.3825459205194321,0.2346576573455631,-0.9244477587559622,-0.8926573841441484,-2.356959071492339,-2.030714120161971,1,0,0,0,0,0,0,0
-1.5798056581783615,1.2268899725918312,0.1773842779206431,-1.0430088693265127,0.35160658151610497,-0.6199652390092162,-0.13080077961394154,0.6399634236076192,0.6748850799926561,-0.30911745704424143,-0.6803541037435767,0.42427550486349236,-1.1056913180953083,1,0,0,0,0,0,0,0
-0.3847551571862075,0.5856443443360497,0.9971947523307264,0.8045727939571867,0.35160658151610497,-0.29064884810137664,0.5627203763226502,1.0475919039695318,0.37621427937051327,-0.7799097195873549,-0.7177545384871686,0.42427550486349236,-0.18066851602864512,1,0,0,0,0,0,0,0
-1.5798056581783615,0.07014996034672229,1.4208198797507496,1.385979752872862,0.35160658151610497,-0.6621781260563976,0.5625383766366971,0.8539815474102048,0.7089751203445326,-0.2309042129477228,-0.6936753070823702,0.42427550486349236,-0.18066851602864512,1,0,0,0,0,0,0,0
0.8102953438059464,-1.590730682169265,-0.7551600371999196,0.7105636857760496,-0.8087456547284528,-1.3754102479548036,-1.8106345204135776,-1.9047468496945954,0.7564042226643433,-0.10645739666194681,-0.6614787598275865,-2.356959071492339,-2.030714120161971,0,0,1,0,0,0,0,0
-0.3847551571862075,0.34012961053227275,1.383463724333606,2.065369750895358,0.3763483062168423,-1.2689787641592385,-1.6745376168484913,-1.3825500366483636,0.2346576573455631,-0.9244477587559622,-0.8809448495700916,-2.356959071492339,-2.030714120161971,1,0,0,0,0,0,0,0
-0.3847551571862075,0.5595026700467618,0.7862431590490453,0.328078932998457,0.3763483062168423,-0.04963784305352818,0.11659396877055159,-0.5369819024716632,0.8578442772608084,0.2800089317567267,-0.5358591082716705,0.42427550486349236,0.7443542860380179,1,0,0,0,0,0,0,0
-0.3847551571862075,-0.47624441595782235,0.4182473480820382,0.6272345392305017,0.34618162701818145,-0.567847252694059,0.14205314172915745,0.8348621285225616,0.4660220634616623,-0.6671730348071396,-0.7796584297502482,0.42427550486349236,-1.1056913180953083,1,0,0,0,0,0,0,0
-1.5798056581783615,1.5044234744999188,1.5710281548573095,0.19550781855690502,1.1710711436839496,1.5964163288212534,0.37601083659500134,0.5238309619292628,-0.9140512608965612,2.7399648073543594,0.501146707377839,0.42427550486349236,-0.18066851602864512,1,0,0,0,0,0,0,0
0.8102953438059464,0.9090992670523191,0.8496900423351009,0.6437704764424903,0.3710909730894077,0.620253708426451,1.550348606366203,0.6614743134045672,-2.0438023319789895,0.7279512499837186,1.1941068462433024,0.42427550486349236,-0.18066851602864512,1,0,0,0,0,0,0,0
-0.3847551571862075,0.2093509057160187,1.6019818931123726,2.0403315397842805,0.3710909730894077,-1.4605114926928728,-1.6489612543405516,-1.9134195333536406,0.4947237392841718,-0.6269320176224239,-0.8098951639226742,-2.356959071492339,-2.030714120161971,1,0,0,0,0,0,0,0
-1.5798056581783615,1.5014572633766878,1.0256432820074086,-0.16815887584519557,0.3710909730894077,-0.21133126211834113,1.1678098683336242,-1.4903308727243463,-1.5359084897968391,2.300808255776715,0.8270335885488571,-2.356959071492339,-2.030714120161971,1,0,0,0,0,0,0,0
0.8102953438059464,-1.038758365260564,-0.9245669219815141,-0.3995563824694975,-1.398178216419677,0.07141956804315361,-0.13642115601754767,-0.2935005277761283,0.6256422901287453,-0.4097247331192718,-0.750396700358223,0.42427550486349236,-1.1056913180953083,0,0,0,0,0,1,0,0
0.8102953438059464,-1.0540883247470367,-1.2432938289536284,-0.752506526435285,-1.398178216419677,0.07320440888438902,-0.13570095827086606,-0.29911081151000507,0.6259433973091023,-0.40914742194402454,-0.7502612335148768,0.42427550486349236,-1.1056913180953083,0,0,0,0,0,1,0,0
-0.3847551571862075,-1.4212008558229692,0.12020325040235935,1.1306069444331337,-1.398178216419677,-0.6813545942721211,0.5431870187143718,0.44484656385929805,0.6812623322003816,-0.2950794172975868,-0.6967990655424272,0.42427550486349236,-1.1056913180953083,0,0,0,0,0,1,0,0
-0.3847551571862075,-1.093780043385731,0.07993700681487133,0.8577607158941191,-1.398178216419677,-0.4841401731964821,0.7560240558775132,0.44503590579015523,0.6812447445739803,-0.29511848584515854,-0.723632195275778,0.42427550486349236,-0.18066851602864512,0,0,0,0,0,1,0,0
-1.5798056581783615,-0.12453217773817692,0.9484295091795425,1.0471961209049736,-1.398178216419677,-0.7217930293741064,-0.13570095827086606,0.5659224963845996,0.6894862415027265,-0.2765902758224685,-0.7102191953260326,0.42427550486349236,-1.1056913180953083,0,0,0,0,0,1,0,0
-0.3847551571862075,-1.1106807919979138,-0.7426904615867034,-0.39678421015559806,-1.398178216419677,0.06766628711137888,-0.13570572015438845,-0.28999358592633884,0.6247305818778838,-0.4114701430790728,-0.7503557038135259,0.42427550486349236,-1.1056913180953083,0,0,0,0,0,1,0,0
-1.5798056581783615,-1.1044398371374526,-0.259454235472588,-0.060160351089085434,-1.398178216419677,-0.6217752706576111,-0.13558822398984824,0.4449823961140434,0.681279919182009,-0.295040348201405,-0.7156378690598832,0.42427550486349236,-0.18066851602864512,0,0,0,0,0,1,0,0
-1.5798056581783615,-1.3105854507802521,-0.5535995947188945,-0.36841267350566476,-1.398178216419677,-0.37129780174931926,-0.13606338436988666,0.8710099728005557,0.38090256503347936,-0.7744721238649124,-0.7502175632824822,0.42427550486349236,-0.18066851602864512,0,0,0,0,0,1,0,0
-1.5798056581783615,-1.3201517872975712,0.0698089202830021,0.41660418954058415,-1.398178216419677,-0.5074858096632859,0.5247272399927259,0.875196075924072,0.37964860023143754,-0.775931009481885,-0.7677988423528226,0.42427550486349236,-1.1056913180953083,0,0,0,0,0,1,0,0
0.8102953438059464,0.3258612226848762,0.7746072915152676,1.433260509759594,-1.398178216419677,-0.24706576055212792,-0.13570310248680437,0.85286607646972,0.4360406116785796,-0.706914376596378,-0.7505375145769646,0.42427550486349236,-1.1056913180953083,0,0,0,0,0,1,0,0
-1.5798056581783615,-0.887968281721867,-0.27786755847515465,-0.3200864905607036,-1.398178216419677,0.0574040974139939,-0.13557957109571203,-0.28999358592633884,0.6247305818778838,-0.4114701430790728,-0.7509305466685152,0.42427550486349236,-1.1056913180953083,0,0,0,0,0,1,0,0
-1.5798056581783615,-1.055201474190644,-0.5860149374237,-0.586166220795266,-1.398178216419677,0.05957426749151476,-0.13569786714429546,-0.2935005277761283,0.6256407917148149,-0.4097276049510933,-0.7504403705906176,0.42427550486349236,-1.1056913180953083,0,0,0,0,0,1,0,0
-0.3847551571862075,-1.2896147185736275,-1.1707319631871966,-0.7304544513133375,-1.398178216419677,-0.3440611004618339,-0.13591173978000629,0.8752207726976621,0.3796387836349416,-0.7759424172800029,-0.7510276906548623,0.42427550486349236,-0.18066851602864512,0,0,0,0,0,1,0,0
-1.5798056581783615,-1.2883299542492317,-0.8614608631977564,-0.6971193376733461,-1.398178216419677,-0.3689056013063572,-0.13591402131712677,0.8751878436662087,0.3796525268497607,-0.7759264463296607,-0.7510152134456066,0.42427550486349236,-0.18066851602864512,0,0,0,0,0,1,0,0
-0.3847551571862075,-0.25733930974175284,-0.02598494459629047,-0.08684398045685887,-1.398178216419677,0.6016911052016657,-0.1358181128205656,0.6791201581346697,0.6801489848756683,-0.29754867140385877,-0.7164355192230076,0.42427550486349236,-0.18066851602864512,0,0,0,0,0,1,0,0
0.8102953438059464,-0.5999400355227026,-0.29186711999144827,0.08305691990927258,-1.398178216419677,0.33678793487490727,-0.13581716578915765,-0.29002239882886055,0.6247440873815332,-0.4114443161194824,-0.7505847497262891,0.42427550486349236,-1.1056913180953083,0,0,0,0,0,1,0,0
-0.3847551571862075,-0.621127395804748,0.9295227739793683,2.1336248491821603,0.35646893209987074,-1.453306765827428,-1.3249647735636807,-2.158209837049449,0.2865961383356705,-0.8755667856513057,-0.8884436523326935,-2.356959071492339,-2.030714120161971,1,0,0,0,0,0,0,0
-0.3847551571862075,1.0609152860078568,0.6833822322576161,-0.03243112440815337,0.35646893209987074,0.555673957081405,1.5150834397037751,0.4579523183777601,0.6397427741168752,1.9233988282947831,-0.0718691276845316,0.42427550486349236,-1.1056913180953083,1,0,0,0,0,0,0,0
-0.3847551571862075,-1.4637865773067482,0.3372053402353417,2.35909709634066,0.3593123129598558,-1.9785583666225506,-1.7829011341372143,-2.0191505372216474,0.45437753028395167,-0.6828761446469304,-0.8481333541448547,-2.356959071492339,-2.030714120161971,1,0,0,0,0,0,0,0
0.8102953438059464,1.3730230188053283,1.0328336711881805,0.7297662480912752,0.3593123129598558,0.008993715482366984,-0.1701024355668616,0.9305580100551379,0.6076005788190851,-0.4435576755105116,-0.574095516035386,0.42427550486349236,-0.18066851602864512,1,0,0,0,0,0,0,0
-1.5798056581783615,-0.8933567901443626,-0.1514413475396243,-0.27477632441937844,0.3593123129598558,-0.5761954543360912,0.7116537835383789,0.6958439899840766,0.6681926655244126,-0.32358006170050824,-0.7042613279064949,0.42427550486349236,-1.1056913180953083,1,0,0,0,0,0,0,0
-0.3847551571862075,1.6725691315396678,1.212379656765701,0.6889900993468675,0.3593123129598558,0.47769572983937114,1.2090281558051923,0.5243084328853373,0.5517838608580556,2.0809294217415943,-0.1097445876090677,0.42427550486349236,-0.18066851602864512,1,0,0,0,0,0,0,0
-1.5798056581783615,1.3051124332479918,0.8348040851957241,-0.29566471544456474,0.7979766047574062,-0.003060984928097168,-0.4546276383131399,0.8359446704315928,0.5895832722247952,-0.47593666320781886,-0.5613322221961635,0.42427550486349236,-0.18066851602864512,0,0,0,0,0,0,0,1
-1.5798056581783615,1.3961187700086837,0.9689131183581775,-0.12694239209990504,0.7979766047574062,0.723664252389499,0.3428921587562561,-1.3182725672512836,-0.504002166138243,-1.2522988511225162,-0.5317790608450971,0.42427550486349236,0.7443542860380179,0,0,0,0,0,0,0,1
-1.5798056581783615,1.505862973858397,1.413813225722138,0.0897873839351069,-1.1999353155850485,1.5840696615495622,0.6000265180788612,1.4014184630654845,-0.6858479736916893,2.7894428494791534,0.9605798328989948,0.42427550486349236,0.7443542860380179,0,0,1,0,0,0,0,0
-1.5798056581783615,0.15492096859243956,0.3505431602767041,-0.37459622152779803,1.1983812689068225,-0.5185063853289149,0.7219715366890461,-2.037010420656197,-1.7825436541737045,1.9226170766450175,0.8931984467727163,-2.356959071492339,-1.1056913180953083,1,0,0,0,0,0,0,0
-1.5798056581783615,1.1828863212978469,1.400837060102414,0.7511548509562166,0.35307525182509936,-0.4362267490173728,0.24252890352070117,0.942474203312345,0.7150365980271864,-0.21611538613800432,-0.7305178323263913,0.42427550486349236,-1.1056913180953083,1,0,0,0,0,0,0,0
0.8102953438059464,-0.6487085686422684,0.02898470883920585,0.7209879801172766,0.35307525182509936,-1.2561236186831457,-1.3054236299295217,-1.3825500366483636,0.2346576573455631,-0.9244477587559622,-0.8125759814541581,-2.356959071492339,-2.030714120161971,1,0,0,0,0,0,0,0
0.8102953438059464,-0.6642138936364392,0.45807904869866456,1.7075698089207285,1.1845132638260336,-1.6532030112278544,-1.4087220959281639,-1.9439406293820312,0.12541498808520768,-1.0136146837425841,-0.841413485731494,-2.356959071492339,-2.030714120161971,1,0,0,0,0,0,0,0
-1.5798056581783615,0.4230212994690178,1.7171322593576417,1.93750619018772,0.5459149657690421,-1.1146136507743707,-1.3785278229467683,-1.9842663445256783,0.6792898706697597,-0.2994486791997773,-0.6226987022320208,-2.356959071492339,-2.030714120161971,1,0,0,0,0,0,0,0
0.8102953438059464,0.8890644438732713,1.036217104228335,1.2765762327583046,0.5459149657690421,-0.42082489574024007,-0.032589499424138794,0.9308502552092871,0.607699218705,-0.4433766412159627,-0.6943758132591477,0.42427550486349236,-0.18066851602864512,1,0,0,0,0,0,0,0
0.8102953438059464,0.6237999726171034,0.18561804450127398,-0.1578658713970759,0.5459149657690421,-0.4487883844852688,0.18476264961969105,0.9455242548507182,0.6142790987583764,-0.43120441872657916,-0.7250545971309138,0.42427550486349236,-0.18066851602864512,1,0,0,0,0,0,0,0
-0.3847551571862075,0.3958443111700015,0.2904693121446817,-0.09972138451944176,0.5459149657690421,-1.6140720664182264,-1.8899652309477393,-1.717524725237232,0.09387107970090924,-1.0362228216239535,-0.8962321045958713,-2.356959071492339,-2.030714120161971,1,0,0,0,0,0,0,0
0.8102953438059464,-0.8318568986096982,0.08805734029375599,0.9770631015548006,0.5459149657690421,-1.7291158738759844,-1.7605667994306553,-1.5724023674930692,0.13001544426791908,-1.0102052235312038,-0.9345656563459335,-2.356959071492339,-2.030714120161971,1,0,0,0,0,0,0,0
0.8102953438059464,0.5294963875474791,1.5396207123720325,2.227073916361846,0.5459149657690421,-0.5540141484506994,-0.7212002577823312,0.6949878351662875,0.6698526538669508,-0.3200178783250203,-0.7255037766641143,0.42427550486349236,-0.18066851602864512,1,0,0,0,0,0,0,0
-0.3847551571862075,1.7120620402140585,1.8064957856173907,1.572150603605341,0.5459149657690421,-0.15184289049045469,0.03301063985343571,0.2938175610981774,0.8209337651854163,0.10915978319636761,-0.5740981897230837,0.42427550486349236,-1.1056913180953083,1,0,0,0,0,0,0,0
-0.3847551571862075,-0.5498107775531944,0.9520440248265835,2.396909822364544,0.5459149657690421,-1.7098504574026605,-1.4210890698511354,-1.9441052745392982,0.12543310843478597,-1.0136013112688413,-0.8454445155502778,-2.356959071492339,-2.030714120161971,1,0,0,0,0,0,0,0
-0.3847551571862075,0.9274967183627515,1.6772312791932553,2.107104396295032,0.5459149657690421,-0.5256056161939887,-0.02823332878899085,0.8539362699919564,0.7095785948371661,-0.22944476829361415,-0.6753052901412308,0.42427550486349236,-1.1056913180953083,1,0,0,0,0,0,0,0
-1.5798056581783615,-0.12878034082330564,0.7200367439993883,0.510230450811542,0.5459149657690421,-0.5788117553097937,-0.030739033501597506,0.8553357538287267,0.7117816956929718,-0.22409272936784497,-0.7312825070079118,0.42427550486349236,-1.1056913180953083,1,0,0,0,0,0,0,0
-1.5798056581783615,1.4931372409785395,1.5082437554246317,0.7483132459544083,0.5459149657690421,-0.07890962157643804,0.7740443840952047,0.8917182174558264,0.7010487412597487,-0.24981704468430393,-0.6339611660436442,0.42427550486349236,-1.1056913180953083,1,0,0,0,0,0,0,0
-0.3847551571862075,0.9125034240279583,1.5641245894728082,1.9967371252281523,0.5459149657690421,-1.0408495779768105,-1.0894851820528149,-0.3828122933356725,0.7582557676431629,-0.10114011171699962,-0.6782784308609883,0.42427550486349236,-1.1056913180953083,1,0,0,0,0,0,0,0
-1.5798056581783615,1.3717251252611362,1.3209968168212172,0.29043636916030263,0.45321196152394466,0.7241093959412147,-0.4419474285818942,0.4735771438024089,0.5862411700836161,2.022975392822521,-0.10930432036819243,0.42427550486349236,0.7443542860380179,0,0,0,1,0,0,0,0
-1.5798056581783615,0.4089376557222075,0.9975796756981193,0.3279496461225769,0.45321196152394466,-0.6685302745981735,-0.8422451556424496,-0.5826915142579449,0.7353681669664079,-0.16426211142632677,-0.6659420358241529,0.42427550486349236,-1.1056913180953083,0,0,0,1,0,0,0,0
-1.5798056581783615,0.32441703524532306,1.731143614808595,1.924031663136562,0.35454255405636903,-0.5153074387412838,-0.026380112961472035,0.855319289313,0.7118612412959474,-0.22389877626462804,-0.6663297205403085,0.42427550486349236,-1.1056913180953083,1,0,0,0,0,0,0,0
-1.5798056581783615,0.1655216824755667,0.9572644866868981,0.5416560563467546,0.35454255405636903,-0.5198103048337152,0.5641597924682233,0.9532131836950922,0.6112036592766016,-0.43691742997538907,-0.6944328519300301,0.42427550486349236,-0.18066851602864512,1,0,0,0,0,0,0,0
-1.5798056581783615,0.8674625830056683,1.0412473128805038,0.2558277059875729,0.35454255405636903,0.08754990082556613,0.7275269491665638,0.6921024287851816,0.6698651144747488,-0.3199910769424136,-0.5359722943842035,0.42427550486349236,-1.1056913180953083,1,0,0,0,0,0,0,0
-1.5798056581783615,0.9214498853855181,1.5332421735344095,1.3164902755814363,0.35454255405636903,-0.22598713285005667,1.2929689716491841,0.9971857890722059,-1.8264296452432531,-0.28892380435671067,1.475655073095396,0.42427550486349236,-2.030714120161971,1,0,0,0,0,0,0,0
-0.3847551571862075,0.36392401059367696,0.9002801500777563,0.9059693442391519,0.35454255405636903,-0.3111009282593748,0.700171712712996,0.8539321538630246,0.7076596853285111,-0.23407574349722896,-0.694435525617728,0.42427550486349236,-1.1056913180953083,1,0,0,0,0,0,0,0
-1.5798056581783615,0.6122202130405909,0.7954314705116696,0.06768741749320523,0.35454255405636903,-0.017400801431031603,0.7257245853410581,0.8534299861333599,0.7087042239175604,-0.23155843518304564,-0.535718294052929,0.42427550486349236,-1.1056913180953083,1,0,0,0,0,0,0,0
-1.5798056581783615,1.678906677399291,1.9971686596442118,1.7771994851134165,0.36843494420965256,-0.22542858857068857,0.21842434009299563,0.6362465591823142,0.676315378604926,-0.30599112156149033,-0.7064172114200119,0.42427550486349236,-0.18066851602864512,1,0,0,0,0,0,0,0
0.8102953438059464,1.2404353280499163,1.0015031135487038,1.0621410110843132,0.35219421397229383,-0.38747047063436585,0.10631555793894176,0.6945021319523498,0.6676728963703685,-0.32469207957269564,-0.6813576278594182,0.42427550486349236,0.7443542860380179,1,0,0,0,0,0,0,0
0.8102953438059464,0.2582404125557636,1.0975222970661753,1.7983567156753182,0.35219421397229383,-1.085708922774667,-1.794229623881958,-1.9516295582264052,0.12610573026862296,-1.0131046120406342,-0.8459186495019897,-2.356959071492339,-2.030714120161971,1,0,0,0,0,0,0,0
0.8102953438059464,1.0505227606819203,1.2413910813673241,0.8722948938538077,0.35219421397229383,0.4239367047276937,0.8147713127286975,0.9308955326275357,0.607705383209487,-0.44336532606960827,-0.5033470658685673,0.42427550486349236,0.7443542860380179,1,0,0,0,0,0,0,0
-0.3847551571862075,0.7808216324233742,1.492601876056107,1.579821925674722,0.35219421397229383,-0.3777448973688793,-0.10651533108220006,0.3388644761264589,0.7004407683595674,-0.2512484525054895,-0.5732497394937044,0.42427550486349236,-0.18066851602864512,1,0,0,0,0,0,0,0
-1.5798056581783615,1.5653222472503534,1.6152596140042708,0.7219374682488444,0.35219421397229383,-0.6489923016552283,-0.7194747333034689,-0.3827999449488774,0.7582447008104989,-0.10117201198273956,-0.6479677246622619,0.42427550486349236,-1.1056913180953083,1,0,0,0,0,0,0,0
-0.3847551571862075,1.0492408095302679,1.3168920222661162,1.124430850061463,0.35219421397229383,-0.28134342927622985,0.2365857864081059,0.8537510441900308,0.7080013593681653,-0.23325323958255534,-0.7327708598262556,0.42427550486349236,0.7443542860380179,1,0,0,0,0,0,0,0
0.8102953438059464,0.008160544344873297,-1.341808746462603,-1.4491150895089588,-1.4727133450031837,1.0829302134440955,0.5708984654067004,0.44506060256374524,0.6331197651890426,1.9364386433836407,-0.07809079895690176,0.42427550486349236,-0.18066851602864512,0,0,0,0,0,0,1,0
-1.5798056581783615,1.6906711810763895,1.18357388259821,-0.07716353621955571,0.8038788622928104,0.4590477250852394,0.6979686250228266,-0.5400360701389681,0.8591075563889096,0.28701748795804427,-0.5433347390742262,0.42427550486349236,-0.18066851602864512,0,0,0,0,0,0,0,1
-1.5798056581783615,1.3950478197767195,1.3035102415079205,0.4600823057003999,0.8133643968847935,0.28686225759434225,0.7084384328745988,0.8385831090767981,0.5925851499148788,-0.4706349376633218,-0.6965584336496411,0.42427550486349236,-1.1056913180953083,0,0,0,0,0,0,0,1
-1.5798056581783615,1.4925548769493482,1.0604917627673858,-0.021055461488794527,0.8133643968847935,0.359799860359403,0.33815232845221227,0.40895803570399963,0.6978098641608682,-0.2574118308337644,-0.574299607529638,0.42427550486349236,0.7443542860380179,0,0,0,0,0,0,0,1
-1.5798056581783615,0.2595233019718274,1.9119496499811404,1.611158521614302,-4.1452362558127,-1.9152503742485592,-2.1074445349136783,-1.784564117147468,-0.26429394064015227,-1.2099601112638074,-0.9954072023638244,-2.356959071492339,-2.030714120161971,0,0,1,0,0,0,0,0
-1.5798056581783615,0.7397222992112827,2.02521372864279,2.52485333168261,-4.1452362558127,-1.9152389072448162,-2.1075877669569665,-1.7845147236002876,-0.26430148358421834,-1.209962320527664,-0.9954410690746608,-2.356959071492339,-2.030714120161971,0,0,1,0,0,0,0,0
0.8102953438059464,0.4751733582803617,0.2624892160656399,0.1672607420461581,-0.6426073628949603,-0.09600237048361399,0.8391179208305327,-1.4895199953248057,-1.5377371308640413,2.2986256370051876,0.9230902752321488,-2.356959071492339,-1.1056913180953083,0,0,0,0,0,0,0,1
-1.5798056581783615,1.2595032956807186,1.5915479148721217,1.1382184684171306,0.8038788622928104,-0.31817845113354404,0.3162105363811334,0.7099746606065264,0.6875439002471513,-0.28099737035052563,-0.7107681925332782,0.42427550486349236,-0.18066851602864512,0,0,0,0,0,0,0,1
0.8102953438059464,1.1072418288087085,0.6535630537451681,0.32444107086597224,0.45321196152394466,0.6351150468476348,-0.4454452606859216,0.45412843460023145,0.640973728996632,1.9209510121097906,-0.09014110941009137,0.42427550486349236,0.7443542860380179,1,0,0,0,0,0,0,0
0.8102953438059464,-0.4799214677047335,-0.3774896289692191,-0.06654723896088162,-1.4034141708881087,0.4553188555108373,-0.13558359038066384,-0.2934964116471966,0.6256422901287453,-0.4097247331192718,-0.6428556337844055,0.42427550486349236,-0.18066851602864512,0,0,0,0,0,1,0,0
0.8102953438059464,-0.7509992632057623,-0.42406771948468736,0.12417991204754579,-1.4034141708881087,0.08382226844416356,-0.13557695337690004,-0.2935005277761283,0.6256422901287453,-0.4097247331192718,-0.7504056126505484,0.42427550486349236,-1.1056913180953083,0,0,0,0,0,1,0,0
-1.5798056581783615,-1.3944571236747945,-0.8211736105889402,-0.5383666009457848,-1.4034141708881087,-0.45701746510174696,-0.1356339601569042,0.8710264373162824,0.38088098879803095,-0.7744972539633714,-0.7509528273993286,0.42427550486349236,-0.18066851602864512,0,0,0,0,0,1,0,0
-0.3847551571862075,-1.0468551949733929,-0.2590945243558059,0.35940171294450185,-1.4034141708881087,-0.3663235764524875,-0.13568737764421207,0.8366279478342511,0.46279559241902335,-0.6715589815402457,-0.7156735182291851,0.42427550486349236,-0.18066851602864512,0,0,0,0,0,1,0,0
-0.3847551571862075,-1.4496851146385743,-1.2522470894392832,-0.6637617242116318,-1.4034141708881087,-0.44537364603170415,-0.13570457974661018,0.8752290049555254,0.3796584167555218,-0.7759196015659928,-0.7503120335811314,0.42427550486349236,-0.18066851602864512,0,0,0,0,0,1,0,0
-0.3847551571862075,-0.7627553265543844,-0.019921403627364644,0.43421588890230356,-1.4034141708881087,-0.36093031755624566,-0.13557923103926497,0.8710099728005557,0.38090256503347936,-0.7744721238649124,-0.7503004476011086,0.42427550486349236,-0.18066851602864512,0,0,0,0,0,1,0,0
-1.5798056581783615,-1.328596534853053,-0.42493953295742176,-0.032439847090891066,-1.4034141708881087,-0.6620251160886866,-0.13592018561886468,0.44489595740647825,0.6812528620201306,-0.29510045427599,-0.7102726690799853,0.42427550486349236,-0.18066851602864512,0,0,0,0,0,1,0,0
-1.5798056581783615,-1.304216019325302,-0.34752375013790876,0.05354657222013761,-1.4034141708881087,-0.6646592589871134,-0.13591063141243054,0.4451388090134471,0.6812312151918489,-0.2951485382007332,-0.7102762339969154,0.42427550486349236,-0.18066851602864512,0,0,0,0,0,1,0,0
-1.5798056581783615,-1.2747658424156172,-0.5901205553765919,-0.4180465769117619,-1.4034141708881087,-0.37160317886476224,-0.13654218961735734,0.8710058566716239,0.3809064879476758,-0.7744675546949165,-0.7503138160395966,0.42427550486349236,-0.18066851602864512,0,0,0,0,0,1,0,0
-1.5798056581783615,-1.428688125612847,-0.6352338357970871,-0.2789079197712552,-1.4034141708881087,-0.45611653851694806,-0.13661567810836056,0.8752166565687303,0.37964663691793143,-0.7759332910509303,-0.7502879703918528,0.42427550486349236,-0.18066851602864512,0,0,0,0,0,1,0,0
-1.5798056581783615,-0.5846147657377964,0.39641830361949887,0.46956826424568165,-1.4034141708881087,0.05986101770795622,-0.13570095827086606,-0.29422908259703523,0.6254204852105337,-0.41014972511283404,-0.7505731637462659,0.42427550486349236,-1.1056913180953083,0,0,0,0,0,1,0,0
-1.5798056581783615,-1.5323189137424218,-1.238353540595021,-0.8907636607941442,-1.4034141708881087,-0.45540142672635175,-0.13559478434433658,0.8752660501159105,0.37965056354204757,-0.775928727908128,-0.7509323291269804,0.42427550486349236,-0.18066851602864512,0,0,0,0,0,1,0,0
-1.5798056581783615,-1.3806332462897049,-0.5062515700905761,-0.09906065391357974,-1.4034141708881087,-0.6056201282100092,-0.13565102939209245,0.4449823961140434,0.681275860705016,-0.29504936419537026,-0.6475657802783856,0.42427550486349236,0.7443542860380179,0,0,0,0,0,1,0,0
0.8102953438059464,0.39826942164200974,-0.3223959519396668,-0.6553016939423989,0.8038788622928104,-0.2970292220932447,-0.3956523015270374,0.6684429196858976,0.6905737297455788,-0.2741117095023058,-0.7146958397610873,0.42427550486349236,-0.18066851602864512,0,0,0,0,0,0,0,1
0.8102953438059464,0.619149500712048,-0.27596865419620686,-0.7068700713698625,0.8038788622928104,-0.42827764428016435,-0.28908505857287814,0.8539650828944778,0.5720070383715189,-0.5062694077026189,-0.787715142012421,0.42427550486349236,-1.1056913180953083,0,0,0,0,0,0,0,1
0.8102953438059464,0.8140773384847048,0.6849703070091652,0.6016645417571306,0.8038788622928104,-0.22818823814617545,0.20352267124783124,0.6956916932136047,0.669190417197784,-0.3214409426910784,-0.7147002959072499,0.42427550486349236,-0.18066851602864512,0,0,0,0,0,0,0,1
-1.5798056581783615,1.4738151341417496,0.9922780083380247,-0.17559834892028212,0.4545496029861637,-0.002223727933357349,0.07838134165532847,0.8349238704565367,0.4667427880961789,-0.6661896074781168,-0.5880209727938427,0.42427550486349236,-0.18066851602864512,1,0,0,0,0,0,0,0
0.8102953438059464,0.7598593413554708,1.0760445432680272,1.288066699553004,0.4545496029861637,0.1794288564538366,0.37853174855296334,0.9535877514278751,0.6107589571773953,-0.4377400598186165,-0.5398598362965482,0.42427550486349236,0.7443542860380179,1,0,0,0,0,0,0,0
-0.3847551571862075,1.298079989157228,1.177383384606004,0.8427650554674336,1.1332918252137962,0.16736381482800766,0.42028048277413305,0.3211774701070395,0.7766066186783795,-0.046142403389057216,-0.5101364501620663,0.42427550486349236,-0.18066851602864512,0,0,1,0,0,0,0,0
0.8102953438059464,-0.16707663665423358,-0.25425623503651607,-0.48190470464053015,-0.31036038166843793,0.08994467786216649,0.1315611182839329,-0.04947582406161182,0.8752694685797305,0.3885392574136488,-0.5172618278762331,0.42427550486349236,0.7443542860380179,0,1,0,0,0,0,0,0
-1.5798056581783615,-1.2856291358332084,-1.0204076431001965,-0.9904222088911993,-0.31036038166843793,-0.48409363754857515,0.6108909673105343,0.8922327335722863,0.7014242468377307,-0.24893161027923497,-0.6438074666047595,0.42427550486349236,-1.1056913180953083,0,1,0,0,0,0,0,0
0.8102953438059464,-0.24593491567293865,-1.5039554918208828,-1.4833733678789651,-0.3123428398958484,-0.29824055130078875,-0.16593413253083836,0.6441618751179305,0.6801055907875475,-0.2976447536582891,-0.6313774924985073,0.42427550486349236,-0.18066851602864512,0,1,0,0,0,0,0,0
0.8102953438059464,0.33481049802542534,0.3468826193193948,0.3222967517368319,-0.3123428398958484,0.0016137522627426377,0.6107843721137934,0.009253103535566572,0.6923725537988976,-0.2699942163799571,-0.6437834034154809,0.42427550486349236,-0.18066851602864512,0,1,0,0,0,0,0,0
-1.5798056581783615,0.6185962082951938,1.764821525731827,1.8044344895704318,0.35889449047616023,-0.7391609530113977,-0.35088170203171515,0.41468357104796333,0.7286404603486202,-0.18182376173620732,-0.6695684475713631,0.42427550486349236,-1.1056913180953083,1,0,0,0,0,0,0,0
-0.3847551571862075,1.7072155707071976,1.102319285846009,0.2880444110428908,0.36006411425686735,1.0089314888304277,-0.08502676884379237,0.8538292506397327,0.5735065683167235,-0.5037275975096837,-0.6333132423915866,0.42427550486349236,0.7443542860380179,1,0,0,0,0,0,0,0
0.8102953438059464,1.2728545300658218,0.673103578230393,0.2313291744791793,-0.6416606389832877,0.45250650791783514,0.5608293973709056,-0.8854616100853664,0.7878569819818663,-0.01010948407952418,-0.6224340071499561,0.42427550486349236,0.7443542860380179,0,0,0,0,0,0,0,1
-0.3847551571862075,1.1452314693647057,0.0035919238626051946,-0.9530518635847395,0.5650580485146715,0.01943280738348247,-0.39665758495623715,-0.2293094970866135,0.6388845327544008,-0.38392242299901724,-0.7175263838036381,0.42427550486349236,0.7443542860380179,1,0,0,0,0,0,0,0
-1.5798056581783615,-0.2778261454471716,0.7507443245770031,0.36364764418708406,0.45321196152394466,-0.2955905821441771,-0.12689931271465546,0.935476784128493,0.6177588771896202,-0.42468933599910014,-0.6703527292959994,0.42427550486349236,-0.18066851602864512,1,0,0,0,0,0,0,0
-0.3847551571862075,0.80953752506302,0.7097128504961974,0.32903455270714804,0.45321196152394466,0.3705938671064425,1.2022667223558245,0.5242960844985423,0.5517855243370536,2.0809267271293885,-0.10976597711064891,0.42427550486349236,-0.18066851602864512,1,0,0,0,0,0,0,0
-0.3847551571862075,1.5911150654325772,1.112139199190015,0.2911821259424995,0.45321196152394466,0.2910044421377084,1.1347182863667213,0.5243043167564057,0.5517838608580556,2.0809294217415943,-0.07996505403293581,0.42427550486349236,-0.18066851602864512,1,0,0,0,0,0,0,0
0.8102953438059464,-0.9884499903462027,-1.019207663480984,-0.5845557549754075,-0.30927428550799185,-0.4552623159616292,-0.16584232299307577,0.8916523593929198,0.701662329606011,-0.24836968197033016,-0.6438012280001316,0.42427550486349236,-1.1056913180953083,0,1,0,0,0,0,0,0
-0.3847551571862075,-0.6953417667180504,-0.8788476404811937,-0.9762349837683263,-0.30927428550799185,-0.3603093314006944,0.6105260992403826,0.6441289460864772,0.6800933854969979,-0.2976717761919924,-0.6429857532523563,0.42427550486349236,-1.1056913180953083,0,1,0,0,0,0,0,0
-1.5798056581783615,1.3360743186045467,0.3249025407298218,-0.9939041447263082,1.6431996814783747,0.6054314587904795,0.6816559157915402,-1.464642112061745,0.18067955335268793,-0.9706972667923157,-0.8407459550363205,0.42427550486349236,-1.1056913180953083,1,0,0,0,0,0,0,0
-1.5798056581783615,0.8087460350224721,1.2381047608031623,0.6141061708593482,1.6446782480245312,0.466707833832828,0.6990240702824945,0.40855053893976345,0.6987055213594292,-0.25531917748177096,-0.6656666459912977,0.42427550486349236,0.7443542860380179,1,0,0,0,0,0,0,0
-1.5798056581783615,-0.36271906567747964,0.5422379404641673,0.5114594461648564,-1.3920703522190214,-0.7450232296727709,-0.4059505303264023,-0.4669665493438244,0.8726970024788195,0.37056936801253326,-0.5655824944061525,0.42427550486349236,-0.18066851602864512,0,0,0,0,0,0,0,1
0.8102953438059464,1.3111011238107961,1.441503283095822,1.7515267117706417,1.1336240549783316,-0.3720477375082143,0.003273865392839332,0.8451195218203024,0.5763983595297527,-0.4988019793764333,-0.6949114420279048,0.42427550486349236,-0.18066851602864512,0,0,1,0,0,0,0,0
-1.5798056581783615,0.4938146335599751,1.2985351683828807,0.9178559366465224,1.1336240549783316,-0.6512922179564742,-0.17540560735463684,0.8562454183226276,0.7064539487164292,-0.23697116952483216,-0.7077914868965905,0.42427550486349236,-1.1056913180953083,0,0,1,0,0,0,0,0
-1.5798056581783615,0.296892129103654,1.2047360849776307,0.8842959782945166,0.45388092424457366,-0.5379095970466017,-0.5637737102389264,-0.5375169992327814,0.8585835535945159,0.28409736160211246,-0.5440833716295608,0.42427550486349236,-1.1056913180953083,1,0,0,0,0,0,0,0
0.8102953438059464,1.6483274078432133,1.5795737338176024,1.6404632451076453,0.45470689791644847,0.163910190043801,0.38157854466471675,0.27307638741145307,0.8369280779312357,0.17659099141922852,-0.5209532993574191,0.42427550486349236,0.7443542860380179,1,0,0,0,0,0,0,0
0.8102953438059464,1.272093049091777,0.7705064641895895,0.06462621439216877,1.5831390181418499,1.3220968500372372,0.8909533339180373,1.311740362031021,-1.7950486268705974,-0.3561807131516112,1.4558270051298188,0.42427550486349236,-1.1056913180953083,1,0,0,0,0,0,0,0
-1.5798056581783615,1.2417454125494944,1.6585326445447925,1.3065529208400652,0.3579748907102493,0.17385462612444505,0.7668607709040127,0.3128587735361187,0.7747420063963957,-0.051933857640191546,-0.5954360000085853,0.42427550486349236,-1.1056913180953083,1,0,0,0,0,0,0,0
-0.3847551571862075,1.1930340843901914,0.7767836164931049,0.13949219841345714,0.8038788622928104,1.0178701623026454,0.6981784084404213,-1.7173106865327847,0.09380914762382773,-1.0362659075090213,-0.7566638243214527,0.42427550486349236,-1.1056913180953083,0,0,0,0,0,0,0,1
-1.5798056581783615,0.5050464761040804,1.1268882158058673,0.48566774209445907,0.45321196152394466,-0.2631279667443618,0.7484033524105912,0.8540062441837948,0.7076737147699732,-0.2340419883328187,-0.5898604699298077,0.42427550486349236,-2.030714120161971,1,0,0,0,0,0,0,0
0.8102953438059464,-0.781856116424433,0.1582808036452121,0.4091333513085891,-0.3210053360872999,-0.06118347990981367,-0.09553878464212716,0.8921380626068577,0.7014436606730383,-0.2488858048418413,-0.7012053028681109,0.42427550486349236,-0.18066851602864512,0,1,0,0,0,0,0,0
0.8102953438059464,-0.5473931699554965,-1.0985595155147783,-1.0728236898789676,-0.3210053360872999,-0.24403573310526866,-0.18992429962003574,0.6425195396741912,0.680193730940845,-0.2974495830893512,-0.6471941376884159,0.42427550486349236,-0.18066851602864512,0,1,0,0,0,0,0,0
-1.5798056581783615,0.03589363904373303,1.5064870170060254,1.9238652683225401,0.4640768768945446,-0.9207699225510343,-0.08124594296253307,-1.4094160101854245,0.7244834595987354,-0.19247052689539113,-0.6208467278868003,-2.356959071492339,-1.1056913180953083,0,0,1,0,0,0,0,0
-0.3847551571862075,1.7123921399455935,1.031563739586637,0.16281200464288104,0.4640768768945446,0.055706270624835776,-0.412761623536346,0.18904149914231982,0.836186259318329,1.367901276364212,-0.23968313602587837,0.42427550486349236,-0.18066851602864512,0,0,1,0,0,0,0,0
-0.3847551571862075,1.4294504357853153,0.985748223520999,0.3511360458141924,0.4640768768945446,0.7155188773799007,2.102711905527463,1.454973416595544,-1.8040635931142515,-0.33744958136183784,1.479683429226482,0.42427550486349236,-1.1056913180953083,0,0,1,0,0,0,0,0
0.8102953438059464,0.07079703140024084,-0.9990545132009764,-1.207075890293919,0.2402915971272267,1.0316396958546699,0.2635072773519,-0.20294157515028574,-2.0215087852617635,1.1241160734292273,1.7149242763849668,0.42427550486349236,0.7443542860380179,0,1,0,0,0,0,0,0
0.8102953438059464,-0.23237924416779981,-1.3057765229180962,-1.3300751743933494,0.2402915971272267,1.0342894268191085,0.26807945648699205,-0.2271402971396193,-2.0198686582221006,1.1366057613524132,1.714923385155734,0.42427550486349236,0.7443542860380179,0,1,0,0,0,0,0,0
0.8102953438059464,0.3927196143857788,-0.21888275199427534,-0.5917884469519663,0.24308257370232855,1.3166923265085102,-0.18393927867384324,1.355795289986768,-1.8146798761274177,-0.3147954781160251,1.8542626195173892,0.42427550486349236,1.669377088104681,0,1,0,0,0,0,0,0
-1.5798056581783615,1.469262191500268,2.2376390225869294,2.002286816315645,0.3609407625056088,-0.4222672118200722,-0.4730535807132777,0.34025984383429764,0.7005769557353324,-0.25092804751753583,-0.6748766088803787,0.42427550486349236,-1.1056913180953083,1,0,0,0,0,0,0,0
0.8102953438059464,-1.3422131627556095,-0.19370698562350108,1.1119118240748576,0.3609407625056088,-1.704191937589134,-1.8177192189714682,-1.9441011584103667,0.12543537346893432,-1.0135996396851656,-0.8802407784763843,-2.356959071492339,-2.030714120161971,1,0,0,0,0,0,0,0
0.8102953438059464,-0.14461951698616693,-1.2949739171415213,-1.3643931895304702,0.6412727797593871,-0.06769461093048496,-0.021773830364205157,0.41606659036900706,0.729145514490148,-0.18051977564268326,-0.6823112431382374,0.42427550486349236,-0.18066851602864512,0,1,0,0,0,0,0,0
-0.3847551571862075,1.2943438567314764,1.6507156174772224,1.5711930348189471,0.44068544912209656,-0.7705191648167378,-0.7313698196270821,-0.3827752481752874,0.7582380605165128,-0.10119115201471887,-0.6482796548936514,0.42427550486349236,-1.1056913180953083,1,0,0,0,0,0,0,0
0.8102953438059464,0.39772738191612944,1.1711680556597137,1.643437799070002,-1.4713771919378356,-0.42672283271996553,-0.09176623539273655,0.8096467226871036,0.5403866227348162,-0.5579922037820739,-0.7105801431652119,0.42427550486349236,-0.18066851602864512,0,1,0,0,0,0,0,0
0.8102953438059464,0.18224612731564027,-0.1492390287439725,-0.2625607213993252,-1.4681750412414027,0.32511031577601135,-0.5728026463728852,0.8516394700480799,0.43661068122703217,-0.7061794358900721,-0.555569533978552,0.42427550486349236,0.7443542860380179,0,1,0,0,0,0,0,0
-0.3847551571862075,1.6478256932308895,1.8564910677569009,2.058195474267294,1.1909328472385978,-0.5374511404920851,0.9767105985939133,-1.9357207199054707,-1.855990766193233,1.7608658681937241,0.9230252154981732,-2.356959071492339,-2.030714120161971,1,0,0,0,0,0,0,0
0.8102953438059464,-0.2115060420349948,-0.8939315704892077,-0.976497955829389,0.24051685929448471,1.078472669078158,0.2613171710891602,0.15008233880398972,-2.005425967403902,1.231746465198335,1.7033489911127218,0.42427550486349236,0.7443542860380179,0,1,0,0,0,0,0,0
0.8102953438059464,-0.2070797002694242,-1.043844096262054,-1.1272087093177412,0.24051685929448471,1.0327538018729299,0.26468074359626637,-0.20143918809022335,-2.0214279290934503,1.1247424576375478,1.7149198202388036,0.42427550486349236,0.7443542860380179,0,1,0,0,0,0,0,0
0.8102953438059464,-0.2315089804289622,-1.1861981253718776,-1.2563904555418823,0.24051685929448471,1.0352435999348184,0.2697043810665036,-0.22677396166469996,-2.0196726457164265,1.1380690894662,1.7149207114680365,0.42427550486349236,0.7443542860380179,0,1,0,0,0,0,0,0
0.8102953438059464,-0.2282961313535612,-1.4982688299811917,-1.4699841990142128,0.24051685929448471,1.2223557141798893,0.2634144736288784,0.15010291944864806,-2.0054294799678645,1.2317258166620364,1.7149278413018967,0.42427550486349236,1.669377088104681,0,1,0,0,0,0,0,0
-0.3847551571862075,0.7862101408458695,0.839639846339045,0.5496462417953132,0.47451793021348304,0.18241124750005652,0.47927293892809236,0.2940686449630098,0.8167925319271486,0.09290928834942157,-0.594434258351209,0.42427550486349236,-1.1056913180953083,1,0,0,0,0,0,0,0
-0.3847551571862075,0.6690499396507498,0.25225971472249253,-0.4569037985819907,0.4758764054513814,0.6973769208251533,0.21887208445481732,-0.5376075540692783,0.8585477253002813,0.28389837905690757,-0.5448533936864765,0.42427550486349236,0.7443542860380179,1,0,0,0,0,0,0,0
-1.5798056581783615,0.5999314877487297,1.3239568801041628,0.7355231352744827,0.5494364375826178,-0.35571865261811175,0.11651147072745274,-0.4428913112224412,0.7813946944531149,-0.031041531942432258,-0.5359954663442494,0.42427550486349236,0.7443542860380179,1,0,0,0,0,0,0,0
-1.5798056581783615,1.1668699039087107,1.4261925882531918,0.6503017052137957,0.5494364375826178,-0.4042801376202659,-0.1268721977122384,0.3376090568022972,0.7759110123332424,-0.04830867322388127,-0.5586068432030523,0.42427550486349236,0.7443542860380179,1,0,0,0,0,0,0,0
-0.3847551571862075,1.71941895769087,0.8378097194720694,-0.040141617898705184,0.5501397882242821,0.6589934275892019,-0.034012568301009495,0.1950057699643209,0.8338111161183833,1.3783781451879473,-0.13701709335406143,0.42427550486349236,-0.18066851602864512,1,0,0,0,0,0,0,0
0.8102953438059464,1.5608837145293981,0.37934623214732976,-0.38569449266978195,0.5502878220335021,0.5279090893491327,1.209909024281423,0.40401868098598626,0.6010034065665751,1.9967493068912103,-0.10048115096603438,0.42427550486349236,-1.1056913180953083,1,0,0,0,0,0,0,0
0.8102953438059464,0.4360067979003505,-0.5427731310975743,-0.9238353840807217,-2.766205995061869,-0.7312719500900083,-1.6743276838228436,-1.320948051056874,-0.27247035243102985,-1.212321634802982,-0.9576306688841,-2.356959071492339,1.669377088104681,0,0,0,0,0,0,0,1
0.8102953438059464,-0.72389167163264,-0.9560967411000376,-0.7018072139872629,-2.7747370296705953,-0.5984786376356837,-1.491159646128231,-2.1721676302567685,0.2682828928807643,-0.8933156978751486,-0.8924541838791291,-2.356959071492339,-0.18066851602864512,0,0,0,0,0,0,0,1
0.8102953438059464,-0.2556766185082015,-1.8420886572272053,-1.6872079673292386,-1.3018656219276041,-0.25099963439517786,-0.019888095354985716,0.7010097317933323,0.6833897138214217,-0.2903390485109352,-0.6479454439314483,0.42427550486349236,-0.18066851602864512,0,1,0,0,0,0,0,0
0.8102953438059464,-0.2941004534794514,0.023891467458813435,0.27210047079759475,0.46169066830481365,-0.3461870416413902,0.9506147425524966,0.8354713156044499,0.46479844143823135,-0.6688395639261707,-0.6950424527250886,0.42427550486349236,-0.18066851602864512,1,0,0,0,0,0,0,0
-0.3847551571862075,0.09312098558249769,1.2626524224797004,2.4643348997350554,0.46169066830481365,-1.5321673016982715,-1.6346432941066356,-1.2806676133314756,0.25586306219056726,-0.9050305688553544,-0.8976972854541688,-2.356959071492339,-2.030714120161971,1,0,0,0,0,0,0,0
-0.3847551571862075,-0.56404728061551,-0.8426876567116187,-0.9803665502425897,1.4742095981097911,0.09477486283853123,-0.45481935156541364,0.8536975345139189,0.5764338115943259,-0.4987413976405064,-0.5410113044649912,0.42427550486349236,0.7443542860380179,0,1,0,0,0,0,0,0
-1.5798056581783615,-1.1517904404468131,-0.5291205667674352,-0.5373222834886536,1.4742095981097911,-0.9753134484115862,-0.4045899466667498,-0.5389000185538251,0.8611354524392827,0.29849894316050263,-0.5403990299822354,0.42427550486349236,-0.18066851602864512,0,1,0,0,0,0,0,0
