voyage_id,vessel_type,dwt,n_ports,nz_dest_port,p_invasion,p_alien_per_port,p_intro_per_port,p_estab_per_port,pr_inv_per_port
1,Bulker,40259.0,6,TAURANGA,0.0003605734,"[1.0, 1.0, 0.999999, 1.0, 0.999968]","[0.11172587, 0.30765094, 0.67073716, 0.79326476, 0.90488992]","[0.00011174, 0.00011553, 0.00013088, 0.00013088, 0.00013371]","[1.24837e-05, 3.55434e-05, 8.77852e-05, 0.0001038215, 0.0001209874]"
17,Reefer,14933.0,6,TAURANGA,0.0002429003,"[1.0, 1.0, 1.0, 1.0, 1.0]","[0.20697468, 0.27815255, 0.43028723, 0.50018113, 0.65628922]","[9.591e-05, 9.591e-05, 0.00011482, 0.00012209, 0.00013092]","[1.98506e-05, 2.66771e-05, 4.94054e-05, 6.10683e-05, 8.59211e-05]"
20,Reefer,14933.0,7,TAURANGA,0.0002896065,"[1.0, 1.0, 1.0, 1.0, 1.0, 1.0]","[0.17072822, 0.22122279, 0.36104198, 0.42738693, 0.54011139, 0.63684518]","[9.591e-05, 9.591e-05, 0.00011482, 0.00012209, 0.0001346, 0.0001346]","[1.63743e-05, 2.12171e-05, 4.14547e-05, 5.21807e-05, 7.26965e-05, 8.57164e-05]"
27,Reefer,12350.0,6,TAURANGA,0.0002515268,"[1.0, 1.0, 1.0, 1.0, 1.0]","[0.25250654, 0.30900817, 0.38100392, 0.47550847, 0.55211706]","[0.00011482, 0.00012209, 0.00012209, 0.0001346, 0.0001346]","[2.89927e-05, 3.77275e-05, 4.65177e-05, 6.40012e-05, 7.43124e-05]"
28,Reefer,12350.0,6,TAURANGA,0.0002255436,"[1.0, 1.0, 1.0, 1.0, 1.0]","[0.19937558, 0.25334353, 0.38832317, 0.453705, 0.61043802]","[9.591e-05, 9.591e-05, 0.00011482, 0.00012209, 0.0001346]","[1.91218e-05, 2.42978e-05, 4.45871e-05, 5.53939e-05, 8.21621e-05]"
30,General Cargo,16950.0,5,TAURANGA,0.0002113052,"[1.0, 1.0, 1.0, 1.0]","[0.25489502, 0.31172907, 0.43665366, 0.6509556]","[0.00011482, 0.00012209, 0.0001346, 0.00013092]","[2.92669e-05, 3.80597e-05, 5.87715e-05, 8.52228e-05]"
32,Reefer,16950.0,5,NELSON,0.0002287904,"[1.0, 1.0, 1.0, 1.0]","[0.24993323, 0.36351199, 0.44777409, 0.68943945]","[0.00013077, 0.00013061, 0.00013061, 0.00013077]","[3.2685e-05, 4.74787e-05, 5.84843e-05, 9.01613e-05]"
39,Reefer,12942.0,7,GISBORNE,0.0002362205,"[1.0, 1.0, 1.0, 1.0, 1.0, 1.0]","[0.16218709, 0.20113817, 0.28155253, 0.37024671, 0.48519732, 0.5533679]","[0.00012123, 0.00011161, 0.00011161, 0.00011161, 0.00011688, 0.00011688]","[1.96618e-05, 2.24485e-05, 3.14233e-05, 4.13222e-05, 5.67097e-05, 6.46774e-05]"
40,Reefer,12942.0,5,TAURANGA,0.0001925047,"[1.0, 1.0, 1.0, 1.0]","[0.22408735, 0.26872811, 0.3850502, 0.62750275]","[0.00011482, 0.00012209, 0.0001346, 0.00013092]","[2.57296e-05, 3.28096e-05, 5.1826e-05, 8.21524e-05]"
42,General Cargo,20202.0,6,TAURANGA,0.0002754653,"[1.0, 1.0, 1.0, 1.0, 1.0]","[0.18174732, 0.30287846, 0.53373066, 0.64890525, 0.72586535]","[0.00012123, 9.591e-05, 0.00011482, 0.00011482, 0.00012209]","[2.20331e-05, 2.90486e-05, 6.12827e-05, 7.4507e-05, 8.86226e-05]"
44,General Cargo,16950.0,5,TAURANGA,0.0002330117,"[1.0, 1.0, 1.0, 1.0]","[0.23158241, 0.37521511, 0.45491221, 0.69493949]","[0.00013092, 0.0001346, 0.0001346, 0.00013092]","[3.03187e-05, 5.05022e-05, 6.12291e-05, 9.09812e-05]"
46,Reefer,10713.0,6,TAURANGA,0.0001974213,"[1.0, 1.0, 1.0, 1.0, 1.0]","[0.13437109, 0.25524798, 0.31184242, 0.48582866, 0.58037069]","[0.00012209, 9.591e-05, 9.591e-05, 0.00011482, 0.00012209]","[1.64057e-05, 2.44804e-05, 2.99083e-05, 5.57826e-05, 7.08588e-05]"
51,General Cargo,13958.0,7,NELSON,0.00024559,"[1.0, 1.0, 1.0, 1.0, 1.0, 1.0]","[0.12495427, 0.1990023, 0.34744869, 0.48212113, 0.56429932, 0.64443279]","[0.00012002, 0.00012307, 0.00012889, 8.676e-05, 9.888e-05, 9.888e-05]","[1.49966e-05, 2.44912e-05, 4.47814e-05, 4.18272e-05, 5.57972e-05, 6.37207e-05]"
54,General Cargo,10603.0,6,NELSON,0.0001932682,"[1.0, 1.0, 1.0, 1.0, 1.0]","[0.13131159, 0.21810489, 0.37893508, 0.49802957, 0.59298754]","[0.00012002, 0.00012307, 0.00012889, 8.676e-05, 9.888e-05]","[1.57596e-05, 2.68421e-05, 4.88395e-05, 4.32074e-05, 5.86338e-05]"
57,Reefer,10621.0,5,TAURANGA,0.0002198342,"[1.0, 1.0, 1.0, 1.0]","[0.23209539, 0.35303774, 0.5074168, 0.61278148]","[0.00014211, 0.00011063, 0.00013195, 0.00013195]","[3.29824e-05, 3.90566e-05, 6.69547e-05, 8.08578e-05]"
60,RoRo,22815.0,7,AUCKLAND,0.0004337546,"[1.0, 1.0, 1.0, 1.0, 1.0, 0.999862]","[0.3758434, 0.46382636, 0.55090542, 0.62598903, 0.69045834, 0.90132972]","[9.871e-05, 9.871e-05, 0.00013195, 0.00013195, 0.00013195, 0.00011601]","[3.70995e-05, 4.57843e-05, 7.26931e-05, 8.26006e-05, 9.11074e-05, 0.0001045463]"
61,RoRo,22815.0,7,AUCKLAND,0.0004555231,"[1.0, 1.0, 1.0, 1.0, 1.0, 0.998457]","[0.39194604, 0.46837219, 0.56160346, 0.63831768, 0.70802522, 0.91428086]","[0.00013195, 9.871e-05, 0.00013195, 0.00013195, 0.00013195, 0.00011601]","[5.17181e-05, 4.62331e-05, 7.41048e-05, 8.42274e-05, 9.34254e-05, 0.0001058995]"
62,RoRo,22815.0,7,AUCKLAND,0.0004169441,"[1.0, 1.0, 1.0, 0.999965, 0.999913, 0.999998]","[0.26529238, 0.32257315, 0.39030344, 0.64315209, 0.74463958, 0.86429384]","[0.00013195, 9.871e-05, 0.00013195, 0.00013371, 0.00013371, 0.00013088]","[3.50059e-05, 3.18412e-05, 5.15014e-05, 8.59918e-05, 9.95558e-05, 0.0001131174]"
63,RoRo,22815.0,7,AUCKLAND,0.0004056805,"[1.0, 1.0, 1.0, 1.0, 1.0, 0.999965]","[0.32987476, 0.40474913, 0.4841209, 0.55052644, 0.60642938, 0.8727401]","[9.871e-05, 9.871e-05, 0.00013195, 0.00013195, 0.00013195, 0.00013371]","[3.2562e-05, 3.99528e-05, 6.38808e-05, 7.26431e-05, 8.00196e-05, 0.0001166885]"
64,RoRo,22815.0,6,AUCKLAND,0.0003925681,"[0.999862, 1.0, 1.0, 1.0, 1.0]","[0.34778157, 0.55096548, 0.63717608, 0.7156792, 0.76600432]","[0.00011601, 0.00013195, 0.00013195, 0.00013195, 0.00013195]","[4.03396e-05, 7.27011e-05, 8.40767e-05, 9.44354e-05, 0.0001010759]"
65,RoRo,22815.0,6,AUCKLAND,0.0003123375,"[1.0, 0.999965, 0.999913, 0.999998, 1.0]","[0.25024289, 0.37292661, 0.45873583, 0.53074776, 0.74798865]","[0.00013195, 0.00013371, 0.00013371, 0.00013088, 0.00013195]","[3.30201e-05, 4.98616e-05, 6.13315e-05, 6.94634e-05, 9.86987e-05]"
67,RoRo,22815.0,7,AUCKLAND,0.000442724,"[1.0, 1.0, 1.0, 1.0, 1.0, 0.999862]","[0.36037445, 0.44539217, 0.54765235, 0.62600222, 0.6902768, 0.90815295]","[0.00013195, 9.871e-05, 0.00013195, 0.00013195, 0.00013195, 0.00011601]","[4.75522e-05, 4.39647e-05, 7.22639e-05, 8.26023e-05, 9.10835e-05, 0.0001053377]"
70,General Cargo,7285.0,5,NAPIER,0.0001522492,"[1.0, 1.0, 1.0, 1.0]","[0.15677368, 0.23829003, 0.4000792, 0.50126111]","[8.967e-05, 8.382e-05, 0.00013117, 0.00013117]","[1.40571e-05, 1.99726e-05, 5.24777e-05, 6.57495e-05]"
73,General Cargo,7285.0,6,TIMARU,0.0001831217,"[0.999996, 1.0, 1.0, 1.0, 1.0]","[0.12275553, 0.2194356, 0.29284708, 0.4167019, 0.51088038]","[0.00014047, 8.967e-05, 8.382e-05, 0.00013117, 0.00013117]","[1.72437e-05, 1.96757e-05, 2.45454e-05, 5.46581e-05, 6.70113e-05]"
76,General Cargo,7285.0,7,NAPIER,0.0001964314,"[1.0, 1.0, 1.0, 1.0, 1.0, 0.999999]","[0.10429089, 0.15614225, 0.19667043, 0.29098686, 0.42258194, 0.55166656]","[8.776e-05, 8.498e-05, 8.498e-05, 8.382e-05, 0.00013117, 0.00014047]","[9.1525e-06, 1.32683e-05, 1.67122e-05, 2.43894e-05, 5.54293e-05, 7.74937e-05]"
79,RoRo,21423.0,7,AUCKLAND,0.0003053452,"[1.0, 1.0, 1.0, 1.0, 1.0, 1.0]","[0.21751338, 0.26978184, 0.31985632, 0.3744626, 0.58501076, 0.65076842]","[9.591e-05, 9.591e-05, 9.591e-05, 0.00013982, 0.00014211, 0.00014211]","[2.08613e-05, 2.58743e-05, 3.06769e-05, 5.23561e-05, 8.31342e-05, 9.24789e-05]"
81,RoRo,21414.0,7,AUCKLAND,0.0004093646,"[1.0, 1.0, 1.0, 1.0, 0.999998, 0.999913]","[0.21013073, 0.26442441, 0.43528151, 0.50556103, 0.76846118, 0.88282897]","[9.591e-05, 0.00013982, 0.00014211, 0.00014211, 0.00013088, 0.00013371]","[2.01533e-05, 3.69709e-05, 6.18566e-05, 7.18439e-05, 0.000100575, 0.0001180313]"
83,Bulker,55777.0,7,TAURANGA,0.000341167,"[1.0, 1.0, 1.0, 1.0, 1.0, 1.0]","[0.05319531, 0.15260157, 0.35975803, 0.60334103, 0.67740566, 0.89444667]","[0.00011924, 9.871e-05, 0.00013195, 0.00013195, 0.00013195, 0.00011553]","[6.3433e-06, 1.50633e-05, 4.74708e-05, 7.96121e-05, 8.93851e-05, 0.0001033368]"
85,Bulker,55777.0,7,LYTTELTON,0.0002679457,"[1.0, 1.0, 1.0, 1.0, 1.0, 1.0]","[0.05445002, 0.15142667, 0.34728669, 0.57599609, 0.65128593, 0.6790628]","[0.00012132, 0.00012132, 0.00012132, 0.00010536, 0.00010536, 0.00010536]","[6.6061e-06, 1.83718e-05, 4.21345e-05, 6.06896e-05, 6.86225e-05, 7.15492e-05]"
91,Bulker,55531.0,7,TIMARU,0.0003920668,"[1.0, 0.999993, 0.999861, 0.999973, 0.999996, 1.0]","[0.0440035, 0.15402586, 0.38984959, 0.698437, 0.81839868, 0.89661833]","[9.156e-05, 0.00010558, 0.00010558, 0.00014047, 0.00014047, 0.00013117]","[4.0288e-06, 1.62623e-05, 4.11555e-05, 9.81082e-05, 0.0001149617, 0.0001176079]"
94,RoRo,22514.0,7,AUCKLAND,0.0004734559,"[1.0, 1.0, 1.0, 1.0, 1.0, 0.998457]","[0.38422766, 0.47536535, 0.56888361, 0.64665999, 0.71369572, 0.91131539]","[0.00013195, 0.00013195, 0.00013195, 0.00013195, 0.00013195, 0.00011601]","[5.06997e-05, 6.27255e-05, 7.50654e-05, 8.53282e-05, 9.41737e-05, 0.000105556]"
95,RoRo,22514.0,7,AUCKLAND,0.0004243285,"[1.0, 1.0, 1.0, 1.0, 1.0, 0.999862]","[0.36427686, 0.44721448, 0.53641098, 0.61038667, 0.67288818, 0.89824157]","[9.871e-05, 9.871e-05, 0.00013195, 0.00013195, 0.00013195, 0.00011601]","[3.59578e-05, 4.41446e-05, 7.07806e-05, 8.05418e-05, 8.8789e-05, 0.0001041881]"
96,RoRo,22514.0,7,AUCKLAND,0.0003784188,"[0.999913, 1.0, 1.0, 1.0, 1.0, 0.999862]","[0.25377927, 0.44105039, 0.53578305, 0.61802232, 0.68372721, 0.90495846]","[0.00013371, 0.00013195, 9.871e-05, 9.871e-05, 9.871e-05, 0.00011601]","[3.39294e-05, 5.81975e-05, 5.28872e-05, 6.1005e-05, 6.74908e-05, 0.0001049672]"
97,RoRo,22514.0,7,AUCKLAND,0.0004523453,"[1.0, 1.0, 1.0, 1.0, 1.0, 0.999913]","[0.35550652, 0.44719812, 0.53275948, 0.60628099, 0.66901376, 0.89569269]","[9.871e-05, 0.00013195, 0.00013195, 0.00013195, 0.00013195, 0.00013371]","[3.50921e-05, 5.90087e-05, 7.02987e-05, 8.00001e-05, 8.82778e-05, 0.0001197511]"
98,RoRo,22514.0,7,AUCKLAND,0.0004129004,"[1.0, 1.0, 1.0, 1.0, 1.0, 1.0]","[0.38680204, 0.46555024, 0.54889903, 0.63340351, 0.69936801, 0.74868179]","[9.871e-05, 9.871e-05, 9.871e-05, 0.00013195, 0.00013195, 0.00013195]","[3.81813e-05, 4.59545e-05, 5.41819e-05, 8.35789e-05, 9.22831e-05, 9.87901e-05]"
99,RoRo,22514.0,7,AUCKLAND,0.0004531381,"[1.0, 1.0, 1.0, 1.0, 1.0, 0.998457]","[0.37050767, 0.46619178, 0.55668508, 0.63406174, 0.69828062, 0.91405345]","[9.871e-05, 0.00013195, 0.00013195, 0.00013195, 0.00013195, 0.00011601]","[3.65728e-05, 6.1515e-05, 7.34558e-05, 8.36658e-05, 9.21396e-05, 0.0001058732]"
100,RoRo,22514.0,7,AUCKLAND,0.0004073209,"[1.0, 1.0, 1.0, 1.0, 1.0, 0.998457]","[0.34857504, 0.42858347, 0.51612382, 0.61831323, 0.7017093, 0.91124705]","[9.871e-05, 9.871e-05, 9.871e-05, 0.00013195, 0.00013195, 0.00011601]","[3.44079e-05, 4.23055e-05, 5.09466e-05, 8.15877e-05, 9.2592e-05, 0.0001055481]"
101,RoRo,22514.0,7,AUCKLAND,0.0004365732,"[1.0, 1.0, 1.0, 1.0, 1.0, 0.999862]","[0.36945459, 0.46372793, 0.55707271, 0.63383561, 0.70284302, 0.90112806]","[9.871e-05, 9.871e-05, 0.00013195, 0.00013195, 0.00013195, 0.00011601]","[3.64689e-05, 4.57746e-05, 7.35069e-05, 8.36359e-05, 9.27416e-05, 0.0001045229]"
113,Container,110387.0,7,TAURANGA,0.0004354822,"[1.0, 1.0, 1.0, 1.0, 1.0, 1.0]","[0.47332842, 0.48742357, 0.52139675, 0.57546628, 0.6292591, 0.68688378]","[0.00012209, 0.00012209, 0.00012209, 0.0001346, 0.0001346, 0.0001346]","[5.77898e-05, 5.95107e-05, 6.36586e-05, 7.74551e-05, 8.46953e-05, 9.24513e-05]"
114,Container,110387.0,6,TAURANGA,0.0003855689,"[1.0, 1.0, 1.0, 1.0, 1.0]","[0.49813944, 0.53380407, 0.58374065, 0.64366731, 0.70160117]","[0.00012209, 0.00012209, 0.0001346, 0.0001346, 0.0001346]","[6.0819e-05, 6.51734e-05, 7.85688e-05, 8.66346e-05, 9.44322e-05]"
115,Container,110387.0,7,TAURANGA,0.00042237,"[1.0, 1.0, 1.0, 1.0, 1.0, 1.0]","[0.31579073, 0.49289081, 0.52716707, 0.57471973, 0.63085423, 0.69815428]","[0.00013195, 0.00012209, 0.00012209, 0.0001346, 0.0001346, 0.0001346]","[4.16693e-05, 6.01782e-05, 6.43631e-05, 7.73546e-05, 8.491e-05, 9.39683e-05]"
116,Container,110387.0,7,TAURANGA,0.000421861,"[1.0, 1.0, 1.0, 1.0, 1.0, 1.0]","[0.32321859, 0.49911257, 0.5320581, 0.57538383, 0.62649862, 0.6807012]","[0.00013195, 0.00012209, 0.00012209, 0.0001346, 0.0001346, 0.0001346]","[4.26494e-05, 6.09378e-05, 6.49602e-05, 7.7444e-05, 8.43238e-05, 9.16192e-05]"
117,Container,110387.0,7,TAURANGA,0.0004244278,"[1.0, 1.0, 1.0, 1.0, 1.0, 1.0]","[0.32869438, 0.49725038, 0.52799716, 0.57938367, 0.63359283, 0.68868922]","[0.00013195, 0.00012209, 0.00012209, 0.0001346, 0.0001346, 0.0001346]","[4.33719e-05, 6.07105e-05, 6.44644e-05, 7.79823e-05, 8.52786e-05, 9.26943e-05]"
118,Container,110387.0,7,TAURANGA,0.0004539081,"[1.0, 1.0, 1.0, 1.0, 1.0, 1.0]","[0.50097671, 0.51202493, 0.53950248, 0.59942392, 0.66696807, 0.6983463]","[0.00012209, 0.00012209, 0.00012209, 0.0001346, 0.0001346, 0.0001346]","[6.11654e-05, 6.25143e-05, 6.58691e-05, 8.06797e-05, 8.97708e-05, 9.39941e-05]"
121,Container,52180.0,5,TAURANGA,0.0002408162,"[0.999989, 1.0, 1.0, 0.999989]","[0.35614786, 0.45439341, 0.49840935, 0.65673167]","[0.00013371, 0.00011063, 0.00011063, 0.00013371]","[4.76194e-05, 5.02695e-05, 5.5139e-05, 8.78095e-05]"
123,Container,52180.0,5,AUCKLAND,0.0002511137,"[0.999965, 1.0, 1.0, 0.999965]","[0.35963779, 0.47295125, 0.53552083, 0.68423438]","[0.00013371, 0.00011063, 0.00011063, 0.00013371]","[4.80849e-05, 5.23226e-05, 5.92447e-05, 9.14846e-05]"
125,Container,52180.0,6,NELSON,0.00023611,"[0.999986, 1.0, 1.0, 0.999986, 0.999847]","[0.26832773, 0.35739069, 0.48147836, 0.61979247, 0.68253162]","[0.00010558, 8.382e-05, 8.382e-05, 0.00010558, 0.00010558]","[2.83302e-05, 2.99552e-05, 4.03557e-05, 6.54381e-05, 7.20521e-05]"
126,Container,52180.0,7,AUCKLAND,0.00035369,"[0.999965, 1.0, 1.0, 1.0, 0.999965, 0.999902]","[0.27081109, 0.40202869, 0.43062301, 0.46711356, 0.61784148, 0.67777623]","[0.00013371, 0.00011063, 0.00011063, 0.00011174, 0.00013371, 0.00013371]","[3.62084e-05, 4.44764e-05, 4.76398e-05, 5.21932e-05, 8.26076e-05, 9.06154e-05]"
127,Container,52180.0,7,AUCKLAND,0.0003171183,"[1.0, 1.0, 1.0, 1.0, 0.999965, 0.999902]","[0.283735, 0.30542655, 0.33181212, 0.38963345, 0.6088169, 0.67889548]","[0.00011063, 0.00011063, 0.00011063, 0.00011063, 0.00013371, 0.00013371]","[3.13896e-05, 3.37893e-05, 3.67084e-05, 4.31051e-05, 8.1401e-05, 9.0765e-05]"
128,Container,52180.0,5,AUCKLAND,0.0002307634,"[0.999965, 1.0, 1.0, 0.999965]","[0.30000794, 0.41474028, 0.51294802, 0.65847432]","[0.00013371, 0.00011063, 0.00011063, 0.00013371]","[4.01121e-05, 4.58827e-05, 5.67474e-05, 8.80404e-05]"
129,Container,52180.0,7,AUCKLAND,0.0003415247,"[1.0, 1.0, 1.0, 1.0, 0.999965, 0.999902]","[0.35349142, 0.395678, 0.41073702, 0.44186058, 0.57536419, 0.65037591]","[0.00011063, 0.00011063, 0.00011063, 0.00011174, 0.00013371, 0.00013371]","[3.91067e-05, 4.37738e-05, 4.54398e-05, 4.93715e-05, 7.69283e-05, 8.69521e-05]"
146,General Cargo,5351.0,5,NEW PLYMOUTH,0.0001120018,"[0.999975, 0.999999, 0.999999, 0.999986]","[0.13016317, 0.16967508, 0.2986385, 0.4069506]","[0.00010558, 8.776e-05, 8.776e-05, 0.00014047]","[1.37426e-05, 1.48906e-05, 2.62083e-05, 5.71644e-05]"
147,General Cargo,5351.0,5,NELSON,0.0001322908,"[0.999986, 1.0, 0.999965, 0.999933]","[0.15782919, 0.20081501, 0.29050791, 0.40724574]","[0.00010558, 8.776e-05, 0.00014047, 0.00014047]","[1.66637e-05, 1.76234e-05, 4.08068e-05, 5.72028e-05]"
148,General Cargo,10334.0,5,TAURANGA,0.00018012,"[1.0, 1.0, 1.0, 1.0]","[0.19838963, 0.25324891, 0.35563245, 0.60010891]","[0.00011482, 0.00012209, 0.0001346, 0.00013092]","[2.2779e-05, 3.09198e-05, 4.78665e-05, 7.8566e-05]"
150,General Cargo,10334.0,7,TAURANGA,0.0002207671,"[1.0, 1.0, 1.0, 1.0, 1.0, 1.0]","[0.09640173, 0.1255129, 0.2065648, 0.37503717, 0.46626785, 0.59215563]","[9.591e-05, 9.591e-05, 9.591e-05, 0.00011482, 0.00012209, 0.0001346]","[9.2457e-06, 1.20377e-05, 1.98113e-05, 4.30616e-05, 5.69277e-05, 7.97014e-05]"
155,General Cargo,10342.0,7,TAURANGA,0.0002280546,"[1.0, 1.0, 1.0, 1.0, 1.0, 1.0]","[0.1117145, 0.16499304, 0.28481578, 0.37389028, 0.45871789, 0.55023047]","[9.591e-05, 9.591e-05, 0.00011482, 0.00012209, 0.00012209, 0.00012209]","[1.07144e-05, 1.58242e-05, 3.27024e-05, 4.56491e-05, 5.60059e-05, 6.71789e-05]"
158,Reefer,10316.0,6,TAURANGA,0.0001682064,"[1.0, 1.0, 1.0, 1.0, 1.0]","[0.12140253, 0.15619186, 0.23715007, 0.39137306, 0.5428106]","[9.591e-05, 9.591e-05, 9.591e-05, 0.00012209, 0.00013092]","[1.16435e-05, 1.49801e-05, 2.27447e-05, 4.77837e-05, 7.10645e-05]"
164,Container,52532.0,7,AUCKLAND,0.0003746701,"[1.0, 1.0, 1.0, 1.0, 0.999965, 0.999902]","[0.36376957, 0.45137012, 0.46801501, 0.5010453, 0.63659434, 0.68568409]","[0.00011063, 0.00011063, 0.00011063, 0.00011174, 0.00013371, 0.00013371]","[4.02438e-05, 4.99351e-05, 5.17765e-05, 5.59846e-05, 8.5115e-05, 9.16726e-05]"
166,Container,52532.0,7,AUCKLAND,0.0003583201,"[0.999998, 1.0, 1.0, 1.0, 0.999965, 0.999902]","[0.27750839, 0.3681188, 0.45804068, 0.48746783, 0.63470211, 0.68308343]","[0.00013088, 0.00011063, 0.00011063, 0.00011174, 0.00013371, 0.00013371]","[3.63199e-05, 4.0725e-05, 5.0673e-05, 5.44675e-05, 8.4862e-05, 9.13249e-05]"
167,Container,52532.0,7,AUCKLAND,0.0003462987,"[1.0, 1.0, 1.0, 1.0, 0.999965, 0.999902]","[0.32910539, 0.36313056, 0.41026304, 0.4411644, 0.62681278, 0.68272491]","[0.00011063, 0.00011063, 0.00011063, 0.00011174, 0.00013371, 0.00013371]","[3.64089e-05, 4.01731e-05, 4.53874e-05, 4.92937e-05, 8.38071e-05, 9.1277e-05]"
168,Container,52532.0,7,AUCKLAND,0.0003622951,"[1.0, 1.0, 1.0, 1.0, 0.999902, 0.999998]","[0.33706567, 0.35394232, 0.40927352, 0.4467542, 0.61334639, 0.66533589]","[0.00011623, 0.00011623, 0.00013195, 0.00013195, 0.00013371, 0.00013088]","[3.91765e-05, 4.1138e-05, 5.40045e-05, 5.89502e-05, 8.20014e-05, 8.70781e-05]"
173,General Cargo,5642.0,5,AUCKLAND,0.0001582563,"[0.999659, 0.999862, 0.999659, 0.99997]","[0.19170242, 0.3136787, 0.38886164, 0.47028549]","[0.00011601, 0.00011601, 0.00011601, 0.00011601]","[2.22313e-05, 3.63839e-05, 4.50954e-05, 5.45548e-05]"
175,General Cargo,5642.0,6,AUCKLAND,0.0001239125,"[0.999659, 0.999862, 1.0, 1.0, 1.0]","[0.08832959, 0.11184911, 0.20860956, 0.2530129, 0.35655254]","[0.00011601, 0.00011601, 0.00011623, 0.00011623, 0.00013195]","[1.02434e-05, 1.29735e-05, 2.42463e-05, 2.94072e-05, 4.70479e-05]"
176,General Cargo,5642.0,6,AUCKLAND,0.0001323886,"[0.999659, 0.999862, 1.0, 1.0, 1.0]","[0.10938122, 0.13912908, 0.22391877, 0.27121718, 0.34879404]","[0.00011601, 0.00011601, 0.00011623, 0.00011623, 0.00013195]","[1.26847e-05, 1.61377e-05, 2.60256e-05, 3.1523e-05, 4.60241e-05]"
178,General Cargo,5642.0,5,AUCKLAND,0.0001134483,"[0.999659, 0.999862, 1.0, 1.0]","[0.13141865, 0.16562492, 0.27015405, 0.36075171]","[0.00011601, 0.00011601, 0.00011623, 0.00013195]","[1.52403e-05, 1.9211e-05, 3.13995e-05, 4.7602e-05]"
182,General Cargo,5642.0,7,AUCKLAND,0.0001769336,"[1.0, 1.0, 1.0, 1.0, 0.999862, 0.999659]","[0.11166519, 0.14655405, 0.19599991, 0.26094526, 0.38238554, 0.46832224]","[0.00010377, 0.00010377, 0.00011267, 0.00011267, 0.00011601, 0.00011601]","[1.15878e-05, 1.52083e-05, 2.20843e-05, 2.9402e-05, 4.43533e-05, 5.43102e-05]"
183,General Cargo,5642.0,7,AUCKLAND,0.0001855815,"[0.999903, 0.999862, 1.0, 1.0, 0.999993, 0.999659]","[0.11411935, 0.14300658, 0.23242572, 0.30430509, 0.38836948, 0.47165916]","[0.00011601, 0.00011601, 0.00010437, 0.00010437, 0.00011601, 0.00011601]","[1.32374e-05, 1.65875e-05, 2.42588e-05, 3.1761e-05, 4.50533e-05, 5.46972e-05]"
184,General Cargo,5642.0,7,AUCKLAND,0.0001992523,"[0.999659, 0.999862, 1.0, 1.0, 0.99997, 0.999659]","[0.15007082, 0.19760892, 0.2542173, 0.31579223, 0.3887099, 0.46874392]","[0.00011601, 0.00011601, 0.00010437, 0.00010437, 0.00011601, 0.00011601]","[1.74034e-05, 2.29209e-05, 2.65332e-05, 3.29599e-05, 4.50918e-05, 5.43591e-05]"
185,General Cargo,5642.0,7,AUCKLAND,0.0001949889,"[0.999862, 1.0, 1.0, 0.999993, 0.99997, 0.999659]","[0.13725375, 0.18287742, 0.23199393, 0.31318092, 0.38645216, 0.47101107]","[0.00011601, 0.00010437, 0.00010437, 0.00011601, 0.00011601, 0.00011601]","[1.59202e-05, 1.90873e-05, 2.42137e-05, 3.6331e-05, 4.48299e-05, 5.4622e-05]"
186,General Cargo,5642.0,7,AUCKLAND,0.0001768174,"[1.0, 0.999862, 1.0, 1.0, 1.0, 0.999659]","[0.08548179, 0.16745004, 0.21731844, 0.27688431, 0.35954741, 0.47085409]","[0.00011267, 0.00011601, 0.00010437, 0.00010437, 0.00011567, 0.00011601]","[9.6316e-06, 1.94227e-05, 2.2682e-05, 2.8899e-05, 4.15905e-05, 5.46038e-05]"
188,Reefer,10432.0,6,TAURANGA,0.0002021229,"[1.0, 1.0, 1.0, 1.0, 1.0]","[0.14399643, 0.21322914, 0.35342186, 0.42183585, 0.57893917]","[9.591e-05, 9.591e-05, 0.00011482, 0.00012209, 0.00013092]","[1.38105e-05, 2.04505e-05, 4.05797e-05, 5.15029e-05, 7.57945e-05]"
189,Reefer,10432.0,5,TAURANGA,0.0001699193,"[1.0, 1.0, 1.0, 1.0]","[0.21395664, 0.35645673, 0.44775154, 0.55251049]","[6.614e-05, 0.00011482, 0.00011482, 0.00011482]","[1.41517e-05, 4.09282e-05, 5.14106e-05, 6.3439e-05]"
194,Reefer,10100.0,7,TAURANGA,0.0002386296,"[1.0, 1.0, 1.0, 1.0, 1.0, 1.0]","[0.09992211, 0.14330329, 0.19529869, 0.32668995, 0.51011592, 0.59212494]","[0.0001061, 0.0001061, 0.00013195, 0.00013092, 0.00013092, 0.00013092]","[1.06018e-05, 1.52046e-05, 2.57701e-05, 4.27701e-05, 6.67842e-05, 7.75208e-05]"
195,Reefer,10100.0,6,AUCKLAND,0.0002365326,"[1.0, 1.0, 1.0, 1.0, 1.0]","[0.24590982, 0.31433501, 0.40281523, 0.52924926, 0.62877658]","[0.00013195, 0.00013195, 9.871e-05, 0.0001061, 0.0001061]","[3.24483e-05, 4.14772e-05, 3.97619e-05, 5.61536e-05, 6.67135e-05]"
196,Reefer,10100.0,6,AUCKLAND,0.0002404413,"[1.0, 1.0, 1.0, 1.0, 1.0]","[0.25486945, 0.32024829, 0.40723474, 0.53520732, 0.63705712]","[0.00013195, 0.00013195, 9.871e-05, 0.0001061, 0.0001061]","[3.36306e-05, 4.22574e-05, 4.01982e-05, 5.67858e-05, 6.75921e-05]"
197,Reefer,10100.0,7,AUCKLAND,0.0002156013,"[1.0, 1.0, 1.0, 1.0, 1.0, 1.0]","[0.11987511, 0.15192576, 0.21169922, 0.2808891, 0.50263739, 0.63052911]","[0.00013195, 0.00013195, 0.0001061, 0.00013195, 0.0001061, 0.0001061]","[1.58178e-05, 2.00469e-05, 2.24614e-05, 3.70639e-05, 5.33301e-05, 6.68995e-05]"
207,Bulker,55458.0,7,LYTTELTON,0.0002626688,"[1.0, 1.0, 1.0, 1.0, 1.0, 1.0]","[0.04998775, 0.14131512, 0.35393499, 0.57962416, 0.65978519, 0.6809101]","[8.967e-05, 9.156e-05, 0.00012132, 0.00010536, 0.00010536, 0.00010536]","[4.4822e-06, 1.29384e-05, 4.29411e-05, 6.10719e-05, 6.9518e-05, 7.17439e-05]"
209,Container,110387.0,7,TAURANGA,0.0004039153,"[1.0, 1.0, 1.0, 1.0, 1.0, 1.0]","[0.39133339, 0.40654321, 0.42739978, 0.57273426, 0.61412695, 0.70314053]","[0.00012209, 0.00012209, 0.00012209, 0.0001346, 0.0001346, 0.0001346]","[4.77788e-05, 4.96358e-05, 5.21822e-05, 7.70874e-05, 8.26586e-05, 9.46394e-05]"
210,Container,110387.0,7,TAURANGA,0.0003935031,"[1.0, 1.0, 1.0, 1.0, 1.0, 1.0]","[0.28995744, 0.46648792, 0.49249996, 0.54319449, 0.59233824, 0.6343749]","[0.00013195, 0.00012209, 0.00012209, 0.0001346, 0.0001346, 0.0001346]","[3.82605e-05, 5.69546e-05, 6.01305e-05, 7.31114e-05, 7.9726e-05, 8.53839e-05]"
213,Container,24830.0,6,AUCKLAND,0.000220278,"[1.0, 1.0, 1.0, 1.0, 1.0]","[0.30037987, 0.31885645, 0.34881742, 0.386835, 0.40953597]","[0.00013195, 0.00013195, 0.00013195, 0.00011623, 0.00011623]","[3.96358e-05, 4.20738e-05, 4.60272e-05, 4.49611e-05, 4.75996e-05]"
216,RoRo,14348.0,7,AUCKLAND,0.0003443734,"[1.0, 1.0, 1.0, 1.0, 1.0, 0.999862]","[0.24104592, 0.29990734, 0.3787343, 0.46028197, 0.54429518, 0.78032573]","[0.00013195, 0.00013195, 0.00013195, 0.00013195, 0.00013195, 0.00011601]","[3.18065e-05, 3.95734e-05, 4.99748e-05, 6.07352e-05, 7.18209e-05, 9.05109e-05]"
217,RoRo,14348.0,7,AUCKLAND,0.0003719476,"[0.999913, 1.0, 1.0, 1.0, 1.0, 0.999862]","[0.22496214, 0.3450698, 0.42815613, 0.50830381, 0.59013315, 0.81866075]","[0.00013371, 0.00013195, 0.00013195, 0.00013195, 0.00013195, 0.00011601]","[3.00767e-05, 4.55327e-05, 5.64961e-05, 6.70718e-05, 7.78693e-05, 9.49574e-05]"
218,RoRo,14348.0,7,AUCKLAND,0.0003809979,"[1.0, 1.0, 1.0, 1.0, 1.0, 0.999862]","[0.28161481, 0.34804673, 0.42681707, 0.51605106, 0.59248291, 0.8222982]","[0.00013195, 0.00013195, 0.00013195, 0.00013195, 0.00013195, 0.00011601]","[3.71597e-05, 4.59255e-05, 5.63194e-05, 6.8094e-05, 7.81794e-05, 9.53793e-05]"
223,Container,23075.0,7,AUCKLAND,0.0002632369,"[1.0, 1.0, 1.0, 1.0, 0.999998, 0.999902]","[0.23668957, 0.26326927, 0.27796756, 0.36846118, 0.43778127, 0.4885767]","[0.00011063, 0.00011623, 0.00011623, 0.00013992, 0.00013088, 0.00013371]","[2.6185e-05, 3.05993e-05, 3.23076e-05, 5.15568e-05, 5.72961e-05, 6.53203e-05]"
230,General Cargo,51800.0,7,LYTTELTON,0.0003451453,"[1.0, 1.0, 1.0, 1.0, 1.0, 1.0]","[0.31544775, 0.42987182, 0.52969391, 0.59655993, 0.64771349, 0.67666528]","[0.00010536, 0.00010536, 0.00012132, 0.00010536, 0.00010536, 0.00010536]","[3.3237e-05, 4.52933e-05, 6.4265e-05, 6.28563e-05, 6.82461e-05, 7.12966e-05]"
240,Tanker,11545.0,7,NEW PLYMOUTH,0.0002343027,"[1.0, 1.0, 1.0, 0.999975, 0.999861, 0.999995]","[0.0156646, 0.0418595, 0.14002168, 0.33065444, 0.61950914, 0.83220074]","[8.382e-05, 8.382e-05, 8.776e-05, 0.00010558, 0.00010558, 0.00014047]","[1.3129e-06, 3.5085e-06, 1.22882e-05, 3.49104e-05, 6.54001e-05, 0.0001169004]"
242,Reefer,10338.0,5,TAURANGA,0.0001951758,"[1.0, 1.0, 1.0, 1.0]","[0.19745803, 0.38589101, 0.49552841, 0.57726029]","[0.00013982, 0.00010419, 0.00011482, 0.00012209]","[2.76079e-05, 4.02063e-05, 5.68963e-05, 7.04791e-05]"
243,Reefer,10338.0,5,TAURANGA,0.0002146689,"[1.0, 1.0, 1.0, 1.0]","[0.30762609, 0.37569709, 0.45992421, 0.57462056]","[0.00011482, 0.00012209, 0.00012209, 0.0001346]","[3.53215e-05, 4.58697e-05, 5.61532e-05, 7.73412e-05]"
245,General Cargo,10334.0,7,NELSON,0.0001988584,"[1.0, 1.0, 1.0, 1.0, 1.0, 1.0]","[0.10969676, 0.17051225, 0.23659818, 0.3860598, 0.48109773, 0.59470738]","[0.00012002, 0.0001057, 9.825e-05, 9.103e-05, 0.00011466, 9.103e-05]","[1.31655e-05, 1.80227e-05, 2.3245e-05, 3.51424e-05, 5.51632e-05, 5.41353e-05]"
248,Reefer,12912.0,7,TAURANGA,0.0002478192,"[1.0, 1.0, 1.0, 1.0, 1.0, 1.0]","[0.14537431, 0.2073692, 0.26654795, 0.40854501, 0.47914491, 0.63427417]","[9.591e-05, 9.591e-05, 9.591e-05, 0.00011482, 0.00012209, 0.00013092]","[1.39426e-05, 1.98884e-05, 2.55642e-05, 4.69089e-05, 5.84999e-05, 8.30389e-05]"
249,Reefer,12912.0,5,TAURANGA,0.0002673154,"[1.0, 1.0, 1.0, 1.0]","[0.35735324, 0.45064781, 0.54915215, 0.66889781]","[0.00013195, 0.00013195, 0.00013195, 0.00013195]","[4.71535e-05, 5.94639e-05, 7.24618e-05, 8.82625e-05]"
269,Container,110387.0,7,TAURANGA,0.0004267417,"[1.0, 1.0, 1.0, 1.0, 1.0, 1.0]","[0.33320133, 0.49784652, 0.53439949, 0.58087011, 0.63991314, 0.68731322]","[0.00013195, 0.00012209, 0.00012209, 0.0001346, 0.0001346, 0.0001346]","[4.39666e-05, 6.07832e-05, 6.52461e-05, 7.81824e-05, 8.61293e-05, 9.25091e-05]"
270,Container,110387.0,7,TAURANGA,0.0004246858,"[1.0, 1.0, 1.0, 1.0, 1.0, 1.0]","[0.31388088, 0.49578417, 0.53131694, 0.57778038, 0.63536158, 0.70328117]","[0.00013195, 0.00012209, 0.00012209, 0.0001346, 0.0001346, 0.0001346]","[4.14172e-05, 6.05315e-05, 6.48697e-05, 7.77665e-05, 8.55167e-05, 9.46584e-05]"
271,Container,110387.0,7,TAURANGA,0.0004262015,"[1.0, 1.0, 1.0, 1.0, 1.0, 1.0]","[0.33002653, 0.49957261, 0.53364469, 0.58034702, 0.632265, 0.69370036]","[0.00013195, 0.00012209, 0.00012209, 0.0001346, 0.0001346, 0.0001346]","[4.35477e-05, 6.0994e-05, 6.51539e-05, 7.8112e-05, 8.50999e-05, 9.33688e-05]"
272,Container,110387.0,7,TAURANGA,0.0004258873,"[1.0, 1.0, 1.0, 1.0, 1.0, 1.0]","[0.31215162, 0.50253171, 0.53336374, 0.58342468, 0.63123358, 0.70441319]","[0.00013195, 0.00012209, 0.00012209, 0.0001346, 0.0001346, 0.0001346]","[4.11891e-05, 6.13553e-05, 6.51196e-05, 7.85262e-05, 8.49611e-05, 9.48107e-05]"
278,Reefer,10936.0,7,AUCKLAND,0.000273471,"[1.0, 1.0, 1.0, 1.0, 1.0, 1.0]","[0.18378368, 0.25588079, 0.31785619, 0.40167877, 0.52427122, 0.65662422]","[0.0001061, 0.00013195, 0.00013195, 0.00013195, 0.0001061, 0.0001061]","[1.94995e-05, 3.3764e-05, 4.19418e-05, 5.30024e-05, 5.56255e-05, 6.96682e-05]"
284,RoRo,16669.0,7,AUCKLAND,0.0003847991,"[1.0, 1.0, 1.0, 1.0, 1.0, 0.999862]","[0.30357401, 0.38370479, 0.46965213, 0.55074856, 0.62832994, 0.85751601]","[9.871e-05, 9.871e-05, 0.00013195, 0.00013195, 0.00013195, 0.00011601]","[2.99658e-05, 3.78755e-05, 6.19716e-05, 7.26724e-05, 8.29095e-05, 9.94643e-05]"
285,RoRo,16669.0,6,AUCKLAND,0.0003457963,"[1.0, 1.0, 1.0, 1.0, 0.999862]","[0.34860652, 0.43328541, 0.50851458, 0.57992552, 0.85393623]","[0.00013195, 0.00013195, 0.00013195, 0.00013195, 0.00011601]","[4.59994e-05, 5.71729e-05, 6.70996e-05, 7.65224e-05, 9.9049e-05]"
287,RoRo,27100.0,7,AUCKLAND,0.0004786741,"[1.0, 1.0, 1.0, 1.0, 0.999998, 0.999913]","[0.30675863, 0.38002586, 0.56676661, 0.63728507, 0.76726769, 0.83977884]","[0.00014211, 0.00014211, 0.00013992, 0.00013992, 0.00013088, 0.00013371]","[4.35926e-05, 5.40044e-05, 7.93046e-05, 8.91718e-05, 0.0001004188, 0.0001122756]"
288,RoRo,27100.0,7,AUCKLAND,0.0002756888,"[1.0, 1.0, 1.0, 1.0, 1.0, 1.0]","[0.20930722, 0.31472318, 0.37436444, 0.42339596, 0.57998242, 0.66833435]","[0.00010419, 9.591e-05, 9.591e-05, 9.591e-05, 0.00012152, 0.00011482]","[2.18079e-05, 3.01846e-05, 3.59047e-05, 4.06072e-05, 7.0477e-05, 7.67378e-05]"
290,Reefer,12906.0,6,GISBORNE,0.0002125231,"[1.0, 1.0, 1.0, 1.0, 1.0]","[0.14463245, 0.20512982, 0.27823651, 0.4193286, 0.65018315]","[0.00012209, 0.00010419, 0.00011482, 0.0001346, 0.00013092]","[1.76585e-05, 2.13726e-05, 3.1947e-05, 5.64397e-05, 8.51217e-05]"
292,RoRo,16747.0,7,AUCKLAND,0.0002674567,"[1.0, 1.0, 1.0, 1.0, 1.0, 1.0]","[0.19702385, 0.24576031, 0.35696332, 0.44406003, 0.51278783, 0.62318866]","[9.591e-05, 9.591e-05, 0.00010419, 0.00012152, 0.00012152, 0.00011482]","[1.88962e-05, 2.35705e-05, 3.71923e-05, 5.39603e-05, 6.23118e-05, 7.15542e-05]"
294,General Cargo,10097.0,5,TAURANGA,0.0002061736,"[1.0, 1.0, 1.0, 1.0]","[0.21599848, 0.33516707, 0.47566183, 0.57331298]","[0.00014211, 0.00011063, 0.00013195, 0.00013195]","[3.06949e-05, 3.70795e-05, 6.27646e-05, 7.56499e-05]"
295,General Cargo,10139.0,5,NELSON,0.0001617112,"[1.0, 1.0, 1.0, 1.0]","[0.2081161, 0.29599731, 0.50136845, 0.58376082]","[0.00012002, 0.00012002, 8.676e-05, 9.888e-05]","[2.49775e-05, 3.55247e-05, 4.34971e-05, 5.77215e-05]"
298,RoRo,16702.0,5,AUCKLAND,0.0002672187,"[1.0, 1.0, 0.999998, 0.999913]","[0.32883754, 0.39788772, 0.55684238, 0.85243251]","[0.00011063, 0.00011063, 0.00013088, 0.00013371]","[3.63793e-05, 4.40183e-05, 7.28787e-05, 0.0001139674]"
300,RoRo,16702.0,7,AUCKLAND,0.0004197281,"[1.0, 1.0, 1.0, 1.0, 0.999998, 0.999913]","[0.26164861, 0.33430436, 0.47920319, 0.55862397, 0.73961543, 0.83660528]","[0.00011063, 0.00011063, 0.00013992, 0.00013992, 0.00013088, 0.00013371]","[2.89462e-05, 3.69841e-05, 6.70523e-05, 7.81652e-05, 9.67997e-05, 0.0001118513]"
301,RoRo,16702.0,7,AUCKLAND,0.0003814203,"[0.999913, 0.999965, 1.0, 1.0, 0.999998, 0.999913]","[0.22306419, 0.28189391, 0.42269372, 0.51276933, 0.74792577, 0.84211005]","[0.00013371, 0.00013371, 0.00011063, 0.00011063, 0.00013088, 0.00013371]","[2.98229e-05, 3.76902e-05, 4.67626e-05, 5.67277e-05, 9.78874e-05, 0.0001125873]"
303,RoRo,14283.0,7,AUCKLAND,0.0003736668,"[0.999965, 1.0, 1.0, 1.0, 1.0, 1.0]","[0.2325316, 0.35198041, 0.4380986, 0.52219244, 0.60493234, 0.67944667]","[0.00013371, 0.00013195, 0.00013195, 0.00013195, 0.00013195, 0.00013195]","[3.10903e-05, 4.64446e-05, 5.7808e-05, 6.89044e-05, 7.98221e-05, 8.96544e-05]"
305,RoRo,14283.0,7,AUCKLAND,0.000358673,"[1.0, 1.0, 1.0, 1.0, 1.0, 1.0]","[0.19543847, 0.34231482, 0.41786633, 0.49813316, 0.5906475, 0.67573124]","[0.00013092, 0.00013195, 0.00013195, 0.00013195, 0.00013195, 0.00013195]","[2.55867e-05, 4.51692e-05, 5.51383e-05, 6.57297e-05, 7.79372e-05, 8.91642e-05]"
312,Container,8252.0,5,AUCKLAND,7.17323e-05,"[0.999659, 1.0, 1.0, 1.0]","[0.09265998, 0.1282056, 0.16684498, 0.20576423]","[0.00011601, 0.00011267, 0.00011623, 0.00013195]","[1.07456e-05, 1.44455e-05, 1.93921e-05, 2.7151e-05]"
313,Container,8252.0,5,AUCKLAND,7.95608e-05,"[0.999659, 1.0, 1.0, 1.0]","[0.10992678, 0.16366215, 0.1782952, 0.20515128]","[0.00011601, 0.00011623, 0.00011623, 0.00013195]","[1.27479e-05, 1.90221e-05, 2.07229e-05, 2.70701e-05]"
314,Container,8252.0,6,AUCKLAND,8.80111e-05,"[0.999659, 0.999862, 1.0, 1.0, 1.0]","[0.09533327, 0.10698876, 0.15732737, 0.17111751, 0.19987776]","[0.00011601, 0.00011601, 0.00011623, 0.00011623, 0.00013195]","[1.10556e-05, 1.24097e-05, 1.82859e-05, 1.98887e-05, 2.63743e-05]"
315,Container,8252.0,5,AUCKLAND,7.71611e-05,"[0.999659, 0.999862, 1.0, 1.0]","[0.11280514, 0.12529462, 0.18392347, 0.21349697]","[0.00011601, 0.00011601, 0.00011623, 0.00013195]","[1.30817e-05, 1.45331e-05, 2.13771e-05, 2.81714e-05]"
318,Container,8252.0,5,AUCKLAND,6.55737e-05,"[0.999659, 0.999862, 1.0, 1.0]","[0.09010124, 0.10151037, 0.15856196, 0.18887731]","[0.00011601, 0.00011601, 0.00011623, 0.00013195]","[1.04488e-05, 1.17743e-05, 1.84293e-05, 2.49228e-05]"
319,Container,8252.0,7,AUCKLAND,0.0001494115,"[0.999862, 1.0, 1.0, 0.999993, 0.99997, 0.999659]","[0.15542376, 0.18346008, 0.20057841, 0.23890385, 0.2605252, 0.28778519]","[0.00011601, 0.00010437, 0.00010437, 0.00011601, 0.00011601, 0.00011601]","[1.80278e-05, 1.91481e-05, 2.09348e-05, 2.77144e-05, 3.02219e-05, 3.33738e-05]"
320,Container,8252.0,7,AUCKLAND,0.0001493797,"[0.999862, 1.0, 1.0, 0.999993, 0.99997, 0.999659]","[0.1600362, 0.18253459, 0.19973631, 0.23780813, 0.26190589, 0.28420316]","[0.00011601, 0.00010437, 0.00010437, 0.00011601, 0.00011601, 0.00011601]","[1.85628e-05, 1.90515e-05, 2.08469e-05, 2.75872e-05, 3.0382e-05, 3.29584e-05]"
321,Container,8252.0,7,AUCKLAND,0.0001506709,"[0.999862, 1.0, 1.0, 0.999993, 0.99997, 0.999659]","[0.16457673, 0.18875933, 0.20640527, 0.23601999, 0.26037737, 0.28251011]","[0.00011601, 0.00010437, 0.00010437, 0.00011601, 0.00011601, 0.00011601]","[1.90894e-05, 1.97012e-05, 2.1543e-05, 2.73798e-05, 3.02047e-05, 3.2762e-05]"
322,Container,8252.0,7,AUCKLAND,0.0001426852,"[0.999862, 1.0, 1.0, 0.999993, 0.999659, 0.99997]","[0.14578884, 0.1671091, 0.18425493, 0.23219523, 0.25486662, 0.28118308]","[0.00011601, 0.00010437, 0.00010437, 0.00011601, 0.00011601, 0.00011601]","[1.69102e-05, 1.74416e-05, 1.92311e-05, 2.69361e-05, 2.95563e-05, 3.26183e-05]"
324,Container,8252.0,7,AUCKLAND,0.0001504584,"[0.999862, 1.0, 1.0, 0.999993, 0.99997, 0.999659]","[0.16134086, 0.18396287, 0.2044636, 0.23865518, 0.26257217, 0.28514733]","[0.00011601, 0.00010437, 0.00010437, 0.00011601, 0.00011601, 0.00011601]","[1.87141e-05, 1.92006e-05, 2.13403e-05, 2.76855e-05, 3.04593e-05, 3.30679e-05]"
325,Container,8252.0,7,AUCKLAND,0.0001525152,"[0.999862, 1.0, 1.0, 0.999993, 0.99997, 0.999659]","[0.16439267, 0.18840766, 0.20816079, 0.24218377, 0.26442807, 0.28711926]","[0.00011601, 0.00010437, 0.00010437, 0.00011601, 0.00011601, 0.00011601]","[1.90681e-05, 1.96645e-05, 2.17262e-05, 2.80948e-05, 3.06746e-05, 3.32965e-05]"
326,Container,8252.0,7,AUCKLAND,0.0001514713,"[0.999862, 1.0, 1.0, 0.999993, 0.99997, 0.999659]","[0.15827676, 0.18094664, 0.2121019, 0.24242344, 0.2642453, 0.28734425]","[0.00011601, 0.00010437, 0.00010437, 0.00011601, 0.00011601, 0.00011601]","[1.83587e-05, 1.88858e-05, 2.21376e-05, 2.81227e-05, 3.06534e-05, 3.33226e-05]"
327,Container,8252.0,7,AUCKLAND,0.0001438696,"[0.999862, 1.0, 1.0, 0.999993, 0.99997, 0.999659]","[0.15172989, 0.17121376, 0.18725164, 0.22757064, 0.25210138, 0.28646442]","[0.00011601, 0.00010437, 0.00010437, 0.00011601, 0.00011601, 0.00011601]","[1.75993e-05, 1.787e-05, 1.95439e-05, 2.63996e-05, 2.92447e-05, 3.32206e-05]"
328,Container,8252.0,7,AUCKLAND,0.0001441361,"[0.999903, 0.999862, 1.0, 1.0, 0.999993, 0.99997]","[0.15931271, 0.17547985, 0.19918908, 0.2175768, 0.25365887, 0.27918212]","[0.00011601, 0.00011601, 0.00010437, 0.00010437, 0.00011601, 0.00011601]","[1.84796e-05, 2.03541e-05, 2.07898e-05, 2.2709e-05, 2.9426e-05, 3.23862e-05]"
329,Container,8252.0,7,AUCKLAND,0.0001484593,"[0.999862, 1.0, 1.0, 0.999993, 0.99997, 0.999659]","[0.15516548, 0.17674086, 0.20235841, 0.23643273, 0.26247282, 0.28480061]","[0.00011601, 0.00010437, 0.00010437, 0.00011601, 0.00011601, 0.00011601]","[1.79978e-05, 1.84468e-05, 2.11206e-05, 2.74277e-05, 3.04478e-05, 3.30276e-05]"
331,Container,8252.0,7,AUCKLAND,0.000150314,"[0.999862, 1.0, 1.0, 0.999993, 0.99997, 0.999659]","[0.16071464, 0.18353905, 0.2002443, 0.24040986, 0.26304779, 0.28647635]","[0.00011601, 0.00010437, 0.00010437, 0.00011601, 0.00011601, 0.00011601]","[1.86415e-05, 1.91564e-05, 2.08999e-05, 2.78891e-05, 3.05145e-05, 3.3222e-05]"
332,Container,8252.0,7,AUCKLAND,0.0001399442,"[1.0, 1.0, 0.999993, 0.99997, 0.999659, 0.999862]","[0.14417096, 0.15903152, 0.19732589, 0.21731869, 0.23691495, 0.28218541]","[0.00010437, 0.00010437, 0.00011601, 0.00011601, 0.00011601, 0.00011601]","[1.50474e-05, 1.65985e-05, 2.28911e-05, 2.52098e-05, 2.74745e-05, 3.2731e-05]"
333,Container,8252.0,7,AUCKLAND,0.0001457508,"[0.999862, 1.0, 1.0, 0.999993, 0.99997, 0.999659]","[0.14959612, 0.17057236, 0.18831479, 0.23687903, 0.26234635, 0.28488369]","[0.00011601, 0.00010437, 0.00010437, 0.00011601, 0.00011601, 0.00011601]","[1.73518e-05, 1.7803e-05, 1.96548e-05, 2.74795e-05, 3.04331e-05, 3.30373e-05]"
334,Container,8252.0,7,AUCKLAND,0.0001460061,"[0.999903, 0.999862, 1.0, 1.0, 0.999993, 0.99997]","[0.16041971, 0.17617371, 0.20094945, 0.22133802, 0.25826542, 0.28392856]","[0.00011601, 0.00011601, 0.00010437, 0.00010437, 0.00011601, 0.00011601]","[1.8608e-05, 2.04346e-05, 2.09735e-05, 2.31015e-05, 2.99604e-05, 3.29368e-05]"
335,Container,8252.0,7,AUCKLAND,0.0001441694,"[0.999862, 1.0, 1.0, 0.999993, 0.99997, 0.999659]","[0.14633112, 0.16630813, 0.18491713, 0.23252339, 0.26245404, 0.2856563]","[0.00011601, 0.00010437, 0.00010437, 0.00011601, 0.00011601, 0.00011601]","[1.69731e-05, 1.7358e-05, 1.93002e-05, 2.69742e-05, 3.04456e-05, 3.31269e-05]"
336,Container,8252.0,7,AUCKLAND,0.0001466518,"[0.999862, 1.0, 1.0, 0.999993, 0.999659, 0.99997]","[0.1525238, 0.17531143, 0.20097471, 0.23320305, 0.25654041, 0.28354315]","[0.00011601, 0.00010437, 0.00010437, 0.00011601, 0.00011601, 0.00011601]","[1.76914e-05, 1.82976e-05, 2.09762e-05, 2.7053e-05, 2.97504e-05, 3.2892e-05]"
337,Container,8252.0,6,AUCKLAND,0.0001228854,"[0.999659, 0.999862, 1.0, 1.0, 0.999993]","[0.1705272, 0.19523552, 0.22289313, 0.24307375, 0.27443497]","[0.00011601, 0.00011601, 0.00010437, 0.00010437, 0.00011601]","[1.97756e-05, 2.26456e-05, 2.32639e-05, 2.53702e-05, 3.18362e-05]"
339,General Cargo,20202.0,7,AUCKLAND,0.0003756578,"[0.999659, 0.999862, 1.0, 1.0, 0.999993, 1.0]","[0.27223938, 0.3647789, 0.50144184, 0.6079409, 0.72646743, 0.8797882]","[0.00011601, 0.00011601, 0.00010437, 0.00010437, 0.00011601, 0.00011567]","[3.1571e-05, 4.23111e-05, 5.23366e-05, 6.34522e-05, 8.42748e-05, 0.0001017693]"
340,General Cargo,20202.0,6,AUCKLAND,0.0003314833,"[0.999862, 1.0, 1.0, 1.0, 0.999993]","[0.34775916, 0.46716112, 0.55891005, 0.69741503, 0.89152297]","[0.00011601, 0.00010437, 0.00010437, 0.00011567, 0.00011601]","[4.0337e-05, 4.87587e-05, 5.83347e-05, 8.06733e-05, 0.0001034223]"
341,General Cargo,20202.0,7,AUCKLAND,0.000401928,"[1.0, 1.0, 0.999659, 1.0, 1.0, 0.999993]","[0.30276698, 0.39926162, 0.51147348, 0.67369341, 0.76044046, 0.89231083]","[0.00010437, 0.00010437, 0.00011601, 0.00011567, 0.00011567, 0.00011601]","[3.16005e-05, 4.16718e-05, 5.93144e-05, 7.79293e-05, 8.79637e-05, 0.0001035137]"
342,General Cargo,20202.0,7,AUCKLAND,0.0003976777,"[0.999862, 1.0, 1.0, 1.0, 0.999993, 0.999659]","[0.27839959, 0.38827133, 0.49163006, 0.63362427, 0.82715705, 0.8999278]","[0.00011601, 0.00010437, 0.00010437, 0.00011567, 0.00011601, 0.00011601]","[3.22919e-05, 4.05248e-05, 5.13125e-05, 7.32943e-05, 9.59554e-05, 0.0001043625]"
343,General Cargo,20202.0,7,AUCKLAND,0.0003959397,"[0.999862, 1.0, 1.0, 1.0, 0.999993, 0.999659]","[0.27769469, 0.38157349, 0.49045338, 0.62914234, 0.82526021, 0.89909575]","[0.00011601, 0.00010437, 0.00010437, 0.00011567, 0.00011601, 0.00011601]","[3.22101e-05, 3.98257e-05, 5.11897e-05, 7.27759e-05, 9.57354e-05, 0.000104266]"
344,General Cargo,20202.0,7,AUCKLAND,0.0004178528,"[1.0, 1.0, 0.999993, 1.0, 1.0, 0.999659]","[0.30629031, 0.40519269, 0.5475755, 0.71031774, 0.80434787, 0.90485333]","[0.00010437, 0.00010437, 0.00011601, 0.00011567, 0.00011567, 0.00011601]","[3.19682e-05, 4.22909e-05, 6.35222e-05, 8.21658e-05, 9.30427e-05, 0.0001049337]"
345,General Cargo,20202.0,7,AUCKLAND,0.0004010399,"[1.0, 1.0, 0.999993, 1.0, 1.0, 0.999659]","[0.2781391, 0.36522629, 0.48747704, 0.69470105, 0.79987481, 0.90128621]","[0.00010437, 0.00010437, 0.00011601, 0.00011567, 0.00011567, 0.00011601]","[2.903e-05, 3.81195e-05, 5.65504e-05, 8.03593e-05, 9.25253e-05, 0.00010452]"
346,General Cargo,20202.0,7,AUCKLAND,0.0004125658,"[1.0, 1.0, 0.999993, 1.0, 1.0, 0.999659]","[0.30557017, 0.39935045, 0.52734415, 0.69389248, 0.80317962, 0.90294009]","[0.00010437, 0.00010437, 0.00011601, 0.00011567, 0.00011567, 0.00011601]","[3.1893e-05, 4.16811e-05, 6.11753e-05, 8.02658e-05, 9.29076e-05, 0.0001047118]"
347,General Cargo,20202.0,7,AUCKLAND,0.0004026,"[1.0, 1.0, 0.999993, 1.0, 1.0, 0.999659]","[0.28791388, 0.37625431, 0.50320194, 0.67649285, 0.79817983, 0.90014531]","[0.00010437, 0.00010437, 0.00011601, 0.00011567, 0.00011567, 0.00011601]","[3.00502e-05, 3.92705e-05, 5.83746e-05, 7.82531e-05, 9.23292e-05, 0.0001043877]"
348,General Cargo,20202.0,7,AUCKLAND,0.0004129125,"[1.0, 1.0, 0.999993, 1.0, 1.0, 0.999659]","[0.30203639, 0.39418291, 0.53837892, 0.69442804, 0.8031283, 0.90224058]","[0.00010437, 0.00010437, 0.00011601, 0.00011567, 0.00011567, 0.00011601]","[3.15242e-05, 4.11418e-05, 6.24554e-05, 8.03278e-05, 9.29016e-05, 0.0001046307]"
349,General Cargo,20202.0,7,AUCKLAND,0.000382694,"[0.999862, 1.0, 1.0, 0.999993, 1.0, 1.0]","[0.28233826, 0.38369143, 0.48049732, 0.61065792, 0.77813868, 0.8554673]","[0.00011601, 0.00010437, 0.00010437, 0.00011601, 0.00011567, 0.00011567]","[3.27487e-05, 4.00467e-05, 5.01506e-05, 7.08402e-05, 9.0011e-05, 9.89559e-05]"
350,General Cargo,20202.0,7,AUCKLAND,0.0004008175,"[0.999862, 1.0, 1.0, 1.0, 0.999993, 0.999659]","[0.27544284, 0.37923603, 0.50953014, 0.62115876, 0.81047669, 0.90145146]","[0.00011601, 0.00010437, 0.00011567, 0.00011567, 0.00011601, 0.00011601]","[3.19489e-05, 3.95817e-05, 5.89398e-05, 7.18524e-05, 9.40204e-05, 0.0001045392]"
351,General Cargo,20202.0,7,AUCKLAND,0.0003991304,"[0.999659, 0.999862, 1.0, 1.0, 0.999993, 0.999659]","[0.27344051, 0.37162057, 0.48588125, 0.63365052, 0.82713177, 0.90040038]","[0.00011601, 0.00011601, 0.00010437, 0.00011567, 0.00011601, 0.00011601]","[3.17102e-05, 4.31047e-05, 5.07125e-05, 7.32973e-05, 9.59525e-05, 0.0001044173]"
352,General Cargo,20202.0,6,AUCKLAND,0.0003661656,"[0.999862, 1.0, 1.0, 1.0, 1.0]","[0.41574803, 0.54275109, 0.65593014, 0.79395975, 0.87352743]","[0.00011601, 0.00010437, 0.00010437, 0.00011567, 0.00011567]","[4.82231e-05, 5.66482e-05, 6.84609e-05, 9.18411e-05, 0.000101045]"
353,General Cargo,20202.0,7,AUCKLAND,0.0003984469,"[0.999862, 1.0, 1.0, 1.0, 1.0, 0.999659]","[0.29325198, 0.40211112, 0.5052548, 0.65895559, 0.77258893, 0.89851901]","[0.00011601, 0.00010437, 0.00010437, 0.00011567, 0.00011567, 0.00011601]","[3.40146e-05, 4.19692e-05, 5.27346e-05, 7.62245e-05, 8.9369e-05, 0.0001041991]"
354,General Cargo,20202.0,7,AUCKLAND,0.0003771884,"[0.999659, 0.999862, 1.0, 1.0, 1.0, 0.999659]","[0.27468317, 0.36948852, 0.49047041, 0.58910519, 0.73581218, 0.90319596]","[0.00011601, 0.00011601, 0.00010437, 0.00010437, 0.00011567, 0.00011601]","[3.18544e-05, 4.28574e-05, 5.11915e-05, 6.14862e-05, 8.51149e-05, 0.0001047415]"
355,General Cargo,20202.0,5,AUCKLAND,0.0003063781,"[0.999659, 1.0, 1.0, 1.0]","[0.52229837, 0.63918289, 0.75716637, 0.86538359]","[0.00011601, 0.00010437, 0.00010437, 0.00011567]","[6.05697e-05, 6.6713e-05, 7.90272e-05, 0.000100103]"
356,General Cargo,20202.0,7,AUCKLAND,0.0004065262,"[0.999862, 1.0, 1.0, 1.0, 1.0, 0.999659]","[0.30779411, 0.42401388, 0.52952921, 0.68586602, 0.77651313, 0.88135121]","[0.00011601, 0.00010437, 0.00010437, 0.00011567, 0.00011567, 0.00011601]","[3.57014e-05, 4.42553e-05, 5.52682e-05, 7.93374e-05, 8.98229e-05, 0.0001022082]"
357,General Cargo,20202.0,7,AUCKLAND,0.0004093492,"[0.999862, 1.0, 1.0, 1.0, 1.0, 0.999659]","[0.29138676, 0.40306251, 0.5292095, 0.69730493, 0.80327426, 0.9031508]","[0.00011601, 0.00010437, 0.00010437, 0.00011567, 0.00011567, 0.00011601]","[3.37983e-05, 4.20685e-05, 5.52348e-05, 8.06605e-05, 9.29185e-05, 0.0001047363]"
358,General Cargo,20202.0,7,AUCKLAND,0.0003882838,"[0.999903, 0.999862, 1.0, 1.0, 1.0, 1.0]","[0.2959335, 0.39410937, 0.51815488, 0.62859281, 0.77565513, 0.85491855]","[0.00011601, 0.00011601, 0.00010437, 0.00010437, 0.00011567, 0.00011567]","[3.43271e-05, 4.57132e-05, 5.4081e-05, 6.56076e-05, 8.97237e-05, 9.88925e-05]"
359,General Cargo,20202.0,7,AUCKLAND,0.0004022993,"[0.999862, 1.0, 1.0, 1.0, 1.0, 0.999659]","[0.27892021, 0.38585425, 0.50503135, 0.68523157, 0.80315917, 0.90421262]","[0.00011601, 0.00010437, 0.00010437, 0.00011567, 0.00011567, 0.00011601]","[3.23523e-05, 4.02725e-05, 5.27113e-05, 7.9264e-05, 9.29052e-05, 0.0001048594]"
360,General Cargo,20202.0,7,AUCKLAND,0.0004130492,"[0.999862, 1.0, 1.0, 1.0, 1.0, 0.999659]","[0.30910179, 0.42034339, 0.52695952, 0.69593105, 0.80458902, 0.90388114]","[0.00011601, 0.00010437, 0.00010437, 0.00011567, 0.00011567, 0.00011601]","[3.58531e-05, 4.38722e-05, 5.5e-05, 8.05016e-05, 9.30706e-05, 0.0001048209]"
361,General Cargo,20202.0,7,AUCKLAND,0.0004081355,"[0.999659, 0.999862, 1.0, 1.0, 1.0, 0.999659]","[0.2932255, 0.39494016, 0.52347474, 0.67453355, 0.78978703, 0.89997279]","[0.00011601, 0.00011601, 0.00010437, 0.00011567, 0.00011567, 0.00011601]","[3.40047e-05, 4.58096e-05, 5.46362e-05, 7.80265e-05, 9.13584e-05, 0.0001043677]"
362,General Cargo,20202.0,7,AUCKLAND,0.0003374339,"[0.999659, 0.999862, 1.0, 1.0, 1.0, 1.0]","[0.23745724, 0.33816738, 0.44478627, 0.52874603, 0.70380611, 0.75812469]","[0.00011601, 0.00011601, 0.00010437, 0.00010437, 0.00011567, 0.00011567]","[2.75374e-05, 3.92244e-05, 4.64233e-05, 5.51864e-05, 8.14126e-05, 8.76959e-05]"
364,General Cargo,20202.0,7,AUCKLAND,0.0003898279,"[0.999659, 0.999862, 1.0, 1.0, 1.0, 0.999659]","[0.28371053, 0.39005986, 0.51088657, 0.61437739, 0.77357085, 0.90383595]","[0.00011601, 0.00011601, 0.00010437, 0.00010437, 0.00011567, 0.00011601]","[3.29012e-05, 4.52435e-05, 5.33224e-05, 6.4124e-05, 8.94826e-05, 0.0001048157]"
366,General Cargo,20202.0,7,AUCKLAND,0.0003935909,"[0.999862, 1.0, 1.0, 1.0, 1.0, 0.999659]","[0.29283154, 0.40430645, 0.50388359, 0.65080019, 0.73435954, 0.90257898]","[0.00011601, 0.00010437, 0.00010437, 0.00011567, 0.00011567, 0.00011601]","[3.39659e-05, 4.21984e-05, 5.25915e-05, 7.52811e-05, 8.49468e-05, 0.0001046699]"
367,General Cargo,20202.0,7,AUCKLAND,0.0004091465,"[0.999862, 1.0, 1.0, 1.0, 1.0, 0.999659]","[0.31144737, 0.42330631, 0.53000293, 0.68690942, 0.77411164, 0.90186472]","[0.00011601, 0.00010437, 0.00010437, 0.00011567, 0.00011567, 0.00011601]","[3.61251e-05, 4.41814e-05, 5.53176e-05, 7.94581e-05, 8.95452e-05, 0.0001045871]"
368,General Cargo,20202.0,7,AUCKLAND,0.000397892,"[0.999862, 1.0, 1.0, 1.0, 1.0, 0.999659]","[0.28173945, 0.38375618, 0.4857725, 0.68522189, 0.79055635, 0.89517826]","[0.00011601, 0.00010437, 0.00010437, 0.00011567, 0.00011567, 0.00011601]","[3.26793e-05, 4.00535e-05, 5.07012e-05, 7.92628e-05, 9.14474e-05, 0.0001038117]"
370,General Cargo,20202.0,6,AUCKLAND,0.0003691256,"[0.999862, 1.0, 1.0, 1.0, 0.999659]","[0.37948675, 0.49975395, 0.66964475, 0.79058343, 0.89757606]","[0.00011601, 0.00010437, 0.00011567, 0.00011567, 0.00011601]","[4.40171e-05, 5.21604e-05, 7.7461e-05, 9.14505e-05, 0.0001040898]"
371,General Cargo,20202.0,6,AUCKLAND,0.0003788405,"[0.999659, 0.999862, 1.0, 1.0, 0.999659]","[0.37722895, 0.50238188, 0.69060079, 0.79834152, 0.90236841]","[0.00011601, 0.00011601, 0.00011567, 0.00011567, 0.00011601]","[4.37463e-05, 5.82718e-05, 7.9885e-05, 9.23479e-05, 0.0001046455]"
372,General Cargo,20202.0,7,AUCKLAND,0.0004061139,"[0.999659, 0.999862, 1.0, 1.0, 1.0, 0.999659]","[0.28994104, 0.38773638, 0.51219644, 0.67964603, 0.78493911, 0.90290999]","[0.00011601, 0.00011601, 0.00010437, 0.00011567, 0.00011567, 0.00011601]","[3.36238e-05, 4.4974e-05, 5.34591e-05, 7.86179e-05, 9.07976e-05, 0.0001047083]"
375,General Cargo,8378.0,7,AUCKLAND,0.0002377228,"[1.0, 1.0, 0.999659, 1.0, 1.0, 1.0]","[0.16459555, 0.21067635, 0.273071, 0.38667004, 0.48802219, 0.62976757]","[0.00010437, 0.00010437, 0.00011601, 0.00011567, 0.00011567, 0.00010437]","[1.71792e-05, 2.19888e-05, 3.16674e-05, 4.47279e-05, 5.64518e-05, 6.57303e-05]"
376,General Cargo,8378.0,7,AUCKLAND,0.0002628238,"[0.999862, 1.0, 1.0, 1.0, 0.999659, 0.99997]","[0.17994333, 0.24660729, 0.31090629, 0.41122041, 0.53489656, 0.6395677]","[0.00011601, 0.00010437, 0.00010437, 0.00011567, 0.00011601, 0.00011601]","[2.08718e-05, 2.5739e-05, 3.245e-05, 4.75678e-05, 6.20307e-05, 7.41922e-05]"
377,General Cargo,8378.0,6,AUCKLAND,0.000208749,"[0.999903, 0.999862, 1.0, 1.0, 1.0]","[0.21628869, 0.27654319, 0.36275376, 0.44526688, 0.58150863]","[0.00011601, 0.00011601, 0.00010437, 0.00010437, 0.00011567]","[2.50886e-05, 3.20766e-05, 3.78614e-05, 4.64735e-05, 6.72658e-05]"
378,General Cargo,8378.0,7,AUCKLAND,0.0002652745,"[1.0, 1.0, 1.0, 1.0, 0.999659, 0.99997]","[0.18193287, 0.23174897, 0.3314108, 0.41202069, 0.53381399, 0.63984491]","[0.00010437, 0.00010437, 0.00011567, 0.00011567, 0.00011601, 0.00011601]","[1.89887e-05, 2.41882e-05, 3.83358e-05, 4.76604e-05, 6.19051e-05, 7.42244e-05]"
379,General Cargo,8378.0,7,AUCKLAND,0.00025798,"[0.999862, 1.0, 1.0, 1.0, 0.999659, 0.99997]","[0.17548873, 0.233964, 0.295694, 0.40133109, 0.53210914, 0.63996756]","[0.00011601, 0.00010437, 0.00010437, 0.00011567, 0.00011601, 0.00011601]","[2.03551e-05, 2.44193e-05, 3.08622e-05, 4.64239e-05, 6.17074e-05, 7.42386e-05]"
380,General Cargo,8378.0,7,AUCKLAND,0.000267298,"[1.0, 1.0, 1.0, 1.0, 0.999659, 0.99997]","[0.1796989, 0.23394548, 0.33436338, 0.42311223, 0.53717495, 0.63996222]","[0.00010437, 0.00010437, 0.00011567, 0.00011567, 0.00011601, 0.00011601]","[1.87556e-05, 2.44174e-05, 3.86774e-05, 4.89434e-05, 6.22949e-05, 7.4238e-05]"
381,General Cargo,8378.0,7,AUCKLAND,0.0002676687,"[1.0, 1.0, 1.0, 1.0, 0.999659, 0.99997]","[0.18325447, 0.2413526, 0.33402509, 0.42219305, 0.53488418, 0.63683939]","[0.00010437, 0.00010437, 0.00011567, 0.00011567, 0.00011601, 0.00011601]","[1.91267e-05, 2.51905e-05, 3.86383e-05, 4.88371e-05, 6.20292e-05, 7.38757e-05]"
382,General Cargo,8378.0,7,AUCKLAND,0.0002689697,"[1.0, 1.0, 1.0, 1.0, 0.999659, 0.99997]","[0.19112883, 0.24557263, 0.32859388, 0.42362733, 0.53694695, 0.63909886]","[0.00010437, 0.00010437, 0.00011567, 0.00011567, 0.00011601, 0.00011601]","[1.99485e-05, 2.5631e-05, 3.801e-05, 4.9003e-05, 6.22685e-05, 7.41378e-05]"
383,General Cargo,8378.0,7,AUCKLAND,0.0002677113,"[1.0, 1.0, 1.0, 1.0, 0.99997, 0.999659]","[0.18513739, 0.23587997, 0.32165462, 0.42564956, 0.53798929, 0.64625392]","[0.00010437, 0.00010437, 0.00011567, 0.00011567, 0.00011601, 0.00011601]","[1.93232e-05, 2.46193e-05, 3.72073e-05, 4.92369e-05, 6.24087e-05, 7.49445e-05]"
384,General Cargo,8378.0,7,AUCKLAND,0.0002689089,"[1.0, 1.0, 1.0, 1.0, 0.99997, 0.999659]","[0.18263251, 0.23942904, 0.32853889, 0.42499986, 0.54385612, 0.64355607]","[0.00010437, 0.00010437, 0.00011567, 0.00011567, 0.00011601, 0.00011601]","[1.90618e-05, 2.49897e-05, 3.80036e-05, 4.91617e-05, 6.30893e-05, 7.46317e-05]"
385,General Cargo,8378.0,7,AUCKLAND,0.0002709871,"[1.0, 1.0, 1.0, 1.0, 0.99997, 0.999659]","[0.18724646, 0.24642114, 0.33680365, 0.4271202, 0.54205971, 0.64247366]","[0.00010437, 0.00010437, 0.00011567, 0.00011567, 0.00011601, 0.00011601]","[1.95433e-05, 2.57195e-05, 3.89597e-05, 4.9407e-05, 6.28809e-05, 7.45061e-05]"
386,General Cargo,8378.0,7,AUCKLAND,0.0002713026,"[1.0, 1.0, 1.0, 1.0, 0.99997, 0.999659]","[0.196051, 0.25052082, 0.3358599, 0.42505811, 0.53936479, 0.63927463]","[0.00010437, 0.00010437, 0.00011567, 0.00011567, 0.00011601, 0.00011601]","[2.04623e-05, 2.61474e-05, 3.88505e-05, 4.91685e-05, 6.25683e-05, 7.41352e-05]"
387,General Cargo,8378.0,7,AUCKLAND,0.0002546691,"[0.999862, 1.0, 1.0, 1.0, 1.0, 0.999659]","[0.18090538, 0.2403889, 0.303262, 0.40005065, 0.49906615, 0.62918006]","[0.00011601, 0.00010437, 0.00010437, 0.00011567, 0.00011567, 0.00011601]","[2.09834e-05, 2.50899e-05, 3.16521e-05, 4.62757e-05, 5.77293e-05, 7.29645e-05]"
388,General Cargo,8378.0,7,AUCKLAND,0.000262241,"[0.999903, 0.999862, 1.0, 1.0, 1.0, 0.999659]","[0.1837037, 0.23678399, 0.30703982, 0.41026847, 0.51149153, 0.64521536]","[0.00011601, 0.00011601, 0.00010437, 0.00011567, 0.00011567, 0.00011601]","[2.13089e-05, 2.74648e-05, 3.20464e-05, 4.74577e-05, 5.91666e-05, 7.48241e-05]"
389,General Cargo,8378.0,7,AUCKLAND,0.0002598085,"[0.999903, 0.999862, 1.0, 1.0, 1.0, 0.999659]","[0.18101919, 0.23378784, 0.30423794, 0.40716819, 0.50331709, 0.64368479]","[0.00011601, 0.00011601, 0.00010437, 0.00011567, 0.00011567, 0.00011601]","[2.09975e-05, 2.71173e-05, 3.1754e-05, 4.70991e-05, 5.82211e-05, 7.46466e-05]"
390,General Cargo,8378.0,7,AUCKLAND,0.0002610211,"[0.999903, 0.999862, 1.0, 1.0, 1.0, 0.999659]","[0.18349859, 0.23730175, 0.30957857, 0.40999534, 0.49871, 0.64511858]","[0.00011601, 0.00011601, 0.00010437, 0.00011567, 0.00011567, 0.00011601]","[2.12851e-05, 2.75249e-05, 3.23114e-05, 4.74261e-05, 5.76881e-05, 7.48129e-05]"
391,General Cargo,8378.0,7,AUCKLAND,0.0002672439,"[0.999862, 1.0, 1.0, 1.0, 0.999993, 0.999659]","[0.17766908, 0.23419944, 0.31879205, 0.42301909, 0.5349446, 0.64116862]","[0.00011601, 0.00010437, 0.00011567, 0.00011567, 0.00011601, 0.00011601]","[2.0608e-05, 2.44439e-05, 3.68762e-05, 4.89326e-05, 6.2057e-05, 7.43548e-05]"
392,General Cargo,8378.0,7,AUCKLAND,0.0002650057,"[0.999903, 0.999862, 1.0, 1.0, 1.0, 0.999659]","[0.18578036, 0.23819512, 0.31653467, 0.41685449, 0.51840532, 0.64356143]","[0.00011601, 0.00011601, 0.00010437, 0.00011567, 0.00011567, 0.00011601]","[2.15498e-05, 2.76285e-05, 3.30374e-05, 4.82195e-05, 5.99664e-05, 7.46323e-05]"
393,General Cargo,8378.0,7,AUCKLAND,0.000249548,"[0.999659, 0.999903, 0.999862, 1.0, 1.0, 0.999659]","[0.17464161, 0.22812678, 0.28847748, 0.37345237, 0.48579436, 0.64005289]","[0.00011601, 0.00011601, 0.00011601, 0.00010437, 0.00011567, 0.00011601]","[2.02528e-05, 2.64618e-05, 3.34608e-05, 3.89781e-05, 5.61941e-05, 7.42254e-05]"
394,General Cargo,8378.0,7,AUCKLAND,0.0002445091,"[0.999903, 0.999862, 1.0, 1.0, 1.0, 0.999659]","[0.15110211, 0.197592, 0.26619806, 0.39876099, 0.48540094, 0.63834836]","[0.00011601, 0.00011601, 0.00010437, 0.00011567, 0.00011567, 0.00011601]","[1.75272e-05, 2.29189e-05, 2.77837e-05, 4.61266e-05, 5.61486e-05, 7.40277e-05]"
395,General Cargo,8378.0,6,AUCKLAND,0.0002277812,"[0.999659, 0.999862, 1.0, 1.0, 0.999659]","[0.21616431, 0.28399519, 0.36860723, 0.48973734, 0.64388329]","[0.00011601, 0.00011601, 0.00010437, 0.00011567, 0.00011601]","[2.50681e-05, 3.29409e-05, 3.84724e-05, 5.66502e-05, 7.46696e-05]"
396,General Cargo,8378.0,7,AUCKLAND,0.0002543893,"[0.999659, 0.999862, 1.0, 1.0, 1.0, 0.999659]","[0.16332441, 0.21685498, 0.28949301, 0.40689665, 0.50309542, 0.64538206]","[0.00011601, 0.00011601, 0.00010437, 0.00011567, 0.00011567, 0.00011601]","[1.89403e-05, 2.51533e-05, 3.0215e-05, 4.70677e-05, 5.81954e-05, 7.48434e-05]"
397,General Cargo,8378.0,6,AUCKLAND,0.0002354268,"[0.999659, 0.999862, 1.0, 1.0, 1.0]","[0.23150394, 0.30661452, 0.39597052, 0.51897816, 0.61963204]","[0.00011601, 0.00011601, 0.00010437, 0.00011567, 0.00011567]","[2.6847e-05, 3.55646e-05, 4.13283e-05, 6.00327e-05, 7.16758e-05]"
398,General Cargo,8378.0,7,AUCKLAND,0.0002586041,"[0.999903, 0.999862, 1.0, 1.0, 1.0, 0.999659]","[0.16953526, 0.21639881, 0.3136661, 0.41176688, 0.51197329, 0.64046906]","[0.00011601, 0.00011601, 0.00010437, 0.00011567, 0.00011567, 0.00011601]","[1.96654e-05, 2.51003e-05, 3.2738e-05, 4.7631e-05, 5.92224e-05, 7.42737e-05]"
399,General Cargo,8378.0,7,AUCKLAND,0.0002618772,"[0.999862, 1.0, 1.0, 1.0, 1.0, 0.999659]","[0.18360877, 0.24599791, 0.30914604, 0.41763605, 0.51755988, 0.64231306]","[0.00011601, 0.00010437, 0.00010437, 0.00011567, 0.00011567, 0.00011601]","[2.1297e-05, 2.56754e-05, 3.22663e-05, 4.83099e-05, 5.98686e-05, 7.44875e-05]"
400,General Cargo,8378.0,7,AUCKLAND,0.0002641681,"[0.999903, 0.999862, 1.0, 1.0, 1.0, 0.999659]","[0.17671585, 0.23479861, 0.31349545, 0.41961425, 0.5218636, 0.64533366]","[0.00011601, 0.00011601, 0.00010437, 0.00011567, 0.00011567, 0.00011601]","[2.04983e-05, 2.72346e-05, 3.27202e-05, 4.85388e-05, 6.03664e-05, 7.48378e-05]"
401,General Cargo,8378.0,7,AUCKLAND,0.0002498013,"[0.999903, 0.999862, 1.0, 1.0, 1.0, 0.999659]","[0.15778237, 0.20742476, 0.27259563, 0.40294728, 0.50093803, 0.64204549]","[0.00011601, 0.00011601, 0.00010437, 0.00011567, 0.00011567, 0.00011601]","[1.83021e-05, 2.40594e-05, 2.84514e-05, 4.66108e-05, 5.79459e-05, 7.44565e-05]"
402,General Cargo,8378.0,7,AUCKLAND,0.0002622698,"[0.999903, 0.999862, 1.0, 1.0, 1.0, 0.999659]","[0.18170114, 0.23464397, 0.30526732, 0.41474931, 0.51498271, 0.64325045]","[0.00011601, 0.00011601, 0.00010437, 0.00011567, 0.00011567, 0.00011601]","[2.10766e-05, 2.72166e-05, 3.18614e-05, 4.7976e-05, 5.95705e-05, 7.45962e-05]"
403,General Cargo,8378.0,7,AUCKLAND,0.0002578101,"[0.999903, 0.999862, 1.0, 1.0, 1.0, 0.999659]","[0.1749577, 0.22331736, 0.29835261, 0.40790515, 0.50794604, 0.64292891]","[0.00011601, 0.00011601, 0.00010437, 0.00011567, 0.00011567, 0.00011601]","[2.02944e-05, 2.59028e-05, 3.11397e-05, 4.71843e-05, 5.87565e-05, 7.45589e-05]"
404,General Cargo,8378.0,7,AUCKLAND,0.0002601297,"[0.999659, 0.999862, 1.0, 1.0, 1.0, 0.999659]","[0.17023911, 0.23225809, 0.30542183, 0.4167364, 0.50855277, 0.64297713]","[0.00011601, 0.00011601, 0.00010437, 0.00011567, 0.00011567, 0.00011601]","[1.97422e-05, 2.69399e-05, 3.18776e-05, 4.82059e-05, 5.88267e-05, 7.45645e-05]"
405,General Cargo,8378.0,7,AUCKLAND,0.0002546679,"[0.999903, 0.999862, 1.0, 1.0, 1.0, 0.999659]","[0.17038368, 0.21911033, 0.28749506, 0.39637146, 0.51305633, 0.64078938]","[0.00011601, 0.00011601, 0.00010437, 0.00011567, 0.00011567, 0.00011601]","[1.97638e-05, 2.54149e-05, 3.00065e-05, 4.58502e-05, 5.93476e-05, 7.43108e-05]"
406,General Cargo,8378.0,7,AUCKLAND,0.000258923,"[0.999659, 0.999862, 1.0, 1.0, 1.0, 0.999659]","[0.16837386, 0.22709332, 0.2971772, 0.41415852, 0.51370543, 0.64445231]","[0.00011601, 0.00011601, 0.00010437, 0.00011567, 0.00011567, 0.00011601]","[1.95259e-05, 2.63408e-05, 3.10171e-05, 4.79077e-05, 5.94227e-05, 7.47356e-05]"
407,General Cargo,8378.0,6,AUCKLAND,0.000231149,"[0.999659, 0.999862, 1.0, 1.0, 1.0]","[0.22930323, 0.29531675, 0.38433855, 0.50944988, 0.61620261]","[0.00011601, 0.00011601, 0.00010437, 0.00011567, 0.00011567]","[2.65918e-05, 3.42541e-05, 4.01143e-05, 5.89305e-05, 7.12791e-05]"
408,General Cargo,8378.0,7,AUCKLAND,0.0002570377,"[0.999659, 0.999862, 1.0, 1.0, 1.0, 0.999659]","[0.16547152, 0.22718291, 0.2974967, 0.40464772, 0.51528261, 0.63863036]","[0.00011601, 0.00011601, 0.00010437, 0.00011567, 0.00011567, 0.00011601]","[1.91893e-05, 2.63512e-05, 3.10504e-05, 4.68075e-05, 5.96052e-05, 7.40604e-05]"
412,General Cargo,9793.0,6,AUCKLAND,0.0002624556,"[0.998457, 0.999903, 0.999862, 0.99994, 0.999993]","[0.24715063, 0.34043447, 0.42580593, 0.56622452, 0.68353462]","[0.00011601, 0.00011601, 0.00011601, 0.00011601, 0.00011601]","[2.8627e-05, 3.9489e-05, 4.93897e-05, 6.56822e-05, 7.92944e-05]"
413,General Cargo,9793.0,6,AUCKLAND,0.0002629296,"[1.0, 0.999903, 0.999862, 0.99994, 0.999993]","[0.18385787, 0.32601359, 0.45728225, 0.58029669, 0.69413674]","[0.00013195, 0.00011601, 0.00011601, 0.00011601, 0.00011601]","[2.42604e-05, 3.78163e-05, 5.30407e-05, 6.73145e-05, 8.05243e-05]"
414,General Cargo,9793.0,6,AUCKLAND,0.0002733939,"[0.998457, 0.999903, 0.999862, 0.99994, 0.999993]","[0.27276926, 0.36017333, 0.45525155, 0.57842022, 0.69089346]","[0.00011601, 0.00011601, 0.00011601, 0.00011601, 0.00011601]","[3.15944e-05, 4.17786e-05, 5.28051e-05, 6.70969e-05, 8.01481e-05]"
415,General Cargo,9793.0,6,AUCKLAND,0.0002719547,"[0.998457, 0.999903, 0.999862, 0.99994, 0.999993]","[0.27011943, 0.35498701, 0.44443645, 0.58021449, 0.69533516]","[0.00011601, 0.00011601, 0.00011601, 0.00011601, 0.00011601]","[3.12874e-05, 4.11771e-05, 5.15507e-05, 6.7305e-05, 8.06633e-05]"
416,General Cargo,9793.0,6,AUCKLAND,0.000270517,"[0.998457, 0.999903, 0.999862, 0.99994, 0.999993]","[0.25494923, 0.34100857, 0.44809685, 0.59108845, 0.69752891]","[0.00011601, 0.00011601, 0.00011601, 0.00011601, 0.00011601]","[2.95303e-05, 3.95556e-05, 5.19753e-05, 6.85664e-05, 8.09178e-05]"
417,General Cargo,9793.0,6,AUCKLAND,0.0002748278,"[0.998457, 0.999903, 0.999862, 0.99994, 0.999993]","[0.27356612, 0.36665344, 0.45919114, 0.5820689, 0.68839351]","[0.00011601, 0.00011601, 0.00011601, 0.00011601, 0.00011601]","[3.16867e-05, 4.25303e-05, 5.32621e-05, 6.75201e-05, 7.9858e-05]"
431,General Cargo,9793.0,6,AUCKLAND,0.0002632741,"[0.998457, 0.999903, 0.999862, 0.999993, 0.99994]","[0.25431195, 0.3390709, 0.43031161, 0.54773424, 0.69879724]","[0.00011601, 0.00011601, 0.00011601, 0.00011601, 0.00011601]","[2.94565e-05, 3.93308e-05, 4.99123e-05, 6.35407e-05, 8.10606e-05]"
432,General Cargo,9793.0,6,AUCKLAND,0.0002667519,"[0.998457, 0.999903, 0.999862, 0.999993, 0.99994]","[0.24547321, 0.34180376, 0.44451516, 0.57128561, 0.69712214]","[0.00011601, 0.00011601, 0.00011601, 0.00011601, 0.00011601]","[2.84327e-05, 3.96478e-05, 5.15598e-05, 6.62728e-05, 8.08663e-05]"
433,General Cargo,9793.0,6,AUCKLAND,0.0002718608,"[0.998457, 0.999903, 0.999862, 0.999993, 0.99994]","[0.26714943, 0.35892423, 0.44839443, 0.57879109, 0.6910259]","[0.00011601, 0.00011601, 0.00011601, 0.00011601, 0.00011601]","[3.09434e-05, 4.16338e-05, 5.20098e-05, 6.71435e-05, 8.01592e-05]"
434,General Cargo,9793.0,5,AUCKLAND,0.0002346121,"[0.998457, 0.999862, 0.999903, 0.999993]","[0.33125098, 0.45951205, 0.55516748, 0.67726929]","[0.00011601, 0.00011601, 0.00011601, 0.00011601]","[3.83682e-05, 5.32993e-05, 6.43972e-05, 7.85676e-05]"
438,General Cargo,39516.0,7,AUCKLAND,0.0003359325,"[1.0, 1.0, 1.0, 1.0, 1.0, 1.0]","[0.19653449, 0.34424418, 0.45928388, 0.526236, 0.60660533, 0.86286631]","[9.591e-05, 0.00010419, 0.00010419, 0.00012152, 0.00011482, 0.00011567]","[1.88493e-05, 3.58671e-05, 4.78532e-05, 6.3946e-05, 6.96501e-05, 9.98118e-05]"
440,RoRo,38500.0,7,AUCKLAND,0.0002943717,"[1.0, 1.0, 1.0, 1.0, 1.0, 1.0]","[0.25563733, 0.34119285, 0.38716281, 0.51007051, 0.56890896, 0.67721481]","[9.591e-05, 9.591e-05, 9.591e-05, 0.00010419, 0.00012152, 0.00011482]","[2.45177e-05, 3.27232e-05, 3.71321e-05, 5.31447e-05, 6.91314e-05, 7.77575e-05]"
441,RoRo,38500.0,6,AUCKLAND,0.0002810297,"[1.0, 1.0, 1.0, 1.0, 1.0]","[0.32119973, 0.39307845, 0.54805599, 0.62486635, 0.69257868]","[9.591e-05, 9.591e-05, 0.00010419, 0.00012152, 0.00011482]","[3.08057e-05, 3.76995e-05, 5.71024e-05, 7.59311e-05, 7.95216e-05]"
443,General Cargo,39516.0,7,AUCKLAND,0.0003773616,"[1.0, 1.0, 1.0, 1.0, 1.0, 1.0]","[0.23911296, 0.41908361, 0.54284651, 0.66509576, 0.70366243, 0.7182862]","[9.591e-05, 0.00010419, 0.00012152, 0.00011482, 0.00011482, 0.00012209]","[2.29329e-05, 4.36647e-05, 6.59644e-05, 7.6366e-05, 8.07942e-05, 8.76972e-05]"
445,General Cargo,10110.0,6,NELSON,0.0001931499,"[1.0, 1.0, 1.0, 1.0, 1.0]","[0.19774981, 0.2975216, 0.39681858, 0.47876853, 0.58738942]","[0.00012889, 9.354e-05, 8.676e-05, 9.888e-05, 9.888e-05]","[2.54872e-05, 2.78303e-05, 3.44267e-05, 4.734e-05, 5.80803e-05]"
446,General Cargo,10110.0,6,GISBORNE,0.0002359484,"[1.0, 1.0, 1.0, 1.0, 1.0]","[0.16335361, 0.29004468, 0.36965347, 0.47999451, 0.57403842]","[9.591e-05, 0.00011482, 0.00012209, 0.0001346, 0.0001346]","[1.5667e-05, 3.33028e-05, 4.51319e-05, 6.4605e-05, 7.72629e-05]"
448,Reefer,10318.0,6,TAURANGA,0.0002319684,"[1.0, 1.0, 1.0, 1.0, 1.0]","[0.1844305, 0.30625329, 0.37237169, 0.45671916, 0.57885381]","[9.591e-05, 0.00011482, 0.00012209, 0.00012209, 0.0001346]","[1.76884e-05, 3.51639e-05, 4.54637e-05, 5.57619e-05, 7.7911e-05]"
450,Reefer,10318.0,6,AUCKLAND,0.0002138545,"[1.0, 1.0, 1.0, 1.0, 1.0]","[0.1727821, 0.21908291, 0.27365552, 0.46985157, 0.60382432]","[0.00013195, 0.00013195, 0.00013195, 9.871e-05, 0.00013195]","[2.2799e-05, 2.89085e-05, 3.61094e-05, 4.63791e-05, 7.96759e-05]"
452,RoRo,27564.0,7,AUCKLAND,0.0003703495,"[1.0, 1.0, 1.0, 1.0, 1.0, 0.999998]","[0.22242837, 0.27442438, 0.43573252, 0.49847654, 0.56248676, 0.84876613]","[9.591e-05, 0.00013982, 0.00014211, 0.00014211, 0.00011886, 0.00013088]","[2.13327e-05, 3.83691e-05, 6.19207e-05, 7.08371e-05, 6.68595e-05, 0.0001110852]"
453,RoRo,27564.0,5,AUCKLAND,0.0002797036,"[1.0, 1.0, 0.999998, 0.999913]","[0.27088273, 0.30738811, 0.60345825, 0.88689389]","[0.00014211, 0.00014211, 0.00013088, 0.00013371]","[3.84944e-05, 4.36821e-05, 7.89797e-05, 0.0001185748]"
454,RoRo,27564.0,7,AUCKLAND,0.000335838,"[1.0, 1.0, 1.0, 0.643148, 1.0, 1.0]","[0.27115755, 0.39130998, 0.47543369, 0.56511249, 0.65631326, 0.69966992]","[9.591e-05, 0.00010419, 0.00012152, 0.00013909, 0.00011482, 0.00012209]","[2.60063e-05, 4.07709e-05, 5.77727e-05, 5.0552e-05, 7.53576e-05, 8.54243e-05]"
456,Container,30420.0,7,AUCKLAND,0.0002753958,"[1.0, 1.0, 1.0, 1.0, 0.999902, 0.999998]","[0.25984376, 0.27991994, 0.35221581, 0.36911374, 0.4782172, 0.52801234]","[9.871e-05, 0.00013195, 0.00011063, 0.00011063, 0.00013371, 0.00013088]","[2.56492e-05, 3.6936e-05, 3.89656e-05, 4.0835e-05, 6.39353e-05, 6.91054e-05]"
475,Container,62007.0,7,AUCKLAND,0.0003408287,"[1.0, 1.0, 1.0, 1.0, 1.0, 0.999965]","[0.31028297, 0.3623319, 0.39529627, 0.44111349, 0.45955775, 0.71261928]","[0.00013195, 0.00013195, 0.00013195, 0.00011623, 0.00011623, 0.00013371]","[4.09425e-05, 4.78105e-05, 5.21602e-05, 5.12698e-05, 5.34135e-05, 9.52798e-05]"
476,Container,62007.0,7,AUCKLAND,0.0003931512,"[1.0, 1.0, 1.0, 1.0, 1.0, 0.999965]","[0.40733732, 0.44558487, 0.47260123, 0.51113117, 0.53084173, 0.72700303]","[0.00013195, 0.00013195, 0.00013195, 0.00011623, 0.00011623, 0.00013371]","[5.3749e-05, 5.87959e-05, 6.23607e-05, 5.94078e-05, 6.16987e-05, 9.72029e-05]"
477,Container,62007.0,7,AUCKLAND,0.000333759,"[1.0, 1.0, 1.0, 1.0, 1.0, 0.999965]","[0.3384572, 0.35425283, 0.39266509, 0.42880089, 0.45998442, 0.65282818]","[0.00013195, 0.00013195, 0.00013195, 0.00011623, 0.00011623, 0.00013371]","[4.46601e-05, 4.67444e-05, 5.1813e-05, 4.98387e-05, 5.34631e-05, 8.72855e-05]"
478,Container,62007.0,7,AUCKLAND,0.0002519701,"[1.0, 1.0, 1.0, 1.0, 1.0, 0.999965]","[0.26072523, 0.28237458, 0.29864288, 0.33456436, 0.34789179, 0.46076538]","[0.00013195, 0.00013195, 0.00013195, 0.00011623, 0.00011623, 0.00013371]","[3.44032e-05, 3.72599e-05, 3.94066e-05, 3.88858e-05, 4.04348e-05, 6.1606e-05]"
479,Container,62007.0,7,AUCKLAND,0.0003251622,"[1.0, 1.0, 1.0, 1.0, 1.0, 0.999965]","[0.33227761, 0.35717602, 0.3754999, 0.40333499, 0.41804551, 0.66726058]","[0.00013195, 0.00013195, 0.00013195, 0.00011623, 0.00011623, 0.00013371]","[4.38447e-05, 4.71301e-05, 4.9548e-05, 4.68788e-05, 4.85886e-05, 8.92152e-05]"
480,Container,62007.0,7,AUCKLAND,0.0003659915,"[1.0, 1.0, 1.0, 1.0, 1.0, 0.999965]","[0.37312315, 0.40696298, 0.4477639, 0.48630116, 0.52430188, 0.6474699]","[0.00013195, 0.00013195, 0.00013195, 0.00011623, 0.00011623, 0.00013371]","[4.92344e-05, 5.36996e-05, 5.90834e-05, 5.65218e-05, 6.09386e-05, 8.65691e-05]"
484,Container,110387.0,7,TAURANGA,0.0004332188,"[1.0, 1.0, 1.0, 1.0, 1.0, 1.0]","[0.4706561, 0.48963836, 0.52148366, 0.57450571, 0.62157036, 0.67904684]","[0.00012209, 0.00012209, 0.00012209, 0.0001346, 0.0001346, 0.0001346]","[5.74635e-05, 5.97811e-05, 6.36692e-05, 7.73258e-05, 8.36605e-05, 9.13965e-05]"
487,General Cargo,110387.0,7,TAURANGA,0.0004538254,"[1.0, 1.0, 1.0, 1.0, 1.0, 1.0]","[0.34494267, 0.48554169, 0.57858668, 0.64744034, 0.69509836, 0.75168845]","[0.00012209, 0.00012209, 0.00012209, 0.0001346, 0.0001346, 0.0001346]","[4.21149e-05, 5.92809e-05, 7.0641e-05, 8.71424e-05, 9.3557e-05, 0.0001011737]"
489,Container,110387.0,7,TAURANGA,0.0004192242,"[1.0, 1.0, 1.0, 1.0, 1.0, 1.0]","[0.31241532, 0.49072458, 0.52487413, 0.5774544, 0.63217383, 0.67807424]","[0.00013195, 0.00012209, 0.00012209, 0.0001346, 0.0001346, 0.0001346]","[4.12239e-05, 5.99137e-05, 6.40831e-05, 7.77227e-05, 8.50876e-05, 9.12656e-05]"
491,Reefer,9709.0,7,AUCKLAND,0.0002540124,"[1.0, 1.0, 1.0, 1.0, 1.0, 1.0]","[0.15435432, 0.20051342, 0.28652176, 0.38526679, 0.4668704, 0.60670257]","[0.00013195, 0.00013195, 0.0001061, 0.00013195, 0.00013195, 0.0001061]","[2.03674e-05, 2.64582e-05, 3.04001e-05, 5.08368e-05, 6.16045e-05, 6.43715e-05]"
493,Reefer,9709.0,5,TAURANGA,0.0002092879,"[1.0, 1.0, 1.0, 1.0]","[0.29090363, 0.36699224, 0.46069403, 0.58368143]","[0.00013195, 0.00013195, 9.871e-05, 0.00013195]","[3.83853e-05, 4.84254e-05, 4.54751e-05, 7.7018e-05]"
494,Reefer,9709.0,7,AUCKLAND,0.0002484945,"[1.0, 1.0, 1.0, 1.0, 1.0, 1.0]","[0.10965428, 0.21020219, 0.29193939, 0.35772409, 0.46390249, 0.61083712]","[0.00013195, 0.0001061, 0.00013195, 0.00013195, 0.00013195, 0.0001061]","[1.44691e-05, 2.23026e-05, 3.8522e-05, 4.72024e-05, 6.12129e-05, 6.48101e-05]"
498,Reefer,9709.0,7,TAURANGA,0.0002791854,"[1.0, 1.0, 1.0, 1.0, 1.0, 1.0]","[0.14278541, 0.23233941, 0.32169565, 0.39525357, 0.49203067, 0.57745971]","[0.00013195, 0.0001061, 0.00013195, 0.00013195, 0.00013195, 0.00013195]","[1.88408e-05, 2.46513e-05, 4.24484e-05, 5.21545e-05, 6.49245e-05, 7.6197e-05]"
499,Reefer,9709.0,6,TAURANGA,0.0002687203,"[1.0, 1.0, 1.0, 1.0, 1.0]","[0.25517911, 0.32087972, 0.40094546, 0.48766617, 0.57204272]","[0.00013195, 0.00013195, 0.00013195, 0.00013195, 0.00013195]","[3.36714e-05, 4.23408e-05, 5.29056e-05, 6.43486e-05, 7.54822e-05]"
505,Reefer,9709.0,5,TAURANGA,0.0001391416,"[1.0, 1.0, 1.0, 1.0]","[0.16484825, 0.22029505, 0.28987186, 0.42597841]","[9.591e-05, 9.591e-05, 0.00013982, 0.0001448]","[1.58103e-05, 2.11281e-05, 4.05289e-05, 6.16809e-05]"
508,Reefer,9709.0,7,TAURANGA,0.0002529925,"[1.0, 1.0, 1.0, 1.0, 1.0, 1.0]","[0.14584404, 0.2039817, 0.25419437, 0.36617218, 0.47366006, 0.57395749]","[0.0001061, 0.00013195, 0.00013195, 0.0001061, 0.00013195, 0.00013195]","[1.54741e-05, 2.69158e-05, 3.35415e-05, 3.88511e-05, 6.25004e-05, 7.57349e-05]"
510,Reefer,9709.0,7,AUCKLAND,0.000251109,"[1.0, 1.0, 1.0, 1.0, 1.0, 1.0]","[0.15430342, 0.19605983, 0.28161069, 0.37674976, 0.45678182, 0.6129839]","[0.00013195, 0.00013195, 0.0001061, 0.00013195, 0.00013195, 0.0001061]","[2.03607e-05, 2.58705e-05, 2.9879e-05, 4.97129e-05, 6.02733e-05, 6.50379e-05]"
513,RoRo,17686.0,7,AUCKLAND,0.0004187936,"[1.0, 1.0, 1.0, 1.0, 1.0, 1.0]","[0.33008628, 0.40428689, 0.48541402, 0.57826587, 0.65634275, 0.71998076]","[0.00013195, 0.00013195, 0.00013195, 0.00013195, 0.00013195, 0.00013195]","[4.35556e-05, 5.33465e-05, 6.40514e-05, 7.63034e-05, 8.66058e-05, 9.5003e-05]"
514,RoRo,17686.0,7,AUCKLAND,0.0004200543,"[1.0, 1.0, 1.0, 1.0, 1.0, 0.999862]","[0.31636663, 0.39559948, 0.48379418, 0.57091837, 0.65336363, 0.86900553]","[0.00013195, 0.00013195, 0.00013195, 0.00013195, 0.00013195, 0.00011601]","[4.17452e-05, 5.22002e-05, 6.38377e-05, 7.53339e-05, 8.62127e-05, 0.0001007969]"
516,RoRo,20581.0,7,AUCKLAND,0.0004057865,"[1.0, 1.0, 1.0, 1.0, 1.0, 0.999862]","[0.22885117, 0.40205413, 0.48335069, 0.57846435, 0.65714628, 0.8946576]","[9.704e-05, 0.00013195, 0.00013195, 0.00013195, 0.00013195, 0.00011601]","[2.22083e-05, 5.30519e-05, 6.37791e-05, 7.63296e-05, 8.67118e-05, 0.0001037723]"
517,RoRo,20581.0,7,AUCKLAND,0.0004388556,"[1.0, 1.0, 1.0, 1.0, 1.0, 0.999862]","[0.35289743, 0.42754346, 0.5044663, 0.59767067, 0.6603768, 0.8913312]","[0.00013195, 0.00013195, 0.00013195, 0.00013195, 0.00013195, 0.00011601]","[4.65656e-05, 5.64153e-05, 6.65654e-05, 7.88639e-05, 8.71381e-05, 0.0001033865]"
518,RoRo,20581.0,7,AUCKLAND,0.0004471031,"[1.0, 1.0, 1.0, 1.0, 1.0, 0.999862]","[0.36637633, 0.44390551, 0.52479441, 0.60321988, 0.67169124, 0.88620598]","[0.00013195, 0.00013195, 0.00013195, 0.00013195, 0.00013195, 0.00011601]","[4.83441e-05, 5.85743e-05, 6.92477e-05, 7.95961e-05, 8.86311e-05, 0.000102792]"
519,RoRo,20581.0,7,AUCKLAND,0.0004330686,"[1.0, 1.0, 1.0, 1.0, 1.0, 0.999862]","[0.33827375, 0.4179519, 0.50485729, 0.58020288, 0.65772428, 0.89141291]","[0.00013195, 0.00013195, 0.00013195, 0.00013195, 0.00013195, 0.00011601]","[4.46359e-05, 5.51496e-05, 6.6617e-05, 7.6559e-05, 8.67881e-05, 0.000103396]"
520,RoRo,20581.0,6,AUCKLAND,0.0003905244,"[1.0, 1.0, 1.0, 1.0, 0.999862]","[0.4096722, 0.49438003, 0.5976329, 0.67207478, 0.89448614]","[0.00013195, 0.00013195, 0.00013195, 0.00013195, 0.00011601]","[5.40571e-05, 6.52345e-05, 7.88589e-05, 8.86817e-05, 0.0001037525]"
521,RoRo,20581.0,7,AUCKLAND,0.0003466192,"[1.0, 1.0, 1.0, 1.0, 1.0, 0.999965]","[0.20041008, 0.25482936, 0.36674126, 0.42742537, 0.50603272, 0.85542584]","[0.00011063, 0.00011063, 0.00013992, 0.00013992, 0.00013992, 0.00013371]","[2.21714e-05, 2.81918e-05, 5.13161e-05, 5.98073e-05, 7.08064e-05, 0.0001143735]"
523,RoRo,17693.0,7,AUCKLAND,0.0004227823,"[1.0, 1.0, 1.0, 1.0, 1.0, 0.999862]","[0.32559746, 0.40825944, 0.48946056, 0.57033288, 0.64596112, 0.8702719]","[0.00013195, 0.00013195, 0.00013195, 0.00013195, 0.00013195, 0.00011601]","[4.29633e-05, 5.38707e-05, 6.45854e-05, 7.52566e-05, 8.52359e-05, 0.0001009438]"
524,RoRo,17693.0,6,AUCKLAND,0.0003622732,"[1.0, 1.0, 1.0, 1.0, 0.999862]","[0.38034546, 0.45488215, 0.54174714, 0.61683658, 0.85555954]","[0.00013195, 0.00013195, 0.00013195, 0.00013195, 0.00011601]","[5.01874e-05, 6.00227e-05, 7.14847e-05, 8.13929e-05, 9.92373e-05]"
525,RoRo,17693.0,7,AUCKLAND,0.0004076713,"[1.0, 1.0, 1.0, 1.0, 1.0, 0.999862]","[0.3134698, 0.38155471, 0.46705193, 0.5425934, 0.62914836, 0.86029959]","[0.00013195, 0.00013195, 0.00013195, 0.00013195, 0.00013195, 0.00011601]","[4.1363e-05, 5.0347e-05, 6.16285e-05, 7.15963e-05, 8.30175e-05, 9.97871e-05]"
526,RoRo,17693.0,7,AUCKLAND,0.0003754848,"[1.0, 1.0, 1.0, 1.0, 1.0, 0.999862]","[0.2865092, 0.35046561, 0.42826754, 0.50141476, 0.57814515, 0.79774502]","[0.00013195, 0.00013195, 0.00013195, 0.00013195, 0.00013195, 0.00011601]","[3.78055e-05, 4.62447e-05, 5.65108e-05, 6.61627e-05, 7.62875e-05, 9.25313e-05]"
529,General Cargo,20131.0,7,AUCKLAND,0.0004220909,"[1.0, 1.0, 1.0, 1.0, 1.0, 0.999862]","[0.21853067, 0.39176547, 0.48914192, 0.60078021, 0.68911444, 0.92344378]","[0.00013092, 0.00013195, 0.00013195, 0.00013195, 0.00013195, 0.00011601]","[2.86099e-05, 5.16943e-05, 6.45433e-05, 7.92742e-05, 9.09301e-05, 0.0001071113]"
531,RoRo,20144.0,7,AUCKLAND,0.000404214,"[0.999998, 1.0, 1.0, 1.0, 1.0, 0.999862]","[0.25221054, 0.39597953, 0.46947628, 0.54618178, 0.64108645, 0.86567401]","[0.00013088, 0.00013195, 0.00013195, 0.00013195, 0.00013195, 0.00011601]","[3.30089e-05, 5.22503e-05, 6.19484e-05, 7.20698e-05, 8.45927e-05, 0.0001004105]"
535,RoRo,9653.0,7,AUCKLAND,0.0002813823,"[1.0, 1.0, 1.0, 1.0, 1.0, 1.0]","[0.16907602, 0.23171921, 0.29400334, 0.39077018, 0.49879647, 0.58336885]","[0.00013195, 0.00013195, 0.00011623, 0.00013195, 0.00013195, 0.00013195]","[2.23099e-05, 3.05758e-05, 3.41714e-05, 5.1563e-05, 6.58172e-05, 7.69768e-05]"
536,RoRo,9653.0,5,AUCKLAND,0.0002372089,"[1.0, 1.0, 1.0, 1.0]","[0.31124273, 0.38955391, 0.50484415, 0.59220508]","[0.00013195, 0.00013195, 0.00013195, 0.00013195]","[4.10691e-05, 5.14025e-05, 6.66153e-05, 7.81427e-05]"
537,RoRo,9653.0,5,AUCKLAND,0.0002369548,"[1.0, 1.0, 1.0, 1.0]","[0.30519802, 0.39076855, 0.50574093, 0.5942121]","[0.00013195, 0.00013195, 0.00013195, 0.00013195]","[4.02715e-05, 5.15627e-05, 6.67336e-05, 7.84075e-05]"
539,RoRo,9653.0,6,AUCKLAND,0.0002616123,"[0.999998, 1.0, 1.0, 1.0, 1.0]","[0.14585908, 0.32380781, 0.41313942, 0.50798308, 0.59322752]","[0.00013088, 0.00013195, 0.00013195, 0.00013195, 0.00013195]","[1.90898e-05, 4.27271e-05, 5.45146e-05, 6.70294e-05, 7.82776e-05]"
547,Container,51372.0,7,AUCKLAND,0.0003531544,"[0.999965, 1.0, 1.0, 1.0, 0.999965, 0.999902]","[0.29206774, 0.39453745, 0.42995689, 0.46074267, 0.61683385, 0.66559377]","[0.00013371, 0.00011063, 0.00011063, 0.00011174, 0.00013371, 0.00013371]","[3.90505e-05, 4.36477e-05, 4.75661e-05, 5.14813e-05, 8.24729e-05, 8.89866e-05]"
550,Container,51372.0,7,AUCKLAND,0.000359755,"[1.0, 1.0, 1.0, 1.0, 0.999965, 0.999902]","[0.37164771, 0.41639177, 0.43561398, 0.47266085, 0.60804775, 0.67559663]","[0.00011063, 0.00011063, 0.00011063, 0.00011174, 0.00013371, 0.00013371]","[4.11154e-05, 4.60654e-05, 4.8192e-05, 5.2813e-05, 8.12982e-05, 9.0324e-05]"
552,Container,51372.0,7,AUCKLAND,0.0003638422,"[1.0, 1.0, 1.0, 1.0, 0.999965, 0.999902]","[0.37705238, 0.42782473, 0.44659353, 0.47910455, 0.61252826, 0.67329228]","[0.00011063, 0.00011063, 0.00011063, 0.00011174, 0.00013371, 0.00013371]","[4.17133e-05, 4.73302e-05, 4.94066e-05, 5.3533e-05, 8.18972e-05, 9.00159e-05]"
555,General Cargo,20202.0,7,AUCKLAND,0.0004104381,"[1.0, 1.0, 1.0, 1.0, 1.0, 0.999862]","[0.27368925, 0.35540397, 0.45393828, 0.56361554, 0.66533128, 0.90900252]","[0.00013195, 0.00013195, 0.00013195, 0.00013195, 0.00013195, 0.00011601]","[3.61139e-05, 4.68963e-05, 5.98981e-05, 7.43703e-05, 8.77919e-05, 0.0001054362]"
561,General Cargo,110387.0,7,TAURANGA,0.000446795,"[1.0, 1.0, 1.0, 1.0, 1.0, 1.0]","[0.22099095, 0.48632369, 0.57915524, 0.64815397, 0.7066039, 0.78223506]","[0.00013195, 0.00012209, 0.00012209, 0.0001346, 0.0001346, 0.0001346]","[2.91602e-05, 5.93764e-05, 7.07104e-05, 8.72385e-05, 9.51056e-05, 0.0001052852]"
562,Container,110387.0,7,TAURANGA,0.0004013777,"[1.0, 1.0, 1.0, 1.0, 1.0, 1.0]","[0.30227289, 0.4655978, 0.49524001, 0.53953491, 0.59789593, 0.67724975]","[0.00013195, 0.00012209, 0.00012209, 0.0001346, 0.0001346, 0.0001346]","[3.98855e-05, 5.68459e-05, 6.0465e-05, 7.26189e-05, 8.0474e-05, 9.11546e-05]"
563,Container,110387.0,7,TAURANGA,0.0004260466,"[1.0, 1.0, 1.0, 1.0, 1.0, 1.0]","[0.32063573, 0.50442803, 0.53208976, 0.58050677, 0.63386906, 0.69699746]","[0.00013195, 0.00012209, 0.00012209, 0.0001346, 0.0001346, 0.0001346]","[4.23086e-05, 6.15868e-05, 6.49641e-05, 7.81335e-05, 8.53158e-05, 9.38126e-05]"
565,Container,118944.0,7,TAURANGA,0.000427908,"[1.0, 1.0, 1.0, 1.0, 1.0, 1.0]","[0.34040506, 0.50902938, 0.53463134, 0.57994914, 0.62054677, 0.69885273]","[0.00013195, 0.00012209, 0.00012209, 0.0001346, 0.0001346, 0.0001346]","[4.49172e-05, 6.21486e-05, 6.52744e-05, 7.80584e-05, 8.35227e-05, 9.40623e-05]"
566,Container,118944.0,7,TAURANGA,0.0004302488,"[1.0, 1.0, 1.0, 1.0, 1.0, 1.0]","[0.32550194, 0.5015258, 0.53420505, 0.59965753, 0.64661165, 0.69227968]","[0.00013195, 0.00012209, 0.00012209, 0.0001346, 0.0001346, 0.0001346]","[4.29507e-05, 6.12325e-05, 6.52223e-05, 8.07111e-05, 8.70309e-05, 9.31776e-05]"
570,Container,69653.0,7,AUCKLAND,0.0003862818,"[1.0, 1.0, 1.0, 1.0, 1.0, 1.0]","[0.44918469, 0.47705544, 0.51438487, 0.53622921, 0.57717987, 0.6228138]","[0.00013195, 9.871e-05, 0.00013195, 0.00013195, 0.00011623, 0.00011924]","[5.92709e-05, 4.70902e-05, 6.78742e-05, 7.07566e-05, 6.70845e-05, 7.42674e-05]"
571,Container,69653.0,7,AUCKLAND,0.0004025684,"[1.0, 1.0, 1.0, 1.0, 1.0, 1.0]","[0.46342135, 0.49584161, 0.51438582, 0.53152654, 0.57043506, 0.60168814]","[0.00013195, 0.00013195, 0.00013195, 0.00013195, 0.00011623, 0.00011924]","[6.11494e-05, 6.54273e-05, 6.78743e-05, 7.01361e-05, 6.63006e-05, 7.17483e-05]"
572,Container,69653.0,7,AUCKLAND,0.0004049839,"[1.0, 1.0, 1.0, 1.0, 1.0, 1.0]","[0.46156517, 0.48861442, 0.52378304, 0.54859199, 0.60326398, 0.63158399]","[0.00011623, 0.00013195, 0.00013195, 0.00013195, 0.00011623, 0.00011924]","[5.36468e-05, 6.44737e-05, 6.91143e-05, 7.23879e-05, 7.01162e-05, 7.53132e-05]"
573,Container,69653.0,7,AUCKLAND,0.0003520956,"[1.0, 1.0, 1.0, 1.0, 1.0, 1.0]","[0.38825843, 0.41446297, 0.46169837, 0.48525888, 0.52796201, 0.55360288]","[0.00011623, 0.00013195, 0.00013195, 0.00013195, 0.00011623, 0.00011924]","[4.51265e-05, 5.46893e-05, 6.09221e-05, 6.40309e-05, 6.1364e-05, 6.60143e-05]"
575,Container,119185.0,7,TAURANGA,0.0004075737,"[1.0, 1.0, 1.0, 1.0, 1.0, 1.0]","[0.30692988, 0.32871074, 0.52951752, 0.58491686, 0.63975712, 0.70048622]","[0.00013195, 0.00013195, 0.00012209, 0.0001346, 0.0001346, 0.0001346]","[4.05e-05, 4.33741e-05, 6.465e-05, 7.87271e-05, 8.61083e-05, 9.42822e-05]"
577,Container,119185.0,7,TAURANGA,0.0004294312,"[1.0, 1.0, 1.0, 1.0, 1.0, 1.0]","[0.46597849, 0.4826354, 0.51451577, 0.56376189, 0.62168412, 0.67844247]","[0.00012209, 0.00012209, 0.00012209, 0.0001346, 0.0001346, 0.0001346]","[5.68924e-05, 5.89261e-05, 6.28184e-05, 7.58797e-05, 8.36758e-05, 9.13152e-05]"
578,Container,119185.0,7,TAURANGA,0.0004261256,"[1.0, 1.0, 1.0, 1.0, 1.0, 1.0]","[0.32012994, 0.49011859, 0.51367822, 0.59659609, 0.6481305, 0.69741085]","[0.00013195, 0.00012209, 0.00012209, 0.0001346, 0.0001346, 0.0001346]","[4.22418e-05, 5.98397e-05, 6.27162e-05, 8.0299e-05, 8.72353e-05, 9.38682e-05]"
580,Container,110387.0,7,TAURANGA,0.0004279578,"[1.0, 1.0, 1.0, 1.0, 1.0, 1.0]","[0.45908922, 0.47896953, 0.50314593, 0.56255764, 0.60806358, 0.70220363]","[0.00012209, 0.00012209, 0.00012209, 0.0001346, 0.0001346, 0.0001346]","[5.60513e-05, 5.84785e-05, 6.14303e-05, 7.57176e-05, 8.18425e-05, 9.45133e-05]"
581,Container,110387.0,7,TAURANGA,0.0004336736,"[1.0, 1.0, 1.0, 1.0, 1.0, 1.0]","[0.46991507, 0.48880204, 0.51861124, 0.57149084, 0.62906992, 0.68197871]","[0.00012209, 0.00012209, 0.00012209, 0.0001346, 0.0001346, 0.0001346]","[5.7373e-05, 5.9679e-05, 6.33185e-05, 7.692e-05, 8.46699e-05, 9.17911e-05]"
582,Container,110387.0,7,TAURANGA,0.0004053155,"[1.0, 1.0, 1.0, 1.0, 1.0, 1.0]","[0.30655541, 0.47467781, 0.50979703, 0.55844563, 0.61199798, 0.64786463]","[0.00013195, 0.00012209, 0.00012209, 0.0001346, 0.0001346, 0.0001346]","[4.04506e-05, 5.79545e-05, 6.22423e-05, 7.51642e-05, 8.23721e-05, 8.71995e-05]"
583,Container,110387.0,7,TAURANGA,0.0003915636,"[1.0, 1.0, 1.0, 1.0, 1.0, 1.0]","[0.29112546, 0.33188948, 0.51455227, 0.56713942, 0.60780042, 0.6571847]","[0.00013195, 0.00013195, 0.00012209, 0.0001346, 0.0001346, 0.0001346]","[3.84146e-05, 4.37935e-05, 6.28229e-05, 7.63343e-05, 8.18071e-05, 8.8454e-05]"
585,Container,33937.0,7,AUCKLAND,0.0002909736,"[1.0, 1.0, 1.0, 1.0, 1.0, 0.999998]","[0.26955923, 0.29476557, 0.31408499, 0.42190267, 0.45387804, 0.54467629]","[0.00011063, 0.00011063, 0.00011063, 0.00013992, 0.00013992, 0.00013088]","[2.98213e-05, 3.26099e-05, 3.47472e-05, 5.90346e-05, 6.35087e-05, 7.12864e-05]"
589,Container,69193.0,7,AUCKLAND,0.0003487139,"[1.0, 1.0, 1.0, 1.0, 1.0, 1.0]","[0.38911531, 0.44469847, 0.47561455, 0.49408993, 0.57746427, 0.6128772]","[0.00011623, 9.871e-05, 0.00013195, 0.00013195, 0.00011063, 0.00011063]","[4.52261e-05, 4.38962e-05, 6.27583e-05, 6.51962e-05, 6.38849e-05, 6.78026e-05]"
597,Container,71621.0,7,TAURANGA,0.0003452367,"[1.0, 1.0, 1.0, 1.0, 1.0, 0.999965]","[0.24978212, 0.37762904, 0.43192422, 0.51507906, 0.53755476, 0.73524678]","[0.00012209, 0.00013195, 0.00011623, 0.00011063, 0.00011063, 0.00013371]","[3.04965e-05, 4.9829e-05, 5.02017e-05, 5.69832e-05, 5.94697e-05, 9.83051e-05]"
599,Container,50985.0,7,NAPIER,0.000287681,"[1.0, 1.0, 1.0, 1.0, 1.0, 0.999996]","[0.38241667, 0.41691295, 0.43742491, 0.47634905, 0.50812684, 0.64566401]","[0.00010536, 0.00010536, 0.00010536, 8.967e-05, 9.156e-05, 0.00010558]","[4.02932e-05, 4.39279e-05, 4.60891e-05, 4.27119e-05, 4.65228e-05, 6.81704e-05]"
600,Container,50985.0,7,AUCKLAND,0.0003621366,"[1.0, 1.0, 1.0, 1.0, 1.0, 0.999965]","[0.38589307, 0.41569324, 0.4560987, 0.47630803, 0.50145865, 0.66005352]","[0.00013195, 0.00013195, 0.00011623, 0.00011623, 0.00011924, 0.00013371]","[5.09194e-05, 5.48516e-05, 5.30115e-05, 5.53604e-05, 5.97964e-05, 8.82515e-05]"
601,Container,50985.0,7,AUCKLAND,0.0003383428,"[1.0, 1.0, 1.0, 1.0, 1.0, 0.999965]","[0.36969423, 0.38380927, 0.41489613, 0.4404808, 0.46986752, 0.62463195]","[0.00013195, 0.00013195, 0.00011623, 0.00011623, 0.00011924, 0.00013371]","[4.87819e-05, 5.06444e-05, 4.82226e-05, 5.11962e-05, 5.60293e-05, 8.35156e-05]"
602,Container,50985.0,7,AUCKLAND,0.0002869615,"[1.0, 1.0, 1.0, 1.0, 1.0, 1.0]","[0.31626682, 0.33512221, 0.36142811, 0.38282579, 0.4446971, 0.47066469]","[0.00011623, 0.00013195, 0.00013195, 0.00013195, 0.00011623, 0.00011924]","[3.67591e-05, 4.42201e-05, 4.76912e-05, 5.05147e-05, 5.16863e-05, 5.61244e-05]"
603,Container,50985.0,7,AUCKLAND,0.0003728685,"[1.0, 1.0, 1.0, 1.0, 1.0, 1.0]","[0.43439219, 0.4600948, 0.47729851, 0.52657594, 0.54089482, 0.56896614]","[0.00013195, 0.00013195, 0.00013195, 0.00011623, 0.00011623, 0.00011924]","[5.7319e-05, 6.07105e-05, 6.29805e-05, 6.12029e-05, 6.28672e-05, 6.78463e-05]"
604,Container,50985.0,7,AUCKLAND,0.0003638772,"[1.0, 1.0, 1.0, 1.0, 1.0, 0.999965]","[0.36494145, 0.42630853, 0.45453818, 0.48900553, 0.51801395, 0.66357215]","[0.00011063, 0.00013195, 0.00013195, 0.00011623, 0.00011924, 0.00013371]","[4.03735e-05, 5.62523e-05, 5.99773e-05, 5.68362e-05, 6.17705e-05, 8.8722e-05]"
605,Container,50985.0,7,AUCKLAND,0.0003467752,"[1.0, 1.0, 1.0, 1.0, 1.0, 1.0]","[0.39977605, 0.42834149, 0.44878937, 0.48844225, 0.50409659, 0.52810542]","[0.00013195, 0.00013195, 0.00013195, 0.00011623, 0.00011623, 0.00011924]","[5.27513e-05, 5.65206e-05, 5.92187e-05, 5.67707e-05, 5.85902e-05, 6.29739e-05]"
606,Container,50985.0,7,AUCKLAND,0.0003468727,"[1.0, 1.0, 1.0, 1.0, 1.0, 1.0]","[0.39736342, 0.42065309, 0.45159389, 0.47293406, 0.50969504, 0.53669015]","[0.00011623, 0.00013195, 0.00013195, 0.00013195, 0.00011623, 0.00011924]","[4.61848e-05, 5.55061e-05, 5.95888e-05, 6.24046e-05, 5.92409e-05, 6.39976e-05]"
653,RoRo,9491.0,7,AUCKLAND,0.0002609859,"[1.0, 1.0, 1.0, 1.0, 1.0, 0.999965]","[0.15229914, 0.20111048, 0.25588271, 0.32188679, 0.38907392, 0.64921681]","[0.00013195, 0.00013195, 0.00013195, 0.00013195, 0.00013195, 0.00013371]","[2.00962e-05, 2.6537e-05, 3.37643e-05, 4.24736e-05, 5.13391e-05, 8.68026e-05]"
654,RoRo,9491.0,7,AUCKLAND,0.0002541322,"[0.999998, 0.999965, 1.0, 1.0, 1.0, 0.999913]","[0.11798478, 0.15725552, 0.25101163, 0.31519378, 0.3787619, 0.6956002]","[0.00013088, 0.00013371, 0.00013195, 0.00013195, 0.00013195, 0.00013371]","[1.54417e-05, 2.10256e-05, 3.31215e-05, 4.15905e-05, 4.99784e-05, 9.29994e-05]"
656,RoRo,9491.0,5,AUCKLAND,0.0002359506,"[1.0, 1.0, 1.0, 1.0]","[0.30356901, 0.38803966, 0.50476243, 0.59193691]","[0.00013195, 0.00013195, 0.00013195, 0.00013195]","[4.00566e-05, 5.12027e-05, 6.66045e-05, 7.81073e-05]"
657,RoRo,9491.0,5,AUCKLAND,0.0002424732,"[1.0, 1.0, 1.0, 1.0]","[0.3328895, 0.40949783, 0.50279874, 0.59256371]","[0.00013195, 0.00013195, 0.00013195, 0.00013195]","[4.39255e-05, 5.40341e-05, 6.63454e-05, 7.819e-05]"
658,RoRo,9491.0,5,AUCKLAND,0.0002266319,"[1.0, 1.0, 1.0, 1.0]","[0.22351534, 0.40154146, 0.50258998, 0.59002608]","[0.00013195, 0.00013195, 0.00013195, 0.00013195]","[2.94933e-05, 5.29842e-05, 6.63178e-05, 7.78552e-05]"
660,RoRo,9491.0,7,AUCKLAND,0.0002882193,"[1.0, 1.0, 1.0, 1.0, 1.0, 1.0]","[0.1916612, 0.24185266, 0.31578666, 0.39355132, 0.50334163, 0.58999166]","[0.00011623, 0.00011623, 0.00013195, 0.00013195, 0.00013195, 0.00013195]","[2.22764e-05, 2.81101e-05, 4.16687e-05, 5.19299e-05, 6.6417e-05, 7.78506e-05]"
662,RoRo,16837.0,7,AUCKLAND,0.0004187853,"[1.0, 1.0, 1.0, 0.999965, 0.999913, 0.999998]","[0.27534021, 0.34354367, 0.43171435, 0.59432717, 0.74267025, 0.83889616]","[0.00013195, 0.00013195, 0.00011267, 0.00013371, 0.00013371, 0.00013088]","[3.63317e-05, 4.53313e-05, 4.86433e-05, 7.94637e-05, 9.92925e-05, 0.0001097934]"
664,RoRo,16837.0,6,AUCKLAND,0.0003634776,"[1.0, 1.0, 1.0, 1.0, 1.0]","[0.3968436, 0.47949095, 0.57112214, 0.65332023, 0.76616963]","[0.00013195, 0.00013195, 0.00013195, 0.00013195, 0.00011267]","[5.23644e-05, 6.32698e-05, 7.53608e-05, 8.6207e-05, 8.6328e-05]"
665,RoRo,16837.0,5,AUCKLAND,0.0003095117,"[1.0, 1.0, 1.0, 1.0]","[0.47093198, 0.56600904, 0.65518091, 0.76563988]","[0.00013195, 0.00013195, 0.00013195, 0.00011267]","[6.21405e-05, 7.46861e-05, 8.64525e-05, 8.62683e-05]"
666,RoRo,16837.0,6,AUCKLAND,0.0003623712,"[1.0, 1.0, 1.0, 1.0, 1.0]","[0.38637743, 0.47647667, 0.56745433, 0.65946979, 0.76922763]","[0.00013195, 0.00013195, 0.00013195, 0.00013195, 0.00011267]","[5.09833e-05, 6.28721e-05, 7.48768e-05, 8.70184e-05, 8.66726e-05]"
668,RoRo,16837.0,7,AUCKLAND,0.0004173003,"[1.0, 1.0, 1.0, 0.999965, 0.999913, 0.999998]","[0.28206344, 0.34681823, 0.45098331, 0.6013684, 0.70216104, 0.83506697]","[0.00013195, 0.00013195, 0.00011267, 0.00013371, 0.00013371, 0.00013088]","[3.72189e-05, 4.57634e-05, 5.08145e-05, 8.04051e-05, 9.38766e-05, 0.0001092923]"
669,RoRo,16837.0,7,AUCKLAND,0.0003228422,"[1.0, 1.0, 1.0, 0.999965, 0.999913, 0.999998]","[0.17781288, 0.22448381, 0.28496159, 0.40281668, 0.55196444, 0.84075777]","[0.00013195, 0.00013195, 0.00011267, 0.00013371, 0.00013371, 0.00013088]","[2.34628e-05, 2.96211e-05, 3.2108e-05, 5.3858e-05, 7.37958e-05, 0.0001100371]"
670,RoRo,16837.0,6,AUCKLAND,0.000363126,"[1.0, 1.0, 1.0, 1.0, 1.0]","[0.38414382, 0.47185677, 0.57551931, 0.66468577, 0.76840115]","[0.00013195, 0.00013195, 0.00013195, 0.00013195, 0.00011267]","[5.06886e-05, 6.22625e-05, 7.5941e-05, 8.77067e-05, 8.65795e-05]"
671,RoRo,16837.0,6,AUCKLAND,0.000342722,"[0.999913, 1.0, 1.0, 1.0, 1.0]","[0.29882773, 0.44534523, 0.5230658, 0.61761803, 0.70886275]","[0.00013371, 0.00013195, 0.00013195, 0.00013195, 0.00013195]","[3.99523e-05, 5.87642e-05, 6.90196e-05, 8.1496e-05, 9.35359e-05]"
673,RoRo,16837.0,7,AUCKLAND,0.0004250199,"[1.0, 1.0, 1.0, 0.999965, 0.999913, 0.999998]","[0.29085492, 0.35725089, 0.45483196, 0.61618946, 0.72299789, 0.83494868]","[0.00013195, 0.00013195, 0.00011267, 0.00013371, 0.00013371, 0.00013088]","[3.83789e-05, 4.714e-05, 5.12481e-05, 8.23868e-05, 9.66624e-05, 0.0001092768]"
674,RoRo,16837.0,6,AUCKLAND,0.0003509691,"[1.0, 1.0, 1.0, 1.0, 1.0]","[0.36257089, 0.45494442, 0.54380745, 0.64317358, 0.76787626]","[0.00013195, 0.00013195, 0.00013195, 0.00013195, 0.00011267]","[4.7842e-05, 6.00309e-05, 7.17565e-05, 8.48681e-05, 8.65203e-05]"
675,RoRo,16837.0,5,AUCKLAND,0.0003109471,"[1.0, 1.0, 1.0, 1.0]","[0.47314236, 0.56525761, 0.66304823, 0.76746043]","[0.00013195, 0.00013195, 0.00013195, 0.00011267]","[6.24321e-05, 7.45869e-05, 8.74906e-05, 8.64735e-05]"
677,Container,22968.0,6,TAURANGA,0.0002115116,"[1.0, 1.0, 1.0, 0.999948, 0.999921]","[0.24286222, 0.27217601, 0.30017336, 0.45789166, 0.4924454]","[0.0001061, 0.00013195, 0.00013195, 0.00011601, 0.00011601]","[2.57678e-05, 3.59142e-05, 3.96085e-05, 5.31159e-05, 5.71227e-05]"
696,Container,22968.0,6,TAURANGA,0.0002192768,"[0.999921, 0.999948, 1.0, 1.0, 0.999702]","[0.32623664, 0.3561589, 0.3934936, 0.42975896, 0.46746926]","[0.00011601, 0.00011601, 0.00010437, 0.00010437, 0.00011601]","[3.78428e-05, 4.13148e-05, 4.10698e-05, 4.48549e-05, 5.42136e-05]"
698,Container,22968.0,6,TAURANGA,0.0002222145,"[0.999921, 0.999948, 1.0, 1.0, 0.999702]","[0.33000971, 0.36397471, 0.40328752, 0.43226671, 0.47014145]","[0.00011601, 0.00011601, 0.00010437, 0.00010437, 0.00011601]","[3.82805e-05, 4.22215e-05, 4.2092e-05, 4.51167e-05, 5.45235e-05]"
700,Container,22968.0,6,TAURANGA,0.0002267107,"[0.999921, 0.999948, 1.0, 1.0, 0.999702]","[0.34007653, 0.3713268, 0.41013527, 0.44005643, 0.47832174]","[0.00011601, 0.00011601, 0.00010437, 0.00010437, 0.00011601]","[3.94482e-05, 4.30743e-05, 4.28067e-05, 4.59297e-05, 5.54722e-05]"
701,Container,22968.0,5,AUCKLAND,0.0002153031,"[0.999965, 0.999889, 0.999902, 0.999998]","[0.35915001, 0.39243596, 0.41637828, 0.45207598]","[0.00013371, 0.00013371, 0.00013371, 0.00013088]","[4.80197e-05, 5.24661e-05, 5.56678e-05, 5.9167e-05]"
702,Container,22968.0,6,TAURANGA,0.0002258465,"[0.999921, 0.999948, 1.0, 1.0, 0.999702]","[0.33943226, 0.36668168, 0.40459481, 0.43732498, 0.48360426]","[0.00011601, 0.00011601, 0.00010437, 0.00010437, 0.00011601]","[3.93735e-05, 4.25355e-05, 4.22285e-05, 4.56446e-05, 5.60849e-05]"
704,Container,22968.0,6,TAURANGA,0.0002238304,"[0.999921, 0.999948, 1.0, 1.0, 0.999702]","[0.31791958, 0.36388608, 0.40896256, 0.43758533, 0.48636462]","[0.00011601, 0.00011601, 0.00010437, 0.00010437, 0.00011601]","[3.6878e-05, 4.22112e-05, 4.26843e-05, 4.56718e-05, 5.6405e-05]"
705,Container,22968.0,5,AUCKLAND,0.0002198575,"[0.999965, 0.999889, 0.999902, 0.999998]","[0.35539225, 0.38762528, 0.43553572, 0.47606303]","[0.00013371, 0.00013371, 0.00013371, 0.00013088]","[4.75172e-05, 5.18229e-05, 5.8229e-05, 6.23064e-05]"
706,Container,22968.0,6,TAURANGA,0.0002291523,"[0.999921, 0.999948, 1.0, 1.0, 0.999702]","[0.33761349, 0.37333799, 0.41383654, 0.44685968, 0.49037738]","[0.00011601, 0.00011601, 0.00010437, 0.00010437, 0.00011601]","[3.91625e-05, 4.33076e-05, 4.31931e-05, 4.66398e-05, 5.68704e-05]"
707,Container,22968.0,5,AUCKLAND,0.0002204798,"[0.999965, 0.999889, 0.999902, 0.999998]","[0.3658596, 0.39864666, 0.42265802, 0.47202184]","[0.00013371, 0.00013371, 0.00013371, 0.00013088]","[4.89168e-05, 5.32964e-05, 5.65073e-05, 6.17775e-05]"
708,Container,22968.0,7,AUCKLAND,0.0002525542,"[0.999862, 0.999903, 1.0, 1.0, 0.999659, 0.999862]","[0.23711562, 0.32361161, 0.36945966, 0.39314908, 0.44243404, 0.48828143]","[0.00011601, 0.00011601, 0.00010437, 0.00010437, 0.00011601, 0.00011601]","[2.75033e-05, 3.75376e-05, 3.85613e-05, 4.10339e-05, 5.1308e-05, 5.66363e-05]"
709,Container,22968.0,6,TAURANGA,0.0002300392,"[0.999921, 0.999948, 1.0, 1.0, 0.999702]","[0.3277175, 0.36905322, 0.42815753, 0.45528383, 0.49174007]","[0.00011601, 0.00011601, 0.00010437, 0.00010437, 0.00011601]","[3.80146e-05, 4.28106e-05, 4.46878e-05, 4.7519e-05, 5.70284e-05]"
710,Container,22968.0,6,TAURANGA,0.000224315,"[0.999921, 0.999948, 1.0, 1.0, 0.999702]","[0.32770506, 0.36257266, 0.40852751, 0.44209692, 0.47840147]","[0.00011601, 0.00011601, 0.00010437, 0.00010437, 0.00011601]","[3.80131e-05, 4.20588e-05, 4.26389e-05, 4.61427e-05, 5.54815e-05]"
711,Container,22968.0,5,TAURANGA,0.0001855047,"[0.999921, 0.999948, 1.0, 1.0]","[0.36585698, 0.40182304, 0.44579779, 0.47846127]","[0.00011601, 0.00011601, 0.00010437, 0.00010437]","[4.24387e-05, 4.66119e-05, 4.65289e-05, 4.99381e-05]"
712,Container,22968.0,5,TAURANGA,0.0001854633,"[0.999921, 0.999948, 1.0, 0.999702]","[0.33548219, 0.36861347, 0.44710511, 0.49266705]","[0.00011601, 0.00011601, 0.00010437, 0.00011601]","[3.89153e-05, 4.27596e-05, 4.66654e-05, 5.71359e-05]"
713,Container,22968.0,5,TAURANGA,0.0001798299,"[0.999921, 0.999948, 1.0, 1.0]","[0.35108427, 0.3827559, 0.43353344, 0.47395716]","[0.00011601, 0.00011601, 0.00010437, 0.00010437]","[4.07251e-05, 4.44001e-05, 4.52489e-05, 4.9468e-05]"
715,Container,22968.0,7,TAURANGA,0.0002475154,"[0.999921, 0.999948, 0.999921, 1.0, 1.0, 0.999702]","[0.26355961, 0.29260131, 0.3532106, 0.39602242, 0.4369701, 0.47522669]","[0.00011601, 0.00011601, 0.00011601, 0.00010437, 0.00010437, 0.00011601]","[3.05724e-05, 3.39421e-05, 4.09717e-05, 4.13338e-05, 4.56076e-05, 5.51133e-05]"
717,Container,22968.0,5,TAURANGA,0.0001858249,"[0.999921, 0.999948, 1.0, 0.999702]","[0.34332863, 0.38155326, 0.43275739, 0.48790722]","[0.00011601, 0.00011601, 0.00010437, 0.00011601]","[3.98254e-05, 4.42606e-05, 4.51679e-05, 5.65839e-05]"
718,Container,22968.0,5,TAURANGA,0.0001700285,"[0.999921, 0.999948, 1.0, 1.0]","[0.3200308, 0.36777719, 0.41094807, 0.45378201]","[0.00011601, 0.00011601, 0.00010437, 0.00010437]","[3.71229e-05, 4.26626e-05, 4.28916e-05, 4.73623e-05]"
719,General Cargo,13462.0,7,TIMARU,0.0002631178,"[1.0, 1.0, 1.0, 0.999996, 1.0, 1.0]","[0.12277656, 0.18825942, 0.2360684, 0.34731033, 0.54301374, 0.77395096]","[7.916e-05, 8.776e-05, 8.776e-05, 0.00014047, 0.00012132, 0.00013117]","[9.7188e-06, 1.65215e-05, 2.07172e-05, 4.87872e-05, 6.5881e-05, 0.0001015178]"
723,Container,8244.0,5,AUCKLAND,7.82836e-05,"[1.0, 1.0, 1.0, 1.0]","[0.11198995, 0.13595398, 0.17497354, 0.19735842]","[0.00011924, 0.00011623, 0.00013195, 0.00013195]","[1.33542e-05, 1.58017e-05, 2.30881e-05, 2.60419e-05]"
728,Container,33836.0,5,AUCKLAND,0.0002091306,"[0.999965, 1.0, 1.0, 0.999965]","[0.29458012, 0.40199893, 0.44347221, 0.5664424]","[0.00013371, 0.00011063, 0.00011174, 0.00013371]","[3.93864e-05, 4.44731e-05, 4.95516e-05, 7.57354e-05]"
732,Container,61609.0,6,TAURANGA,0.0002334731,"[1.0, 1.0, 1.0, 1.0, 1.0]","[0.24340205, 0.30261155, 0.32825239, 0.5512694, 0.57345152]","[0.00011482, 0.00011482, 0.00012209, 0.00011623, 0.00011623]","[2.79473e-05, 3.47457e-05, 4.00771e-05, 6.4073e-05, 6.66512e-05]"
735,Container,61636.0,7,AUCKLAND,0.000390482,"[1.0, 1.0, 1.0, 1.0, 1.0, 0.999965]","[0.38235729, 0.40240015, 0.48795205, 0.54297176, 0.56529083, 0.70152986]","[0.00013195, 0.00013195, 0.00013195, 0.00011623, 0.00011623, 0.00013371]","[5.04529e-05, 5.30976e-05, 6.43863e-05, 6.31086e-05, 6.57027e-05, 9.37971e-05]"
736,Container,61636.0,7,AUCKLAND,0.0003836548,"[1.0, 1.0, 1.0, 1.0, 1.0, 0.999965]","[0.36568985, 0.38270372, 0.45633464, 0.5421214, 0.56516993, 0.71838464]","[0.00013195, 0.00013195, 0.00013195, 0.00011623, 0.00011623, 0.00013371]","[4.82535e-05, 5.04986e-05, 6.02143e-05, 6.30097e-05, 6.56886e-05, 9.60506e-05]"
737,Container,61636.0,7,AUCKLAND,0.0002982714,"[1.0, 1.0, 1.0, 1.0, 1.0, 0.999965]","[0.28856064, 0.30511087, 0.3741324, 0.40343903, 0.4205774, 0.55967437]","[0.00013195, 0.00013195, 0.00013195, 0.00011623, 0.00011623, 0.00013371]","[3.80762e-05, 4.026e-05, 4.93676e-05, 4.68909e-05, 4.88829e-05, 7.48305e-05]"
738,Container,61636.0,7,AUCKLAND,0.0002874933,"[1.0, 1.0, 1.0, 1.0, 1.0, 0.999965]","[0.28271859, 0.33465162, 0.3609549, 0.38085268, 0.4503474, 0.53897641]","[0.00013195, 0.00013195, 0.00011623, 0.00011623, 0.0001061, 0.00013371]","[3.73053e-05, 4.4158e-05, 4.19531e-05, 4.42658e-05, 4.77821e-05, 7.20631e-05]"
739,Container,61636.0,6,AUCKLAND,0.000303211,"[1.0, 1.0, 1.0, 1.0, 0.999965]","[0.36757608, 0.38473406, 0.43829625, 0.4841938, 0.67213786]","[0.00013195, 0.00013195, 0.00013195, 0.00011623, 0.00013371]","[4.85024e-05, 5.07665e-05, 5.78341e-05, 5.62769e-05, 8.98673e-05]"
742,Bulker,31939.0,5,AUCKLAND,0.000266641,"[1.0, 1.0, 1.0, 1.0]","[0.26748504, 0.44262374, 0.61141165, 0.69941504]","[0.00013195, 0.00013195, 0.00013195, 0.00013195]","[3.52952e-05, 5.84051e-05, 8.06771e-05, 9.22893e-05]"
743,Bulker,31939.0,5,WELLINGTON,0.0001625203,"[1.0, 1.0, 1.0, 1.0]","[0.23733055, 0.38608009, 0.46155725, 0.60906663]","[0.00010536, 0.00010536, 0.00010536, 7.916e-05]","[2.50063e-05, 4.06792e-05, 4.86318e-05, 4.82127e-05]"
747,Bulker,31939.0,5,WELLINGTON,0.0002253914,"[1.0, 1.0, 1.0, 1.0]","[0.20278053, 0.4495978, 0.60782042, 0.67807145]","[0.00010863, 0.00010536, 0.00012132, 0.00012132]","[2.20272e-05, 4.73717e-05, 7.37436e-05, 8.22668e-05]"
750,Bulker,31939.0,5,WELLINGTON,0.0001835,"[1.0, 1.0, 1.0, 1.0]","[0.18975258, 0.40030733, 0.63656744, 0.69877421]","[0.00012132, 0.00012132, 8.382e-05, 8.382e-05]","[2.30217e-05, 4.85672e-05, 5.33547e-05, 5.85687e-05]"
752,Container,18409.0,7,NELSON,0.0001849168,"[0.999933, 0.999847, 0.999986, 0.999936, 0.999998, 0.999998]","[0.18442868, 0.26460605, 0.2959761, 0.33129023, 0.37677975, 0.42477436]","[0.00014047, 0.00010558, 0.00010558, 8.814e-05, 8.814e-05, 8.814e-05]","[2.59054e-05, 2.79334e-05, 3.12494e-05, 2.91969e-05, 3.32079e-05, 3.7438e-05]"
755,Container,53327.0,7,AUCKLAND,0.00037186,"[1.0, 1.0, 1.0, 1.0, 0.999965, 0.999902]","[0.34292985, 0.40555903, 0.43756207, 0.49792483, 0.64358007, 0.69005706]","[0.00013195, 0.00011063, 0.00011063, 0.00011063, 0.00013371, 0.00013371]","[4.52503e-05, 4.4867e-05, 4.84075e-05, 5.50854e-05, 8.6049e-05, 9.22573e-05]"
756,Container,53327.0,7,AUCKLAND,0.0003584862,"[1.0, 1.0, 1.0, 1.0, 0.999965, 0.999902]","[0.36293082, 0.39454597, 0.44105884, 0.45955829, 0.63190776, 0.6777754]","[0.00011063, 0.00011063, 0.00011063, 0.00011063, 0.00013371, 0.00013371]","[4.0151e-05, 4.36486e-05, 4.87943e-05, 5.08409e-05, 8.44884e-05, 9.06153e-05]"
757,Container,53327.0,7,AUCKLAND,0.0003426366,"[1.0, 1.0, 1.0, 1.0, 0.999965, 0.999902]","[0.3437818, 0.39579835, 0.41255498, 0.43888597, 0.55521541, 0.6877607]","[0.00011063, 0.00011063, 0.00011063, 0.00011174, 0.00013371, 0.00013371]","[3.80326e-05, 4.37872e-05, 4.56409e-05, 4.90392e-05, 7.42343e-05, 9.19503e-05]"
758,Container,53327.0,7,AUCKLAND,0.0003079987,"[1.0, 1.0, 1.0, 1.0, 1.0, 0.999965]","[0.28944626, 0.36232771, 0.43509903, 0.45299185, 0.48342703, 0.6257594]","[0.00011063, 0.00011063, 0.00011063, 0.00011063, 0.00011174, 0.00013371]","[3.20214e-05, 4.00843e-05, 4.8135e-05, 5.01145e-05, 5.4016e-05, 8.36663e-05]"
759,Container,53327.0,7,AUCKLAND,0.0003600893,"[1.0, 1.0, 1.0, 1.0, 0.999965, 0.999902]","[0.34688731, 0.4249383, 0.44353765, 0.48387727, 0.61027484, 0.67335609]","[0.00011063, 0.00011063, 0.00011063, 0.00011174, 0.00013371, 0.00013371]","[3.83761e-05, 4.70109e-05, 4.90686e-05, 5.40663e-05, 8.1596e-05, 9.00244e-05]"
760,Container,53327.0,7,AUCKLAND,0.0003181179,"[1.0, 1.0, 1.0, 1.0, 0.999965, 0.999902]","[0.27696136, 0.31154917, 0.35224742, 0.45445984, 0.5765821, 0.64859985]","[0.00011063, 0.00011063, 0.00011063, 0.00011063, 0.00013371, 0.00013371]","[3.06402e-05, 3.44667e-05, 3.89691e-05, 5.02769e-05, 7.70911e-05, 8.67146e-05]"
761,Container,53327.0,7,AUCKLAND,0.0003379484,"[0.999965, 1.0, 1.0, 1.0, 1.0, 0.999998]","[0.31167366, 0.39902094, 0.41429174, 0.43477575, 0.48648437, 0.66525757]","[0.00013371, 0.00011623, 0.00011623, 0.00011623, 0.00013195, 0.00013088]","[4.16719e-05, 4.63774e-05, 4.81523e-05, 5.05331e-05, 6.41926e-05, 8.70679e-05]"
765,Container,38004.0,5,NELSON,0.0001874313,"[1.0, 1.0, 1.0, 1.0]","[0.42566562, 0.44869469, 0.47699421, 0.56552104]","[8.382e-05, 8.382e-05, 8.382e-05, 0.00013117]","[3.56777e-05, 3.76079e-05, 3.99799e-05, 7.41784e-05]"
767,Container,38004.0,5,AUCKLAND,0.0001870093,"[0.999965, 1.0, 1.0, 0.999965]","[0.24891472, 0.31571463, 0.42021282, 0.54093863]","[0.00013371, 0.00011063, 0.00011063, 0.00013371]","[3.32808e-05, 3.49275e-05, 4.64881e-05, 7.23255e-05]"
769,Container,38004.0,6,AUCKLAND,0.0002618428,"[1.0, 1.0, 1.0, 0.999965, 0.999902]","[0.30629617, 0.3291817, 0.36446808, 0.52293449, 0.60528888]","[0.00011063, 0.00011063, 0.00011174, 0.00013371, 0.00013371]","[3.38855e-05, 3.64174e-05, 4.0724e-05, 6.99182e-05, 8.09242e-05]"
772,Container,36307.0,7,AUCKLAND,0.0003165215,"[1.0, 1.0, 1.0, 1.0, 0.999902, 0.999998]","[0.30601401, 0.32339548, 0.35044549, 0.37095401, 0.52997872, 0.59109537]","[0.00011623, 0.00011623, 0.00013195, 0.00013195, 0.00013371, 0.00013088]","[3.55674e-05, 3.75876e-05, 4.6242e-05, 4.89482e-05, 7.08556e-05, 7.73616e-05]"
773,Container,36307.0,7,AUCKLAND,0.0003006947,"[1.0, 1.0, 1.0, 1.0, 1.0, 0.999902]","[0.27726718, 0.29345963, 0.35863592, 0.38874081, 0.42407585, 0.59704095]","[0.00011623, 0.00011623, 0.00013195, 0.00013195, 0.00013195, 0.00013371]","[3.22262e-05, 3.41082e-05, 4.73228e-05, 5.12952e-05, 5.59577e-05, 7.98215e-05]"
777,Container,109657.0,7,TAURANGA,0.0004219235,"[1.0, 1.0, 1.0, 1.0, 1.0, 1.0]","[0.45856797, 0.47560963, 0.50122309, 0.55676857, 0.60769259, 0.66878038]","[0.00012209, 0.00012209, 0.00012209, 0.0001346, 0.0001346, 0.0001346]","[5.59876e-05, 5.80683e-05, 6.11955e-05, 7.49384e-05, 8.17926e-05, 9.00147e-05]"
778,Container,109657.0,7,TAURANGA,0.0004303919,"[1.0, 1.0, 1.0, 1.0, 1.0, 1.0]","[0.47219196, 0.4863459, 0.51655229, 0.565781, 0.62416153, 0.67023657]","[0.00012209, 0.00012209, 0.00012209, 0.0001346, 0.0001346, 0.0001346]","[5.7651e-05, 5.93791e-05, 6.30671e-05, 7.61515e-05, 8.40092e-05, 9.02107e-05]"
779,Container,109657.0,7,TAURANGA,0.0004406987,"[1.0, 1.0, 1.0, 1.0, 1.0, 1.0]","[0.47672013, 0.49853697, 0.5334067, 0.58083948, 0.64127389, 0.68421514]","[0.00012209, 0.00012209, 0.00012209, 0.0001346, 0.0001346, 0.0001346]","[5.82039e-05, 6.08675e-05, 6.51249e-05, 7.81783e-05, 8.63125e-05, 9.20922e-05]"
780,Container,109657.0,7,TAURANGA,0.0004126039,"[1.0, 1.0, 1.0, 1.0, 1.0, 1.0]","[0.30726885, 0.34911814, 0.54305271, 0.5990454, 0.63706279, 0.69382104]","[0.00013195, 0.00013195, 0.00012209, 0.0001346, 0.0001346, 0.0001346]","[4.05448e-05, 4.60669e-05, 6.63026e-05, 8.06287e-05, 8.57457e-05, 9.33851e-05]"
787,Container,69107.0,7,AUCKLAND,0.0003740937,"[1.0, 1.0, 1.0, 1.0, 1.0, 0.999965]","[0.42027166, 0.44240129, 0.47822999, 0.50511814, 0.5240513, 0.73806707]","[0.00011623, 0.00011623, 0.00011623, 0.00011623, 0.00011623, 0.00013371]","[4.88474e-05, 5.14194e-05, 5.55837e-05, 5.87089e-05, 6.09095e-05, 9.86822e-05]"
788,Container,69107.0,7,AUCKLAND,0.0003941286,"[1.0, 1.0, 1.0, 1.0, 1.0, 0.999965]","[0.39111053, 0.46054728, 0.48971052, 0.52621686, 0.54305666, 0.69494639]","[0.00013195, 0.00013195, 0.00013195, 0.00011623, 0.00011623, 0.00013371]","[5.16079e-05, 6.07702e-05, 6.46183e-05, 6.11612e-05, 6.31184e-05, 9.29168e-05]"
789,Container,69107.0,7,AUCKLAND,0.0003942677,"[1.0, 1.0, 1.0, 1.0, 1.0, 0.999965]","[0.39463115, 0.44919847, 0.47872829, 0.51591146, 0.53590564, 0.72972521]","[0.00013195, 0.00013195, 0.00013195, 0.00011623, 0.00011623, 0.00013371]","[5.20724e-05, 5.92727e-05, 6.31692e-05, 5.99634e-05, 6.22873e-05, 9.75669e-05]"
790,Container,69107.0,7,AUCKLAND,0.0004136384,"[1.0, 1.0, 1.0, 1.0, 1.0, 0.999965]","[0.43410583, 0.46925868, 0.50444948, 0.54932627, 0.56777488, 0.73376198]","[0.00013195, 0.00013195, 0.00013195, 0.00011623, 0.00011623, 0.00013371]","[5.72812e-05, 6.19197e-05, 6.65632e-05, 6.38471e-05, 6.59914e-05, 9.81066e-05]"
791,Container,69107.0,7,AUCKLAND,0.0004125123,"[1.0, 1.0, 1.0, 1.0, 1.0, 0.999965]","[0.42696914, 0.46127716, 0.50074447, 0.54649363, 0.57428441, 0.74071655]","[0.00013195, 0.00013195, 0.00013195, 0.00011623, 0.00011623, 0.00013371]","[5.63395e-05, 6.08665e-05, 6.60743e-05, 6.35179e-05, 6.6748e-05, 9.90365e-05]"
792,Container,69107.0,7,AUCKLAND,0.0003920703,"[1.0, 1.0, 1.0, 1.0, 1.0, 0.999965]","[0.40948258, 0.44372905, 0.47469426, 0.51363728, 0.53378644, 0.71182685]","[0.00013195, 0.00013195, 0.00013195, 0.00011623, 0.00011623, 0.00013371]","[5.40321e-05, 5.8551e-05, 6.26369e-05, 5.96991e-05, 6.2041e-05, 9.51738e-05]"
793,Container,69107.0,7,AUCKLAND,0.0003770872,"[1.0, 1.0, 1.0, 1.0, 1.0, 0.999965]","[0.37695641, 0.40734309, 0.45040277, 0.48523163, 0.50391817, 0.74236648]","[0.00013195, 0.00013195, 0.00013195, 0.00011623, 0.00011623, 0.00013371]","[4.97402e-05, 5.37498e-05, 5.94316e-05, 5.63975e-05, 5.85694e-05, 9.92571e-05]"
794,Container,69107.0,7,AUCKLAND,0.0004159288,"[1.0, 1.0, 1.0, 1.0, 1.0, 0.999965]","[0.43217975, 0.47821744, 0.51010698, 0.55018488, 0.56881096, 0.73672746]","[0.00013195, 0.00013195, 0.00013195, 0.00011623, 0.00011623, 0.00013371]","[5.7027e-05, 6.31018e-05, 6.73097e-05, 6.39469e-05, 6.61118e-05, 9.85031e-05]"
795,Container,69107.0,7,AUCKLAND,0.0004151817,"[1.0, 1.0, 1.0, 1.0, 1.0, 0.999965]","[0.4303431, 0.46321539, 0.51046394, 0.55153628, 0.57249205, 0.74302872]","[0.00013195, 0.00013195, 0.00013195, 0.00011623, 0.00011623, 0.00013371]","[5.67847e-05, 6.11222e-05, 6.73568e-05, 6.4104e-05, 6.65396e-05, 9.93456e-05]"
796,Container,69107.0,7,AUCKLAND,0.0004198975,"[1.0, 1.0, 1.0, 1.0, 1.0, 0.999965]","[0.42974462, 0.46613886, 0.52211679, 0.56474263, 0.58676345, 0.74063014]","[0.00013195, 0.00013195, 0.00013195, 0.00011623, 0.00011623, 0.00013371]","[5.67057e-05, 6.1508e-05, 6.88944e-05, 6.56389e-05, 6.81984e-05, 9.90249e-05]"
797,Container,69107.0,7,AUCKLAND,0.0004172916,"[1.0, 1.0, 1.0, 1.0, 1.0, 0.999965]","[0.43882567, 0.47647248, 0.51324454, 0.55577853, 0.57723411, 0.72680608]","[0.00013195, 0.00013195, 0.00013195, 0.00011623, 0.00011623, 0.00013371]","[5.7904e-05, 6.28716e-05, 6.77237e-05, 6.45971e-05, 6.70908e-05, 9.71766e-05]"
798,Container,69107.0,7,AUCKLAND,0.0004071038,"[1.0, 1.0, 1.0, 1.0, 1.0, 0.999965]","[0.41407846, 0.44606362, 0.50522625, 0.54351102, 0.5637265, 0.73533514]","[0.00013195, 0.00013195, 0.00013195, 0.00011623, 0.00011623, 0.00013371]","[5.46385e-05, 5.8859e-05, 6.66657e-05, 6.31712e-05, 6.55208e-05, 9.8317e-05]"
799,Container,69107.0,7,AUCKLAND,0.0003900164,"[1.0, 1.0, 1.0, 1.0, 1.0, 0.999965]","[0.38113129, 0.42047634, 0.47309979, 0.52531891, 0.54312593, 0.73068664]","[0.00013195, 0.00013195, 0.00013195, 0.00011623, 0.00011623, 0.00013371]","[5.02911e-05, 5.54827e-05, 6.24265e-05, 6.10568e-05, 6.31265e-05, 9.76955e-05]"
804,General Cargo,32474.0,5,AUCKLAND,0.0002721702,"[1.0, 1.0, 1.0, 1.0]","[0.29278484, 0.36745966, 0.66119158, 0.71064383]","[0.00013992, 0.00013665, 0.00013195, 0.00013195]","[4.09678e-05, 5.02125e-05, 8.72456e-05, 9.3771e-05]"
808,Bulker,32537.0,7,WELLINGTON,0.0002466696,"[1.0, 1.0, 1.0, 1.0, 1.0, 1.0]","[0.03679677, 0.08933511, 0.1996388, 0.35108816, 0.48461758, 0.88876254]","[0.00010536, 0.00010536, 0.00010536, 0.00010536, 0.00012132, 0.00013117]","[3.8771e-06, 9.4128e-06, 2.10349e-05, 3.69923e-05, 5.87961e-05, 0.0001165774]"
811,Bulker,32537.0,5,TAURANGA,0.0002142609,"[1.0, 1.0, 1.0, 1.0]","[0.17016771, 0.46096712, 0.60552451, 0.69826365]","[0.00011063, 0.00010943, 0.00011063, 0.00011174]","[1.88256e-05, 5.04414e-05, 6.69892e-05, 7.80209e-05]"
814,Container,41028.0,7,TAURANGA,0.0002600224,"[1.0, 1.0, 1.0, 1.0, 1.0, 1.0]","[0.28241094, 0.29772496, 0.34428938, 0.38187237, 0.44394895, 0.46654292]","[0.00011482, 0.00011482, 0.00010419, 0.00012152, 0.00012209, 0.00012209]","[3.24263e-05, 3.41846e-05, 3.58718e-05, 4.64035e-05, 5.42028e-05, 5.69613e-05]"
816,Container,41028.0,7,TAURANGA,0.0002612501,"[1.0, 1.0, 1.0, 1.0, 1.0, 1.0]","[0.28261269, 0.29688343, 0.34645009, 0.374929, 0.44776037, 0.47845717]","[0.00011482, 0.00011482, 0.00010419, 0.00012152, 0.00012209, 0.00012209]","[3.24495e-05, 3.4088e-05, 3.60969e-05, 4.55598e-05, 5.46681e-05, 5.8416e-05]"
818,Container,41028.0,7,TAURANGA,0.0002779768,"[1.0, 1.0, 1.0, 1.0, 1.0, 1.0]","[0.28959467, 0.34150221, 0.36920378, 0.42856918, 0.46132087, 0.48144084]","[0.00011482, 0.00010419, 0.00012152, 0.00011482, 0.00012209, 0.00012209]","[3.32511e-05, 3.55814e-05, 4.48641e-05, 4.92081e-05, 5.63237e-05, 5.87802e-05]"
820,Container,41028.0,7,TAURANGA,0.0002596821,"[1.0, 1.0, 1.0, 1.0, 1.0, 1.0]","[0.28134946, 0.30047243, 0.34246186, 0.37407406, 0.44764233, 0.4677965]","[0.00011482, 0.00011482, 0.00010419, 0.00012152, 0.00012209, 0.00012209]","[3.23044e-05, 3.45001e-05, 3.56814e-05, 4.54559e-05, 5.46537e-05, 5.71144e-05]"
822,Container,41028.0,7,TAURANGA,0.0002286817,"[1.0, 1.0, 1.0, 1.0, 1.0, 1.0]","[0.26434172, 0.27937328, 0.32409395, 0.33595639, 0.35909514, 0.44120077]","[0.00011482, 0.00011482, 0.00010419, 0.00010419, 0.00012152, 0.00012209]","[3.03516e-05, 3.20775e-05, 3.37676e-05, 3.50036e-05, 4.36357e-05, 5.38672e-05]"
824,Container,41028.0,7,TAURANGA,0.0002986168,"[1.0, 1.0, 1.0, 1.0, 1.0, 1.0]","[0.33898508, 0.3652284, 0.42591605, 0.44020493, 0.46146901, 0.49112566]","[0.00010419, 0.00012152, 0.00011482, 0.00012209, 0.00012209, 0.00012209]","[3.53191e-05, 4.4381e-05, 4.89035e-05, 5.37457e-05, 5.63418e-05, 5.99627e-05]"
825,Container,41028.0,7,TAURANGA,0.0002749464,"[1.0, 1.0, 1.0, 1.0, 1.0, 1.0]","[0.29784486, 0.31466215, 0.36038396, 0.40152183, 0.47114366, 0.49787549]","[0.00011482, 0.00011482, 0.00010419, 0.00012152, 0.00012209, 0.00012209]","[3.41984e-05, 3.61294e-05, 3.75487e-05, 4.87912e-05, 5.7523e-05, 6.07868e-05]"
827,Container,41028.0,7,TAURANGA,0.0002801249,"[1.0, 1.0, 1.0, 1.0, 1.0, 1.0]","[0.2942728, 0.3401857, 0.37041259, 0.42641451, 0.45373393, 0.47877226]","[0.00011482, 0.00010419, 0.00012152, 0.00012209, 0.00012209, 0.00012209]","[3.37883e-05, 3.54442e-05, 4.5011e-05, 5.20619e-05, 5.53974e-05, 5.84544e-05]"
835,Container,41028.0,7,TAURANGA,0.0002488167,"[1.0, 1.0, 1.0, 1.0, 1.0, 1.0]","[0.27649363, 0.29388762, 0.31510026, 0.36585612, 0.40226468, 0.47636452]","[0.00012209, 0.00011482, 0.00011482, 0.00010419, 0.00012152, 0.00012209]","[3.37578e-05, 3.3744e-05, 3.61797e-05, 3.81189e-05, 4.88815e-05, 5.81605e-05]"
837,Container,41028.0,6,TAURANGA,0.0002044911,"[1.0, 1.0, 1.0, 1.0, 1.0]","[0.2938702, 0.30853465, 0.3265706, 0.37157769, 0.48428974]","[0.00011482, 0.00011482, 0.00011482, 0.00010419, 0.00012209]","[3.3742e-05, 3.54258e-05, 3.74967e-05, 3.8715e-05, 5.91281e-05]"
840,Container,41028.0,6,TAURANGA,0.0002161482,"[1.0, 1.0, 1.0, 1.0, 1.0]","[0.28585408, 0.30053807, 0.35462946, 0.42243878, 0.49597889]","[0.00011482, 0.00011482, 0.00010419, 0.00012152, 0.00012209]","[3.28216e-05, 3.45076e-05, 3.69491e-05, 5.1333e-05, 6.05552e-05]"
848,Container,41028.0,7,TAURANGA,0.0002648709,"[1.0, 1.0, 1.0, 1.0, 1.0, 1.0]","[0.28496385, 0.30118502, 0.34910704, 0.38393988, 0.45442914, 0.48395892]","[0.00011482, 0.00011482, 0.00010419, 0.00012152, 0.00012209, 0.00012209]","[3.27194e-05, 3.45819e-05, 3.63738e-05, 4.66548e-05, 5.54823e-05, 5.90877e-05]"
850,Container,41028.0,5,TAURANGA,0.0001709138,"[1.0, 1.0, 1.0, 1.0]","[0.31876386, 0.33400992, 0.38338481, 0.45890048]","[0.00011482, 0.00011482, 0.00010419, 0.00012209]","[3.66003e-05, 3.83509e-05, 3.99452e-05, 5.60282e-05]"
852,Container,41028.0,7,TAURANGA,0.000241471,"[1.0, 1.0, 1.0, 1.0, 1.0, 1.0]","[0.27557537, 0.2893143, 0.30720596, 0.35529691, 0.39417045, 0.46231279]","[0.00011482, 0.00011482, 0.00011482, 0.00010419, 0.00012152, 0.00012209]","[3.16414e-05, 3.32189e-05, 3.52732e-05, 3.70187e-05, 4.78979e-05, 5.64449e-05]"
853,Container,41028.0,7,TAURANGA,0.0002769427,"[1.0, 1.0, 1.0, 1.0, 1.0, 1.0]","[0.29621683, 0.34047498, 0.36760846, 0.43041699, 0.45275044, 0.47603912]","[0.00011482, 0.00010419, 0.00012152, 0.00011482, 0.00012209, 0.00012209]","[3.40115e-05, 3.54744e-05, 4.46702e-05, 4.94203e-05, 5.52774e-05, 5.81207e-05]"
856,Container,41028.0,7,TAURANGA,0.0002797108,"[1.0, 1.0, 1.0, 1.0, 1.0, 1.0]","[0.29405538, 0.3359831, 0.3709001, 0.4388483, 0.46507953, 0.48104783]","[0.00011482, 0.00010419, 0.00012152, 0.00011482, 0.00012209, 0.00012209]","[3.37633e-05, 3.50064e-05, 4.50702e-05, 5.03884e-05, 5.67827e-05, 5.87323e-05]"
858,Container,41028.0,7,TAURANGA,0.0002589916,"[1.0, 1.0, 1.0, 1.0, 1.0, 1.0]","[0.28358571, 0.30252863, 0.3487142, 0.38444787, 0.44451494, 0.47204927]","[0.00011482, 0.00011482, 0.00010419, 0.00012152, 0.00011482, 0.00012209]","[3.25612e-05, 3.47362e-05, 3.63328e-05, 4.67165e-05, 5.1039e-05, 5.76336e-05]"
861,Container,41028.0,7,TAURANGA,0.0002617615,"[1.0, 1.0, 1.0, 1.0, 1.0, 1.0]","[0.27866555, 0.29831238, 0.34745513, 0.38307335, 0.45207266, 0.47173861]","[0.00011482, 0.00011482, 0.00010419, 0.00012152, 0.00012209, 0.00012209]","[3.19962e-05, 3.42521e-05, 3.62016e-05, 4.65495e-05, 5.51946e-05, 5.75957e-05]"
863,Container,41028.0,7,TAURANGA,0.0002605854,"[1.0, 1.0, 1.0, 1.0, 1.0, 1.0]","[0.28080286, 0.29522751, 0.34472097, 0.37270134, 0.45246609, 0.47525826]","[0.00011482, 0.00011482, 0.00010419, 0.00012152, 0.00012209, 0.00012209]","[3.22416e-05, 3.38979e-05, 3.59168e-05, 4.52891e-05, 5.52426e-05, 5.80254e-05]"
865,Container,41028.0,6,TAURANGA,0.0002090309,"[1.0, 1.0, 1.0, 1.0, 1.0]","[0.28998854, 0.3063043, 0.35847764, 0.38615505, 0.46119304]","[0.00011482, 0.00011482, 0.00010419, 0.00012152, 0.00012209]","[3.32963e-05, 3.51697e-05, 3.73501e-05, 4.69239e-05, 5.63081e-05]"
869,Container,41028.0,7,TAURANGA,0.0002741143,"[1.0, 1.0, 1.0, 1.0, 1.0, 1.0]","[0.29468446, 0.33721769, 0.36451129, 0.42519387, 0.44677855, 0.47105508]","[0.00011482, 0.00010419, 0.00012152, 0.00011482, 0.00012209, 0.00012209]","[3.38355e-05, 3.5135e-05, 4.42939e-05, 4.88206e-05, 5.45482e-05, 5.75122e-05]"
871,Container,41028.0,7,TAURANGA,0.0002767336,"[1.0, 1.0, 1.0, 1.0, 1.0, 1.0]","[0.29089532, 0.3374807, 0.36562162, 0.42765914, 0.45809124, 0.48111598]","[0.00011482, 0.00010419, 0.00012152, 0.00011482, 0.00012209, 0.00012209]","[3.34005e-05, 3.51624e-05, 4.44288e-05, 4.91036e-05, 5.59294e-05, 5.87406e-05]"
873,Container,41028.0,7,TAURANGA,0.0002734343,"[1.0, 1.0, 1.0, 1.0, 1.0, 1.0]","[0.28979148, 0.33567658, 0.3644643, 0.42480114, 0.44923324, 0.46936233]","[0.00011482, 0.00010419, 0.00012152, 0.00011482, 0.00012209, 0.00012209]","[3.32737e-05, 3.49744e-05, 4.42882e-05, 4.87755e-05, 5.48479e-05, 5.73055e-05]"
879,Container,41028.0,6,TAURANGA,0.0002138219,"[1.0, 1.0, 1.0, 1.0, 1.0]","[0.30230643, 0.31905871, 0.35709793, 0.39331187, 0.47605499]","[0.00011482, 0.00011482, 0.00012152, 0.00010419, 0.00012209]","[3.47107e-05, 3.66342e-05, 4.3393e-05, 4.09795e-05, 5.81227e-05]"
881,Container,41028.0,7,TAURANGA,0.0002601785,"[1.0, 1.0, 1.0, 1.0, 1.0, 1.0]","[0.28060266, 0.29853951, 0.34608106, 0.37974918, 0.43864792, 0.47464083]","[0.00011482, 0.00011482, 0.00010419, 0.00012152, 0.00012209, 0.00012209]","[3.22187e-05, 3.42782e-05, 3.60585e-05, 4.61455e-05, 5.35556e-05, 5.795e-05]"
885,RoRo,19879.0,5,AUCKLAND,0.0003817438,"[1.0, 0.999998, 0.999913, 0.999965]","[0.55372915, 0.65448808, 0.75084246, 0.88459956]","[0.00013992, 0.00013088, 0.00013371, 0.00013371]","[7.74803e-05, 8.56584e-05, 0.0001003851, 0.0001182742]"
887,RoRo,19893.0,7,AUCKLAND,0.0004947082,"[1.0, 1.0, 1.0, 0.999998, 0.999913, 0.999965]","[0.32376954, 0.46451993, 0.58436035, 0.69059175, 0.78551756, 0.87372871]","[0.00011063, 0.00013992, 0.00013992, 0.00013088, 0.00013371, 0.00013371]","[3.58186e-05, 6.49978e-05, 8.17664e-05, 9.03836e-05, 0.0001050211, 0.0001168207]"
888,RoRo,19893.0,7,AUCKLAND,0.0003139005,"[1.0, 1.0, 1.0, 1.0, 1.0, 0.999913]","[0.16186419, 0.20335271, 0.30383076, 0.46338139, 0.54281459, 0.88828703]","[0.0001114, 0.0001114, 0.00014211, 0.00011063, 0.00011063, 0.00013371]","[1.80317e-05, 2.26536e-05, 4.31765e-05, 5.12639e-05, 6.00516e-05, 0.000118761]"
891,Container,39422.0,7,AUCKLAND,0.0003142006,"[0.999965, 1.0, 1.0, 1.0, 0.999965, 0.999902]","[0.24538116, 0.35080735, 0.38541751, 0.41499744, 0.54555374, 0.60339823]","[0.00013371, 0.00011063, 0.00011063, 0.00011174, 0.00013371, 0.00013371]","[3.28084e-05, 3.88098e-05, 4.26387e-05, 4.637e-05, 7.29425e-05, 8.06714e-05]"
893,Container,39422.0,7,AUCKLAND,0.0003287288,"[1.0, 1.0, 1.0, 1.0, 0.999965, 0.999902]","[0.35208829, 0.3704187, 0.41266542, 0.43983266, 0.54755765, 0.60461127]","[0.00011063, 0.00011063, 0.00011063, 0.00011174, 0.00013371, 0.00013371]","[3.89515e-05, 4.09794e-05, 4.56532e-05, 4.91449e-05, 7.32104e-05, 8.08336e-05]"
897,Bulker,46673.0,7,NAPIER,0.0002552908,"[0.999999, 1.0, 0.999983, 1.0, 1.0, 0.999996]","[0.04942793, 0.13471729, 0.34302894, 0.57967513, 0.67696667, 0.79751204]","[0.00014047, 0.00013117, 0.00010558, 8.776e-05, 8.776e-05, 0.00010558]","[6.9432e-06, 1.76706e-05, 3.62171e-05, 5.0872e-05, 5.94102e-05, 8.42028e-05]"
899,Bulker,46673.0,6,WELLINGTON,0.0002745876,"[0.999998, 0.999997, 1.0, 0.999944, 0.999946]","[0.10185337, 0.22732333, 0.38279444, 0.83079468, 0.85675066]","[0.00014047, 0.00014047, 0.00013117, 0.00010558, 0.00010558]","[1.43075e-05, 3.19325e-05, 5.02105e-05, 8.77122e-05, 9.04528e-05]"
905,Container,40208.0,7,AUCKLAND,0.0003070555,"[1.0, 1.0, 1.0, 1.0, 0.999965, 0.999902]","[0.30579493, 0.33786076, 0.38176744, 0.400222, 0.53433022, 0.58291547]","[0.00011063, 0.00011063, 0.00011063, 0.00011063, 0.00013371, 0.00013371]","[3.38301e-05, 3.73775e-05, 4.22349e-05, 4.42765e-05, 7.14419e-05, 7.7933e-05]"
906,Container,40208.0,7,AUCKLAND,0.0003178341,"[1.0, 1.0, 1.0, 1.0, 0.999965, 0.999902]","[0.34800184, 0.36312162, 0.3806532, 0.41143589, 0.51744256, 0.61285836]","[0.00011063, 0.00011063, 0.00011063, 0.00011174, 0.00013371, 0.00013371]","[3.84994e-05, 4.01721e-05, 4.21117e-05, 4.5972e-05, 6.91839e-05, 8.19362e-05]"
915,Container,48015.0,6,WELLINGTON,0.000233685,"[1.0, 1.0, 1.0, 1.0, 0.999994]","[0.35334815, 0.42221761, 0.46814013, 0.51111199, 0.65636223]","[0.00013117, 8.382e-05, 8.382e-05, 8.498e-05, 0.00010558]","[4.63481e-05, 3.53887e-05, 3.92378e-05, 4.34322e-05, 6.92998e-05]"
918,Container,48015.0,7,AUCKLAND,0.0003415885,"[1.0, 1.0, 1.0, 1.0, 0.999965, 0.999902]","[0.35976214, 0.40194013, 0.41813551, 0.45074319, 0.57710722, 0.62519451]","[0.00011063, 0.00011063, 0.00011063, 0.00011174, 0.00013371, 0.00013371]","[3.98005e-05, 4.44666e-05, 4.62583e-05, 5.0364e-05, 7.71613e-05, 8.35855e-05]"
919,Container,48015.0,7,AUCKLAND,0.0003434644,"[1.0, 1.0, 1.0, 1.0, 0.999965, 0.999902]","[0.33804897, 0.37295172, 0.42091106, 0.44322822, 0.60022103, 0.66571578]","[0.00011063, 0.00011063, 0.00011063, 0.00011063, 0.00013371, 0.00013371]","[3.73983e-05, 4.12596e-05, 4.65654e-05, 4.90343e-05, 8.02517e-05, 8.9003e-05]"
920,Container,48015.0,7,AUCKLAND,0.0003662877,"[1.0, 1.0, 1.0, 1.0, 0.999965, 0.999902]","[0.36785154, 0.43828752, 0.45566067, 0.48950436, 0.61823897, 0.66864024]","[0.00011063, 0.00011063, 0.00011063, 0.00011174, 0.00013371, 0.00013371]","[4.06954e-05, 4.84877e-05, 5.04097e-05, 5.4695e-05, 8.26608e-05, 8.93939e-05]"
925,Container,5923.0,7,AUCKLAND,0.0001071393,"[1.0, 1.0, 1.0, 1.0, 0.999903, 0.999862]","[0.08899921, 0.09888174, 0.13848817, 0.16298008, 0.20229977, 0.23797076]","[0.00013195, 0.00013195, 0.00010377, 0.00010377, 0.00011601, 0.00011601]","[1.17436e-05, 1.30477e-05, 1.43713e-05, 1.69129e-05, 2.3466e-05, 2.76025e-05]"
926,Container,5923.0,6,AUCKLAND,0.0001078294,"[0.998457, 0.999903, 0.999862, 0.999993, 0.99994]","[0.13812446, 0.16052939, 0.1825786, 0.21082885, 0.2377547]","[0.00011601, 0.00011601, 0.00011601, 0.00011601, 0.00011601]","[1.59987e-05, 1.86208e-05, 2.11775e-05, 2.44575e-05, 2.75796e-05]"
927,Container,5923.0,6,AUCKLAND,0.0001049814,"[0.998457, 0.999903, 0.999862, 0.99994, 0.999993]","[0.13239954, 0.15252393, 0.18124811, 0.20684143, 0.23223841]","[0.00011601, 0.00011601, 0.00011601, 0.00011601, 0.00011601]","[1.53356e-05, 1.76922e-05, 2.10232e-05, 2.39937e-05, 2.69411e-05]"
928,Container,5923.0,6,AUCKLAND,0.0001057144,"[0.998457, 0.999903, 0.999862, 0.99994, 0.999993]","[0.13778204, 0.1581052, 0.17799048, 0.20653097, 0.23117064]","[0.00011601, 0.00011601, 0.00011601, 0.00011601, 0.00011601]","[1.5959e-05, 1.83396e-05, 2.06453e-05, 2.39576e-05, 2.68173e-05]"
929,Container,5923.0,6,AUCKLAND,0.0001015754,"[0.998457, 0.999903, 0.999862, 0.99994, 0.999993]","[0.13231636, 0.15346641, 0.16977776, 0.19807431, 0.22225258]","[0.00011601, 0.00011601, 0.00011601, 0.00011601, 0.00011601]","[1.5326e-05, 1.78015e-05, 1.96927e-05, 2.29767e-05, 2.57827e-05]"
930,Container,5923.0,6,AUCKLAND,0.000105175,"[0.998457, 0.999903, 0.999862, 0.99994, 0.999993]","[0.13380985, 0.15380996, 0.17649063, 0.20858708, 0.23422476]","[0.00011601, 0.00011601, 0.00011601, 0.00011601, 0.00011601]","[1.5499e-05, 1.78413e-05, 2.04713e-05, 2.41961e-05, 2.71716e-05]"
931,Container,5923.0,6,AUCKLAND,0.00010262,"[0.998457, 0.999903, 0.999862, 0.99994, 0.999993]","[0.12701138, 0.15150403, 0.17124101, 0.20564431, 0.2294835]","[0.00011601, 0.00011601, 0.00011601, 0.00011601, 0.00011601]","[1.47115e-05, 1.75739e-05, 1.98624e-05, 2.38548e-05, 2.66216e-05]"
932,Container,5923.0,6,AUCKLAND,0.0001018115,"[0.998457, 0.999903, 0.999862, 0.99994, 0.999993]","[0.12628553, 0.14779711, 0.1672487, 0.20637216, 0.23020944]","[0.00011601, 0.00011601, 0.00011601, 0.00011601, 0.00011601]","[1.46274e-05, 1.71439e-05, 1.93994e-05, 2.39392e-05, 2.67058e-05]"
933,Container,5923.0,7,AUCKLAND,0.0001125321,"[0.999862, 0.999999, 0.999997, 0.999862, 0.999993, 0.99994]","[0.11100998, 0.13136908, 0.14976184, 0.17083887, 0.20232908, 0.23303131]","[0.00011601, 0.00010437, 0.00010437, 0.00011601, 0.00011601, 0.00011601]","[1.28762e-05, 1.37113e-05, 1.56309e-05, 1.98158e-05, 2.34715e-05, 2.70317e-05]"
934,Container,5923.0,6,AUCKLAND,0.0001021188,"[0.998457, 0.999903, 0.999862, 0.999993, 0.99994]","[0.13147957, 0.15076728, 0.17110977, 0.19760764, 0.22960784]","[0.00011601, 0.00011601, 0.00011601, 0.00011601, 0.00011601]","[1.5229e-05, 1.74884e-05, 1.98472e-05, 2.29237e-05, 2.66346e-05]"
935,Container,5923.0,7,AUCKLAND,9.77239e-05,"[0.99994, 0.998457, 0.999862, 1.0, 0.999999, 0.999997]","[0.0868839, 0.10185206, 0.127569, 0.15790842, 0.19949515, 0.2284779]","[0.00011601, 0.00011601, 0.00011601, 0.00010377, 0.00010437, 0.00010437]","[1.00786e-05, 1.17973e-05, 1.47969e-05, 1.63866e-05, 2.08217e-05, 2.38467e-05]"
938,Bulker,33527.0,6,WELLINGTON,0.0002794826,"[1.0, 1.0, 1.0, 0.999994, 0.999944]","[0.10767919, 0.25525228, 0.45499159, 0.73516771, 0.91908137]","[0.00010863, 0.00013117, 0.00013117, 0.00010558, 0.00010558]","[1.16968e-05, 3.3481e-05, 5.96805e-05, 7.76202e-05, 9.70332e-05]"
940,Bulker,33527.0,7,GISBORNE,0.0003049763,"[1.0, 1.0, 1.0, 1.0, 1.0, 0.999998]","[0.03622276, 0.08862252, 0.18861741, 0.49909134, 0.60044615, 0.85649601]","[0.00011688, 0.00011688, 0.00011688, 0.00013992, 0.00013992, 0.00013371]","[4.2337e-06, 1.03582e-05, 2.20455e-05, 6.98351e-05, 8.40172e-05, 0.0001145203]"
953,Bulker,31894.0,6,AUCKLAND,0.0002994216,"[1.0, 1.0, 1.0, 0.999965, 1.0]","[0.10201564, 0.21227712, 0.36048227, 0.68903263, 0.84537963]","[0.00013195, 0.00013195, 0.00013195, 0.00013371, 0.00013992]","[1.34612e-05, 2.80104e-05, 4.75664e-05, 9.21262e-05, 0.0001182894]"
954,Bulker,31894.0,5,TAURANGA,0.0002799157,"[1.0, 1.0, 1.0, 0.999998]","[0.18480384, 0.41517128, 0.67250043, 0.88575831]","[0.00011623, 0.00011063, 0.00013992, 0.00013371]","[2.14794e-05, 4.59304e-05, 9.40993e-05, 0.000118433]"
956,Bulker,31894.0,6,NAPIER,0.0002167658,"[1.0, 1.0, 1.0, 1.0, 0.999983]","[0.08342879, 0.22253832, 0.37246756, 0.50195043, 0.87527296]","[0.00010536, 0.00010536, 0.00010536, 0.00010536, 0.00010558]","[8.7904e-06, 2.34477e-05, 3.92449e-05, 5.28878e-05, 9.24117e-05]"
958,RoRo,19531.0,7,AUCKLAND,0.0004570236,"[1.0, 1.0, 1.0, 0.999998, 0.999913, 0.999965]","[0.2851636, 0.41713655, 0.52419667, 0.61822315, 0.7147199, 0.87789253]","[0.00011063, 0.00013992, 0.00013992, 0.00013088, 0.00013371, 0.00013371]","[3.15476e-05, 5.83677e-05, 7.3348e-05, 8.09121e-05, 9.55557e-05, 0.0001173774]"
961,RoRo,19512.0,7,AUCKLAND,0.0004266416,"[1.0, 1.0, 1.0, 1.0, 1.0, 0.999862]","[0.31463495, 0.40413607, 0.50245671, 0.58401257, 0.65115099, 0.88446597]","[0.00013195, 0.00013195, 0.00013195, 0.00013195, 0.00013195, 0.00011601]","[4.15167e-05, 5.33266e-05, 6.63002e-05, 7.70617e-05, 8.59207e-05, 0.0001025902]"
962,RoRo,19550.0,7,AUCKLAND,0.0004825481,"[1.0, 1.0, 1.0, 0.999998, 0.999913, 0.999965]","[0.28532756, 0.42490387, 0.57513833, 0.68140191, 0.77988584, 0.88028624]","[0.00011063, 0.00013992, 0.00013992, 0.00013088, 0.00013371, 0.00013371]","[3.15658e-05, 5.94545e-05, 8.0476e-05, 8.91808e-05, 0.0001042681, 0.0001176975]"
964,General Cargo,10581.0,5,TIMARU,0.0001697458,"[1.0, 1.0, 1.0, 0.999993]","[0.20366532, 0.3659764, 0.54198167, 0.70109018]","[8.382e-05, 8.498e-05, 8.776e-05, 0.00010558]","[1.70705e-05, 3.10991e-05, 4.7564e-05, 7.40221e-05]"
966,General Cargo,31646.0,5,NEW PLYMOUTH,0.0001547161,"[1.0, 1.0, 1.0, 1.0]","[0.2944034, 0.36909196, 0.48103484, 0.70682159]","[8.382e-05, 8.382e-05, 8.288e-05, 8.382e-05]","[2.46758e-05, 3.09359e-05, 3.98698e-05, 5.92432e-05]"
967,Bulker,33745.0,5,TAURANGA,0.0003067359,"[1.0, 0.999966, 0.999968, 0.999999]","[0.19453146, 0.46388937, 0.76527393, 0.88511432]","[0.00013665, 0.00013371, 0.00013371, 0.00013088]","[2.65823e-05, 6.20237e-05, 0.0001023202, 0.0001158425]"
973,Container,69423.0,7,AUCKLAND,0.0003651894,"[1.0, 1.0, 1.0, 1.0, 1.0, 0.999965]","[0.34102944, 0.42302835, 0.45356525, 0.49802266, 0.51710037, 0.70201481]","[0.00011063, 0.00013195, 0.00013195, 0.00011623, 0.00011623, 0.00013371]","[3.77281e-05, 5.58195e-05, 5.98489e-05, 5.78842e-05, 6.01016e-05, 9.38619e-05]"
984,Bulker,32729.0,5,TAURANGA,0.0002220002,"[1.0, 1.0, 1.0, 1.0]","[0.20459449, 0.39924399, 0.48646573, 0.83370594]","[0.00011063, 0.00011623, 0.00011623, 0.00011567]","[2.26343e-05, 4.64034e-05, 5.6541e-05, 9.64387e-05]"
985,Bulker,32729.0,7,TAURANGA,0.0003067778,"[1.0, 1.0, 1.0, 1.0, 1.0, 1.0]","[0.05521264, 0.13353114, 0.28821201, 0.49790685, 0.66399127, 0.70024533]","[9.871e-05, 0.00013195, 0.00013195, 0.00013195, 0.00013195, 0.00013195]","[5.45e-06, 1.76197e-05, 3.80302e-05, 6.56999e-05, 8.76151e-05, 9.23989e-05]"
987,Bulker,32729.0,6,TAURANGA,0.0002236367,"[1.0, 1.0, 1.0, 1.0, 1.0]","[0.08563676, 0.19287819, 0.35517429, 0.48804028, 0.84855855]","[9.871e-05, 9.871e-05, 0.00011623, 0.00011623, 0.00011567]","[8.4532e-06, 1.9039e-05, 4.12812e-05, 5.6724e-05, 9.81568e-05]"
988,Bulker,32729.0,6,NAPIER,0.0001761934,"[1.0, 1.0, 1.0, 1.0, 1.0]","[0.09164607, 0.19443587, 0.37977466, 0.58857041, 0.7483138]","[0.00010536, 0.00010536, 8.967e-05, 8.967e-05, 7.916e-05]","[9.6563e-06, 2.04867e-05, 3.40525e-05, 5.27742e-05, 5.92353e-05]"
994,Bulker,32754.0,5,PORT CHALMERS,0.0001925665,"[1.0, 1.0, 1.0, 0.999833]","[0.17545573, 0.29634859, 0.45721473, 0.89701492]","[0.00010536, 0.00010536, 0.00010536, 0.00010558]","[1.84868e-05, 3.12247e-05, 4.81743e-05, 9.4693e-05]"
996,Bulker,32754.0,5,LYTTELTON,0.00028557,"[1.0, 1.0, 0.999988, 1.0]","[0.19477329, 0.38147559, 0.74876323, 0.84247094]","[0.00012132, 0.00012132, 0.00014047, 0.00013117]","[2.36308e-05, 4.62824e-05, 0.0001051791, 0.0001105054]"
1001,Bulker,29738.0,6,TAURANGA,0.0003038898,"[1.0, 1.0, 1.0, 1.0, 1.0]","[0.10682369, 0.23045643, 0.44598148, 0.69572349, 0.83411363]","[9.871e-05, 0.00011924, 0.00011623, 0.00013992, 0.00013992]","[1.05446e-05, 2.74808e-05, 5.18356e-05, 9.73488e-05, 0.000116713]"
1002,Bulker,29738.0,6,AUCKLAND,0.000337619,"[1.0, 1.0, 1.0, 0.999913, 1.0]","[0.11797921, 0.26425146, 0.48663821, 0.72770489, 0.84898057]","[0.00013992, 0.00013992, 0.00013992, 0.00013371, 0.00013992]","[1.65082e-05, 3.69753e-05, 6.80926e-05, 9.72917e-05, 0.0001187932]"
1003,Bulker,29738.0,7,LYTTELTON,0.0001863135,"[1.0, 1.0, 1.0, 1.0, 1.0, 1.0]","[0.04023557, 0.09941653, 0.22318033, 0.4267147, 0.50984084, 0.80712453]","[0.00012132, 0.00012132, 0.00010536, 8.967e-05, 8.967e-05, 7.668e-05]","[4.8816e-06, 1.20617e-05, 2.35153e-05, 3.82614e-05, 4.57149e-05, 6.1892e-05]"
1004,Bulker,29738.0,7,NEW PLYMOUTH,0.0003185467,"[1.0, 1.0, 1.0, 0.999975, 0.99987, 0.999995]","[0.0476336, 0.1184962, 0.29204756, 0.62676484, 0.80326001, 0.89148294]","[0.00010536, 8.967e-05, 9.156e-05, 0.00010558, 0.00010558, 0.00014047]","[5.0189e-06, 1.0625e-05, 2.67391e-05, 6.61736e-05, 8.47989e-05, 0.0001252279]"
1007,Container,50814.0,7,AUCKLAND,0.000325871,"[1.0, 1.0, 1.0, 1.0, 1.0, 1.0]","[0.36236162, 0.38202201, 0.43036617, 0.45180201, 0.48515548, 0.50817471]","[0.00011623, 0.00013195, 0.00013195, 0.00013195, 0.00011623, 0.00011924]","[4.21166e-05, 5.04086e-05, 5.67877e-05, 5.96162e-05, 5.63887e-05, 6.05973e-05]"
1012,Container,72976.0,7,AUCKLAND,0.0004138777,"[1.0, 1.0, 1.0, 1.0, 0.999902, 0.999998]","[0.40635523, 0.42579654, 0.47127952, 0.49881598, 0.68958821, 0.74135874]","[0.00011623, 0.00011623, 0.00013195, 0.00013195, 0.00013371, 0.00013088]","[4.72299e-05, 4.94895e-05, 6.21863e-05, 6.58198e-05, 9.21946e-05, 9.70279e-05]"
1018,Container,66983.0,5,NAPIER,0.0001937507,"[0.999996, 1.0, 1.0, 0.999996]","[0.35582774, 0.45450096, 0.51942009, 0.70622838]","[0.00010558, 8.382e-05, 8.382e-05, 0.00010558]","[3.75689e-05, 3.80946e-05, 4.35359e-05, 7.45649e-05]"
1020,Container,66983.0,5,AUCKLAND,0.0002589974,"[0.999965, 1.0, 1.0, 0.999965]","[0.36255624, 0.47678748, 0.54565395, 0.72873149]","[0.00013371, 0.00011063, 0.00011063, 0.00013371]","[4.84751e-05, 5.2747e-05, 6.03657e-05, 9.7434e-05]"
1033,Container,66983.0,5,AUCKLAND,0.0002619221,"[1.0, 1.0, 1.0, 1.0]","[0.47751467, 0.49512956, 0.59053202, 0.61714582]","[0.00013195, 0.00013195, 0.00011063, 0.00011063]","[6.30091e-05, 6.53334e-05, 6.53305e-05, 6.82748e-05]"
1038,General Cargo,12672.0,7,TAURANGA,0.0002482411,"[1.0, 1.0, 1.0, 1.0, 1.0, 1.0]","[0.14095563, 0.20348827, 0.3241476, 0.40640926, 0.50100385, 0.64864674]","[0.00011688, 0.00011688, 0.00011063, 0.00011063, 0.00011063, 0.00011063]","[1.64748e-05, 2.37836e-05, 3.58604e-05, 4.4961e-05, 5.5426e-05, 7.17598e-05]"
1042,RoRo,27100.0,7,AUCKLAND,0.0003284271,"[1.0, 1.0, 1.0, 0.643148, 1.0, 1.0]","[0.27070922, 0.39989241, 0.48708293, 0.57722579, 0.6320056, 0.67455636]","[9.591e-05, 0.00010419, 0.00012152, 0.00013909, 0.00011482, 0.00011482]","[2.59633e-05, 4.16651e-05, 5.91883e-05, 5.16356e-05, 7.25666e-05, 7.74522e-05]"
1043,RoRo,27100.0,7,AUCKLAND,0.0003699488,"[1.0, 1.0, 1.0, 1.0, 1.0, 1.0]","[0.33709294, 0.42967231, 0.51711866, 0.58573748, 0.62632857, 0.68904407]","[0.00010419, 0.00012152, 0.00011482, 0.00011482, 0.00011482, 0.00012209]","[3.5122e-05, 5.2212e-05, 5.93753e-05, 6.72541e-05, 7.19147e-05, 8.4127e-05]"
1044,RoRo,27100.0,5,AUCKLAND,0.0002646713,"[1.0, 1.0, 1.0, 1.0]","[0.41839001, 0.5284267, 0.62478205, 0.69746703]","[0.00010419, 0.00012152, 0.00011482, 0.00012209]","[4.35924e-05, 6.42122e-05, 7.17372e-05, 8.51554e-05]"
1051,Bulker,29727.0,5,TAURANGA,0.0002103335,"[1.0, 1.0, 1.0, 0.999921]","[0.16247013, 0.32551518, 0.46907867, 0.91107739]","[0.00011623, 0.00011063, 0.0001061, 0.00011601]","[1.88836e-05, 3.60117e-05, 4.97695e-05, 0.0001056831]"
1062,Container,51850.0,6,AUCKLAND,0.0001683882,"[1.0, 1.0, 1.0, 1.0, 0.999965]","[0.2166169, 0.22817468, 0.25174296, 0.26672585, 0.36381125]","[0.00013195, 0.00013195, 0.00011623, 0.00011924, 0.00013371]","[2.85831e-05, 3.01081e-05, 2.92596e-05, 3.18057e-05, 4.86429e-05]"
1063,Container,51850.0,7,AUCKLAND,0.0002670663,"[1.0, 1.0, 1.0, 1.0, 1.0, 1.0]","[0.30229153, 0.32236205, 0.33716825, 0.34944941, 0.38781316, 0.41088712]","[0.00013195, 0.00013195, 0.00013195, 0.00013195, 0.00011623, 0.00011924]","[3.9888e-05, 4.25364e-05, 4.44901e-05, 4.61106e-05, 4.50748e-05, 4.89962e-05]"
1064,Container,51850.0,7,AUCKLAND,0.0003438931,"[1.0, 1.0, 1.0, 1.0, 1.0, 1.0]","[0.36257446, 0.38707719, 0.42258325, 0.48779935, 0.53339406, 0.57531067]","[0.00011623, 0.00013195, 0.00013195, 0.00013195, 0.00011623, 0.00011924]","[4.21413e-05, 5.10757e-05, 5.57608e-05, 6.43662e-05, 6.19954e-05, 6.86029e-05]"
1065,Container,51850.0,7,AUCKLAND,0.0003869197,"[1.0, 1.0, 1.0, 1.0, 1.0, 0.999965]","[0.39304416, 0.45576333, 0.48375545, 0.51899486, 0.55059479, 0.68322679]","[0.00011623, 0.00013195, 0.00013195, 0.00011623, 0.00011924, 0.00013371]","[4.56828e-05, 6.01389e-05, 6.38326e-05, 6.03218e-05, 6.56556e-05, 9.13499e-05]"
1066,Container,51850.0,7,AUCKLAND,0.0003468869,"[1.0, 1.0, 1.0, 1.0, 1.0, 1.0]","[0.39343203, 0.41609909, 0.44710539, 0.47649034, 0.51393965, 0.54257529]","[0.00011623, 0.00013195, 0.00013195, 0.00013195, 0.00011623, 0.00011924]","[4.57278e-05, 5.49052e-05, 5.89965e-05, 6.28739e-05, 5.97342e-05, 6.46994e-05]"
1067,Container,51850.0,7,AUCKLAND,0.0003438686,"[1.0, 1.0, 1.0, 1.0, 1.0, 1.0]","[0.38807337, 0.41071968, 0.44121674, 0.46857798, 0.5166948, 0.54101763]","[0.00011623, 0.00013195, 0.00013195, 0.00013195, 0.00011623, 0.00011924]","[4.5105e-05, 5.41953e-05, 5.82195e-05, 6.18299e-05, 6.00544e-05, 6.45136e-05]"
1068,Container,51850.0,7,AUCKLAND,0.000367702,"[1.0, 1.0, 1.0, 1.0, 1.0, 1.0]","[0.41544297, 0.44673541, 0.4792167, 0.5029671, 0.54283147, 0.56883677]","[0.00011623, 0.00013195, 0.00013195, 0.00013195, 0.00011623, 0.00011924]","[4.82861e-05, 5.89477e-05, 6.32337e-05, 6.63676e-05, 6.30922e-05, 6.78309e-05]"
1071,Container,51850.0,5,AUCKLAND,0.0001852133,"[1.0, 1.0, 1.0, 1.0]","[0.26999167, 0.36868874, 0.48553009, 0.54307288]","[0.00011567, 9.704e-05, 9.704e-05, 0.00013092]","[3.12312e-05, 3.57785e-05, 4.71171e-05, 7.10989e-05]"
1075,Container,51850.0,6,AUCKLAND,0.0002189826,"[1.0, 1.0, 1.0, 1.0, 1.0]","[0.25989383, 0.36443376, 0.38877515, 0.43726459, 0.56073693]","[0.00011567, 9.704e-05, 9.704e-05, 9.704e-05, 0.00013092]","[3.00631e-05, 3.53656e-05, 3.77277e-05, 4.24333e-05, 7.34115e-05]"
1077,Container,51850.0,6,AUCKLAND,0.0002420668,"[1.0, 1.0, 1.0, 1.0, 1.0]","[0.31699006, 0.4271352, 0.44827264, 0.49773746, 0.55124362]","[0.00011567, 9.704e-05, 9.704e-05, 9.704e-05, 0.00013092]","[3.66677e-05, 4.14503e-05, 4.35015e-05, 4.83017e-05, 7.21686e-05]"
1078,Container,51850.0,7,TAURANGA,0.0003824324,"[1.0, 1.0, 0.999989, 0.999965, 0.999999, 1.0]","[0.34878237, 0.38772321, 0.49634795, 0.53974984, 0.58494775, 0.6282743]","[9.871e-05, 0.00011623, 0.00013371, 0.00013371, 0.00013088, 0.00013992]","[3.44283e-05, 4.50643e-05, 6.63651e-05, 7.21665e-05, 7.65571e-05, 8.7911e-05]"
1082,Container,77159.0,5,AUCKLAND,0.0001475074,"[1.0, 1.0, 1.0, 1.0]","[0.26915528, 0.28755772, 0.35768523, 0.41513788]","[0.0001114, 0.0001114, 0.00011063, 0.00011063]","[2.9984e-05, 3.2034e-05, 3.95707e-05, 4.59267e-05]"
1092,RoRo,19381.0,7,AUCKLAND,0.0004223818,"[1.0, 1.0, 1.0, 1.0, 0.999998, 0.999913]","[0.259199, 0.33707478, 0.45681726, 0.5936417, 0.71101703, 0.87096974]","[0.00011063, 0.00011063, 0.00013992, 0.00013992, 0.00013088, 0.00013371]","[2.86752e-05, 3.72906e-05, 6.392e-05, 8.30651e-05, 9.30568e-05, 0.0001164458]"
1094,RoRo,18947.0,7,AUCKLAND,0.0004223389,"[1.0, 1.0, 1.0, 1.0, 1.0, 0.999862]","[0.33334181, 0.40412093, 0.48335535, 0.55675818, 0.64879342, 0.88151137]","[0.00013195, 0.00013195, 0.00013195, 0.00013195, 0.00013195, 0.00011601]","[4.39852e-05, 5.33246e-05, 6.37798e-05, 7.34654e-05, 8.56097e-05, 0.0001022475]"
1098,RoRo,19106.0,7,AUCKLAND,0.0004607895,"[1.0, 1.0, 1.0, 1.0, 0.999998, 0.999913]","[0.30923966, 0.38854433, 0.51770051, 0.67203963, 0.77719044, 0.86380709]","[0.00011063, 0.00011063, 0.00013992, 0.00013992, 0.00013088, 0.00013371]","[3.42112e-05, 4.29846e-05, 7.2439e-05, 9.40349e-05, 0.0001017175, 0.0001154881]"
1099,RoRo,19106.0,7,AUCKLAND,0.0003930021,"[1.0, 1.0, 1.0, 1.0, 0.999998, 0.999913]","[0.23394775, 0.30218424, 0.42144334, 0.51695495, 0.67087472, 0.85748853]","[0.00011063, 0.00011063, 0.00013992, 0.00013992, 0.00013088, 0.00013371]","[2.58816e-05, 3.34306e-05, 5.89703e-05, 7.23347e-05, 8.7803e-05, 0.0001146434]"
1100,RoRo,19106.0,7,AUCKLAND,0.0004319525,"[1.0, 1.0, 1.0, 1.0, 1.0, 0.999913]","[0.28661489, 0.37175569, 0.45807207, 0.6226286, 0.74192259, 0.87945976]","[0.00011063, 0.00011063, 0.00011063, 0.00013992, 0.00013992, 0.00013371]","[3.17082e-05, 4.11273e-05, 5.06765e-05, 8.7121e-05, 0.0001038132, 0.0001175808]"
1104,Bulker,37534.0,7,AUCKLAND,0.0002681335,"[1.0, 1.0, 1.0, 1.0, 1.0, 1.0]","[0.03765554, 0.09663674, 0.25622454, 0.41330766, 0.59387167, 0.82274468]","[0.00011623, 0.00011924, 0.0001067, 0.0001067, 0.00011063, 0.00013992]","[4.3766e-06, 1.15234e-05, 2.73383e-05, 4.40986e-05, 6.57e-05, 0.0001151222]"
1105,Bulker,37534.0,7,LYTTELTON,0.0002310053,"[1.0, 1.0, 1.0, 1.0, 1.0, 0.999885]","[0.03766497, 0.09411046, 0.23314237, 0.40191287, 0.50204157, 0.90630049]","[8.967e-05, 8.967e-05, 0.00012132, 0.00010536, 0.00010536, 0.00010558]","[3.3772e-06, 8.4384e-06, 2.82859e-05, 4.23474e-05, 5.28974e-05, 9.56782e-05]"
1106,Bulker,37534.0,6,GISBORNE,0.0003407357,"[1.0, 1.0, 1.0, 1.0, 1.0]","[0.1020527, 0.27693033, 0.57412752, 0.73122866, 0.84476847]","[0.00010943, 0.00011063, 0.00013665, 0.00013992, 0.00013992]","[1.11671e-05, 3.06368e-05, 7.84532e-05, 0.0001023169, 0.0001182039]"
1109,RoRo,17713.0,7,AUCKLAND,0.0004555285,"[1.0, 1.0, 1.0, 1.0, 0.999998, 0.999913]","[0.29512321, 0.37584343, 0.52692405, 0.65526636, 0.7689119, 0.86263725]","[0.00011063, 0.00011063, 0.00013992, 0.00013992, 0.00013088, 0.00013371]","[3.26495e-05, 4.15795e-05, 7.37296e-05, 9.16879e-05, 0.000100634, 0.0001153317]"
1111,Container,39383.0,7,AUCKLAND,0.0002977441,"[1.0, 1.0, 1.0, 1.0, 0.999965, 0.999902]","[0.29362236, 0.33329759, 0.346386, 0.37055558, 0.4935159, 0.61867736]","[0.00011063, 0.00011063, 0.00011063, 0.00011174, 0.00013371, 0.00013371]","[3.24834e-05, 3.68727e-05, 3.83207e-05, 4.14042e-05, 6.59849e-05, 8.27142e-05]"
1112,Container,39383.0,7,AUCKLAND,0.0002972985,"[1.0, 1.0, 1.0, 1.0, 1.0, 0.999965]","[0.33035898, 0.35683417, 0.40386723, 0.42247179, 0.45122681, 0.59440877]","[0.00011063, 0.00011063, 0.00011063, 0.00011063, 0.00011174, 0.00013371]","[3.65476e-05, 3.94766e-05, 4.46798e-05, 4.6738e-05, 5.04181e-05, 7.94746e-05]"
1113,Container,39383.0,7,AUCKLAND,0.0003240521,"[1.0, 1.0, 1.0, 1.0, 0.999965, 0.999902]","[0.33807487, 0.37612364, 0.39363283, 0.42084197, 0.55125509, 0.60441875]","[0.00011063, 0.00011063, 0.00011063, 0.00011174, 0.00013371, 0.00013371]","[3.74012e-05, 4.16105e-05, 4.35476e-05, 4.7023e-05, 7.37048e-05, 8.08078e-05]"
1114,Container,39383.0,7,AUCKLAND,0.0003157004,"[1.0, 1.0, 1.0, 1.0, 0.999965, 0.999902]","[0.29314134, 0.36511703, 0.38134402, 0.4085363, 0.5494682, 0.61046273]","[0.00011063, 0.00011063, 0.00011063, 0.00011174, 0.00013371, 0.00013371]","[3.24302e-05, 4.03929e-05, 4.21881e-05, 4.5648e-05, 7.34659e-05, 8.16159e-05]"
1115,Container,39383.0,7,AUCKLAND,0.0003310229,"[1.0, 1.0, 1.0, 1.0, 0.999965, 0.999902]","[0.32811385, 0.36858655, 0.41525975, 0.44576004, 0.55914808, 0.62443708]","[0.00011063, 0.00011063, 0.00011063, 0.00011174, 0.00013371, 0.00013371]","[3.62992e-05, 4.07767e-05, 4.59402e-05, 4.98072e-05, 7.47601e-05, 8.34842e-05]"
1117,Container,34740.0,7,AUCKLAND,0.0002629323,"[1.0, 1.0, 1.0, 1.0, 1.0, 1.0]","[0.28355494, 0.32800831, 0.3565582, 0.38735531, 0.41946982, 0.4363066]","[0.00011623, 9.871e-05, 0.00013195, 0.00013195, 0.00011623, 0.00011623]","[3.2957e-05, 3.23777e-05, 4.70486e-05, 5.11124e-05, 4.87542e-05, 5.07111e-05]"
1125,Container,52683.0,7,WELLINGTON,0.0002783266,"[1.0, 1.0, 1.0, 1.0, 0.999994, 0.999943]","[0.38809326, 0.4041444, 0.43363276, 0.46177017, 0.61506226, 0.67658922]","[8.382e-05, 8.382e-05, 8.382e-05, 8.498e-05, 0.00010558, 0.00010558]","[3.25285e-05, 3.38739e-05, 3.63455e-05, 3.92393e-05, 6.49392e-05, 7.14317e-05]"
1126,Container,52683.0,7,WELLINGTON,0.0002799668,"[1.0, 1.0, 1.0, 1.0, 0.999994, 0.999943]","[0.29966074, 0.31477049, 0.38522903, 0.40714274, 0.57793075, 0.68171112]","[0.00013117, 0.00013117, 8.382e-05, 8.382e-05, 0.00010558, 0.00010558]","[3.9306e-05, 4.12879e-05, 3.22885e-05, 3.41252e-05, 6.10188e-05, 7.19725e-05]"
1137,RoRo,21099.0,7,AUCKLAND,0.0002850523,"[1.0, 1.0, 1.0, 1.0, 1.0, 1.0]","[0.21287358, 0.27268863, 0.39075199, 0.48653384, 0.57252276, 0.63529623]","[9.591e-05, 9.591e-05, 0.00010419, 0.00012152, 0.00011482, 0.00011482]","[2.04163e-05, 2.61531e-05, 4.07128e-05, 5.91215e-05, 6.57368e-05, 7.29444e-05]"
1138,RoRo,21099.0,7,AUCKLAND,0.0002601778,"[1.0, 1.0, 1.0, 1.0, 1.0, 1.0]","[0.18212026, 0.22422578, 0.33866965, 0.41322361, 0.48858167, 0.65224792]","[9.591e-05, 9.591e-05, 0.00010419, 0.00012152, 0.00011482, 0.00012209]","[1.74668e-05, 2.15051e-05, 3.52863e-05, 5.02132e-05, 5.60987e-05, 7.96345e-05]"
1141,RoRo,27178.0,7,AUCKLAND,0.0003026095,"[1.0, 1.0, 1.0, 1.0, 0.643148, 1.0]","[0.26875458, 0.32677373, 0.46501627, 0.54555742, 0.62440488, 0.65259183]","[9.591e-05, 9.591e-05, 0.00010419, 0.00012152, 0.00013909, 0.00011482]","[2.57758e-05, 3.13403e-05, 4.84504e-05, 6.62938e-05, 5.5856e-05, 7.49303e-05]"
1142,RoRo,27178.0,5,AUCKLAND,0.0002844459,"[1.0, 1.0, 1.0, 1.0]","[0.48380643, 0.5657847, 0.64905835, 0.70600821]","[0.00012152, 0.00011482, 0.00011482, 0.00012209]","[5.87901e-05, 6.49631e-05, 7.45246e-05, 8.61982e-05]"
1144,RoRo,27178.0,7,AUCKLAND,0.0002990813,"[1.0, 1.0, 1.0, 1.0, 1.0, 1.0]","[0.26424718, 0.3164609, 0.38118811, 0.52765592, 0.59947975, 0.68838747]","[9.591e-05, 9.591e-05, 9.591e-05, 0.00010419, 0.00012152, 0.00011482]","[2.53435e-05, 3.03512e-05, 3.65591e-05, 5.49769e-05, 7.28463e-05, 7.90403e-05]"
1151,Container,66583.0,5,LYTTELTON,0.0001666414,"[0.999995, 1.0, 1.0, 0.999995]","[0.27012353, 0.34904128, 0.38123995, 0.72854881]","[0.00010558, 8.382e-05, 8.382e-05, 0.00010558]","[2.85201e-05, 2.92554e-05, 3.19541e-05, 7.69214e-05]"
1161,Container,66583.0,7,AUCKLAND,0.0003323162,"[1.0, 0.999902, 0.999998, 0.999965, 1.0, 1.0]","[0.27031093, 0.35500058, 0.41264464, 0.47468571, 0.5894849, 0.63991667]","[0.00011623, 0.00013371, 0.00013088, 0.00013371, 0.00011063, 0.00011063]","[3.14177e-05, 4.74619e-05, 5.40063e-05, 6.34672e-05, 6.52147e-05, 7.0794e-05]"
1169,Container,52786.0,7,AUCKLAND,0.0002171742,"[1.0, 1.0, 1.0, 1.0, 1.0, 1.0]","[0.20195488, 0.27633638, 0.28630782, 0.33394833, 0.35377884, 0.55371942]","[0.00011567, 9.704e-05, 9.704e-05, 9.704e-05, 9.704e-05, 0.00013092]","[2.33611e-05, 2.68164e-05, 2.7784e-05, 3.24072e-05, 3.43316e-05, 7.24927e-05]"
1174,Bulker,32573.0,6,AUCKLAND,0.00025071,"[0.999889, 1.0, 1.0, 1.0, 1.0]","[0.08968724, 0.28665314, 0.46583359, 0.57138794, 0.64892267]","[0.00013371, 0.00013195, 0.00013195, 0.00013195, 9.871e-05]","[1.19906e-05, 3.78245e-05, 6.14677e-05, 7.53958e-05, 6.40552e-05]"
1178,Bulker,32545.0,5,TAURANGA,0.000226919,"[1.0, 1.0, 1.0, 1.0]","[0.26217134, 0.50524706, 0.60820543, 0.67569837]","[0.00011063, 0.00011063, 0.00011063, 0.00011063]","[2.9004e-05, 5.58955e-05, 6.72858e-05, 7.47525e-05]"
1180,Bulker,32545.0,6,NEW PLYMOUTH,0.0001903862,"[1.0, 1.0, 1.0, 1.0, 1.0]","[0.08615798, 0.19956452, 0.38058616, 0.58872789, 0.70861577]","[0.00012132, 0.00012132, 0.00012132, 8.382e-05, 8.498e-05]","[1.04531e-05, 2.42121e-05, 4.61745e-05, 4.9345e-05, 6.02152e-05]"
1182,Container,50500.0,7,TAURANGA,0.0003013008,"[1.0, 1.0, 1.0, 1.0, 1.0, 0.999999]","[0.26115332, 0.29462187, 0.31349688, 0.47890284, 0.50109979, 0.66039423]","[0.0001225, 0.0001225, 0.0001225, 0.00011063, 0.00011063, 0.00013088]","[3.19921e-05, 3.60921e-05, 3.84043e-05, 5.2981e-05, 5.54367e-05, 8.64315e-05]"
1187,Container,50500.0,5,AUCKLAND,0.0001835703,"[1.0, 1.0, 1.0, 1.0]","[0.29184449, 0.40498323, 0.45641838, 0.50589053]","[0.00011567, 9.704e-05, 9.704e-05, 0.00013092]","[3.3759e-05, 3.93006e-05, 4.4292e-05, 6.6231e-05]"
1191,Container,50500.0,5,AUCKLAND,0.000195195,"[1.0, 1.0, 1.0, 1.0]","[0.29425216, 0.42126353, 0.48311739, 0.56070989]","[0.00011567, 9.704e-05, 9.704e-05, 0.00013092]","[3.40375e-05, 4.08805e-05, 4.68829e-05, 7.34079e-05]"
1196,Bulker,56023.0,7,NELSON,0.0003288992,"[1.0, 1.0, 1.0, 1.0, 0.999991, 0.999993]","[0.03605206, 0.10861701, 0.24618665, 0.39473678, 0.79549118, 0.90797963]","[0.00012132, 0.00010536, 0.00010536, 0.00012132, 0.00014047, 0.00014047]","[4.374e-06, 1.14444e-05, 2.59394e-05, 4.78913e-05, 0.0001117433, 0.0001275449]"
1199,RoRo,15089.0,7,AUCKLAND,0.0003649396,"[1.0, 1.0, 1.0, 1.0, 1.0, 1.0]","[0.25869874, 0.33370226, 0.43802552, 0.53000593, 0.61336232, 0.68851754]","[0.00011623, 0.0001061, 0.00013195, 0.00013195, 0.00013195, 0.00013195]","[3.00681e-05, 3.5406e-05, 5.77984e-05, 6.99354e-05, 8.09345e-05, 9.08513e-05]"
1200,RoRo,15089.0,5,AUCKLAND,0.0002958296,"[1.0, 1.0, 1.0, 1.0]","[0.42205827, 0.5140824, 0.61457932, 0.69147302]","[0.00013195, 0.00013195, 0.00013195, 0.00013195]","[5.56915e-05, 6.78343e-05, 8.1095e-05, 9.12413e-05]"
1204,RoRo,15089.0,7,AUCKLAND,0.0003242436,"[1.0, 1.0, 1.0, 1.0, 0.999965, 0.999913]","[0.1812079, 0.23843547, 0.29691975, 0.37744523, 0.57730095, 0.82288445]","[0.00013195, 0.00013195, 0.00013195, 0.00011267, 0.00013371, 0.00013371]","[2.39108e-05, 3.14621e-05, 3.91792e-05, 4.25286e-05, 7.71872e-05, 0.0001100169]"
1205,RoRo,15089.0,6,AUCKLAND,0.0003028616,"[1.0, 1.0, 1.0, 1.0, 0.999998]","[0.27637238, 0.35679179, 0.42838555, 0.52452306, 0.79251185]","[0.00013195, 0.00013195, 0.00013195, 0.00011267, 0.00013088]","[3.64679e-05, 4.70794e-05, 5.65264e-05, 5.91005e-05, 0.0001037227]"
1207,RoRo,15089.0,5,AUCKLAND,0.0002761971,"[0.999913, 1.0, 1.0, 1.0]","[0.34762664, 0.51676583, 0.60785642, 0.7220113]","[0.00013371, 0.00013195, 0.00013195, 0.00011267]","[4.64765e-05, 6.81883e-05, 8.02079e-05, 8.13525e-05]"
1208,RoRo,15089.0,7,AUCKLAND,0.0003601415,"[1.0, 1.0, 1.0, 1.0, 1.0, 1.0]","[0.2603552, 0.35212442, 0.42900998, 0.51811584, 0.60885387, 0.68100805]","[0.00011623, 9.871e-05, 0.00013195, 0.00013195, 0.00013195, 0.00013195]","[3.02606e-05, 3.47582e-05, 5.66088e-05, 6.83665e-05, 8.03396e-05, 8.98605e-05]"
1209,RoRo,15089.0,5,AUCKLAND,0.0002956737,"[1.0, 1.0, 1.0, 1.0]","[0.43020632, 0.51851766, 0.61056967, 0.6817178]","[0.00013195, 0.00013195, 0.00013195, 0.00013195]","[5.67666e-05, 6.84195e-05, 8.0566e-05, 8.99541e-05]"
1210,RoRo,15089.0,5,AUCKLAND,0.0002892314,"[1.0, 1.0, 1.0, 1.0]","[0.39794129, 0.49193509, 0.61189797, 0.69040206]","[0.00013195, 0.00013195, 0.00013195, 0.00013195]","[5.25092e-05, 6.49119e-05, 8.07412e-05, 9.11e-05]"
1211,RoRo,15089.0,5,AUCKLAND,0.0002937044,"[1.0, 1.0, 1.0, 1.0]","[0.42728243, 0.51527212, 0.60614894, 0.67738003]","[0.00013195, 0.00013195, 0.00013195, 0.00013195]","[5.63808e-05, 6.79912e-05, 7.99826e-05, 8.93817e-05]"
1212,RoRo,15089.0,5,AUCKLAND,0.0002917221,"[1.0, 1.0, 1.0, 1.0]","[0.41724312, 0.51370602, 0.60421111, 0.67589706]","[0.00013195, 0.00013195, 0.00013195, 0.00013195]","[5.50561e-05, 6.77846e-05, 7.97269e-05, 8.9186e-05]"
1213,RoRo,15089.0,7,AUCKLAND,0.0003610768,"[1.0, 1.0, 1.0, 1.0, 1.0, 1.0]","[0.25045216, 0.3370561, 0.42724238, 0.52672311, 0.61880106, 0.73265442]","[0.0001061, 0.00013195, 0.00013195, 0.00013195, 0.00013195, 0.00011267]","[2.65731e-05, 4.44753e-05, 5.63755e-05, 6.95022e-05, 8.16521e-05, 8.25517e-05]"
1214,RoRo,15089.0,6,AUCKLAND,0.0003384929,"[1.0, 1.0, 1.0, 1.0, 1.0]","[0.35183583, 0.4372476, 0.52643825, 0.61913405, 0.73890852]","[0.00013195, 0.00013195, 0.00013195, 0.00013195, 0.00011267]","[4.64255e-05, 5.76957e-05, 6.94646e-05, 8.1696e-05, 8.32564e-05]"
1221,Bulker,32610.0,6,AUCKLAND,0.0002352039,"[1.0, 1.0, 1.0, 1.0, 1.0]","[0.10068036, 0.21062004, 0.43063299, 0.53532199, 0.58381764]","[9.871e-05, 9.871e-05, 0.00013195, 0.00013195, 0.00013195]","[9.9382e-06, 2.07903e-05, 5.68229e-05, 7.06369e-05, 7.7036e-05]"
1226,RoRo,15128.0,7,AUCKLAND,0.0003427871,"[1.0, 1.0, 1.0, 1.0, 1.0, 1.0]","[0.21591124, 0.27853601, 0.3982951, 0.53045075, 0.61135744, 0.68446125]","[0.00011688, 0.00011688, 0.00011063, 0.00013195, 0.00013195, 0.00013195]","[2.52356e-05, 3.25552e-05, 4.40634e-05, 6.99941e-05, 8.06699e-05, 9.03161e-05]"
1227,RoRo,15128.0,7,AUCKLAND,0.0003465124,"[1.0, 1.0, 1.0, 1.0, 1.0, 1.0]","[0.20060207, 0.28137123, 0.35021723, 0.5095045, 0.58718811, 0.69776476]","[0.0001067, 0.00013992, 0.00013992, 0.00013195, 0.00013195, 0.00013195]","[2.14036e-05, 3.93707e-05, 4.9004e-05, 6.72302e-05, 7.74807e-05, 9.20715e-05]"
1229,RoRo,15128.0,7,AUCKLAND,0.0003426487,"[1.0, 1.0, 1.0, 1.0, 1.0, 1.0]","[0.22470241, 0.27467881, 0.33982764, 0.53802107, 0.61984577, 0.69590653]","[0.00011688, 0.00011688, 0.00011688, 0.00013195, 0.00013195, 0.00013195]","[2.62631e-05, 3.21044e-05, 3.97189e-05, 7.0993e-05, 8.179e-05, 9.18263e-05]"
1238,Container,38420.0,5,AUCKLAND,0.0002189101,"[1.0, 1.0, 1.0, 0.999965]","[0.39384672, 0.42075007, 0.45663533, 0.58178311]","[0.00011063, 0.00011063, 0.00011174, 0.00013371]","[4.35713e-05, 4.65476e-05, 5.10224e-05, 7.77865e-05]"
1242,Container,38420.0,7,NELSON,0.0002347744,"[1.0, 1.0, 1.0, 1.0, 0.999986, 0.999847]","[0.30681431, 0.33390594, 0.37164251, 0.40049305, 0.52682757, 0.57110479]","[8.382e-05, 8.382e-05, 8.382e-05, 8.498e-05, 0.00010558, 0.00010558]","[2.5716e-05, 2.79868e-05, 3.11497e-05, 3.40322e-05, 5.56228e-05, 6.02893e-05]"
1245,Container,38420.0,7,AUCKLAND,0.0003072303,"[1.0, 1.0, 1.0, 1.0, 0.999965, 0.999902]","[0.29986428, 0.35196844, 0.36959015, 0.3970542, 0.51101597, 0.61018634]","[0.00011063, 0.00011063, 0.00011063, 0.00011174, 0.00013371, 0.00013371]","[3.3174e-05, 3.89383e-05, 4.08877e-05, 4.43651e-05, 6.83247e-05, 8.15789e-05]"
1246,Container,38420.0,7,AUCKLAND,0.0003098179,"[1.0, 1.0, 1.0, 1.0, 0.999965, 0.999902]","[0.27359609, 0.36771713, 0.38415836, 0.41495699, 0.53776315, 0.58448496]","[0.00011063, 0.00011063, 0.00011063, 0.00011174, 0.00013371, 0.00013371]","[3.02679e-05, 4.06805e-05, 4.24994e-05, 4.63654e-05, 7.19009e-05, 7.81428e-05]"
1249,Container,38420.0,7,TAURANGA,0.0003129213,"[0.999995, 0.999965, 0.999966, 0.999989, 0.999948, 0.999921]","[0.29040554, 0.32874542, 0.3404608, 0.37467428, 0.55882546, 0.60826728]","[0.00013088, 0.00013371, 0.00013371, 0.00013371, 0.00011601, 0.00011601]","[3.80077e-05, 4.39544e-05, 4.55209e-05, 5.00965e-05, 6.48244e-05, 7.05578e-05]"
1252,Bulker,31866.0,5,TIMARU,0.0001627078,"[1.0, 1.0, 1.0, 1.0]","[0.18402702, 0.3233013, 0.43094061, 0.66526513]","[0.00012132, 0.00012132, 0.00010536, 8.382e-05]","[2.2327e-05, 3.92244e-05, 4.54059e-05, 5.57601e-05]"
1263,Bulker,28709.0,6,TAURANGA,0.000266431,"[1.0, 1.0, 1.0, 1.0, 1.0]","[0.09923844, 0.21287572, 0.37166782, 0.51982395, 0.85755064]","[0.00013195, 0.00013195, 9.871e-05, 0.00013195, 0.00013992]","[1.30947e-05, 2.80894e-05, 3.66874e-05, 6.85919e-05, 0.0001199924]"
1265,Bulker,32728.0,6,PORT CHALMERS,0.0003513177,"[1.0, 1.0, 1.0, 0.999579, 0.999967]","[0.08758928, 0.25088231, 0.46002048, 0.88935627, 0.91654767]","[0.00013117, 0.00012132, 0.00012132, 0.00014047, 0.00014047]","[1.14889e-05, 3.04382e-05, 5.58118e-05, 0.0001248772, 0.0001287451]"
1285,Bulker,33529.0,5,TAURANGA,0.0002050866,"[1.0, 1.0, 1.0, 1.0]","[0.20526302, 0.43143841, 0.54828297, 0.67119385]","[0.00010943, 0.00011063, 0.00011063, 0.00011063]","[2.2461e-05, 4.773e-05, 6.06565e-05, 7.42542e-05]"
1287,RoRo,27178.0,5,AUCKLAND,0.000303592,"[1.0, 1.0, 0.999998, 0.999913]","[0.27064789, 0.33258187, 0.73868047, 0.90670625]","[0.00014211, 0.00014211, 0.00013088, 0.00013371]","[3.8461e-05, 4.72623e-05, 9.66774e-05, 0.0001212236]"
1288,RoRo,27178.0,7,AUCKLAND,0.0004277546,"[1.0, 1.0, 1.0, 0.999998, 0.999913, 0.999965]","[0.19101396, 0.26124296, 0.39244911, 0.68492491, 0.79224965, 0.90983221]","[9.591e-05, 0.00013982, 0.00014211, 0.00013088, 0.00013371, 0.00013371]","[1.83198e-05, 3.65261e-05, 5.57698e-05, 8.96419e-05, 0.0001059211, 0.0001216479]"
1295,Tanker,11519.0,6,NEW PLYMOUTH,0.0001342809,"[1.0, 1.0, 1.0, 1.0, 1.0]","[0.03016168, 0.0849334, 0.24703229, 0.51606038, 0.79842271]","[8.382e-05, 8.967e-05, 8.288e-05, 8.382e-05, 7.567e-05]","[2.528e-06, 7.6156e-06, 2.04749e-05, 4.32543e-05, 6.04141e-05]"
1297,Container,39418.0,7,AUCKLAND,0.0003161916,"[1.0, 1.0, 1.0, 1.0, 1.0, 0.999965]","[0.28865893, 0.31011744, 0.34431103, 0.42029992, 0.46046755, 0.61936645]","[0.00013195, 0.00013195, 0.00013195, 0.00013195, 0.00011623, 0.00013371]","[3.80892e-05, 4.09207e-05, 4.54326e-05, 5.54595e-05, 5.35193e-05, 8.28115e-05]"
1298,Container,39275.0,5,NELSON,0.0002086408,"[1.0, 1.0, 1.0, 0.999847]","[0.41335554, 0.43787797, 0.54833181, 0.61938122]","[8.382e-05, 8.382e-05, 0.00013117, 0.00010558]","[3.46459e-05, 3.67013e-05, 7.19237e-05, 6.53856e-05]"
1299,Container,39275.0,6,AUCKLAND,0.0002609567,"[0.999965, 1.0, 1.0, 1.0, 0.999965]","[0.29990701, 0.3791745, 0.42306876, 0.4533252, 0.60940777]","[0.00013371, 0.00011063, 0.00011063, 0.00011174, 0.00013371]","[4.00987e-05, 4.19481e-05, 4.68041e-05, 5.06525e-05, 8.148e-05]"
1300,Container,39275.0,5,NELSON,0.0001655862,"[0.999986, 1.0, 1.0, 0.999986]","[0.29675763, 0.37302013, 0.46706549, 0.60476359]","[0.00010558, 8.382e-05, 8.382e-05, 0.00010558]","[3.13319e-05, 3.12652e-05, 3.91477e-05, 6.38514e-05]"
1302,Container,39275.0,5,AUCKLAND,0.0002190544,"[1.0, 1.0, 1.0, 0.999965]","[0.36201869, 0.41970548, 0.45809726, 0.60883926]","[0.00011063, 0.00011063, 0.00011174, 0.00013371]","[4.00501e-05, 4.6432e-05, 5.11857e-05, 8.1404e-05]"
1308,Container,39200.0,6,AUCKLAND,0.0002204889,"[1.0, 1.0, 1.0, 1.0, 0.999965]","[0.24335965, 0.29129031, 0.37988404, 0.41413673, 0.53623648]","[0.00011623, 0.00011063, 0.00011063, 0.00011174, 0.00013371]","[2.82852e-05, 3.22254e-05, 4.20266e-05, 4.62738e-05, 7.16968e-05]"
1309,Container,39200.0,7,AUCKLAND,0.0003239049,"[0.999965, 1.0, 1.0, 1.0, 0.999965, 0.999902]","[0.27560233, 0.35484905, 0.40580282, 0.43647672, 0.55311777, 0.60005237]","[0.00013371, 0.00011063, 0.00011063, 0.00011174, 0.00013371, 0.00013371]","[3.6849e-05, 3.92569e-05, 4.4894e-05, 4.877e-05, 7.39538e-05, 8.02241e-05]"
1311,Container,39200.0,7,NAPIER,0.000321826,"[1.0, 1.0, 1.0, 1.0, 1.0, 0.999999]","[0.29784966, 0.32378764, 0.44058025, 0.46409701, 0.53117415, 0.57699019]","[8.382e-05, 8.498e-05, 0.00013117, 0.00013117, 0.00013117, 0.00014047]","[2.49647e-05, 2.75141e-05, 5.77901e-05, 6.08748e-05, 6.96732e-05, 8.1051e-05]"
1315,Container,38975.0,6,AUCKLAND,0.0002763407,"[1.0, 1.0, 1.0, 0.999965, 0.999902]","[0.35251886, 0.36730039, 0.40488296, 0.5368797, 0.599588]","[0.00011063, 0.00011063, 0.00011063, 0.00013371, 0.00013371]","[3.89992e-05, 4.06344e-05, 4.47922e-05, 7.17828e-05, 8.0162e-05]"
1319,Container,38975.0,7,NELSON,0.0002432006,"[1.0, 1.0, 1.0, 1.0, 0.999986, 0.999847]","[0.30550613, 0.34169973, 0.38293161, 0.39935974, 0.55176459, 0.61718435]","[8.382e-05, 8.382e-05, 8.382e-05, 8.382e-05, 0.00010558, 0.00010558]","[2.56064e-05, 2.864e-05, 3.20959e-05, 3.34729e-05, 5.82557e-05, 6.51537e-05]"
1320,Container,38975.0,7,AUCKLAND,0.0003232712,"[1.0, 1.0, 1.0, 1.0, 0.999965, 0.999902]","[0.31894323, 0.36135491, 0.40691359, 0.4279399, 0.55077231, 0.61372754]","[0.00011063, 0.00011063, 0.00011063, 0.00011063, 0.00013371, 0.00013371]","[3.52847e-05, 3.99767e-05, 4.50168e-05, 4.7343e-05, 7.36403e-05, 8.20524e-05]"
1321,Container,38975.0,7,AUCKLAND,0.0003173571,"[1.0, 1.0, 1.0, 1.0, 0.999965, 0.999902]","[0.30460269, 0.33598691, 0.40879822, 0.42562747, 0.54497745, 0.60848733]","[0.00011063, 0.00011063, 0.00011063, 0.00011063, 0.00013371, 0.00013371]","[3.36982e-05, 3.71702e-05, 4.52253e-05, 4.70872e-05, 7.28655e-05, 8.13518e-05]"
1322,Container,38975.0,7,AUCKLAND,0.0002901747,"[1.0, 1.0, 1.0, 1.0, 0.999965, 0.999902]","[0.29170202, 0.3326993, 0.34802537, 0.37734463, 0.48216106, 0.56845724]","[0.00011063, 0.00011063, 0.00011063, 0.00011174, 0.00013371, 0.00013371]","[3.2271e-05, 3.68065e-05, 3.8502e-05, 4.21628e-05, 6.44667e-05, 7.6e-05]"
1341,Bulker,46619.0,7,NELSON,0.0002631981,"[1.0, 1.0, 1.0, 1.0, 1.0, 1.0]","[0.04086494, 0.15120866, 0.33979712, 0.54819726, 0.64634687, 0.69033151]","[0.00012369, 0.00012132, 0.00012132, 0.00010536, 0.00010536, 0.00010536]","[5.0546e-06, 1.83453e-05, 4.12258e-05, 5.77606e-05, 6.81021e-05, 7.27365e-05]"
1344,Container,65364.0,7,AUCKLAND,0.0004109101,"[1.0, 1.0, 1.0, 1.0, 1.0, 0.999965]","[0.4248556, 0.47932119, 0.50762814, 0.54895251, 0.56753336, 0.7099461]","[0.00013195, 0.00013195, 0.00013195, 0.00011623, 0.00011623, 0.00013371]","[5.60606e-05, 6.32474e-05, 6.69826e-05, 6.38037e-05, 6.59633e-05, 9.49224e-05]"
1345,Container,65364.0,7,AUCKLAND,0.0003762025,"[1.0, 1.0, 1.0, 1.0, 1.0, 0.999965]","[0.37110301, 0.38853686, 0.45479125, 0.5077492, 0.53709215, 0.70734184]","[0.00013195, 0.00013195, 0.00013195, 0.00011623, 0.00011623, 0.00013371]","[4.89678e-05, 5.12683e-05, 6.00107e-05, 5.90147e-05, 6.24252e-05, 9.45742e-05]"
1346,Container,65364.0,7,AUCKLAND,0.0004037654,"[1.0, 1.0, 1.0, 1.0, 1.0, 0.999965]","[0.41451957, 0.45301639, 0.48538649, 0.53746819, 0.55857435, 0.73237234]","[0.00013195, 0.00013195, 0.00013195, 0.00011623, 0.00011623, 0.00013371]","[5.46967e-05, 5.97765e-05, 6.40478e-05, 6.24689e-05, 6.4922e-05, 9.79208e-05]"
1347,Container,65364.0,7,AUCKLAND,0.000409126,"[1.0, 1.0, 1.0, 1.0, 1.0, 0.999965]","[0.41952057, 0.4610734, 0.4979063, 0.54581128, 0.56396066, 0.73530157]","[0.00013195, 0.00013195, 0.00013195, 0.00011623, 0.00011623, 0.00013371]","[5.53566e-05, 6.08396e-05, 6.56998e-05, 6.34386e-05, 6.55481e-05, 9.83125e-05]"
1351,RoRo,16889.0,5,AUCKLAND,0.0002408508,"[1.0, 1.0, 1.0, 0.999913]","[0.20658288, 0.24935738, 0.51220955, 0.84821818]","[9.591e-05, 0.00013982, 0.00014211, 0.00013371]","[1.9813e-05, 3.48643e-05, 7.27887e-05, 0.000113404]"
1354,RoRo,12200.0,7,AUCKLAND,0.0003342607,"[1.0, 1.0, 1.0, 1.0, 1.0, 0.999862]","[0.23053635, 0.28774078, 0.36231675, 0.43605182, 0.53441796, 0.77638984]","[0.00013195, 0.00013195, 0.00013195, 0.00013195, 0.00013195, 0.00011601]","[3.04198e-05, 3.7968e-05, 4.78085e-05, 5.7538e-05, 7.05176e-05, 9.00543e-05]"
1355,RoRo,12200.0,7,AUCKLAND,0.0003424606,"[1.0, 1.0, 1.0, 1.0, 1.0, 0.999862]","[0.24383277, 0.30497997, 0.37631985, 0.45547474, 0.53281082, 0.77616989]","[0.00013195, 0.00013195, 0.00013195, 0.00013195, 0.00013195, 0.00011601]","[3.21742e-05, 4.02428e-05, 4.96562e-05, 6.01009e-05, 7.03055e-05, 9.00288e-05]"
1356,RoRo,12200.0,7,AUCKLAND,0.0003313098,"[1.0, 1.0, 1.0, 1.0, 1.0, 0.999862]","[0.23324796, 0.29230066, 0.36017546, 0.43395726, 0.51287536, 0.77199631]","[0.00013195, 0.00013195, 0.00013195, 0.00013195, 0.00013195, 0.00011601]","[3.07776e-05, 3.85697e-05, 4.75259e-05, 5.72616e-05, 6.7675e-05, 8.95447e-05]"
1357,RoRo,12200.0,7,AUCKLAND,0.0003334941,"[1.0, 1.0, 1.0, 1.0, 1.0, 0.999862]","[0.230507, 0.29401243, 0.36309439, 0.44022353, 0.51582621, 0.77819705]","[0.00013195, 0.00013195, 0.00013195, 0.00013195, 0.00013195, 0.00011601]","[3.04159e-05, 3.87956e-05, 4.79111e-05, 5.80884e-05, 6.80644e-05, 9.0264e-05]"
1360,RoRo,22271.0,7,AUCKLAND,0.0003171281,"[1.0, 1.0, 1.0, 1.0, 1.0, 1.0]","[0.2235863, 0.27488575, 0.40884107, 0.49291482, 0.59683692, 0.85012006]","[9.591e-05, 9.591e-05, 0.00010419, 0.00012152, 0.00011482, 0.00011567]","[2.14438e-05, 2.63638e-05, 4.25975e-05, 5.98969e-05, 6.85285e-05, 9.83374e-05]"
1373,Tanker,3854.0,5,NEW PLYMOUTH,9.02033e-05,"[1.0, 1.0, 0.999986, 0.99967]","[0.06152764, 0.12750836, 0.26648599, 0.56872945]","[8.787e-05, 8.787e-05, 8.814e-05, 8.814e-05]","[5.4061e-06, 1.12035e-05, 2.34868e-05, 5.01092e-05]"
1374,Tanker,3854.0,6,LYTTELTON,0.0001047337,"[0.999995, 0.999989, 0.99999, 1.0, 0.999891]","[0.02719783, 0.06031878, 0.14299471, 0.28788224, 0.55482616]","[0.00010558, 8.814e-05, 8.814e-05, 8.814e-05, 0.00010558]","[2.8716e-06, 5.3162e-06, 1.26029e-05, 2.53729e-05, 5.85734e-05]"
1387,Container,68038.0,5,AUCKLAND,0.0002771017,"[0.999965, 1.0, 1.0, 0.999965]","[0.41609558, 0.55162562, 0.58563253, 0.71562556]","[0.00013371, 0.00011063, 0.00011063, 0.00013371]","[5.56335e-05, 6.10263e-05, 6.47885e-05, 9.56817e-05]"
1397,Container,68038.0,5,AUCKLAND,0.0002243835,"[0.999902, 0.999998, 1.0, 1.0]","[0.3609243, 0.38697411, 0.54733753, 0.58709231]","[0.00013371, 0.00013088, 0.00011063, 0.00011063]","[4.82538e-05, 5.06466e-05, 6.05519e-05, 6.495e-05]"
1404,Container,13803.0,5,AUCKLAND,0.0001488197,"[1.0, 0.999998, 0.999913, 0.999902]","[0.18165518, 0.27366028, 0.32962733, 0.36534587]","[0.00011063, 0.00013088, 0.00013371, 0.00013371]","[2.00965e-05, 3.58162e-05, 4.40701e-05, 4.8845e-05]"
1414,Bulker,29671.0,6,TAURANGA,0.0001980361,"[1.0, 1.0, 1.0, 1.0, 1.0]","[0.0861505, 0.22120894, 0.37499601, 0.47306512, 0.62722304]","[0.00011553, 0.00011063, 0.00011174, 0.00011063, 0.00011063]","[9.9531e-06, 2.44723e-05, 4.19004e-05, 5.23352e-05, 6.93897e-05]"
1417,Bulker,29671.0,5,NEW PLYMOUTH,0.0001583962,"[1.0, 1.0, 1.0, 1.0]","[0.20620959, 0.43998428, 0.56059724, 0.63010441]","[0.00010536, 8.382e-05, 8.382e-05, 8.382e-05]","[2.17272e-05, 3.68779e-05, 4.69872e-05, 5.2813e-05]"
1420,RoRo,12221.0,7,AUCKLAND,0.0003477529,"[0.999998, 1.0, 1.0, 1.0, 0.999998, 0.999913]","[0.15434742, 0.27346184, 0.35088962, 0.51942644, 0.63903727, 0.76450011]","[0.00013088, 0.00011063, 0.00011063, 0.00013992, 0.00013088, 0.00013371]","[2.02008e-05, 3.02531e-05, 3.88189e-05, 7.26805e-05, 8.36362e-05, 0.0001022111]"
1421,RoRo,12221.0,5,AUCKLAND,0.0002767473,"[1.0, 1.0, 0.999998, 0.999913]","[0.35678068, 0.44607992, 0.65347436, 0.7661264]","[0.00011063, 0.00011063, 0.00013088, 0.00013371]","[3.94706e-05, 4.93498e-05, 8.55257e-05, 0.0001024286]"
1422,RoRo,12221.0,5,AUCKLAND,0.0002335392,"[0.999965, 1.0, 1.0, 0.999965]","[0.26066699, 0.38910349, 0.49209911, 0.75703829]","[0.00013371, 0.00011063, 0.00011063, 0.00013371]","[3.48521e-05, 4.30465e-05, 5.44409e-05, 0.0001012188]"
1423,RoRo,12221.0,7,AUCKLAND,0.0003564109,"[0.999998, 1.0, 1.0, 1.0, 0.999998, 0.999913]","[0.16639579, 0.28214715, 0.36140836, 0.54382615, 0.65215588, 0.76321428]","[0.00013088, 0.00011063, 0.00011063, 0.00013992, 0.00013088, 0.00013371]","[2.17776e-05, 3.12139e-05, 3.99826e-05, 7.60946e-05, 8.53532e-05, 0.0001020392]"
1424,RoRo,12221.0,7,AUCKLAND,0.0003761342,"[1.0, 1.0, 1.0, 0.999998, 0.999913, 0.999965]","[0.23019054, 0.30042154, 0.41461252, 0.54059949, 0.6512221, 0.7603069]","[0.00011063, 0.00011063, 0.00013992, 0.00013088, 0.00013371, 0.00013371]","[2.5466e-05, 3.32356e-05, 5.80145e-05, 7.07528e-05, 8.70662e-05, 0.0001016558]"
1426,General Cargo,18117.0,7,AUCKLAND,0.0004121223,"[1.0, 1.0, 1.0, 1.0, 1.0, 0.999862]","[0.2872391, 0.37148938, 0.47078576, 0.56517292, 0.64792489, 0.88867995]","[0.00013195, 0.00013195, 0.00013195, 0.00013195, 0.00013195, 0.00011601]","[3.79018e-05, 4.90188e-05, 6.21212e-05, 7.45758e-05, 8.54951e-05, 0.000103079]"
1429,RoRo,14906.0,7,AUCKLAND,0.0003908664,"[1.0, 1.0, 1.0, 0.999965, 0.999913, 0.999998]","[0.2469965, 0.30570518, 0.39532269, 0.56692621, 0.67885898, 0.81673817]","[0.00013195, 0.00013195, 0.00011267, 0.00013371, 0.00013371, 0.00013088]","[3.25917e-05, 4.03384e-05, 4.45429e-05, 7.58001e-05, 9.07612e-05, 0.0001068934]"
1430,RoRo,14906.0,7,AUCKLAND,0.0003555533,"[1.0, 1.0, 1.0, 0.999965, 0.999913, 0.999998]","[0.21921112, 0.27115487, 0.34975306, 0.46468939, 0.61982978, 0.81366079]","[0.00013195, 0.00013195, 0.00011267, 0.00013371, 0.00013371, 0.00013088]","[2.89254e-05, 3.57795e-05, 3.94084e-05, 6.21307e-05, 8.28692e-05, 0.0001064907]"
1431,RoRo,14906.0,7,AUCKLAND,0.0003118836,"[1.0, 1.0, 1.0, 0.999965, 0.999913, 0.999998]","[0.18182106, 0.22489365, 0.28444986, 0.40615334, 0.50779803, 0.79470308]","[0.00013195, 0.00013195, 0.00011267, 0.00013371, 0.00013371, 0.00013088]","[2.39917e-05, 2.96752e-05, 3.20503e-05, 5.43042e-05, 6.78909e-05, 0.0001040095]"
1432,RoRo,14906.0,5,AUCKLAND,0.0002791692,"[1.0, 1.0, 1.0, 0.999913]","[0.34491578, 0.43324443, 0.4996175, 0.82718378]","[0.00013195, 0.00013195, 0.00013195, 0.00013371]","[4.55124e-05, 5.71675e-05, 6.59256e-05, 0.0001105917]"
1433,RoRo,14906.0,5,AUCKLAND,0.0002928626,"[1.0, 1.0, 1.0, 1.0]","[0.43034953, 0.54213687, 0.62477909, 0.72892941]","[0.00013195, 0.00013195, 0.00013195, 0.00011267]","[5.67855e-05, 7.15361e-05, 8.24409e-05, 8.2132e-05]"
1435,RoRo,14906.0,6,AUCKLAND,0.0003108472,"[0.999862, 1.0, 1.0, 1.0, 1.0]","[0.28504679, 0.40871671, 0.51430628, 0.59194523, 0.69153832]","[0.00011601, 0.00013195, 0.00013195, 0.00013195, 0.00011267]","[3.30629e-05, 5.3931e-05, 6.78638e-05, 7.81084e-05, 7.79189e-05]"
1436,RoRo,14906.0,7,AUCKLAND,0.0003547944,"[1.0, 1.0, 1.0, 1.0, 1.0, 0.999913]","[0.25045686, 0.31198943, 0.38646856, 0.46135372, 0.55985549, 0.83035382]","[0.00011063, 0.00013195, 0.00013195, 0.00013195, 0.00011267, 0.00013371]","[2.7708e-05, 4.11677e-05, 5.09953e-05, 6.08766e-05, 6.30816e-05, 0.0001110155]"
1437,RoRo,14906.0,6,AUCKLAND,0.0003307364,"[1.0, 1.0, 1.0, 0.999965, 0.999913]","[0.26947411, 0.35180503, 0.41909851, 0.61696255, 0.83029846]","[0.00013195, 0.00013195, 0.00013195, 0.00013371, 0.00013371]","[3.55577e-05, 4.64214e-05, 5.53009e-05, 8.24901e-05, 0.0001110081]"
1438,RoRo,14906.0,7,AUCKLAND,0.00039372,"[1.0, 1.0, 1.0, 1.0, 0.999965, 0.999913]","[0.25688823, 0.33718627, 0.40891922, 0.51365631, 0.7027563, 0.81975203]","[0.00013195, 0.00013195, 0.00013195, 0.00011267, 0.00013371, 0.00013371]","[3.38969e-05, 4.44924e-05, 5.39578e-05, 5.78761e-05, 9.39611e-05, 0.0001095981]"
1439,RoRo,14906.0,7,AUCKLAND,0.0003876138,"[1.0, 1.0, 1.0, 1.0, 0.999965, 0.999913]","[0.24344596, 0.31979116, 0.38716303, 0.48895235, 0.72134688, 0.8281977]","[0.00013195, 0.00013195, 0.00013195, 0.00011267, 0.00013371, 0.00013371]","[3.21232e-05, 4.21971e-05, 5.1087e-05, 5.50926e-05, 9.64467e-05, 0.0001107273]"
1440,RoRo,14906.0,7,AUCKLAND,0.0004115362,"[1.0, 1.0, 1.0, 0.999965, 0.999913, 0.999998]","[0.2739284, 0.33871024, 0.42930044, 0.60217405, 0.71012726, 0.81709216]","[0.00013195, 0.00013195, 0.00011267, 0.00013371, 0.00013371, 0.00013088]","[3.61454e-05, 4.46935e-05, 4.83713e-05, 8.05129e-05, 9.49417e-05, 0.0001069398]"
1441,RoRo,14906.0,7,AUCKLAND,0.0004007955,"[1.0, 1.0, 1.0, 0.999965, 0.999913, 0.999998]","[0.24893539, 0.3273472, 0.39668937, 0.55961825, 0.68505606, 0.81038564]","[0.00013195, 0.00013195, 0.00013195, 0.00013371, 0.00013371, 0.00013088]","[3.28476e-05, 4.31942e-05, 5.2344e-05, 7.4823e-05, 9.15897e-05, 0.000106062]"
1442,RoRo,14906.0,7,AUCKLAND,0.000413541,"[1.0, 1.0, 1.0, 0.999965, 0.999913, 0.999998]","[0.24427679, 0.34735532, 0.42126354, 0.59079671, 0.70606588, 0.81423734]","[0.00013195, 0.00013195, 0.00013195, 0.00013371, 0.00013371, 0.00013088]","[3.22328e-05, 4.58343e-05, 5.55866e-05, 7.89917e-05, 9.43987e-05, 0.0001065661]"
1443,RoRo,14906.0,7,AUCKLAND,0.0003954377,"[1.0, 1.0, 1.0, 0.999965, 0.999913, 0.999998]","[0.23583071, 0.30963454, 0.37707995, 0.55321028, 0.69666174, 0.81496369]","[0.00013195, 0.00013195, 0.00013195, 0.00013371, 0.00013371, 0.00013088]","[3.11184e-05, 4.08569e-05, 4.97565e-05, 7.39662e-05, 9.31414e-05, 0.0001066612]"
1444,RoRo,14906.0,7,AUCKLAND,0.0004053239,"[1.0, 1.0, 1.0, 0.999965, 0.999913, 0.999998]","[0.25099266, 0.32332064, 0.39181276, 0.57699965, 0.70862165, 0.8100683]","[0.00013195, 0.00013195, 0.00013195, 0.00013371, 0.00013371, 0.00013088]","[3.3119e-05, 4.26628e-05, 5.17005e-05, 7.71469e-05, 9.47404e-05, 0.0001060205]"
1445,RoRo,14906.0,7,AUCKLAND,0.0003974827,"[1.0, 1.0, 1.0, 0.999965, 0.999913, 0.999998]","[0.24723881, 0.30581077, 0.38733111, 0.59507199, 0.70651941, 0.81682665]","[0.00013195, 0.00013195, 0.00011267, 0.00013371, 0.00013371, 0.00013088]","[3.26237e-05, 4.03524e-05, 4.36425e-05, 7.95633e-05, 9.44593e-05, 0.000106905]"
1446,RoRo,14906.0,7,AUCKLAND,0.0003996943,"[1.0, 1.0, 1.0, 0.999965, 0.999913, 0.999998]","[0.26573065, 0.32978482, 0.42253607, 0.56793576, 0.68242162, 0.81294915]","[0.00013195, 0.00013195, 0.00011267, 0.00013371, 0.00013371, 0.00013088]","[3.50637e-05, 4.35158e-05, 4.76092e-05, 7.59351e-05, 9.12375e-05, 0.0001063975]"
1447,RoRo,14906.0,7,AUCKLAND,0.0003878709,"[1.0, 1.0, 1.0, 0.999965, 0.999913, 0.999998]","[0.23070657, 0.30326936, 0.36848826, 0.53599595, 0.67961683, 0.81237352]","[0.00013195, 0.00013195, 0.00013195, 0.00013371, 0.00013371, 0.00013088]","[3.04422e-05, 4.0017e-05, 4.86228e-05, 7.16646e-05, 9.08625e-05, 0.0001063222]"
1448,RoRo,14906.0,7,AUCKLAND,0.0002896441,"[1.0, 1.0, 1.0, 1.0, 0.999913, 0.999998]","[0.14954295, 0.19607842, 0.23860679, 0.30504901, 0.53537892, 0.81477356]","[0.00013195, 0.00013195, 0.00013195, 0.00011267, 0.00013371, 0.00013088]","[1.97325e-05, 2.5873e-05, 3.14847e-05, 3.43713e-05, 7.15784e-05, 0.0001066363]"
1450,RoRo,14906.0,7,AUCKLAND,0.0003081232,"[1.0, 1.0, 1.0, 1.0, 1.0, 0.999998]","[0.20074632, 0.25388951, 0.31486465, 0.37304846, 0.44877878, 0.81627548]","[0.00013195, 0.00013195, 0.00013195, 0.00013195, 0.00011267, 0.00013088]","[2.64889e-05, 3.35013e-05, 4.15471e-05, 4.92245e-05, 5.05661e-05, 0.0001068329]"
1451,RoRo,14906.0,5,AUCKLAND,0.0002987176,"[1.0, 1.0, 1.0, 1.0]","[0.42940609, 0.51920213, 0.61253197, 0.70294376]","[0.00013195, 0.00013195, 0.00013195, 0.00013195]","[5.6661e-05, 6.85098e-05, 8.08249e-05, 9.27549e-05]"
1452,RoRo,14906.0,7,AUCKLAND,0.0003926483,"[1.0, 1.0, 1.0, 1.0, 0.999965, 0.999913]","[0.2568928, 0.33094836, 0.40176903, 0.50295778, 0.70738985, 0.82932343]","[0.00013195, 0.00013195, 0.00013195, 0.00011267, 0.00013371, 0.00013371]","[3.38975e-05, 4.36693e-05, 5.30143e-05, 5.66707e-05, 9.45806e-05, 0.0001108778]"
1453,RoRo,14906.0,7,AUCKLAND,0.0003832723,"[1.0, 1.0, 1.0, 1.0, 0.999965, 0.999913]","[0.19759186, 0.25447589, 0.4312618, 0.534709, 0.71465059, 0.83004249]","[0.00013195, 0.00013195, 0.00013195, 0.00011267, 0.00013371, 0.00013371]","[2.60727e-05, 3.35786e-05, 5.69059e-05, 6.02482e-05, 9.55514e-05, 0.0001109739]"
1454,RoRo,14906.0,7,AUCKLAND,0.000383933,"[1.0, 1.0, 1.0, 1.0, 0.999965, 0.999913]","[0.2489362, 0.32794804, 0.39722452, 0.49070518, 0.67280485, 0.82432804]","[0.00013195, 0.00013195, 0.00013195, 0.00011267, 0.00013371, 0.00013371]","[3.28477e-05, 4.32734e-05, 5.24146e-05, 5.52901e-05, 8.99564e-05, 0.0001102099]"
1455,RoRo,14906.0,7,AUCKLAND,0.0004177976,"[1.0, 1.0, 1.0, 0.999965, 0.999913, 0.999998]","[0.28091111, 0.34837605, 0.45073212, 0.60634959, 0.71865454, 0.81673817]","[0.00013195, 0.00013195, 0.00011267, 0.00013371, 0.00013371, 0.00013088]","[3.70668e-05, 4.5969e-05, 5.07862e-05, 8.10711e-05, 9.60817e-05, 0.0001068934]"
1456,RoRo,14906.0,7,AUCKLAND,0.0003901187,"[1.0, 1.0, 1.0, 0.999965, 0.999913, 0.999998]","[0.23577242, 0.30990695, 0.37595858, 0.55406034, 0.67106466, 0.80050563]","[0.00013195, 0.00013195, 0.00013195, 0.00013371, 0.00013371, 0.00013088]","[3.11107e-05, 4.08929e-05, 4.96085e-05, 7.40799e-05, 8.97191e-05, 0.0001047689]"
1457,RoRo,14906.0,7,AUCKLAND,0.0004057304,"[1.0, 1.0, 1.0, 0.999965, 0.999913, 0.999998]","[0.25285684, 0.33312967, 0.40407603, 0.57565981, 0.68435535, 0.81520142]","[0.00013195, 0.00013195, 0.00013195, 0.00013371, 0.00013371, 0.00013088]","[3.3365e-05, 4.39572e-05, 5.33187e-05, 7.69678e-05, 9.1496e-05, 0.0001066923]"
1458,RoRo,14906.0,6,AUCKLAND,0.0003386149,"[1.0, 1.0, 1.0, 0.999965, 0.999913]","[0.27197113, 0.34909926, 0.41479109, 0.67965333, 0.83100452]","[0.00013195, 0.00013195, 0.00013195, 0.00013371, 0.00013371]","[3.58872e-05, 4.60644e-05, 5.47326e-05, 9.08721e-05, 0.0001111025]"
1459,RoRo,14906.0,7,AUCKLAND,0.0004045723,"[1.0, 1.0, 1.0, 0.999965, 0.999913, 0.999998]","[0.24456834, 0.30997747, 0.37566228, 0.59798559, 0.71276637, 0.81486183]","[0.00013195, 0.00013195, 0.00013195, 0.00013371, 0.00013371, 0.00013088]","[3.22713e-05, 4.09022e-05, 4.95694e-05, 7.99528e-05, 9.52945e-05, 0.0001066479]"
1462,RoRo,14906.0,7,AUCKLAND,0.0004162022,"[1.0, 1.0, 1.0, 0.999965, 0.999913, 0.999998]","[0.27288686, 0.34561048, 0.41960749, 0.59127432, 0.69987604, 0.81499765]","[0.00013195, 0.00013195, 0.00013195, 0.00013371, 0.00013371, 0.00013088]","[3.6008e-05, 4.5604e-05, 5.53681e-05, 7.90555e-05, 9.35711e-05, 0.0001066656]"
1463,RoRo,14906.0,7,AUCKLAND,0.000396004,"[1.0, 1.0, 1.0, 0.999965, 0.999913, 0.999998]","[0.25273934, 0.31246087, 0.40143873, 0.57095315, 0.69786484, 0.81461062]","[0.00013195, 0.00013195, 0.00011267, 0.00013371, 0.00013371, 0.00013088]","[3.33495e-05, 4.12299e-05, 4.5232e-05, 7.63385e-05, 9.33022e-05, 0.000106615]"
1466,RoRo,14906.0,7,AUCKLAND,0.0003938523,"[1.0, 1.0, 1.0, 0.999965, 0.999913, 0.999998]","[0.25025483, 0.30992754, 0.39206734, 0.57885637, 0.68825887, 0.81303045]","[0.00013195, 0.00013195, 0.00011267, 0.00013371, 0.00013371, 0.00013088]","[3.30217e-05, 4.08956e-05, 4.41761e-05, 7.73952e-05, 9.20179e-05, 0.0001064082]"
1467,RoRo,14906.0,7,AUCKLAND,0.0003770122,"[1.0, 1.0, 1.0, 0.999965, 0.999913, 0.999998]","[0.22819606, 0.28338459, 0.36753271, 0.5185054, 0.68744189, 0.81692876]","[0.00013195, 0.00013195, 0.00011267, 0.00013371, 0.00013371, 0.00013088]","[3.0111e-05, 3.73932e-05, 4.14117e-05, 6.93261e-05, 9.19087e-05, 0.0001069184]"
1468,RoRo,14906.0,7,AUCKLAND,0.0003820335,"[1.0, 1.0, 1.0, 0.999965, 0.999913, 0.999998]","[0.23776246, 0.29679592, 0.37996608, 0.53206738, 0.68284526, 0.81227874]","[0.00013195, 0.00013195, 0.00011267, 0.00013371, 0.00013371, 0.00013088]","[3.13733e-05, 3.91628e-05, 4.28126e-05, 7.11393e-05, 9.12941e-05, 0.0001063098]"
1469,RoRo,14906.0,7,AUCKLAND,0.0002819529,"[1.0, 1.0, 1.0, 0.999965, 0.999913, 0.999998]","[0.14786629, 0.18304733, 0.23189389, 0.35722356, 0.43093515, 0.81612584]","[0.00013195, 0.00013195, 0.00011267, 0.00013371, 0.00013371, 0.00013088]","[1.95113e-05, 2.41535e-05, 2.61286e-05, 4.77621e-05, 5.76146e-05, 0.0001068133]"
1470,RoRo,14906.0,7,AUCKLAND,0.0003865013,"[1.0, 1.0, 1.0, 1.0, 0.999913, 0.999998]","[0.25245814, 0.3322905, 0.40312617, 0.49917383, 0.69601328, 0.81686749]","[0.00013195, 0.00013195, 0.00013195, 0.00011267, 0.00013371, 0.00013088]","[3.33124e-05, 4.38464e-05, 5.31934e-05, 5.62443e-05, 9.30547e-05, 0.0001069104]"
1471,RoRo,14906.0,5,AUCKLAND,0.0002965325,"[1.0, 1.0, 1.0, 1.0]","[0.43441982, 0.54731501, 0.63115099, 0.74321489]","[0.00013195, 0.00013195, 0.00013195, 0.00011267]","[5.73226e-05, 7.22194e-05, 8.32817e-05, 8.37416e-05]"
1472,RoRo,14906.0,6,AUCKLAND,0.0003331983,"[0.999913, 1.0, 1.0, 1.0, 1.0]","[0.29587461, 0.42800961, 0.53928451, 0.62160946, 0.7457337]","[0.00013371, 0.00013195, 0.00013195, 0.00013195, 0.00011267]","[3.95575e-05, 5.64768e-05, 7.11597e-05, 8.20227e-05, 8.40254e-05]"
1473,RoRo,14906.0,7,AUCKLAND,0.0003790529,"[1.0, 1.0, 1.0, 1.0, 0.999965, 0.999913]","[0.23022563, 0.30368383, 0.37069468, 0.46422439, 0.72129328, 0.83023619]","[0.00013195, 0.00013195, 0.00013195, 0.00011267, 0.00013371, 0.00013371]","[3.03788e-05, 4.00717e-05, 4.89139e-05, 5.23064e-05, 9.64395e-05, 0.0001109998]"
1474,RoRo,14906.0,7,AUCKLAND,0.0004024281,"[1.0, 1.0, 1.0, 1.0, 0.999965, 0.999913]","[0.26590602, 0.34920629, 0.42506621, 0.53741325, 0.70203358, 0.82890888]","[0.00013195, 0.00013195, 0.00013195, 0.00011267, 0.00013371, 0.00013371]","[3.50869e-05, 4.60785e-05, 5.60884e-05, 6.05529e-05, 9.38644e-05, 0.0001108224]"
1475,RoRo,14906.0,7,AUCKLAND,0.0004004686,"[1.0, 1.0, 1.0, 0.999965, 0.999913, 0.999998]","[0.25474707, 0.31489805, 0.40754352, 0.59299508, 0.70180464, 0.81245476]","[0.00013195, 0.00013195, 0.00011267, 0.00013371, 0.00013371, 0.00013088]","[3.36144e-05, 4.15515e-05, 4.59199e-05, 7.92856e-05, 9.38289e-05, 0.0001063328]"
1476,RoRo,14906.0,7,AUCKLAND,0.0003947272,"[1.0, 1.0, 1.0, 0.999965, 0.999913, 0.999998]","[0.22906025, 0.3198586, 0.38727077, 0.55769709, 0.66915392, 0.81929447]","[0.00013195, 0.00013195, 0.00013195, 0.00013371, 0.00013371, 0.00013088]","[3.0225e-05, 4.2206e-05, 5.11012e-05, 7.45661e-05, 8.94637e-05, 0.000107228]"
1477,RoRo,14906.0,7,AUCKLAND,0.0004132126,"[1.0, 1.0, 1.0, 0.999965, 0.999913, 0.999998]","[0.26056248, 0.3356725, 0.40806498, 0.58775553, 0.71411001, 0.81528295]","[0.00013195, 0.00013195, 0.00013195, 0.00013371, 0.00013371, 0.00013088]","[3.43818e-05, 4.42927e-05, 5.3845e-05, 7.8585e-05, 9.54741e-05, 0.000106703]"
1480,Tanker,3854.0,6,NEW PLYMOUTH,0.0001026659,"[0.999993, 0.999982, 1.0, 0.999986, 0.999986]","[0.02419934, 0.06534915, 0.15188668, 0.3456805, 0.56388755]","[0.00014047, 8.814e-05, 8.787e-05, 8.814e-05, 8.814e-05]","[3.3993e-06, 5.7595e-06, 1.33456e-05, 3.04666e-05, 4.96983e-05]"
1481,Tanker,3854.0,7,NEW PLYMOUTH,0.0001173532,"[0.999986, 1.0, 1.0, 0.999861, 0.999989, 0.999987]","[0.0134259, 0.02960664, 0.06856404, 0.1821573, 0.37269031, 0.63302179]","[8.814e-05, 7.706e-05, 8.787e-05, 0.00010558, 8.814e-05, 8.814e-05]","[1.1833e-06, 2.2814e-06, 6.0244e-06, 1.92299e-05, 3.28472e-05, 5.57916e-05]"
1485,Bulker,18849.0,5,NAPIER,0.0002132957,"[1.0, 1.0, 0.999996, 0.999999]","[0.14498106, 0.31149559, 0.56705373, 0.81737072]","[8.382e-05, 8.498e-05, 0.00010558, 0.00014047]","[1.21518e-05, 2.64696e-05, 5.98706e-05, 0.0001148177]"
1493,Container,52216.0,7,TAURANGA,0.000309759,"[1.0, 1.0, 1.0, 1.0, 1.0, 0.999989]","[0.30607116, 0.32848387, 0.34560384, 0.37680552, 0.39551017, 0.66942053]","[0.00013195, 0.00013195, 0.00013195, 0.00011623, 0.00011924, 0.00013371]","[4.03867e-05, 4.33441e-05, 4.56032e-05, 4.37954e-05, 4.71626e-05, 8.95061e-05]"
1494,Container,52216.0,7,AUCKLAND,0.0003274121,"[1.0, 1.0, 1.0, 1.0, 1.0, 0.999965]","[0.30148295, 0.35327262, 0.36980438, 0.4236705, 0.4513819, 0.66711501]","[0.00013195, 0.00013195, 0.00013195, 0.00011623, 0.00011924, 0.00013371]","[3.97813e-05, 4.66151e-05, 4.87965e-05, 4.92424e-05, 5.3825e-05, 8.91957e-05]"
1495,Container,52216.0,7,AUCKLAND,0.0003522718,"[1.0, 1.0, 1.0, 1.0, 1.0, 0.999965]","[0.3392895, 0.37475387, 0.41513953, 0.47616332, 0.49956633, 0.6612426]","[0.00013195, 0.00013195, 0.00013195, 0.00011623, 0.00011924, 0.00013371]","[4.477e-05, 4.94496e-05, 5.47785e-05, 5.53435e-05, 5.95708e-05, 8.84105e-05]"
1496,Container,52216.0,7,AUCKLAND,0.0002984761,"[1.0, 1.0, 1.0, 1.0, 1.0, 0.999965]","[0.30904605, 0.34457334, 0.36254546, 0.39015831, 0.41397407, 0.52142344]","[0.00013195, 0.00013195, 0.00013195, 0.00011623, 0.00011924, 0.00013371]","[4.07793e-05, 4.54672e-05, 4.78386e-05, 4.53473e-05, 4.93643e-05, 6.97162e-05]"
1497,Container,52216.0,7,AUCKLAND,0.000352126,"[1.0, 1.0, 1.0, 1.0, 1.0, 1.0]","[0.3902527, 0.4157543, 0.45661311, 0.48505994, 0.52767334, 0.55661333]","[0.00011623, 0.00013195, 0.00013195, 0.00013195, 0.00011623, 0.00011924]","[4.53583e-05, 5.48597e-05, 6.02511e-05, 6.40047e-05, 6.13304e-05, 6.63733e-05]"
1498,Container,52216.0,7,AUCKLAND,0.0003566433,"[1.0, 1.0, 1.0, 1.0, 1.0, 1.0]","[0.40049709, 0.42604991, 0.45644804, 0.49339587, 0.52975147, 0.56206217]","[0.00011623, 0.00013195, 0.00013195, 0.00013195, 0.00011623, 0.00011924]","[4.6549e-05, 5.62182e-05, 6.02293e-05, 6.51046e-05, 6.1572e-05, 6.70231e-05]"
1499,Container,52216.0,7,AUCKLAND,0.0003424966,"[1.0, 1.0, 1.0, 1.0, 1.0, 1.0]","[0.3805169, 0.41416957, 0.44523271, 0.47062075, 0.50914035, 0.53371525]","[0.00011623, 0.00013195, 0.00013195, 0.00013195, 0.00011623, 0.00011924]","[4.42267e-05, 5.46505e-05, 5.87494e-05, 6.20994e-05, 5.91764e-05, 6.36428e-05]"
1500,Container,52216.0,7,AUCKLAND,0.0003599803,"[1.0, 1.0, 1.0, 1.0, 1.0, 1.0]","[0.41010661, 0.43356217, 0.46724838, 0.49108849, 0.53199638, 0.5607896]","[0.00011623, 0.00013195, 0.00013195, 0.00013195, 0.00011623, 0.00011924]","[4.76659e-05, 5.72094e-05, 6.16544e-05, 6.48002e-05, 6.18329e-05, 6.68713e-05]"
1501,Container,52216.0,7,AUCKLAND,0.0003460239,"[1.0, 1.0, 1.0, 1.0, 1.0, 1.0]","[0.38082355, 0.40462929, 0.4568421, 0.4786631, 0.51807668, 0.54310579]","[0.00011623, 0.00013195, 0.00013195, 0.00013195, 0.00011623, 0.00011924]","[4.42624e-05, 5.33917e-05, 6.02813e-05, 6.31606e-05, 6.0215e-05, 6.47626e-05]"
1502,Container,52216.0,7,AUCKLAND,0.0003409423,"[1.0, 1.0, 1.0, 1.0, 1.0, 1.0]","[0.38990081, 0.43202765, 0.45302637, 0.47346842, 0.51093504, 0.53552405]","[9.871e-05, 0.00013195, 0.00013195, 0.00013195, 0.00011623, 0.00011924]","[3.84871e-05, 5.7007e-05, 5.97778e-05, 6.24752e-05, 5.9385e-05, 6.38585e-05]"
1503,Container,52216.0,7,AUCKLAND,0.0003428254,"[1.0, 1.0, 1.0, 1.0, 1.0, 1.0]","[0.38868248, 0.41416027, 0.44505053, 0.46674146, 0.50725708, 0.53485506]","[0.00011623, 0.00013195, 0.00013195, 0.00013195, 0.00011623, 0.00011924]","[4.51758e-05, 5.46493e-05, 5.87254e-05, 6.15875e-05, 5.89575e-05, 6.37788e-05]"
1504,Container,52216.0,7,AUCKLAND,0.0003392815,"[1.0, 1.0, 1.0, 1.0, 1.0, 1.0]","[0.36713586, 0.39257689, 0.44915151, 0.47138973, 0.51092747, 0.5367527]","[0.00011623, 0.00013195, 0.00013195, 0.00013195, 0.00011623, 0.00011924]","[4.26715e-05, 5.18014e-05, 5.92665e-05, 6.22009e-05, 5.93841e-05, 6.4005e-05]"
1505,Container,52216.0,7,AUCKLAND,0.0003681221,"[1.0, 1.0, 1.0, 1.0, 1.0, 1.0]","[0.39986606, 0.4362793, 0.48201895, 0.5093321, 0.55140295, 0.58061475]","[0.00011623, 0.00013195, 0.00013195, 0.00013195, 0.00011623, 0.00011924]","[4.64757e-05, 5.7568e-05, 6.36034e-05, 6.72074e-05, 6.40885e-05, 6.92354e-05]"
1506,Container,52216.0,7,AUCKLAND,0.0003393167,"[1.0, 1.0, 1.0, 1.0, 1.0, 1.0]","[0.37119089, 0.39611842, 0.44203312, 0.46362861, 0.51623861, 0.54046459]","[0.00011623, 0.00013195, 0.00013195, 0.00013195, 0.00011623, 0.00011924]","[4.31428e-05, 5.22687e-05, 5.83272e-05, 6.11768e-05, 6.00014e-05, 6.44477e-05]"
1507,Container,52216.0,7,AUCKLAND,0.0003613724,"[1.0, 1.0, 1.0, 1.0, 1.0, 1.0]","[0.39690943, 0.42490161, 0.46588594, 0.49855373, 0.54711329, 0.57342613]","[0.00011623, 0.00013195, 0.00013195, 0.00013195, 0.00011623, 0.00011924]","[4.6132e-05, 5.60667e-05, 6.14746e-05, 6.57852e-05, 6.35899e-05, 6.83782e-05]"
1508,Container,52216.0,7,AUCKLAND,0.0003522895,"[1.0, 1.0, 1.0, 1.0, 1.0, 1.0]","[0.34645134, 0.38970491, 0.46244811, 0.50543267, 0.55010307, 0.57863919]","[0.00011623, 0.00013195, 0.00013195, 0.00013195, 0.00011623, 0.00011924]","[4.02674e-05, 5.14224e-05, 6.1021e-05, 6.66929e-05, 6.39374e-05, 6.89998e-05]"
1509,Container,52216.0,7,AUCKLAND,0.0003437687,"[1.0, 1.0, 1.0, 1.0, 1.0, 1.0]","[0.38143123, 0.40718895, 0.44699268, 0.47397361, 0.51460549, 0.54023494]","[0.00011623, 0.00013195, 0.00013195, 0.00013195, 0.00011623, 0.00011924]","[4.4333e-05, 5.37294e-05, 5.89816e-05, 6.25418e-05, 5.98116e-05, 6.44203e-05]"
1510,Container,50567.0,5,TAURANGA,0.0002655802,"[1.0, 1.0, 1.0, 0.999989]","[0.44276349, 0.50123194, 0.52560695, 0.64506489]","[0.00013195, 0.00011623, 0.00011924, 0.00013371]","[5.84236e-05, 5.82572e-05, 6.2676e-05, 8.62496e-05]"
1511,Container,50567.0,7,AUCKLAND,0.0002669869,"[1.0, 1.0, 1.0, 1.0, 1.0, 0.999965]","[0.27008546, 0.29541358, 0.31316833, 0.34207723, 0.36630046, 0.50586386]","[0.00013195, 0.00013195, 0.00013195, 0.00011623, 0.00011924, 0.00013371]","[3.56383e-05, 3.89804e-05, 4.13232e-05, 3.9759e-05, 4.36795e-05, 6.76358e-05]"
1512,Container,50567.0,7,AUCKLAND,0.0003333466,"[1.0, 1.0, 1.0, 1.0, 1.0, 0.999965]","[0.34524199, 0.35984664, 0.37336988, 0.4481669, 0.47095105, 0.6195753]","[0.00013195, 0.00013195, 0.00013195, 0.00011623, 0.00011924, 0.00013371]","[4.55554e-05, 4.74825e-05, 4.92669e-05, 5.20896e-05, 5.61585e-05, 8.28395e-05]"
1514,Container,50567.0,7,AUCKLAND,0.0002817711,"[1.0, 1.0, 1.0, 1.0, 1.0, 1.0]","[0.22387709, 0.33068741, 0.36929814, 0.38843915, 0.45007005, 0.47240779]","[0.00013195, 0.00013195, 0.00013195, 0.00013195, 0.00011623, 0.00011924]","[2.95411e-05, 4.36349e-05, 4.87297e-05, 5.12554e-05, 5.23108e-05, 5.63322e-05]"
1515,Container,50567.0,7,AUCKLAND,0.0003161,"[1.0, 1.0, 1.0, 1.0, 1.0, 1.0]","[0.3474645, 0.36661371, 0.39823664, 0.44701983, 0.47880793, 0.50481528]","[0.00011623, 0.00013195, 0.00013195, 0.00013195, 0.00011623, 0.00011924]","[4.03851e-05, 4.83755e-05, 5.25482e-05, 5.89852e-05, 5.56509e-05, 6.01967e-05]"
1516,Container,50567.0,7,AUCKLAND,0.0003421755,"[1.0, 1.0, 1.0, 1.0, 1.0, 1.0]","[0.38357873, 0.41130742, 0.43635823, 0.46702123, 0.51444048, 0.53984168]","[0.00011623, 0.00013195, 0.00013195, 0.00013195, 0.00011623, 0.00011924]","[4.45826e-05, 5.42729e-05, 5.75784e-05, 6.16244e-05, 5.97924e-05, 6.43734e-05]"
1517,Container,50567.0,7,AUCKLAND,0.0003570002,"[1.0, 1.0, 1.0, 1.0, 1.0, 1.0]","[0.38644295, 0.4282373, 0.46187106, 0.49825154, 0.53532948, 0.55952278]","[0.00011623, 0.00013195, 0.00013195, 0.00013195, 0.00011623, 0.00011924]","[4.49155e-05, 5.65068e-05, 6.09449e-05, 6.57453e-05, 6.22203e-05, 6.67203e-05]"
1518,Container,50567.0,7,AUCKLAND,0.0003753655,"[1.0, 1.0, 1.0, 1.0, 1.0, 1.0]","[0.421442, 0.44887819, 0.48659574, 0.52103746, 0.55734219, 0.58260004]","[0.00011623, 0.00013195, 0.00013195, 0.00013195, 0.00011623, 0.00011924]","[4.89834e-05, 5.92304e-05, 6.42073e-05, 6.8752e-05, 6.47788e-05, 6.94721e-05]"
1519,Container,50567.0,7,AUCKLAND,0.0003315853,"[1.0, 1.0, 1.0, 1.0, 1.0, 1.0]","[0.3688114, 0.40057763, 0.4326603, 0.45305776, 0.49078175, 0.51987717]","[0.00011623, 0.00013195, 0.00013195, 0.00013195, 0.00011623, 0.00011924]","[4.28662e-05, 5.28571e-05, 5.70904e-05, 5.97819e-05, 5.70426e-05, 6.19927e-05]"
1520,Container,50567.0,7,AUCKLAND,0.0003764857,"[1.0, 1.0, 1.0, 1.0, 1.0, 1.0]","[0.4299136, 0.45573838, 0.49031363, 0.51406881, 0.55087701, 0.58604754]","[0.00011623, 0.00013195, 0.00013195, 0.00013195, 0.00011623, 0.00011924]","[4.9968e-05, 6.01356e-05, 6.46979e-05, 6.78325e-05, 6.40274e-05, 6.98832e-05]"
1521,Container,50567.0,7,AUCKLAND,0.000366379,"[1.0, 1.0, 1.0, 1.0, 1.0, 1.0]","[0.41250435, 0.44092415, 0.47740708, 0.49971765, 0.54486495, 0.57064991]","[0.00011623, 0.00013195, 0.00013195, 0.00013195, 0.00011623, 0.00011924]","[4.79446e-05, 5.81809e-05, 6.29949e-05, 6.59388e-05, 6.33286e-05, 6.80471e-05]"
1522,Container,50567.0,7,AUCKLAND,0.0003275192,"[1.0, 1.0, 1.0, 1.0, 1.0, 1.0]","[0.35753924, 0.38623304, 0.42746427, 0.45113207, 0.49109291, 0.52020653]","[0.00011623, 0.00013195, 0.00013195, 0.00013195, 0.00011623, 0.00011924]","[4.15561e-05, 5.09643e-05, 5.64048e-05, 5.95278e-05, 5.70788e-05, 6.2032e-05]"
1523,Container,50567.0,7,AUCKLAND,0.0003479955,"[1.0, 1.0, 1.0, 1.0, 1.0, 1.0]","[0.38428358, 0.4089703, 0.45131545, 0.48395183, 0.52259339, 0.54732945]","[0.00011623, 0.00013195, 0.00013195, 0.00013195, 0.00011623, 0.00011924]","[4.46645e-05, 5.39645e-05, 5.9552e-05, 6.38585e-05, 6.074e-05, 6.52663e-05]"
1524,Container,50567.0,7,AUCKLAND,0.0003756504,"[1.0, 1.0, 1.0, 1.0, 1.0, 1.0]","[0.43005065, 0.4567049, 0.48447052, 0.51022866, 0.55190155, 0.58755366]","[0.00011623, 0.00013195, 0.00013195, 0.00013195, 0.00011623, 0.00011924]","[4.9984e-05, 6.02632e-05, 6.39269e-05, 6.73258e-05, 6.41464e-05, 7.00628e-05]"
1525,Container,50567.0,7,AUCKLAND,0.0003508114,"[1.0, 1.0, 1.0, 1.0, 1.0, 1.0]","[0.38286029, 0.40663036, 0.45174461, 0.47580806, 0.52775317, 0.57843484]","[0.00011623, 0.00013195, 0.00013195, 0.00013195, 0.00011623, 0.00011924]","[4.44991e-05, 5.36557e-05, 5.96087e-05, 6.27839e-05, 6.13397e-05, 6.89754e-05]"
1526,Container,50567.0,7,AUCKLAND,0.0003590249,"[1.0, 1.0, 1.0, 1.0, 1.0, 1.0]","[0.3989464, 0.42387343, 0.46934553, 0.49248401, 0.53822309, 0.56444009]","[0.00011623, 0.00013195, 0.00013195, 0.00013195, 0.00011623, 0.00011924]","[4.63688e-05, 5.5931e-05, 6.19311e-05, 6.49843e-05, 6.25566e-05, 6.73066e-05]"
1527,Container,50567.0,7,AUCKLAND,0.0003311891,"[1.0, 1.0, 1.0, 1.0, 1.0, 1.0]","[0.36977961, 0.40141759, 0.42229956, 0.43892952, 0.47537124, 0.50803952]","[0.00013195, 0.00013195, 0.00013195, 0.00013195, 0.00011623, 0.00011924]","[4.87932e-05, 5.29679e-05, 5.57233e-05, 5.79177e-05, 5.52515e-05, 6.05811e-05]"
1531,Bulker,56026.0,5,WELLINGTON,0.0001674422,"[1.0, 1.0, 1.0, 1.0]","[0.20499955, 0.35650495, 0.4448102, 0.66889155]","[8.288e-05, 8.382e-05, 8.864e-05, 0.00012132]","[1.69911e-05, 2.98809e-05, 3.94265e-05, 8.11531e-05]"
1534,Bulker,55922.0,6,NAPIER,0.0001995536,"[1.0, 1.0, 1.0, 1.0, 0.999983]","[0.10523522, 0.23706871, 0.44436463, 0.51260081, 0.87385426]","[7.916e-05, 7.916e-05, 8.382e-05, 8.382e-05, 0.00010558]","[8.3302e-06, 1.8766e-05, 3.7245e-05, 4.29643e-05, 9.22619e-05]"
1536,RoRo,30137.0,7,AUCKLAND,0.0003625396,"[1.0, 1.0, 1.0, 1.0, 1.0, 1.0]","[0.24052077, 0.38167376, 0.45353701, 0.56514992, 0.64955098, 0.8683852]","[9.591e-05, 0.00010419, 0.00012152, 0.00011482, 0.00012209, 0.00011567]","[2.30679e-05, 3.97669e-05, 5.51119e-05, 6.48902e-05, 7.93052e-05, 0.0001004502]"
1537,RoRo,30137.0,7,AUCKLAND,0.0003229245,"[1.0, 1.0, 1.0, 1.0, 1.0, 1.0]","[0.24820725, 0.29867853, 0.44235685, 0.53718507, 0.63616234, 0.7052498]","[9.591e-05, 9.591e-05, 0.00010419, 0.00012152, 0.00011482, 0.00012209]","[2.38051e-05, 2.86458e-05, 4.60895e-05, 6.52765e-05, 7.30439e-05, 8.61056e-05]"
1541,RoRo,15068.0,6,AUCKLAND,0.0003609958,"[1.0, 1.0, 1.0, 0.999913, 0.999998]","[0.34574413, 0.41885103, 0.52680262, 0.7068673, 0.81215321]","[0.00013195, 0.00013195, 0.00011267, 0.00013371, 0.00013088]","[4.56217e-05, 5.52683e-05, 5.93574e-05, 9.45058e-05, 0.0001062934]"
1543,RoRo,15068.0,7,NELSON,0.0003483686,"[1.0, 1.0, 1.0, 0.999986, 0.999848, 0.999991]","[0.27018858, 0.33401326, 0.42932727, 0.57530375, 0.67560523, 0.82576123]","[0.00010536, 0.00010536, 8.548e-05, 0.00010558, 0.00010558, 0.00014047]","[2.84683e-05, 3.51932e-05, 3.66975e-05, 6.0741e-05, 7.1321e-05, 0.0001159954]"
1544,RoRo,15068.0,5,AUCKLAND,0.0002935872,"[1.0, 1.0, 1.0, 1.0]","[0.40402253, 0.50840718, 0.6202148, 0.69255016]","[0.00013195, 0.00013195, 0.00013195, 0.00013195]","[5.33116e-05, 6.70854e-05, 8.18387e-05, 9.13835e-05]"
1546,RoRo,15068.0,7,AUCKLAND,0.0003791677,"[1.0, 1.0, 1.0, 1.0, 1.0, 0.999862]","[0.23853245, 0.33726724, 0.42854932, 0.52797961, 0.61216735, 0.82985197]","[0.00013195, 0.00013195, 0.00013195, 0.00013195, 0.00013195, 0.00011601]","[3.14749e-05, 4.45031e-05, 5.6548e-05, 6.9668e-05, 8.07768e-05, 9.62555e-05]"
1547,RoRo,15068.0,7,AUCKLAND,0.0003124204,"[1.0, 1.0, 1.0, 0.999965, 0.999913, 0.999998]","[0.16047397, 0.20141599, 0.25653066, 0.41225455, 0.55970228, 0.80877628]","[0.00013195, 0.00013195, 0.00011267, 0.00013371, 0.00013371, 0.00013088]","[2.11749e-05, 2.65773e-05, 2.89045e-05, 5.51199e-05, 7.48303e-05, 0.0001058514]"
1549,RoRo,15068.0,6,AUCKLAND,0.0002323798,"[1.0, 1.0, 1.0, 1.0, 0.999913]","[0.17517538, 0.22214794, 0.26227366, 0.32291534, 0.81512298]","[0.00013195, 0.00013195, 0.00013195, 0.00011267, 0.00013371]","[2.31148e-05, 2.93129e-05, 3.46076e-05, 3.63844e-05, 0.0001089792]"
1550,RoRo,15068.0,7,AUCKLAND,0.0003622573,"[1.0, 1.0, 1.0, 1.0, 1.0, 0.999965]","[0.23944315, 0.30892657, 0.39847775, 0.47478335, 0.57969278, 0.81827408]","[0.00013195, 0.00013195, 0.00013195, 0.00013195, 0.00011267, 0.00013371]","[3.1595e-05, 4.07635e-05, 5.258e-05, 6.26487e-05, 6.53168e-05, 0.0001094062]"
1551,RoRo,15068.0,7,AUCKLAND,0.0003175725,"[1.0, 1.0, 1.0, 1.0, 0.999913, 0.999965]","[0.18140401, 0.23412415, 0.28404691, 0.35853787, 0.56261992, 0.82034283]","[0.00013195, 0.00013195, 0.00013195, 0.00011267, 0.00013371, 0.00013371]","[2.39366e-05, 3.08932e-05, 3.74806e-05, 4.03982e-05, 7.52204e-05, 0.0001096828]"
1552,RoRo,15068.0,7,AUCKLAND,0.0003231828,"[1.0, 0.999965, 0.999913, 1.0, 1.0, 1.0]","[0.15051396, 0.21955635, 0.28531453, 0.51120532, 0.61263799, 0.6856306]","[0.00011267, 0.00013371, 0.00013371, 0.00013195, 0.00013195, 0.00013195]","[1.69591e-05, 2.93555e-05, 3.81456e-05, 6.74546e-05, 8.08389e-05, 9.04704e-05]"
1553,RoRo,15068.0,7,AUCKLAND,0.0003554522,"[1.0, 1.0, 1.0, 1.0, 1.0, 1.0]","[0.26061579, 0.33759264, 0.41701455, 0.52488038, 0.61583657, 0.68894676]","[9.871e-05, 9.871e-05, 0.00013195, 0.00013195, 0.00013195, 0.00013195]","[2.57254e-05, 3.33238e-05, 5.5026e-05, 6.92591e-05, 8.12609e-05, 9.0908e-05]"
1554,RoRo,15068.0,5,AUCKLAND,0.0002943158,"[1.0, 1.0, 1.0, 1.0]","[0.44496615, 0.53848593, 0.62068919, 0.73377737]","[0.00013195, 0.00013195, 0.00013195, 0.00011267]","[5.87142e-05, 7.10544e-05, 8.19013e-05, 8.26782e-05]"
1560,RoRo,21053.0,7,LYTTELTON,0.0002940977,"[1.0, 1.0, 1.0, 0.999991, 0.999915, 0.999995]","[0.16765451, 0.22353133, 0.27105523, 0.54155834, 0.71427821, 0.79244351]","[8.906e-05, 8.906e-05, 8.906e-05, 0.00014047, 0.00010558, 0.00010558]","[1.4932e-05, 1.99086e-05, 2.41413e-05, 7.60731e-05, 7.54087e-05, 8.36675e-05]"
1561,RoRo,21053.0,7,AUCKLAND,0.0002996665,"[1.0, 1.0, 1.0, 1.0, 1.0, 1.0]","[0.21343933, 0.26640817, 0.40449721, 0.49097611, 0.59968734, 0.67996833]","[9.591e-05, 9.591e-05, 0.00010419, 0.00012152, 0.00011482, 0.00012209]","[2.04706e-05, 2.55508e-05, 4.21449e-05, 5.96613e-05, 6.88558e-05, 8.30189e-05]"
1562,Bulker,32741.0,6,AUCKLAND,0.0003225773,"[0.999965, 1.0, 1.0, 0.999998, 0.999965]","[0.11071065, 0.31336821, 0.59454125, 0.80897032, 0.90438557]","[0.00013371, 0.00010291, 0.00010291, 0.00011553, 0.00013371]","[1.48024e-05, 3.22483e-05, 6.11834e-05, 9.34614e-05, 0.0001209196]"
1563,Bulker,32741.0,7,AUCKLAND,0.0002899927,"[1.0, 1.0, 1.0, 1.0, 1.0, 0.999965]","[0.05296664, 0.12801419, 0.26764527, 0.45482039, 0.56750115, 0.90924458]","[0.00011063, 0.00011063, 0.00011063, 0.00011623, 0.00011623, 0.00013371]","[5.8597e-06, 1.41622e-05, 2.96096e-05, 5.28629e-05, 6.59596e-05, 0.0001215693]"
1564,Bulker,32561.0,7,NELSON,0.0003753509,"[1.0, 0.999864, 0.999848, 1.0, 0.999993, 0.999991]","[0.05180685, 0.1302338, 0.30399713, 0.63341537, 0.83418631, 0.88810369]","[8.776e-05, 0.00010558, 0.00010558, 0.00013117, 0.00014047, 0.00014047]","[4.5465e-06, 1.37485e-05, 3.20918e-05, 8.3084e-05, 0.0001171791, 0.0001247527]"
1566,Bulker,32816.0,7,AUCKLAND,0.0003179702,"[1.0, 1.0, 1.0, 1.0, 0.999998, 1.0]","[0.04090124, 0.09588895, 0.24498303, 0.42675628, 0.74003192, 0.85054816]","[9.871e-05, 9.871e-05, 0.00013195, 0.00013195, 0.00013088, 0.00013992]","[4.0374e-06, 9.4652e-06, 3.2326e-05, 5.63114e-05, 9.68542e-05, 0.0001190126]"
1569,Bulker,32816.0,6,TAURANGA,0.0003082811,"[1.0, 1.0, 1.0, 0.999999, 1.0]","[0.09917455, 0.20665261, 0.38648504, 0.7586537, 0.84096303]","[0.00013195, 0.00013195, 0.00013195, 0.00013088, 0.00013992]","[1.30863e-05, 2.72682e-05, 5.09975e-05, 9.92915e-05, 0.0001176714]"
1570,Bulker,32816.0,5,TAURANGA,0.0002320256,"[1.0, 1.0, 1.0, 0.999968]","[0.20038255, 0.32713586, 0.44564028, 0.90624168]","[9.871e-05, 9.871e-05, 0.00013195, 0.00013371]","[1.97798e-05, 3.22916e-05, 5.88032e-05, 0.0001211681]"
1571,Bulker,32816.0,5,TAURANGA,0.0002832665,"[1.0, 1.0, 1.0, 1.0]","[0.18495154, 0.37674241, 0.70408828, 0.83477678]","[9.871e-05, 0.00013195, 0.00013992, 0.00013992]","[1.82566e-05, 4.9712e-05, 9.85193e-05, 0.0001168058]"
1583,Bulker,33527.0,6,GISBORNE,0.0003069512,"[1.0, 1.0, 1.0, 1.0, 0.99999]","[0.08384061, 0.23031693, 0.57598052, 0.78160199, 0.87366003]","[0.00013092, 9.704e-05, 0.00011553, 0.00011553, 0.00013371]","[1.09764e-05, 2.23505e-05, 6.65439e-05, 9.02997e-05, 0.0001168144]"
1591,RoRo,18864.0,7,AUCKLAND,0.000460752,"[1.0, 1.0, 1.0, 1.0, 0.999998, 0.999913]","[0.30064931, 0.39435356, 0.52666344, 0.64335781, 0.7859199, 0.87791903]","[0.00011063, 0.00011063, 0.00013992, 0.00013992, 0.00013088, 0.00013371]","[3.32608e-05, 4.36273e-05, 7.36932e-05, 9.00216e-05, 0.00010286, 0.0001173749]"
1593,RoRo,18867.0,7,AUCKLAND,0.0004542091,"[1.0, 1.0, 1.0, 0.999998, 0.999913, 0.999965]","[0.32118709, 0.38927111, 0.49137824, 0.59375289, 0.70268309, 0.85615623]","[0.00013992, 0.00013992, 0.00013992, 0.00013088, 0.00013371, 0.00013371]","[4.4942e-05, 5.44686e-05, 6.87559e-05, 7.77095e-05, 9.39464e-05, 0.0001144712]"
1594,RoRo,18867.0,7,AUCKLAND,0.0004171868,"[1.0, 1.0, 1.0, 1.0, 1.0, 0.999862]","[0.29814261, 0.36926454, 0.46927456, 0.58772917, 0.66272487, 0.88170824]","[0.00013195, 0.00013195, 0.00013195, 0.00013195, 0.00013195, 0.00011601]","[3.93405e-05, 4.87252e-05, 6.19218e-05, 7.75521e-05, 8.74479e-05, 0.0001022703]"
1597,RoRo,18865.0,7,AUCKLAND,0.000434687,"[1.0, 1.0, 1.0, 1.0, 1.0, 0.999965]","[0.28327397, 0.36206353, 0.48880691, 0.57669406, 0.69569978, 0.87457669]","[0.00011063, 0.00011063, 0.00013992, 0.00013992, 0.00013992, 0.00013371]","[3.13386e-05, 4.00551e-05, 6.83961e-05, 8.06937e-05, 9.73455e-05, 0.0001169341]"
1599,RoRo,18864.0,7,AUCKLAND,0.0004279523,"[1.0, 1.0, 1.0, 1.0, 1.0, 0.999862]","[0.33489195, 0.4079858, 0.49618461, 0.57393297, 0.65803287, 0.87911968]","[0.00013195, 0.00013195, 0.00013195, 0.00013195, 0.00013195, 0.00011601]","[4.41897e-05, 5.38346e-05, 6.54726e-05, 7.57317e-05, 8.68288e-05, 0.0001019701]"
1600,RoRo,18864.0,7,AUCKLAND,0.0004595235,"[1.0, 1.0, 1.0, 1.0, 1.0, 0.999965]","[0.29567755, 0.3740553, 0.5366662, 0.63170035, 0.75151643, 0.87415209]","[0.00011063, 0.00011063, 0.00013992, 0.00013992, 0.00013992, 0.00013371]","[3.27108e-05, 4.13817e-05, 7.50928e-05, 8.83904e-05, 0.0001051556, 0.0001168773]"
1602,RoRo,18858.0,6,AUCKLAND,0.0003808076,"[1.0, 1.0, 1.0, 1.0, 0.999965]","[0.32216972, 0.39900274, 0.60163942, 0.72603499, 0.86239695]","[0.00011063, 0.00011063, 0.00013992, 0.00013992, 0.00013371]","[3.56416e-05, 4.41417e-05, 8.41841e-05, 0.0001015901, 0.0001153056]"
1604,RoRo,18855.0,7,AUCKLAND,0.0004693952,"[1.0, 1.0, 1.0, 1.0, 0.999998, 0.999913]","[0.3113907, 0.43684917, 0.52209753, 0.64107652, 0.74202344, 0.8529638]","[0.00011063, 0.00013992, 0.00013992, 0.00013992, 0.00013088, 0.00013371]","[3.44491e-05, 6.11259e-05, 7.30543e-05, 8.97024e-05, 9.71149e-05, 0.0001140384]"
1605,RoRo,18855.0,7,AUCKLAND,0.0003674777,"[1.0, 1.0, 1.0, 1.0, 1.0, 0.999913]","[0.22196942, 0.28817304, 0.38555525, 0.45580676, 0.54379496, 0.87718429]","[0.00011063, 0.00011063, 0.00013992, 0.00013992, 0.00013992, 0.00013371]","[2.45565e-05, 3.18806e-05, 5.39487e-05, 6.37786e-05, 7.60903e-05, 0.0001172766]"
1607,RoRo,18262.0,7,AUCKLAND,0.0004322958,"[1.0, 1.0, 1.0, 1.0, 1.0, 0.999862]","[0.3370476, 0.42264528, 0.50093084, 0.58628391, 0.66190642, 0.87359536]","[0.00013195, 0.00013195, 0.00013195, 0.00013195, 0.00013195, 0.00011601]","[4.44741e-05, 5.57689e-05, 6.60989e-05, 7.73614e-05, 8.734e-05, 0.0001013293]"
1610,Container,39357.0,7,AUCKLAND,0.000299972,"[1.0, 1.0, 1.0, 1.0, 1.0, 0.999965]","[0.24535077, 0.33843457, 0.37510345, 0.42146351, 0.47201754, 0.60462942]","[9.704e-05, 0.00013195, 0.00013195, 0.00011623, 0.00011063, 0.00013371]","[2.38095e-05, 4.46572e-05, 4.94957e-05, 4.89859e-05, 5.22193e-05, 8.08411e-05]"
1612,Container,39337.0,6,NELSON,0.0002285209,"[1.0, 1.0, 1.0, 0.999991, 0.999847]","[0.19195656, 0.39665485, 0.41494688, 0.5641071, 0.61791265]","[8.358e-05, 8.382e-05, 8.382e-05, 0.00014047, 0.00010558]","[1.60438e-05, 3.32461e-05, 3.47793e-05, 7.92406e-05, 6.52306e-05]"
1614,RoRo,27100.0,6,AUCKLAND,0.0003154162,"[1.0, 1.0, 0.643148, 0.999998, 0.999913]","[0.2425889, 0.29659882, 0.35515147, 0.76673789, 0.91262972]","[0.00010419, 0.00012152, 0.00013909, 0.00013088, 0.00013371]","[2.52755e-05, 3.60414e-05, 3.177e-05, 0.0001003495, 0.0001220156]"
1625,Container,39446.0,7,AUCKLAND,0.0003298725,"[1.0, 1.0, 1.0, 1.0, 0.999965, 0.999902]","[0.33554758, 0.36884327, 0.40240548, 0.44547525, 0.56442266, 0.6187496]","[0.00011063, 0.00011063, 0.00011063, 0.00011063, 0.00013371, 0.00013371]","[3.71216e-05, 4.08051e-05, 4.45181e-05, 4.92829e-05, 7.54654e-05, 8.27238e-05]"
1658,Tanker,45791.0,6,NEW PLYMOUTH,0.0001917004,"[0.999982, 0.99967, 1.0, 1.0, 1.0]","[0.01547843, 0.06942825, 0.33698026, 0.58117276, 0.67679739]","[8.814e-05, 8.814e-05, 0.00012132, 0.00010536, 0.00012132]","[1.3642e-06, 6.1171e-06, 4.0884e-05, 6.12351e-05, 8.21122e-05]"
1661,Tanker,45886.0,5,LYTTELTON,0.0001359557,"[1.0, 1.0, 1.0, 1.0]","[0.09901383, 0.34673615, 0.54986156, 0.67635761]","[8.382e-05, 7.916e-05, 7.916e-05, 8.382e-05]","[8.299e-06, 2.74471e-05, 4.35261e-05, 5.66898e-05]"
1664,Tanker,45800.0,7,LYTTELTON,0.0001295936,"[1.0, 1.0, 1.0, 1.0, 1.0, 1.0]","[0.0040657, 0.01908723, 0.08465022, 0.29573172, 0.47202358, 0.67067206]","[8.382e-05, 8.382e-05, 8.382e-05, 8.382e-05, 8.382e-05, 8.382e-05]","[3.408e-07, 1.5998e-06, 7.0951e-06, 2.47871e-05, 3.95633e-05, 5.62133e-05]"
1667,Container,23482.0,7,TIMARU,0.0001919876,"[1.0, 1.0, 1.0, 1.0, 1.0, 0.999811]","[0.24890619, 0.26304816, 0.27779442, 0.3107683, 0.35143741, 0.45686784]","[0.00010536, 0.00010536, 0.00010536, 0.00010536, 7.916e-05, 0.00010558]","[2.62259e-05, 2.7716e-05, 2.92697e-05, 3.2744e-05, 2.78192e-05, 4.8228e-05]"
1671,Container,48109.0,7,AUCKLAND,0.0003417492,"[1.0, 1.0, 1.0, 1.0, 0.999965, 0.999902]","[0.3316139, 0.37574422, 0.42299785, 0.45199945, 0.57750838, 0.66588937]","[0.00011063, 0.00011063, 0.00011063, 0.00011174, 0.00013371, 0.00013371]","[3.66864e-05, 4.15686e-05, 4.67962e-05, 5.05044e-05, 7.7215e-05, 8.90262e-05]"
1672,Container,48109.0,7,AUCKLAND,0.0003535409,"[1.0, 1.0, 1.0, 1.0, 0.999902, 0.999998]","[0.34398983, 0.36244484, 0.41056223, 0.43532616, 0.58202934, 0.62694378]","[0.00011623, 0.00011623, 0.00013195, 0.00013195, 0.00013371, 0.00013088]","[3.99813e-05, 4.21263e-05, 5.41746e-05, 5.74422e-05, 7.78145e-05, 8.20534e-05]"
1676,Container,28170.0,7,AUCKLAND,0.0003095609,"[1.0, 1.0, 0.999965, 0.999998, 0.999991, 0.999902]","[0.31179777, 0.35529485, 0.38556939, 0.43196441, 0.46147532, 0.50848814]","[0.00010291, 0.00011553, 0.00013371, 0.00013088, 0.00013088, 0.00013371]","[3.20867e-05, 4.10478e-05, 5.1552e-05, 5.65348e-05, 6.03967e-05, 6.79824e-05]"
1687,Container,80115.0,5,TAURANGA,0.0002763263,"[1.0, 1.0, 1.0, 0.999965]","[0.49964804, 0.51967479, 0.55062421, 0.76790054]","[0.00011063, 0.00011063, 0.00011063, 0.00013371]","[5.5276e-05, 5.74916e-05, 6.09155e-05, 0.000102671]"
1691,Container,80115.0,5,TAURANGA,0.0002946623,"[1.0, 1.0, 0.999989, 0.999965]","[0.46473361, 0.49159254, 0.67390421, 0.73887362]","[0.00011063, 0.00011063, 0.00013371, 0.00013371]","[5.14135e-05, 5.43849e-05, 9.01056e-05, 9.879e-05]"
1692,Container,80115.0,5,NAPIER,0.0002293677,"[1.0, 1.0, 1.0, 0.999982]","[0.45681901, 0.52411667, 0.55626288, 0.74742594]","[0.00013117, 8.382e-05, 8.382e-05, 0.00010558]","[5.99202e-05, 4.39295e-05, 4.66239e-05, 7.89134e-05]"
1702,Container,80225.0,7,TAURANGA,0.0003684971,"[1.0, 1.0, 1.0, 1.0, 1.0, 0.999965]","[0.39923554, 0.42924557, 0.46374917, 0.53413918, 0.57394838, 0.75098567]","[0.00011063, 0.00011063, 0.00011623, 0.00011063, 0.00011063, 0.00013371]","[4.41674e-05, 4.74874e-05, 5.39007e-05, 5.90918e-05, 6.34959e-05, 0.0001004094]"
1706,Container,80225.0,6,TAURANGA,0.0003466437,"[1.0, 1.0, 1.0, 0.999989, 0.999965]","[0.45418123, 0.47216163, 0.49758465, 0.64452033, 0.77024725]","[0.00011063, 0.00011063, 0.00011063, 0.00013371, 0.00013371]","[5.02461e-05, 5.22352e-05, 5.50478e-05, 8.61768e-05, 0.0001029848]"
1712,Container,80225.0,5,TAURANGA,0.0002768405,"[0.999999, 1.0, 1.0, 0.999965]","[0.4043838, 0.54182923, 0.58133783, 0.74558557]","[0.00013088, 0.00011063, 0.00011063, 0.00013371]","[5.29252e-05, 5.99426e-05, 6.43134e-05, 9.96874e-05]"
1713,Container,80225.0,5,TAURANGA,0.0002795652,"[1.0, 1.0, 1.0, 0.999965]","[0.51421633, 0.5346367, 0.56930671, 0.75223836]","[0.00011063, 0.00011063, 0.00011063, 0.00013371]","[5.68877e-05, 5.91468e-05, 6.29824e-05, 0.0001005769]"
1716,Container,80225.0,5,TAURANGA,0.0002647419,"[1.0, 1.0, 1.0, 0.999965]","[0.47058439, 0.49337619, 0.52768788, 0.74602684]","[0.00011063, 0.00011063, 0.00011063, 0.00013371]","[5.20607e-05, 5.45822e-05, 5.83781e-05, 9.97464e-05]"
1721,Container,80225.0,5,TAURANGA,0.0002788493,"[0.999999, 1.0, 1.0, 0.999965]","[0.4048372, 0.5379209, 0.57225018, 0.77092152]","[0.00013088, 0.00011063, 0.00011063, 0.00013371]","[5.29845e-05, 5.95102e-05, 6.3308e-05, 0.0001030749]"
1728,Container,80293.0,5,LYTTELTON,0.0002477719,"[1.0, 1.0, 0.999995, 0.999891]","[0.53044127, 0.56105838, 0.70545048, 0.77508539]","[8.382e-05, 8.382e-05, 0.00010558, 0.00010558]","[4.44596e-05, 4.70258e-05, 7.44826e-05, 8.18263e-05]"
1729,Container,80293.0,5,TAURANGA,0.0001916476,"[1.0, 1.0, 1.0, 0.999965]","[0.28452261, 0.31970526, 0.3439969, 0.58654919]","[0.00013992, 0.00011063, 0.00011063, 0.00013371]","[3.98117e-05, 3.5369e-05, 3.80564e-05, 7.84237e-05]"
1732,Container,80293.0,5,TAURANGA,0.0002820008,"[1.0, 1.0, 1.0, 0.999965]","[0.51603472, 0.53818906, 0.55946633, 0.77415584]","[0.00011063, 0.00011063, 0.00011063, 0.00013371]","[5.70889e-05, 5.95398e-05, 6.18937e-05, 0.0001035074]"
1735,Container,80293.0,5,TAURANGA,0.0002790404,"[0.999999, 1.0, 1.0, 0.999965]","[0.40719101, 0.54075467, 0.58029177, 0.76104935]","[0.00013088, 0.00011063, 0.00011063, 0.00013371]","[5.32926e-05, 5.98237e-05, 6.41977e-05, 0.000101755]"
1736,Container,80293.0,5,TAURANGA,0.0002834165,"[1.0, 1.0, 1.0, 0.999965]","[0.5187724, 0.54560794, 0.57942064, 0.75983264]","[0.00011063, 0.00011063, 0.00011063, 0.00013371]","[5.73918e-05, 6.03606e-05, 6.41013e-05, 0.0001015923]"
1740,Container,41350.0,5,TAURANGA,0.0002044299,"[1.0, 1.0, 1.0, 1.0]","[0.36359297, 0.40534176, 0.46600184, 0.49480287]","[0.00010419, 0.00012152, 0.00012209, 0.00012209]","[3.78831e-05, 4.92554e-05, 5.68953e-05, 6.04116e-05]"
1746,Container,41350.0,7,TAURANGA,0.0002740678,"[1.0, 1.0, 1.0, 1.0, 1.0, 1.0]","[0.29098097, 0.33700812, 0.36472574, 0.42063531, 0.45320442, 0.47198291]","[0.00011482, 0.00010419, 0.00012152, 0.00011482, 0.00012209, 0.00012209]","[3.34103e-05, 3.51132e-05, 4.43199e-05, 4.82971e-05, 5.53328e-05, 5.76255e-05]"
1748,Container,41350.0,7,TAURANGA,0.0002721046,"[1.0, 1.0, 1.0, 1.0, 1.0, 0.999965]","[0.25708849, 0.29659434, 0.3220872, 0.37381893, 0.40277208, 0.60191091]","[0.00011482, 0.00010419, 0.00012152, 0.00011482, 0.00012209, 0.00013371]","[2.95188e-05, 3.09024e-05, 3.91387e-05, 4.29217e-05, 4.91754e-05, 8.04776e-05]"
1750,Container,41350.0,7,TAURANGA,0.0002904317,"[1.0, 1.0, 1.0, 1.0, 1.0, 1.0]","[0.32820553, 0.36047347, 0.41600039, 0.42927796, 0.45320369, 0.49208892]","[0.00010419, 0.00012152, 0.00011482, 0.00011482, 0.00012209, 0.00012209]","[3.4196e-05, 4.38032e-05, 4.7765e-05, 4.92895e-05, 5.53327e-05, 6.00803e-05]"
1752,Container,41350.0,7,TAURANGA,0.0002779827,"[1.0, 1.0, 1.0, 1.0, 1.0, 1.0]","[0.29484847, 0.34098414, 0.37003309, 0.431634, 0.45837781, 0.47622611]","[0.00011482, 0.00010419, 0.00012152, 0.00011482, 0.00012209, 0.00012209]","[3.38544e-05, 3.55274e-05, 4.49649e-05, 4.956e-05, 5.59644e-05, 5.81436e-05]"
1754,Container,41350.0,7,TAURANGA,0.000278566,"[1.0, 1.0, 1.0, 1.0, 1.0, 1.0]","[0.29853592, 0.34259823, 0.37391173, 0.42521795, 0.45655578, 0.48015522]","[0.00011482, 0.00010419, 0.00012152, 0.00011482, 0.00012209, 0.00012209]","[3.42778e-05, 3.56956e-05, 4.54362e-05, 4.88233e-05, 5.5742e-05, 5.86233e-05]"
1758,Container,41350.0,7,TAURANGA,0.0002829533,"[1.0, 1.0, 1.0, 1.0, 1.0, 1.0]","[0.30104568, 0.34215227, 0.38715722, 0.43528941, 0.46202745, 0.48599229]","[0.00011482, 0.00010419, 0.00012152, 0.00011482, 0.00012209, 0.00012209]","[3.45659e-05, 3.56491e-05, 4.70457e-05, 4.99797e-05, 5.641e-05, 5.93359e-05]"
1763,Container,41337.0,7,TAURANGA,0.0002745772,"[1.0, 1.0, 1.0, 1.0, 1.0, 1.0]","[0.30589162, 0.33348557, 0.37880732, 0.42791443, 0.44859976, 0.47360593]","[0.00011482, 0.00011482, 0.00010419, 0.00011482, 0.00012209, 0.00012209]","[3.51223e-05, 3.82907e-05, 3.94683e-05, 4.91329e-05, 5.47706e-05, 5.78237e-05]"
1765,Container,41337.0,7,TAURANGA,0.0002608419,"[1.0, 1.0, 1.0, 1.0, 1.0, 1.0]","[0.28893231, 0.30602767, 0.35200635, 0.38256939, 0.44489344, 0.47759302]","[0.00011482, 0.00011482, 0.00010419, 0.00012152, 0.00011482, 0.00012209]","[3.31751e-05, 3.5138e-05, 3.66758e-05, 4.64882e-05, 5.10825e-05, 5.83105e-05]"
1767,Container,41337.0,7,TAURANGA,0.0002541113,"[1.0, 1.0, 1.0, 1.0, 1.0, 1.0]","[0.26254695, 0.30319811, 0.34714755, 0.38445944, 0.40504267, 0.46376391]","[0.00011482, 0.00010419, 0.00012152, 0.00011482, 0.00012209, 0.00012209]","[3.01455e-05, 3.15905e-05, 4.21839e-05, 4.41434e-05, 4.94526e-05, 5.6622e-05]"
1768,Container,41337.0,5,AUCKLAND,0.0002305954,"[1.0, 1.0, 1.0, 0.999965]","[0.38509871, 0.4164865, 0.48128375, 0.61110408]","[9.871e-05, 0.00013195, 0.00011623, 0.00013371]","[3.80131e-05, 5.49563e-05, 5.59387e-05, 8.17068e-05]"
1771,Container,53870.0,6,AUCKLAND,0.0003223696,"[1.0, 1.0, 1.0, 1.0, 0.999965]","[0.40959217, 0.47945407, 0.49766852, 0.52200284, 0.69219428]","[0.00013195, 0.00011623, 0.00011623, 0.00011924, 0.00013371]","[5.40466e-05, 5.5726e-05, 5.7843e-05, 6.22462e-05, 9.25489e-05]"
1772,Container,53870.0,7,NAPIER,0.0002651307,"[1.0, 1.0, 1.0, 1.0, 1.0, 0.999996]","[0.3061159, 0.36924746, 0.4054428, 0.44230421, 0.46459361, 0.65432228]","[0.00010536, 0.00010536, 0.00010536, 8.967e-05, 9.156e-05, 0.00010558]","[3.22538e-05, 3.89056e-05, 4.27193e-05, 3.96592e-05, 4.2537e-05, 6.90846e-05]"
1773,Container,53870.0,7,AUCKLAND,0.0003769959,"[1.0, 1.0, 1.0, 1.0, 1.0, 0.999965]","[0.37771308, 0.42233487, 0.44260193, 0.50870582, 0.53708959, 0.67248177]","[0.00013195, 0.00013195, 0.00013195, 0.00011623, 0.00011924, 0.00013371]","[4.984e-05, 5.5728e-05, 5.84023e-05, 5.91259e-05, 6.40452e-05, 8.99132e-05]"
1774,Container,53870.0,6,AUCKLAND,0.0002474599,"[1.0, 1.0, 1.0, 1.0, 1.0]","[0.32105462, 0.38105473, 0.40166104, 0.44124482, 0.46629027]","[0.00011623, 0.00013195, 0.00013195, 0.00011623, 0.00011924]","[3.73156e-05, 5.0281e-05, 5.3e-05, 5.1285e-05, 5.56028e-05]"
1775,Container,53870.0,7,AUCKLAND,0.000341008,"[1.0, 1.0, 1.0, 1.0, 1.0, 1.0]","[0.36669934, 0.42307715, 0.45788095, 0.49515945, 0.51412696, 0.54412283]","[0.00011623, 0.00013195, 0.00013195, 0.00011623, 0.00011623, 0.00011924]","[4.26208e-05, 5.58259e-05, 6.04184e-05, 5.75514e-05, 5.9756e-05, 6.48839e-05]"
1776,Container,53870.0,7,AUCKLAND,0.0003783294,"[1.0, 1.0, 1.0, 1.0, 1.0, 1.0]","[0.42168876, 0.44702116, 0.48981861, 0.52508075, 0.56573384, 0.59305769]","[0.00011623, 0.00013195, 0.00013195, 0.00013195, 0.00011623, 0.00011924]","[4.90121e-05, 5.89854e-05, 6.46326e-05, 6.92855e-05, 6.57541e-05, 7.07191e-05]"
1777,Container,53870.0,7,AUCKLAND,0.0003552657,"[1.0, 1.0, 1.0, 1.0, 1.0, 1.0]","[0.40606372, 0.43065441, 0.45752316, 0.48168561, 0.51891335, 0.56231752]","[0.00011623, 0.00013195, 0.00013195, 0.00013195, 0.00011623, 0.00011924]","[4.7196e-05, 5.68258e-05, 6.03711e-05, 6.35594e-05, 6.03123e-05, 6.70535e-05]"
1778,Container,53870.0,7,AUCKLAND,0.0003364039,"[1.0, 1.0, 1.0, 1.0, 1.0, 1.0]","[0.38531627, 0.40589879, 0.43452145, 0.45497662, 0.49903848, 0.52609142]","[0.00011623, 0.00013195, 0.00013195, 0.00013195, 0.00011623, 0.00011924]","[4.47846e-05, 5.35592e-05, 5.7336e-05, 6.00351e-05, 5.80023e-05, 6.27337e-05]"
1779,Container,53870.0,7,AUCKLAND,0.0003708688,"[1.0, 1.0, 1.0, 1.0, 1.0, 0.999965]","[0.38613979, 0.4191532, 0.44814189, 0.48335074, 0.52564777, 0.64824368]","[0.00013195, 0.00013195, 0.00013195, 0.00011623, 0.00011924, 0.00013371]","[5.0952e-05, 5.53082e-05, 5.91333e-05, 5.61789e-05, 6.26808e-05, 8.66725e-05]"
1780,Container,53870.0,7,AUCKLAND,0.0003865276,"[1.0, 1.0, 1.0, 1.0, 1.0, 1.0]","[0.44555058, 0.47050415, 0.50176826, 0.52579021, 0.56535053, 0.59895313]","[0.00011623, 0.00013195, 0.00013195, 0.00013195, 0.00011623, 0.00011924]","[5.17855e-05, 6.2084e-05, 6.62094e-05, 6.93791e-05, 6.57096e-05, 7.14221e-05]"
1781,Container,53870.0,7,LYTTELTON,0.0002714578,"[1.0, 1.0, 1.0, 1.0, 1.0, 1.0]","[0.3948255, 0.41970953, 0.44908117, 0.47123424, 0.50869505, 0.53827343]","[8.967e-05, 0.00010536, 0.00010536, 0.00010536, 8.967e-05, 9.156e-05]","[3.5402e-05, 4.42226e-05, 4.73173e-05, 4.96514e-05, 4.56122e-05, 4.92829e-05]"
1782,Container,53870.0,7,AUCKLAND,0.0003449754,"[1.0, 1.0, 1.0, 1.0, 1.0, 1.0]","[0.39162999, 0.41538957, 0.44500246, 0.4715127, 0.5133112, 0.53752934]","[0.00011623, 0.00013195, 0.00013195, 0.00013195, 0.00011623, 0.00011924]","[4.55184e-05, 5.48115e-05, 5.8719e-05, 6.22171e-05, 5.96612e-05, 6.40977e-05]"
1784,General Cargo,20643.0,7,TAURANGA,0.0002980006,"[1.0, 1.0, 1.0, 1.0, 1.0, 1.0]","[0.21118486, 0.27726581, 0.36862024, 0.46957724, 0.5683944, 0.6240249]","[0.00013195, 0.00013195, 0.00013195, 9.871e-05, 0.00011623, 0.00011623]","[2.78663e-05, 3.65858e-05, 4.86402e-05, 4.6352e-05, 6.60634e-05, 7.25292e-05]"
1786,Container,68411.0,6,TAURANGA,0.0003330668,"[1.0, 1.0, 0.999965, 0.999999, 1.0]","[0.23040842, 0.29230378, 0.60282851, 0.66788365, 0.72380331]","[0.00012209, 0.00012209, 0.00013371, 0.00013088, 0.00013992]","[2.81311e-05, 3.56881e-05, 8.06003e-05, 8.74117e-05, 0.0001012779]"
1787,Container,68411.0,6,AUCKLAND,0.0002391385,"[1.0, 1.0, 1.0, 1.0, 1.0]","[0.40196334, 0.468371, 0.48749735, 0.50801276, 0.59865553]","[9.704e-05, 9.704e-05, 9.704e-05, 9.704e-05, 9.704e-05]","[3.90075e-05, 4.54519e-05, 4.7308e-05, 4.92988e-05, 5.8095e-05]"
1788,Container,68411.0,5,TAURANGA,0.0002927232,"[0.999968, 0.999965, 0.999999, 1.0]","[0.46941842, 0.51054124, 0.57120359, 0.62156761]","[0.00013371, 0.00013371, 0.00013088, 0.00013992]","[6.27631e-05, 6.82612e-05, 7.47583e-05, 8.69726e-05]"
1789,Container,68411.0,7,TAURANGA,0.0003414142,"[1.0, 1.0, 1.0, 0.999965, 0.999999, 1.0]","[0.31082901, 0.3468491, 0.34954571, 0.51833819, 0.57631373, 0.62345589]","[9.704e-05, 0.00013092, 9.704e-05, 0.00013371, 0.00013088, 0.00013992]","[3.01636e-05, 4.54093e-05, 3.39208e-05, 6.93036e-05, 7.54271e-05, 8.72368e-05]"
1790,Container,68411.0,6,AUCKLAND,0.0002635211,"[1.0, 1.0, 1.0, 1.0, 1.0]","[0.38388111, 0.47336203, 0.50435235, 0.53264859, 0.60897041]","[9.704e-05, 9.704e-05, 9.704e-05, 9.704e-05, 0.00013092]","[3.72528e-05, 4.59362e-05, 4.89436e-05, 5.16896e-05, 7.97262e-05]"
1792,Container,68411.0,5,AUCKLAND,0.0001919142,"[1.0, 1.0, 1.0, 1.0]","[0.29792754, 0.42547853, 0.46522241, 0.54253975]","[0.00011567, 9.704e-05, 9.704e-05, 0.00013092]","[3.44627e-05, 4.12895e-05, 4.51464e-05, 7.10291e-05]"
1796,Container,68411.0,5,AUCKLAND,0.0001964313,"[1.0, 1.0, 1.0, 1.0]","[0.27377397, 0.44526952, 0.49778713, 0.55957992]","[0.00011567, 9.704e-05, 9.704e-05, 0.00013092]","[3.16687e-05, 4.32101e-05, 4.83065e-05, 7.326e-05]"
1800,Container,68411.0,5,AUCKLAND,0.0002004489,"[1.0, 1.0, 1.0, 1.0]","[0.32354592, 0.4444776, 0.49084372, 0.55203035]","[0.00011567, 9.704e-05, 9.704e-05, 0.00013092]","[3.74261e-05, 4.31332e-05, 4.76327e-05, 7.22716e-05]"
1804,Container,68411.0,7,AUCKLAND,0.0003317447,"[1.0, 1.0, 1.0, 1.0, 0.999902, 0.999998]","[0.27726494, 0.31729787, 0.39789044, 0.41955867, 0.6574198, 0.73442388]","[9.704e-05, 0.00013092, 9.704e-05, 9.704e-05, 0.00013371, 0.00013088]","[2.69065e-05, 4.15405e-05, 3.86123e-05, 4.0715e-05, 8.78938e-05, 9.61203e-05]"
1807,Container,63352.0,5,TAURANGA,0.0003098956,"[1.0, 0.999965, 0.999999, 1.0]","[0.39282564, 0.57384181, 0.64817283, 0.69284399]","[0.00013092, 0.00013371, 0.00013088, 0.00013992]","[5.14286e-05, 7.67247e-05, 8.4832e-05, 9.69459e-05]"
1808,Container,63352.0,5,AUCKLAND,0.0001441777,"[1.0, 1.0, 1.0, 1.0]","[0.28593704, 0.30928796, 0.32915314, 0.56141657]","[9.704e-05, 9.704e-05, 9.704e-05, 9.704e-05]","[2.77481e-05, 3.00141e-05, 3.19419e-05, 5.44813e-05]"
1810,Container,63352.0,5,AUCKLAND,0.0002027607,"[1.0, 1.0, 1.0, 1.0]","[0.38918344, 0.44816103, 0.48257174, 0.57048575]","[9.704e-05, 9.704e-05, 9.704e-05, 0.00013092]","[3.77673e-05, 4.34907e-05, 4.683e-05, 7.46878e-05]"
1812,Container,63352.0,6,TAURANGA,0.0003272956,"[1.0, 1.0, 0.999965, 0.999999, 1.0]","[0.28170318, 0.38741775, 0.55596811, 0.6180021, 0.67222729]","[9.704e-05, 0.00013092, 0.00013371, 0.00013088, 0.00013992]","[2.73372e-05, 5.07206e-05, 7.43349e-05, 8.08833e-05, 9.40611e-05]"
1813,Container,63352.0,6,AUCKLAND,0.0002499373,"[1.0, 1.0, 1.0, 1.0, 1.0]","[0.41559303, 0.45155674, 0.46618464, 0.49367619, 0.55502964]","[9.704e-05, 9.704e-05, 9.704e-05, 9.704e-05, 0.00013092]","[4.03302e-05, 4.38202e-05, 4.52397e-05, 4.79076e-05, 7.26643e-05]"
1817,Container,53278.0,7,AUCKLAND,0.0003707911,"[1.0, 1.0, 1.0, 1.0, 1.0, 0.999965]","[0.37153546, 0.42717623, 0.47106159, 0.49182363, 0.51560966, 0.68852257]","[0.00013195, 0.00013195, 0.00011623, 0.00011623, 0.00011924, 0.00013371]","[4.90249e-05, 5.63668e-05, 5.47506e-05, 5.71637e-05, 6.14838e-05, 9.2058e-05]"
1818,Container,53278.0,7,AUCKLAND,0.0002781506,"[1.0, 1.0, 1.0, 1.0, 1.0, 0.999965]","[0.2969689, 0.31159839, 0.32471034, 0.35646883, 0.37593925, 0.51437699]","[0.00013195, 0.00013195, 0.00013195, 0.00011623, 0.00011924, 0.00013371]","[3.91857e-05, 4.11161e-05, 4.28462e-05, 4.14317e-05, 4.48289e-05, 6.87741e-05]"
1819,Container,53278.0,7,AUCKLAND,0.0003650294,"[1.0, 1.0, 1.0, 1.0, 1.0, 0.999965]","[0.37575197, 0.39238487, 0.435558, 0.4806785, 0.50708128, 0.67252532]","[0.00013195, 0.00013195, 0.00013195, 0.00011623, 0.00011924, 0.00013371]","[4.95813e-05, 5.1776e-05, 5.74728e-05, 5.58683e-05, 6.04669e-05, 8.99191e-05]"
1820,Container,53278.0,7,AUCKLAND,0.0003420903,"[1.0, 1.0, 1.0, 1.0, 1.0, 1.0]","[0.382677, 0.40621065, 0.44382733, 0.47197432, 0.51025361, 0.53598067]","[0.00011623, 0.00013195, 0.00013195, 0.00013195, 0.00011623, 0.00011924]","[4.44778e-05, 5.36004e-05, 5.8564e-05, 6.2278e-05, 5.93058e-05, 6.3913e-05]"
1821,Container,53278.0,7,AUCKLAND,0.0003652987,"[1.0, 1.0, 1.0, 1.0, 1.0, 1.0]","[0.42583944, 0.45900952, 0.47457751, 0.50858787, 0.52610994, 0.55108539]","[0.00013195, 0.00013195, 0.00013195, 0.00011623, 0.00011623, 0.00011924]","[5.61904e-05, 6.05673e-05, 6.26215e-05, 5.91122e-05, 6.11487e-05, 6.57142e-05]"
1822,Container,53278.0,7,AUCKLAND,0.0003745044,"[1.0, 1.0, 1.0, 1.0, 1.0, 1.0]","[0.42591811, 0.45409633, 0.48170277, 0.49687902, 0.53528921, 0.56271959]","[0.00013195, 0.00013195, 0.00013195, 0.00013195, 0.00011623, 0.00011924]","[5.62008e-05, 5.9919e-05, 6.35617e-05, 6.55642e-05, 6.22156e-05, 6.71015e-05]"
1823,Container,53278.0,7,AUCKLAND,0.0003708004,"[1.0, 1.0, 1.0, 1.0, 1.0, 1.0]","[0.41058823, 0.43512323, 0.46955834, 0.51798251, 0.56089985, 0.58887058]","[0.00011623, 0.00013195, 0.00013195, 0.00013195, 0.00011623, 0.00011924]","[4.77219e-05, 5.74154e-05, 6.19592e-05, 6.83489e-05, 6.51923e-05, 7.02198e-05]"
1825,Container,107978.0,7,TAURANGA,0.0004239392,"[1.0, 1.0, 1.0, 1.0, 1.0, 1.0]","[0.31783307, 0.49341335, 0.52471533, 0.57280659, 0.64262388, 0.69970853]","[0.00013195, 0.00012209, 0.00012209, 0.0001346, 0.0001346, 0.0001346]","[4.19387e-05, 6.0242e-05, 6.40637e-05, 7.70971e-05, 8.64942e-05, 9.41775e-05]"
1827,Container,107978.0,7,TAURANGA,0.0004173216,"[1.0, 1.0, 1.0, 1.0, 1.0, 1.0]","[0.45269586, 0.4748449, 0.50395846, 0.55732179, 0.60217468, 0.64308197]","[0.00012209, 0.00012209, 0.00012209, 0.0001346, 0.0001346, 0.0001346]","[5.52707e-05, 5.79749e-05, 6.15295e-05, 7.50129e-05, 8.10499e-05, 8.65558e-05]"
1828,Container,107978.0,7,TAURANGA,0.0004388253,"[1.0, 1.0, 1.0, 1.0, 1.0, 1.0]","[0.48542809, 0.49349605, 0.52437935, 0.57493748, 0.63206062, 0.69026841]","[0.00012209, 0.00012209, 0.00012209, 0.0001346, 0.0001346, 0.0001346]","[5.92671e-05, 6.02521e-05, 6.40227e-05, 7.73839e-05, 8.50724e-05, 9.29069e-05]"
1831,Container,107978.0,7,TAURANGA,0.0004333688,"[1.0, 1.0, 1.0, 1.0, 1.0, 1.0]","[0.46928134, 0.49106826, 0.51794129, 0.57788384, 0.62444344, 0.67707397]","[0.00012209, 0.00012209, 0.00012209, 0.0001346, 0.0001346, 0.0001346]","[5.72957e-05, 5.99557e-05, 6.32367e-05, 7.77805e-05, 8.40472e-05, 9.1131e-05]"
1832,Container,107978.0,7,TAURANGA,0.0004374647,"[1.0, 1.0, 1.0, 1.0, 1.0, 1.0]","[0.47481704, 0.49438983, 0.52790241, 0.58323584, 0.62934684, 0.68019002]","[0.00012209, 0.00012209, 0.00012209, 0.0001346, 0.0001346, 0.0001346]","[5.79715e-05, 6.03612e-05, 6.44528e-05, 7.85008e-05, 8.47071e-05, 9.15504e-05]"
1834,Container,107978.0,7,TAURANGA,0.0004325104,"[1.0, 1.0, 1.0, 1.0, 1.0, 1.0]","[0.46907846, 0.4889698, 0.51995462, 0.56904958, 0.63022154, 0.67401151]","[0.00012209, 0.00012209, 0.00012209, 0.0001346, 0.0001346, 0.0001346]","[5.72709e-05, 5.96995e-05, 6.34825e-05, 7.65914e-05, 8.48249e-05, 9.07188e-05]"
1835,Container,107978.0,7,TAURANGA,0.0004227669,"[1.0, 1.0, 1.0, 1.0, 1.0, 1.0]","[0.3318443, 0.49363692, 0.52904254, 0.57516191, 0.62834695, 0.68505368]","[0.00013195, 0.00012209, 0.00012209, 0.0001346, 0.0001346, 0.0001346]","[4.37876e-05, 6.02693e-05, 6.4592e-05, 7.74141e-05, 8.45726e-05, 9.2205e-05]"
1869,Container,22708.0,6,TAURANGA,0.0002069468,"[0.999921, 0.999948, 1.0, 1.0, 0.999702]","[0.30869694, 0.33880178, 0.37593012, 0.39973199, 0.43886757]","[0.00011601, 0.00011601, 0.00010437, 0.00010437, 0.00011601]","[3.58082e-05, 3.93014e-05, 3.92367e-05, 4.17209e-05, 5.08966e-05]"
1870,Container,22708.0,5,AUCKLAND,0.0002238995,"[0.999965, 0.999913, 0.999902, 0.999998]","[0.37128032, 0.40711696, 0.43105612, 0.47537598]","[0.00013371, 0.00013371, 0.00013371, 0.00013088]","[4.96415e-05, 5.44302e-05, 5.76301e-05, 6.22165e-05]"
1871,Container,22708.0,5,TAURANGA,0.0001762746,"[0.999921, 0.999948, 1.0, 1.0]","[0.34206598, 0.36980796, 0.43305186, 0.46478396]","[0.00011601, 0.00011601, 0.00010437, 0.00010437]","[3.9679e-05, 4.28981e-05, 4.51986e-05, 4.85105e-05]"
1873,Container,22708.0,6,TAURANGA,0.000221535,"[0.999921, 0.999948, 1.0, 1.0, 0.999702]","[0.31969944, 0.3557401, 0.39056015, 0.44070778, 0.48668773]","[0.00011601, 0.00011601, 0.00010437, 0.00010437, 0.00011601]","[3.70845e-05, 4.12662e-05, 4.07636e-05, 4.59977e-05, 5.64425e-05]"
1875,Container,22708.0,5,TAURANGA,0.0001787188,"[0.999921, 0.999948, 1.0, 1.0]","[0.3494172, 0.38074079, 0.42769825, 0.47323765]","[0.00011601, 0.00011601, 0.00010437, 0.00010437]","[4.05317e-05, 4.41663e-05, 4.46398e-05, 4.93929e-05]"
1876,Container,22708.0,5,AUCKLAND,0.0002261244,"[0.999965, 0.999889, 0.999902, 0.999998]","[0.37703051, 0.41226725, 0.43527564, 0.47694334]","[0.00013371, 0.00013371, 0.00013371, 0.00013088]","[5.04103e-05, 5.51174e-05, 5.81942e-05, 6.24216e-05]"
1877,Container,22708.0,6,TAURANGA,0.0002201585,"[0.999921, 0.999948, 1.0, 1.0, 0.999702]","[0.31338768, 0.35211378, 0.4068801, 0.43378918, 0.47629593]","[0.00011601, 0.00011601, 0.00010437, 0.00010437, 0.00011601]","[3.63523e-05, 4.08456e-05, 4.2467e-05, 4.52756e-05, 5.52373e-05]"
1879,Container,22708.0,5,AUCKLAND,0.0001757012,"[0.99994, 1.0, 0.999965, 0.999998]","[0.14564075, 0.31074316, 0.42050752, 0.47059885]","[0.00011601, 0.00013195, 0.00013371, 0.00013088]","[1.68944e-05, 4.10032e-05, 5.62234e-05, 6.15912e-05]"
1880,Container,22708.0,6,TAURANGA,0.0002308117,"[0.999921, 0.999948, 1.0, 1.0, 0.999702]","[0.33589898, 0.37928448, 0.41874381, 0.4537145, 0.48986967]","[0.00011601, 0.00011601, 0.00010437, 0.00010437, 0.00011601]","[3.89636e-05, 4.39974e-05, 4.37052e-05, 4.73552e-05, 5.68115e-05]"
1882,Container,22708.0,6,TAURANGA,0.0002284053,"[0.999921, 0.999948, 1.0, 1.0, 0.999702]","[0.33275586, 0.36668806, 0.41558968, 0.44794759, 0.49288754]","[0.00011601, 0.00011601, 0.00010437, 0.00010437, 0.00011601]","[3.8599e-05, 4.25362e-05, 4.3376e-05, 4.67533e-05, 5.71615e-05]"
1883,Container,22708.0,5,TAURANGA,0.0002085266,"[0.999989, 0.999961, 0.999965, 0.999999]","[0.34523383, 0.37816001, 0.40276381, 0.44293485]","[0.00013371, 0.00013371, 0.00013371, 0.00013088]","[4.61601e-05, 5.05612e-05, 5.38509e-05, 5.79707e-05]"
1884,Container,22708.0,5,TAURANGA,0.0001892533,"[0.999921, 0.999948, 1.0, 0.999702]","[0.36368931, 0.3932119, 0.43766501, 0.48103067]","[0.00011601, 0.00011601, 0.00010437, 0.00011601]","[4.21872e-05, 4.5613e-05, 4.56801e-05, 5.57864e-05]"
1885,Container,22708.0,5,TAURANGA,0.0001821073,"[0.999921, 0.999948, 1.0, 1.0]","[0.36321522, 0.39365588, 0.43760301, 0.46611437]","[0.00011601, 0.00011601, 0.00010437, 0.00010437]","[4.21322e-05, 4.56645e-05, 4.56736e-05, 4.86494e-05]"
1886,Container,22708.0,5,TAURANGA,0.0001888482,"[0.999921, 0.999948, 1.0, 0.999702]","[0.35504363, 0.39038263, 0.4346699, 0.49171013]","[0.00011601, 0.00011601, 0.00010437, 0.00011601]","[4.11843e-05, 4.52848e-05, 4.53675e-05, 5.70249e-05]"
1887,Container,22708.0,5,TAURANGA,0.0001806391,"[0.999921, 0.999948, 1.0, 1.0]","[0.34894031, 0.39225815, 0.43433377, 0.47273314]","[0.00011601, 0.00011601, 0.00010437, 0.00010437]","[4.04764e-05, 4.55024e-05, 4.53324e-05, 4.93402e-05]"
1890,Container,22708.0,5,TAURANGA,0.0001842042,"[0.999921, 0.999948, 1.0, 0.999702]","[0.33658856, 0.38177274, 0.42278753, 0.4894249]","[0.00011601, 0.00011601, 0.00010437, 0.00011601]","[3.90436e-05, 4.42861e-05, 4.41273e-05, 5.67599e-05]"
1891,Container,22708.0,5,TAURANGA,0.0001785884,"[0.999921, 0.999948, 1.0, 1.0]","[0.34651596, 0.3853372, 0.43081701, 0.46698526]","[0.00011601, 0.00011601, 0.00010437, 0.00010437]","[4.01952e-05, 4.46995e-05, 4.49653e-05, 4.87403e-05]"
1892,Container,22708.0,5,TAURANGA,0.0001944412,"[0.999921, 0.999948, 1.0, 0.999702]","[0.3727402, 0.40235471, 0.45208051, 0.49459918]","[0.00011601, 0.00011601, 0.00010437, 0.00011601]","[4.32371e-05, 4.66736e-05, 4.71847e-05, 5.736e-05]"
1899,Reefer,10630.0,7,AUCKLAND,0.0002697901,"[1.0, 1.0, 1.0, 1.0, 1.0, 1.0]","[0.18604306, 0.241998, 0.30240105, 0.39614728, 0.53028153, 0.63397241]","[0.00011924, 0.00013195, 0.00013195, 0.00013195, 0.0001061, 0.0001061]","[2.21847e-05, 3.19321e-05, 3.99025e-05, 5.22725e-05, 5.62632e-05, 6.72648e-05]"
1902,Reefer,10617.0,6,TAURANGA,0.0002193788,"[1.0, 1.0, 1.0, 1.0, 1.0]","[0.14435717, 0.19943124, 0.24428999, 0.49843459, 0.60446724]","[0.0001061, 0.00013195, 0.00013195, 0.00013195, 0.00013195]","[1.53164e-05, 2.63154e-05, 3.22346e-05, 6.57695e-05, 7.97607e-05]"
1903,Reefer,10617.0,7,TAURANGA,0.0002939188,"[1.0, 1.0, 1.0, 1.0, 1.0, 1.0]","[0.17128209, 0.24276094, 0.33305703, 0.40699952, 0.52052389, 0.60066606]","[0.00013195, 0.0001061, 0.00013195, 0.00013195, 0.00013195, 0.00013195]","[2.2601e-05, 2.57571e-05, 4.39476e-05, 5.37044e-05, 6.86842e-05, 7.92592e-05]"
1906,Reefer,10617.0,5,AUCKLAND,0.0002019004,"[1.0, 1.0, 1.0, 1.0]","[0.22858252, 0.28975973, 0.495229, 0.64252505]","[0.00013195, 0.00013195, 0.00013195, 0.0001061]","[3.01619e-05, 3.82344e-05, 6.53465e-05, 6.81722e-05]"
1908,RoRo,17339.0,7,AUCKLAND,0.0004678859,"[1.0, 1.0, 1.0, 0.999998, 0.999913, 0.999965]","[0.3354094, 0.40877397, 0.51841799, 0.62489029, 0.72643729, 0.84066386]","[0.00013992, 0.00013992, 0.00013992, 0.00013088, 0.00013371, 0.00013371]","[4.6932e-05, 5.71975e-05, 7.25394e-05, 8.17847e-05, 9.71223e-05, 0.0001123998]"
1910,RoRo,17339.0,7,AUCKLAND,0.0004358478,"[1.0, 1.0, 1.0, 0.999998, 0.999913, 0.999965]","[0.25801712, 0.38067885, 0.49126853, 0.59815543, 0.70687692, 0.84201702]","[0.00011063, 0.00013992, 0.00013992, 0.00013088, 0.00013371, 0.00013371]","[2.85444e-05, 5.32663e-05, 6.87405e-05, 7.82857e-05, 9.45071e-05, 0.0001125807]"
1913,General Cargo,17325.0,7,AUCKLAND,0.0003814407,"[1.0, 1.0, 1.0, 1.0, 0.999998, 0.999965]","[0.20864565, 0.28571257, 0.40986892, 0.52706329, 0.6226853, 0.85421546]","[0.00011063, 0.00011063, 0.00013992, 0.00013992, 0.00013088, 0.00013371]","[2.30825e-05, 3.16084e-05, 5.73507e-05, 7.37491e-05, 8.14961e-05, 0.0001142117]"
1919,Container,43097.0,6,TAURANGA,0.0002141804,"[1.0, 1.0, 1.0, 1.0, 1.0]","[0.29740749, 0.31275223, 0.36188483, 0.40387244, 0.4697951]","[0.00011482, 0.00011482, 0.00010419, 0.00012152, 0.00012209]","[3.41482e-05, 3.59101e-05, 3.77051e-05, 4.90769e-05, 5.73584e-05]"
1925,Container,43197.0,7,TAURANGA,0.0002655038,"[1.0, 1.0, 1.0, 1.0, 1.0, 1.0]","[0.28785913, 0.30274797, 0.35186483, 0.38554888, 0.45564565, 0.47977947]","[0.00011482, 0.00011482, 0.00010419, 0.00012152, 0.00012209, 0.00012209]","[3.30518e-05, 3.47614e-05, 3.66611e-05, 4.68503e-05, 5.56308e-05, 5.85774e-05]"
1927,Container,43197.0,7,TAURANGA,0.0002669534,"[1.0, 1.0, 1.0, 1.0, 1.0, 1.0]","[0.28951232, 0.30474227, 0.3539554, 0.38598206, 0.46047091, 0.48118487]","[0.00011482, 0.00011482, 0.00010419, 0.00012152, 0.00012209, 0.00012209]","[3.32417e-05, 3.49904e-05, 3.68789e-05, 4.69029e-05, 5.622e-05, 5.8749e-05]"
1929,Container,43197.0,7,TAURANGA,0.0002580537,"[1.0, 1.0, 1.0, 1.0, 1.0, 1.0]","[0.27485786, 0.31547469, 0.34185088, 0.39747668, 0.41796767, 0.45411171]","[0.00011482, 0.00010419, 0.00012152, 0.00011482, 0.00012209, 0.00012209]","[3.1559e-05, 3.28696e-05, 4.15403e-05, 4.56381e-05, 5.10307e-05, 5.54436e-05]"
1931,Container,43197.0,7,TAURANGA,0.0002702508,"[1.0, 1.0, 1.0, 1.0, 1.0, 1.0]","[0.29729363, 0.31449386, 0.36365139, 0.39554305, 0.46860962, 0.49369515]","[0.00011482, 0.00011482, 0.00010419, 0.00012152, 0.00011482, 0.00012209]","[3.41351e-05, 3.611e-05, 3.78891e-05, 4.80647e-05, 5.38055e-05, 6.02764e-05]"
1933,Container,43197.0,7,TAURANGA,0.0002978273,"[1.0, 1.0, 1.0, 1.0, 1.0, 1.0]","[0.34043059, 0.36783985, 0.42874025, 0.44231073, 0.47098165, 0.49289765]","[0.00010419, 0.00012152, 0.00011482, 0.00011482, 0.00012209, 0.00012209]","[3.54697e-05, 4.46983e-05, 4.92278e-05, 5.07859e-05, 5.75033e-05, 6.0179e-05]"
1935,Container,43197.0,6,TAURANGA,0.0002426143,"[1.0, 1.0, 1.0, 1.0, 1.0]","[0.33069913, 0.38524634, 0.41515464, 0.46835629, 0.49391736]","[0.00011482, 0.00010419, 0.00012152, 0.00011482, 0.00012209]","[3.79707e-05, 4.01391e-05, 5.04478e-05, 5.37764e-05, 6.03035e-05]"
1937,Container,43197.0,7,TAURANGA,0.0002865261,"[1.0, 1.0, 1.0, 1.0, 1.0, 1.0]","[0.30190787, 0.34922872, 0.37984826, 0.44260365, 0.47377995, 0.49705543]","[0.00011482, 0.00010419, 0.00012152, 0.00011482, 0.00012209, 0.00012209]","[3.46649e-05, 3.63864e-05, 4.61576e-05, 5.08195e-05, 5.78449e-05, 6.06867e-05]"
1939,Container,43197.0,7,TAURANGA,0.000286997,"[1.0, 1.0, 1.0, 1.0, 1.0, 1.0]","[0.31123516, 0.35807131, 0.39093491, 0.43456982, 0.46623605, 0.48866062]","[0.00011482, 0.00010419, 0.00012152, 0.00011482, 0.00012209, 0.00012209]","[3.57359e-05, 3.73077e-05, 4.75048e-05, 4.98971e-05, 5.69239e-05, 5.96617e-05]"
1941,Container,43197.0,7,TAURANGA,0.0002832443,"[1.0, 1.0, 1.0, 1.0, 1.0, 1.0]","[0.29925145, 0.34685567, 0.37633666, 0.4380802, 0.46397276, 0.4922491]","[0.00011482, 0.00010419, 0.00012152, 0.00011482, 0.00012209, 0.00012209]","[3.43599e-05, 3.61392e-05, 4.57308e-05, 5.03002e-05, 5.66475e-05, 6.00998e-05]"
1949,Container,71587.0,7,TAURANGA,0.0003349304,"[1.0, 1.0, 1.0, 1.0, 1.0, 0.999965]","[0.34770412, 0.37074812, 0.39203491, 0.50195081, 0.52343805, 0.68617686]","[0.00011688, 0.00011688, 0.00011688, 0.00011063, 0.00011063, 0.00013371]","[4.06395e-05, 4.33329e-05, 4.58209e-05, 5.55308e-05, 5.79079e-05, 9.17443e-05]"
1961,Container,80454.0,5,TAURANGA,0.0002343512,"[1.0, 1.0, 1.0, 0.999965]","[0.4243229, 0.44118493, 0.49843819, 0.62435222]","[0.00011063, 0.00011063, 0.00011063, 0.00013371]","[4.69428e-05, 4.88083e-05, 5.51422e-05, 8.34781e-05]"
1962,Container,80454.0,6,TAURANGA,0.0003003937,"[1.0, 1.0, 1.0, 1.0, 0.999965]","[0.24329756, 0.44074949, 0.52882125, 0.56708632, 0.74555059]","[0.00011623, 0.00011623, 0.00011063, 0.00011063, 0.00013371]","[2.8278e-05, 5.12275e-05, 5.85035e-05, 6.27367e-05, 9.96827e-05]"
1963,Container,80454.0,5,TAURANGA,0.0002861523,"[0.999999, 1.0, 1.0, 0.999965]","[0.43139419, 0.55718031, 0.58475192, 0.7732788]","[0.00013088, 0.00011063, 0.00011063, 0.00013371]","[5.64603e-05, 6.16408e-05, 6.46911e-05, 0.0001033901]"
1972,Container,80454.0,5,TAURANGA,0.0002790859,"[0.999999, 1.0, 1.0, 0.999965]","[0.4019401, 0.53840803, 0.56581115, 0.78045181]","[0.00013088, 0.00011063, 0.00011063, 0.00013371]","[5.26054e-05, 5.95641e-05, 6.25957e-05, 0.0001043492]"
1976,Container,80398.0,5,TAURANGA,0.0002914285,"[1.0, 1.0, 1.0, 0.999965]","[0.45545525, 0.55095559, 0.58139258, 0.76631324]","[0.00013992, 0.00011063, 0.00011063, 0.00013371]","[6.37294e-05, 6.09522e-05, 6.43194e-05, 0.0001024588]"
1979,Container,80398.0,5,TAURANGA,0.0002919144,"[1.0, 1.0, 0.999989, 0.999965]","[0.48042097, 0.50421713, 0.65381511, 0.71498223]","[0.00011063, 0.00011063, 0.00013371, 0.00013371]","[5.3149e-05, 5.57815e-05, 8.74195e-05, 9.55956e-05]"
1980,Container,80398.0,5,TAURANGA,0.0002834676,"[1.0, 1.0, 1.0, 0.999965]","[0.44715626, 0.52180238, 0.56891766, 0.74988837]","[0.00013992, 0.00011063, 0.00011063, 0.00013371]","[6.25681e-05, 5.7727e-05, 6.29393e-05, 0.0001002627]"
1981,Container,80398.0,5,TAURANGA,0.0002947914,"[1.0, 1.0, 1.0, 0.999965]","[0.48299755, 0.55976805, 0.5820745, 0.7547911]","[0.00013992, 0.00011063, 0.00011063, 0.00013371]","[6.75832e-05, 6.19271e-05, 6.43949e-05, 0.0001009182]"
1991,Container,80398.0,5,TAURANGA,0.0002872674,"[1.0, 1.0, 1.0, 0.999965]","[0.53000544, 0.55647076, 0.58679093, 0.76425973]","[0.00011063, 0.00011063, 0.00011063, 0.00013371]","[5.86345e-05, 6.15623e-05, 6.49167e-05, 0.0001021842]"
1993,Container,80398.0,5,TAURANGA,0.0002796938,"[0.999999, 1.0, 1.0, 0.999965]","[0.41151801, 0.53944772, 0.58194947, 0.76141181]","[0.00013088, 0.00011063, 0.00011063, 0.00013371]","[5.38589e-05, 5.96791e-05, 6.43811e-05, 0.0001018034]"
1994,Container,80398.0,5,TAURANGA,0.0002779996,"[0.999999, 1.0, 1.0, 0.999965]","[0.41310283, 0.53813242, 0.56650882, 0.76105022]","[0.00013088, 0.00011063, 0.00011063, 0.00013371]","[5.40663e-05, 5.95336e-05, 6.26729e-05, 0.0001017551]"
1999,Container,80409.0,5,TAURANGA,0.0002821337,"[1.0, 1.0, 1.0, 0.999965]","[0.51219623, 0.53763295, 0.57572067, 0.76533742]","[0.00011063, 0.00011063, 0.00011063, 0.00013371]","[5.66643e-05, 5.94783e-05, 6.3692e-05, 0.0001023283]"
2001,Container,80409.0,5,TAURANGA,0.0002742753,"[1.0, 1.0, 1.0, 0.999965]","[0.48356292, 0.50684172, 0.61598756, 0.69982139]","[0.00011063, 0.00011063, 0.00011553, 0.00013371]","[5.34966e-05, 5.60719e-05, 7.1166e-05, 9.35686e-05]"
2007,Container,80409.0,5,TAURANGA,0.0002760982,"[0.999999, 1.0, 1.0, 0.999965]","[0.4066683, 0.53503261, 0.57036501, 0.75249936]","[0.00013088, 0.00011063, 0.00011063, 0.00013371]","[5.32242e-05, 5.91906e-05, 6.30995e-05, 0.0001006118]"
2015,Container,80409.0,5,TAURANGA,0.0002587059,"[1.0, 1.0, 1.0, 1.0]","[0.47307454, 0.51242521, 0.53217659, 0.64913572]","[0.00011063, 0.00011063, 0.00011063, 0.00013992]","[5.23362e-05, 5.66896e-05, 5.88747e-05, 9.083e-05]"
2016,Container,80409.0,5,TAURANGA,0.0002764785,"[0.999999, 1.0, 1.0, 0.999965]","[0.41185715, 0.54538277, 0.56565883, 0.74559569]","[0.00013088, 0.00011063, 0.00011063, 0.00013371]","[5.39033e-05, 6.03357e-05, 6.25788e-05, 9.96888e-05]"
2018,General Cargo,12746.0,5,AUCKLAND,0.0001601148,"[1.0, 1.0, 1.0, 1.0]","[0.20060664, 0.27338766, 0.36547425, 0.62391823]","[0.00011623, 0.0001061, 0.0001061, 0.00011063]","[2.33161e-05, 2.90066e-05, 3.8777e-05, 6.90241e-05]"
2020,General Cargo,12746.0,6,AUCKLAND,0.0003384592,"[0.999862, 0.999965, 0.999998, 0.999913, 0.999889]","[0.24709616, 0.36886977, 0.50350962, 0.66231571, 0.79341995]","[0.00011601, 0.00013371, 0.00013088, 0.00013371, 0.00013371]","[2.8661e-05, 4.93192e-05, 6.58986e-05, 8.85494e-05, 0.000106075]"
2021,General Cargo,12746.0,5,AUCKLAND,0.0003157892,"[0.999965, 0.999998, 0.999913, 0.999889]","[0.38603094, 0.53462277, 0.67289674, 0.77997431]","[0.00013371, 0.00013088, 0.00013371, 0.00013371]","[5.16137e-05, 6.99706e-05, 8.99641e-05, 0.0001042774]"
2034,Container,38666.0,6,AUCKLAND,0.0002154169,"[0.999998, 1.0, 1.0, 1.0, 0.999965]","[0.24595752, 0.30803715, 0.36286766, 0.38527023, 0.49407353]","[0.00013088, 0.00011174, 0.00011063, 0.00011063, 0.00013371]","[3.21905e-05, 3.44187e-05, 4.0144e-05, 4.26224e-05, 6.60594e-05]"
2035,Container,38666.0,7,NELSON,0.0002191171,"[1.0, 0.999847, 1.0, 1.0, 1.0, 0.999986]","[0.18667495, 0.26350406, 0.3210114, 0.39352722, 0.45657484, 0.59020367]","[8.382e-05, 0.00010558, 0.00013117, 8.382e-05, 8.382e-05, 0.00010558]","[1.56464e-05, 2.78171e-05, 4.21065e-05, 3.2984e-05, 3.82684e-05, 6.23141e-05]"
2038,Container,38666.0,7,AUCKLAND,0.0003176804,"[1.0, 1.0, 1.0, 1.0, 0.999965, 0.999902]","[0.31114633, 0.34713144, 0.39961817, 0.41667526, 0.55216406, 0.60408667]","[0.00011063, 0.00011063, 0.00011063, 0.00011063, 0.00013371, 0.00013371]","[3.44221e-05, 3.84031e-05, 4.42097e-05, 4.60968e-05, 7.38263e-05, 8.07634e-05]"
2046,Container,53124.0,7,TAURANGA,0.000290579,"[1.0, 1.0, 1.0, 1.0, 1.0, 1.0]","[0.3312706, 0.37879567, 0.39615737, 0.42599727, 0.49026914, 0.52236435]","[0.00011482, 0.00010419, 0.00010419, 0.00012152, 0.00011482, 0.00012209]","[3.80363e-05, 3.9467e-05, 4.1276e-05, 5.17654e-05, 5.62925e-05, 6.37767e-05]"
2048,Container,53124.0,6,TAURANGA,0.0002394673,"[1.0, 1.0, 1.0, 1.0, 1.0]","[0.32246209, 0.33826217, 0.42135629, 0.45550737, 0.5272494]","[0.00011482, 0.00011482, 0.00010419, 0.00012152, 0.00012209]","[3.70249e-05, 3.88391e-05, 4.39015e-05, 5.53513e-05, 6.43731e-05]"
2050,Container,53124.0,7,TIMARU,0.0002848708,"[1.0, 1.0, 1.0, 1.0, 0.999973, 0.999811]","[0.28481945, 0.33478696, 0.35065391, 0.36685562, 0.6142875, 0.68188794]","[9.354e-05, 8.676e-05, 9.888e-05, 9.888e-05, 0.00014047, 0.00010558]","[2.66421e-05, 2.9045e-05, 3.46722e-05, 3.62742e-05, 8.62879e-05, 7.19816e-05]"
2051,Container,53124.0,7,TAURANGA,0.0002954739,"[1.0, 1.0, 1.0, 1.0, 1.0, 1.0]","[0.33604289, 0.35271475, 0.39998073, 0.4287975, 0.49298457, 0.51156023]","[0.00011482, 0.00011482, 0.00010419, 0.00012152, 0.00012209, 0.00012209]","[3.85843e-05, 4.04985e-05, 4.16743e-05, 5.21057e-05, 6.01896e-05, 6.24576e-05]"
2053,Container,53124.0,7,TAURANGA,0.0002877311,"[1.0, 1.0, 1.0, 1.0, 1.0, 1.0]","[0.3202945, 0.33758702, 0.38582949, 0.42828851, 0.48021688, 0.50251409]","[0.00011482, 0.00011482, 0.00010419, 0.00012152, 0.00012209, 0.00012209]","[3.67761e-05, 3.87616e-05, 4.01999e-05, 5.20438e-05, 5.86308e-05, 6.13531e-05]"
2055,Container,53124.0,6,TAURANGA,0.0002315199,"[1.0, 1.0, 1.0, 1.0, 1.0]","[0.32461203, 0.33994992, 0.39144435, 0.43229169, 0.507167]","[0.00011482, 0.00011482, 0.00010419, 0.00012152, 0.00012209]","[3.72718e-05, 3.90329e-05, 4.07849e-05, 5.25303e-05, 6.19212e-05]"
2057,Container,53124.0,7,TAURANGA,0.0002703422,"[1.0, 1.0, 1.0, 1.0, 1.0, 1.0]","[0.31276757, 0.32754779, 0.34455968, 0.39735797, 0.433888, 0.51734778]","[0.00011482, 0.00011482, 0.00011482, 0.00010419, 0.00012152, 0.00012209]","[3.59118e-05, 3.76089e-05, 3.95622e-05, 4.14011e-05, 5.27242e-05, 6.31642e-05]"
2063,Container,53124.0,7,TAURANGA,0.0002695044,"[1.0, 1.0, 1.0, 1.0, 1.0, 1.0]","[0.30138397, 0.33146928, 0.34940474, 0.39402767, 0.42735306, 0.50906821]","[0.00012209, 0.00011482, 0.00011482, 0.00012152, 0.00010419, 0.00012209]","[3.67967e-05, 3.80591e-05, 4.01185e-05, 4.78806e-05, 4.45263e-05, 6.21533e-05]"
2065,Container,53124.0,7,TAURANGA,0.0002772324,"[1.0, 1.0, 1.0, 1.0, 1.0, 1.0]","[0.31724555, 0.32971263, 0.3496779, 0.40490862, 0.45380421, 0.53646805]","[0.00011482, 0.00011482, 0.00011482, 0.00010419, 0.00012152, 0.00012209]","[3.6426e-05, 3.78574e-05, 4.01498e-05, 4.21878e-05, 5.51444e-05, 6.54986e-05]"
2066,Container,53124.0,5,TAURANGA,0.0002481067,"[0.999965, 1.0, 1.0, 0.999999]","[0.35335381, 0.50198266, 0.52040255, 0.67068439]","[0.00013371, 0.00011063, 0.00011063, 0.00013088]","[4.72446e-05, 5.55343e-05, 5.75721e-05, 8.77782e-05]"
2077,RoRo,12105.0,7,AUCKLAND,0.0003110316,"[1.0, 1.0, 1.0, 1.0, 1.0, 0.999862]","[0.23021524, 0.29156969, 0.36284433, 0.46044974, 0.56818733, 0.72410613]","[0.00013195, 0.00013195, 0.00013195, 0.00011267, 0.00010291, 0.00011601]","[3.03774e-05, 3.84732e-05, 4.78781e-05, 5.18811e-05, 5.84714e-05, 8.39899e-05]"
2079,Container,25985.0,7,AUCKLAND,0.000180672,"[1.0, 1.0, 1.0, 1.0, 1.0, 1.0]","[0.15155382, 0.18169435, 0.20297003, 0.30311948, 0.33192563, 0.40173732]","[0.00011886, 0.00011886, 0.00011886, 0.00011063, 0.00011063, 0.00011623]","[1.80143e-05, 2.1597e-05, 2.41259e-05, 3.35341e-05, 3.67209e-05, 4.66931e-05]"
2084,Container,53093.0,7,TAURANGA,0.0002685179,"[1.0, 1.0, 1.0, 1.0, 1.0, 1.0]","[0.31123013, 0.3253915, 0.34033377, 0.39216698, 0.42225026, 0.50732342]","[0.00012209, 0.00011482, 0.00011482, 0.00010419, 0.00012152, 0.00012209]","[3.79988e-05, 3.73613e-05, 3.9077e-05, 4.08602e-05, 5.13101e-05, 6.19403e-05]"
2086,Container,53093.0,7,TAURANGA,0.000281243,"[1.0, 1.0, 1.0, 1.0, 1.0, 1.0]","[0.31695519, 0.33128609, 0.3819197, 0.41235847, 0.47828752, 0.5080384]","[0.00011482, 0.00011482, 0.00010419, 0.00012152, 0.00011482, 0.00012209]","[3.63926e-05, 3.80381e-05, 3.97925e-05, 5.01081e-05, 5.49167e-05, 6.20276e-05]"
2088,Container,53093.0,7,TAURANGA,0.0002928889,"[1.0, 1.0, 1.0, 1.0, 1.0, 1.0]","[0.3263502, 0.34175461, 0.39221762, 0.42183446, 0.49806016, 0.51828418]","[0.00011482, 0.00011482, 0.00010419, 0.00012152, 0.00012209, 0.00012209]","[3.74714e-05, 3.92401e-05, 4.08655e-05, 5.12595e-05, 6.08093e-05, 6.32785e-05]"
2090,Container,53093.0,7,TAURANGA,0.0002681775,"[1.0, 1.0, 1.0, 1.0, 1.0, 1.0]","[0.30549384, 0.32304147, 0.34059684, 0.39303516, 0.42306407, 0.51068282]","[0.00012209, 0.00011482, 0.00011482, 0.00010419, 0.00012152, 0.00012209]","[3.72985e-05, 3.70915e-05, 3.91072e-05, 4.09507e-05, 5.1409e-05, 6.23505e-05]"
2092,Container,53093.0,7,TAURANGA,0.0003031288,"[1.0, 1.0, 1.0, 1.0, 1.0, 1.0]","[0.32584777, 0.37581757, 0.40506907, 0.4703391, 0.49341437, 0.51705041]","[0.00011482, 0.00010419, 0.00012152, 0.00011482, 0.00012209, 0.00012209]","[3.74137e-05, 3.91567e-05, 4.92223e-05, 5.40041e-05, 6.02421e-05, 6.31279e-05]"
2099,Container,53160.0,7,TAURANGA,0.0003177014,"[1.0, 1.0, 1.0, 1.0, 1.0, 1.0]","[0.36551439, 0.39486238, 0.45916382, 0.47563331, 0.49574777, 0.5227026]","[0.00010419, 0.00012152, 0.00011482, 0.00011482, 0.00012209, 0.00012209]","[3.80832e-05, 4.7982e-05, 5.2721e-05, 5.4612e-05, 6.0527e-05, 6.3818e-05]"
2101,Container,53160.0,7,TAURANGA,0.0002690469,"[1.0, 1.0, 1.0, 1.0, 1.0, 1.0]","[0.31597784, 0.3266418, 0.3425555, 0.39343394, 0.42898269, 0.51468462]","[0.00011482, 0.00011482, 0.00011482, 0.00010419, 0.00012152, 0.00012209]","[3.62804e-05, 3.75049e-05, 3.93321e-05, 4.09922e-05, 5.21282e-05, 6.28391e-05]"
2103,Container,53160.0,7,TAURANGA,0.0002941299,"[1.0, 1.0, 1.0, 1.0, 1.0, 1.0]","[0.35387823, 0.36417829, 0.39612955, 0.45350434, 0.47240961, 0.50343906]","[0.00010419, 0.00010419, 0.00012152, 0.00011482, 0.00012209, 0.00012209]","[3.68709e-05, 3.7944e-05, 4.8136e-05, 5.20712e-05, 5.76776e-05, 6.14661e-05]"
2105,Container,53160.0,7,TAURANGA,0.0003072071,"[1.0, 1.0, 1.0, 1.0, 1.0, 1.0]","[0.34129946, 0.35768404, 0.40997756, 0.44105768, 0.5106624, 0.53932642]","[0.00012209, 0.00011482, 0.00010419, 0.00012152, 0.00012209, 0.00012209]","[4.16701e-05, 4.10691e-05, 4.27159e-05, 5.35955e-05, 6.2348e-05, 6.58476e-05]"
2107,Container,53160.0,7,TAURANGA,0.0003020271,"[1.0, 1.0, 1.0, 1.0, 1.0, 1.0]","[0.32485871, 0.37356998, 0.40650733, 0.4719177, 0.48951753, 0.5118531]","[0.00011482, 0.00010419, 0.00012152, 0.00011482, 0.00012209, 0.00012209]","[3.73001e-05, 3.89226e-05, 4.93971e-05, 5.41854e-05, 5.97663e-05, 6.24933e-05]"
2109,Container,53160.0,7,TAURANGA,0.0003174651,"[1.0, 1.0, 1.0, 1.0, 1.0, 1.0]","[0.37099729, 0.40651003, 0.45993122, 0.47218957, 0.48956614, 0.5131942]","[0.00010419, 0.00012152, 0.00011482, 0.00011482, 0.00012209, 0.00012209]","[3.86545e-05, 4.93974e-05, 5.28091e-05, 5.42166e-05, 5.97723e-05, 6.26571e-05]"
2111,Container,53160.0,7,TAURANGA,0.0003052068,"[1.0, 1.0, 1.0, 1.0, 1.0, 1.0]","[0.32746573, 0.37833739, 0.40722453, 0.47413929, 0.49821841, 0.51987895]","[0.00011482, 0.00010419, 0.00012152, 0.00011482, 0.00012209, 0.00012209]","[3.75995e-05, 3.94193e-05, 4.94842e-05, 5.44404e-05, 6.08287e-05, 6.34732e-05]"
2113,Container,53160.0,7,TAURANGA,0.0003057405,"[1.0, 1.0, 1.0, 1.0, 1.0, 1.0]","[0.33413813, 0.38009548, 0.41399659, 0.47250632, 0.4963166, 0.51798485]","[0.00011482, 0.00012152, 0.00010419, 0.00011482, 0.00012209, 0.00012209]","[3.83656e-05, 4.61876e-05, 4.31347e-05, 5.4253e-05, 6.05965e-05, 6.3242e-05]"
2115,Container,53160.0,7,TAURANGA,0.000295107,"[1.0, 1.0, 1.0, 1.0, 1.0, 1.0]","[0.31728629, 0.33761761, 0.39283873, 0.4404023, 0.50273693, 0.52518259]","[0.00011482, 0.00011482, 0.00010419, 0.00012152, 0.00012209, 0.00012209]","[3.64307e-05, 3.87651e-05, 4.09302e-05, 5.35158e-05, 6.13803e-05, 6.41208e-05]"
2117,Container,53160.0,7,TAURANGA,0.0002903672,"[1.0, 1.0, 1.0, 1.0, 1.0, 1.0]","[0.30304655, 0.34823574, 0.38400779, 0.44640789, 0.47212111, 0.52224109]","[0.00011482, 0.00010419, 0.00012152, 0.00011482, 0.00012209, 0.00012209]","[3.47957e-05, 3.6283e-05, 4.6663e-05, 5.12563e-05, 5.76424e-05, 6.37616e-05]"
2122,Container,53176.0,6,TAURANGA,0.000234946,"[1.0, 1.0, 1.0, 1.0, 1.0]","[0.32883993, 0.344831, 0.39977421, 0.43690119, 0.51497142]","[0.00011482, 0.00011482, 0.00010419, 0.00012152, 0.00012209]","[3.77572e-05, 3.95933e-05, 4.16528e-05, 5.30904e-05, 6.28741e-05]"
2124,Container,53176.0,5,TAURANGA,0.0002177322,"[1.0, 1.0, 1.0, 0.999999]","[0.35192908, 0.39422877, 0.43028173, 0.57672261]","[0.00013195, 0.00011623, 0.00011623, 0.00013088]","[4.64378e-05, 4.58204e-05, 5.00108e-05, 7.54807e-05]"
2126,Container,53176.0,6,TAURANGA,0.0002324874,"[1.0, 1.0, 1.0, 1.0, 1.0]","[0.32341973, 0.34001245, 0.39313085, 0.43739703, 0.50963498]","[0.00011482, 0.00011482, 0.00010419, 0.00012152, 0.00012209]","[3.71349e-05, 3.90401e-05, 4.09606e-05, 5.31506e-05, 6.22225e-05]"
2128,Container,53176.0,7,TAURANGA,0.0002752403,"[1.0, 1.0, 1.0, 1.0, 1.0, 1.0]","[0.30892974, 0.32334877, 0.36662597, 0.39562665, 0.46452157, 0.48885279]","[0.00011482, 0.00011482, 0.00010419, 0.00012152, 0.00012209, 0.00012209]","[3.54712e-05, 3.71268e-05, 3.81991e-05, 4.80749e-05, 5.67145e-05, 5.96852e-05]"
2130,Container,53176.0,6,TAURANGA,0.0002359487,"[1.0, 1.0, 1.0, 1.0, 1.0]","[0.33890355, 0.35514789, 0.40134984, 0.43247446, 0.50708048]","[0.00011482, 0.00011482, 0.00010419, 0.00012152, 0.00012209]","[3.89127e-05, 4.07779e-05, 4.1817e-05, 5.25525e-05, 6.19106e-05]"
2132,Container,53176.0,7,TAURANGA,0.0002902739,"[1.0, 1.0, 1.0, 1.0, 1.0, 1.0]","[0.31675517, 0.33355204, 0.38440941, 0.42056186, 0.49780432, 0.52178367]","[0.00011482, 0.00011482, 0.00010419, 0.00012152, 0.00012209, 0.00012209]","[3.63697e-05, 3.82983e-05, 4.00519e-05, 5.11049e-05, 6.07781e-05, 6.37058e-05]"
2134,Container,53176.0,7,TAURANGA,0.0002683224,"[1.0, 1.0, 1.0, 1.0, 1.0, 1.0]","[0.3160173, 0.33058374, 0.34653388, 0.39388115, 0.42355278, 0.50628668]","[0.00011482, 0.00011482, 0.00011482, 0.00010419, 0.00012152, 0.00012209]","[3.6285e-05, 3.79575e-05, 3.97889e-05, 4.10388e-05, 5.14683e-05, 6.18137e-05]"
2136,Container,53176.0,6,TAURANGA,0.0002328392,"[1.0, 1.0, 1.0, 1.0, 1.0]","[0.32793026, 0.34451417, 0.39716112, 0.42790355, 0.51005135]","[0.00011482, 0.00011482, 0.00010419, 0.00012152, 0.00012209]","[3.76528e-05, 3.9557e-05, 4.13805e-05, 5.1997e-05, 6.22734e-05]"
2138,Container,53176.0,7,TAURANGA,0.0002893009,"[1.0, 1.0, 1.0, 1.0, 1.0, 1.0]","[0.32342503, 0.33965939, 0.39220586, 0.42138324, 0.49693887, 0.52479256]","[0.00011482, 0.00011482, 0.00010419, 0.00012152, 0.00011482, 0.00012209]","[3.71355e-05, 3.89995e-05, 4.08643e-05, 5.12047e-05, 5.70583e-05, 6.40732e-05]"
2144,Container,53176.0,7,TAURANGA,0.0002939453,"[1.0, 1.0, 1.0, 1.0, 1.0, 1.0]","[0.31781727, 0.34099312, 0.39475354, 0.43046653, 0.49917863, 0.52380514]","[0.00011482, 0.00011482, 0.00010419, 0.00012152, 0.00012209, 0.00012209]","[3.64916e-05, 3.91527e-05, 4.11297e-05, 5.23085e-05, 6.09459e-05, 6.39526e-05]"
2146,Container,53176.0,6,TAURANGA,0.0002388906,"[1.0, 1.0, 1.0, 1.0, 1.0]","[0.32999885, 0.34730948, 0.39921279, 0.45479842, 0.52653163]","[0.00011482, 0.00011482, 0.00010419, 0.00012152, 0.00012209]","[3.78903e-05, 3.98779e-05, 4.15943e-05, 5.52652e-05, 6.42855e-05]"
2159,RoRo,17262.0,7,AUCKLAND,0.0004034118,"[1.0, 1.0, 1.0, 1.0, 1.0, 1.0]","[0.24187263, 0.32546335, 0.40931497, 0.57246689, 0.70016404, 0.82904038]","[0.00011623, 0.00011063, 0.00011063, 0.00013992, 0.00013992, 0.00013992]","[2.81124e-05, 3.6006e-05, 4.52825e-05, 8.01022e-05, 9.79702e-05, 0.0001160031]"
2162,General Cargo,17280.0,6,AUCKLAND,0.0003745587,"[1.0, 1.0, 1.0, 1.0, 0.999862]","[0.3625349, 0.4559322, 0.56202481, 0.67509222, 0.89123354]","[0.00013195, 0.00013195, 0.00013195, 0.00013195, 0.00011601]","[4.78372e-05, 6.01612e-05, 7.41604e-05, 8.90798e-05, 0.0001033752]"
2164,Bulker,28448.0,5,TAURANGA,0.0002324236,"[1.0, 1.0, 1.0, 0.999961]","[0.17833615, 0.29405638, 0.42792013, 0.90029023]","[0.00013195, 0.00013195, 0.00011623, 0.00013371]","[2.35318e-05, 3.88014e-05, 4.97363e-05, 0.0001203716]"
2165,Bulker,28448.0,6,AUCKLAND,0.0003177542,"[1.0, 1.0, 1.0, 1.0, 0.999989]","[0.08559761, 0.22784085, 0.50755829, 0.67779532, 0.89275203]","[0.00013195, 0.00011174, 0.00013665, 0.00013992, 0.00013088]","[1.12948e-05, 2.54579e-05, 6.93567e-05, 9.48402e-05, 0.0001168409]"
2169,Container,34325.0,6,NELSON,0.0002143419,"[1.0, 1.0, 1.0, 0.999847, 0.999991]","[0.25975028, 0.27241678, 0.30346157, 0.51054476, 0.57500907]","[8.967e-05, 8.967e-05, 0.00010536, 0.00010558, 0.00014047]","[2.32905e-05, 2.44263e-05, 3.19741e-05, 5.38962e-05, 8.0772e-05]"
2178,General Cargo,11121.0,5,WELLINGTON,0.000181068,"[1.0, 1.0, 0.999994, 1.0]","[0.20746802, 0.32646252, 0.57280426, 0.71093814]","[8.967e-05, 0.00012132, 0.00010558, 8.776e-05]","[1.86026e-05, 3.9608e-05, 6.04776e-05, 6.23915e-05]"
2190,RoRo,15261.0,7,AUCKLAND,0.0003844587,"[1.0, 1.0, 1.0, 1.0, 1.0, 0.999862]","[0.27578625, 0.34772039, 0.42922396, 0.52514866, 0.60770679, 0.82873904]","[0.00013195, 0.00013195, 0.00013195, 0.00013195, 0.00013195, 0.00011601]","[3.63906e-05, 4.58824e-05, 5.6637e-05, 6.92945e-05, 8.01882e-05, 9.61264e-05]"
2192,RoRo,15261.0,7,AUCKLAND,0.0003922576,"[1.0, 1.0, 1.0, 1.0, 1.0, 0.999862]","[0.2967583, 0.36721033, 0.44533476, 0.52859111, 0.6075982, 0.82784862]","[0.00013195, 0.00013195, 0.00013195, 0.00013195, 0.00013195, 0.00011601]","[3.91579e-05, 4.84542e-05, 5.87629e-05, 6.97487e-05, 8.01739e-05, 9.60231e-05]"
2193,RoRo,15261.0,7,AUCKLAND,0.0003760756,"[1.0, 1.0, 1.0, 1.0, 1.0, 1.0]","[0.27241839, 0.36297858, 0.44031817, 0.53062827, 0.61204607, 0.68551039]","[0.0001061, 0.00013195, 0.00013195, 0.00013195, 0.00013195, 0.00013195]","[2.89037e-05, 4.78958e-05, 5.81009e-05, 7.00175e-05, 8.07608e-05, 9.04545e-05]"
2195,RoRo,15261.0,7,AUCKLAND,0.0003880477,"[1.0, 1.0, 1.0, 1.0, 1.0, 0.999862]","[0.29433776, 0.36058438, 0.43724802, 0.51754893, 0.59580343, 0.8370122]","[0.00013195, 0.00013195, 0.00013195, 0.00013195, 0.00013195, 0.00011601]","[3.88385e-05, 4.75799e-05, 5.76958e-05, 6.82917e-05, 7.86175e-05, 9.7086e-05]"
2196,RoRo,15261.0,6,AUCKLAND,0.0003481646,"[1.0, 1.0, 1.0, 1.0, 0.999862]","[0.3531791, 0.43676954, 0.51842879, 0.5958266, 0.83582727]","[0.00013195, 0.00013195, 0.00013195, 0.00013195, 0.00011601]","[4.66027e-05, 5.76327e-05, 6.84078e-05, 7.86206e-05, 9.69486e-05]"
2197,RoRo,15261.0,7,AUCKLAND,0.000393062,"[1.0, 1.0, 1.0, 1.0, 1.0, 0.999862]","[0.2823662, 0.36427543, 0.45018347, 0.53453409, 0.6137014, 0.8352772]","[0.00013195, 0.00013195, 0.00013195, 0.00013195, 0.00013195, 0.00011601]","[3.72588e-05, 4.80669e-05, 5.94027e-05, 7.05329e-05, 8.09792e-05, 9.68847e-05]"
2202,Container,40278.0,6,LYTTELTON,0.0002287602,"[0.999995, 1.0, 1.0, 1.0, 0.999891]","[0.28303195, 0.38100569, 0.40264111, 0.51329962, 0.62409746]","[0.00010558, 8.382e-05, 8.382e-05, 0.00013117, 0.00010558]","[2.9883e-05, 3.19345e-05, 3.37479e-05, 6.73286e-05, 6.58864e-05]"
2204,Container,40278.0,7,AUCKLAND,0.000331243,"[1.0, 1.0, 1.0, 1.0, 0.999965, 0.999902]","[0.32137979, 0.36177878, 0.41751948, 0.43552647, 0.57943111, 0.62728849]","[0.00011063, 0.00011063, 0.00011063, 0.00011063, 0.00013371, 0.00013371]","[3.55542e-05, 4.00236e-05, 4.61902e-05, 4.81823e-05, 7.7472e-05, 8.38654e-05]"
2206,Container,40278.0,7,AUCKLAND,0.0003312063,"[1.0, 1.0, 1.0, 1.0, 0.999902, 0.999998]","[0.31172763, 0.32871573, 0.3763164, 0.41165502, 0.54717859, 0.60884063]","[0.00011623, 0.00011623, 0.00013195, 0.00013195, 0.00013371, 0.00013088]","[3.62315e-05, 3.8206e-05, 4.96557e-05, 5.43188e-05, 7.31551e-05, 7.96841e-05]"
2243,RoRo,30134.0,7,AUCKLAND,0.0003982202,"[1.0, 1.0, 1.0, 1.0, 1.0, 1.0]","[0.31633671, 0.38884653, 0.56056961, 0.6129689, 0.662766, 0.88533237]","[0.00010419, 0.00012152, 0.00011482, 0.00011482, 0.00012209, 0.00011567]","[3.29594e-05, 4.7251e-05, 6.43643e-05, 7.03808e-05, 8.09187e-05, 0.0001024106]"
2245,RoRo,30089.0,7,AUCKLAND,0.0003763393,"[1.0, 1.0, 1.0, 1.0, 1.0, 1.0]","[0.2762662, 0.42890498, 0.50823344, 0.64524352, 0.69677903, 0.73193783]","[9.591e-05, 0.00010419, 0.00012152, 0.00011482, 0.00011482, 0.00012209]","[2.64962e-05, 4.4688e-05, 6.17584e-05, 7.40866e-05, 8.00038e-05, 8.9364e-05]"
2246,RoRo,30089.0,7,AUCKLAND,0.0003666019,"[1.0, 1.0, 1.0, 1.0, 1.0, 1.0]","[0.32335948, 0.38816025, 0.49896745, 0.60397491, 0.66818238, 0.70292761]","[0.00010419, 0.00010419, 0.00012152, 0.00011482, 0.00011482, 0.00012209]","[3.36911e-05, 4.04427e-05, 6.06324e-05, 6.93481e-05, 7.67204e-05, 8.58221e-05]"
2249,RoRo,30089.0,7,AUCKLAND,0.0004252588,"[1.0, 1.0, 1.0, 1.0, 1.0, 1.0]","[0.38189066, 0.47581523, 0.58751403, 0.64044261, 0.68961542, 0.88640201]","[0.00010419, 0.00012152, 0.00011482, 0.00011482, 0.00012209, 0.00011567]","[3.97895e-05, 5.78191e-05, 6.74581e-05, 7.35353e-05, 8.41968e-05, 0.0001025343]"
2250,RoRo,30089.0,7,AUCKLAND,0.0004031999,"[1.0, 1.0, 1.0, 1.0, 1.0, 1.0]","[0.35059129, 0.43253197, 0.5410222, 0.60945921, 0.65957833, 0.877904]","[0.00010419, 0.00012152, 0.00011482, 0.00011482, 0.00012209, 0.00011567]","[3.65284e-05, 5.25595e-05, 6.21199e-05, 6.99778e-05, 8.05295e-05, 0.0001015513]"
2252,General Cargo,33354.0,5,TAURANGA,0.0002922379,"[1.0, 1.0, 1.0, 1.0]","[0.35623375, 0.43669197, 0.6304869, 0.83134818]","[0.00011063, 0.00011063, 0.00013992, 0.00013992]","[3.94101e-05, 4.83112e-05, 8.82206e-05, 0.000116326]"
2255,General Cargo,33376.0,6,TAURANGA,0.0003376697,"[1.0, 1.0, 1.0, 1.0, 1.0]","[0.24026483, 0.37063772, 0.5328315, 0.68868411, 0.81552906]","[0.00013195, 9.871e-05, 0.00011063, 0.00013992, 0.00013992]","[3.17035e-05, 3.65857e-05, 5.89471e-05, 9.63638e-05, 0.0001141126]"
2257,General Cargo,33443.0,6,AUCKLAND,0.0003786337,"[1.0, 0.999998, 0.999998, 0.999965, 0.999991]","[0.2363893, 0.50402261, 0.6092279, 0.71423969, 0.83943345]","[0.00011688, 0.00013088, 0.00013088, 0.00013371, 0.00013088]","[2.76291e-05, 6.59657e-05, 7.97349e-05, 9.54964e-05, 0.000109863]"
2278,General Cargo,33420.0,6,AUCKLAND,0.0003866064,"[1.0, 1.0, 1.0, 1.0, 1.0]","[0.28785772, 0.45277556, 0.55258603, 0.70762864, 0.83181109]","[0.0001114, 0.00013665, 0.00013992, 0.00013992, 0.00013992]","[3.20675e-05, 6.18708e-05, 7.73204e-05, 9.90146e-05, 0.0001163908]"
2280,General Cargo,33420.0,5,GISBORNE,0.0003511544,"[1.0, 1.0, 1.0, 0.999991]","[0.29604024, 0.66687209, 0.75647181, 0.89005984]","[0.00013195, 0.00013088, 0.00013992, 0.00013371]","[3.90631e-05, 8.72793e-05, 0.000105849, 0.0001190073]"
2281,General Cargo,33420.0,5,AUCKLAND,0.0002665091,"[1.0, 1.0, 1.0, 1.0]","[0.41548732, 0.50710774, 0.6367653, 0.69300025]","[9.871e-05, 9.871e-05, 0.00013195, 0.00013195]","[4.10128e-05, 5.00566e-05, 8.40225e-05, 9.14428e-05]"
2286,Container,34362.0,5,AUCKLAND,0.0002235461,"[1.0, 1.0, 0.999965, 0.999902]","[0.32398198, 0.35848642, 0.52746065, 0.57997122]","[0.00011063, 0.00011063, 0.00013371, 0.00013371]","[3.58421e-05, 3.96593e-05, 7.05234e-05, 7.75393e-05]"
2287,Container,34362.0,7,NELSON,0.0003160944,"[1.0, 1.0, 1.0, 1.0, 0.999991, 0.999847]","[0.30159984, 0.35256892, 0.39676591, 0.44882607, 0.51131737, 0.58277148]","[8.498e-05, 0.00013117, 0.00013117, 0.00013117, 0.00014047, 0.00010558]","[2.56287e-05, 4.62459e-05, 5.20431e-05, 5.88717e-05, 7.18252e-05, 6.15209e-05]"
2292,Container,34362.0,7,AUCKLAND,0.0002784059,"[1.0, 1.0, 1.0, 1.0, 0.999965, 0.999902]","[0.22595415, 0.24805265, 0.36419098, 0.39161617, 0.50799894, 0.55371225]","[0.00011063, 0.00011063, 0.00011063, 0.00011174, 0.00013371, 0.00013371]","[2.49973e-05, 2.74421e-05, 4.02904e-05, 4.37574e-05, 6.79213e-05, 7.40286e-05]"
2294,Container,34362.0,6,NELSON,0.0002578906,"[0.999847, 0.999933, 0.999847, 0.999986, 0.999936]","[0.37056633, 0.42017672, 0.49141064, 0.53500898, 0.58340316]","[0.00010558, 0.00014047, 0.00010558, 0.00010558, 8.814e-05]","[3.91192e-05, 5.90192e-05, 5.18763e-05, 5.64866e-05, 5.14158e-05]"
2296,RoRo,28084.0,7,AUCKLAND,0.0003644769,"[1.0, 1.0, 1.0, 1.0, 1.0, 1.0]","[0.26035107, 0.39637483, 0.48037255, 0.58598222, 0.62827993, 0.86854082]","[9.591e-05, 0.00010419, 0.00012152, 0.00011482, 0.00011482, 0.00011567]","[2.49698e-05, 4.12986e-05, 5.83728e-05, 6.72822e-05, 7.21388e-05, 0.0001004682]"
2297,RoRo,28084.0,7,AUCKLAND,0.0003710637,"[1.0, 1.0, 1.0, 1.0, 1.0, 1.0]","[0.26417757, 0.39715274, 0.48632088, 0.58714231, 0.63149468, 0.87133186]","[9.591e-05, 0.00010419, 0.00012152, 0.00011482, 0.00012209, 0.00011567]","[2.53368e-05, 4.13797e-05, 5.90957e-05, 6.74154e-05, 7.71007e-05, 0.0001007911]"
2301,RoRo,28080.0,7,AUCKLAND,0.000366548,"[1.0, 1.0, 1.0, 1.0, 1.0, 1.0]","[0.28946072, 0.37897645, 0.47430885, 0.58953382, 0.6309571, 0.85744986]","[0.00010419, 0.00010419, 0.00012152, 0.00011482, 0.00011482, 0.00011567]","[3.01592e-05, 3.94859e-05, 5.7636e-05, 6.769e-05, 7.24462e-05, 9.91853e-05]"
2311,Bulker,28456.0,5,NELSON,0.0002231485,"[1.0, 1.0, 0.999986, 0.999848]","[0.21503555, 0.37661865, 0.6877587, 0.85236003]","[0.00012132, 9.156e-05, 0.00010558, 0.00010558]","[2.60891e-05, 3.44822e-05, 7.26141e-05, 8.99804e-05]"
2345,Container,52513.0,7,TAURANGA,0.0003433147,"[1.0, 1.0, 1.0, 0.999999, 0.999989, 0.999965]","[0.23496696, 0.28956872, 0.32754534, 0.5191901, 0.58802587, 0.66942726]","[0.00013195, 0.00013195, 0.00011623, 0.00013088, 0.00013371, 0.00013371]","[3.10044e-05, 3.82092e-05, 3.807e-05, 6.79509e-05, 7.86231e-05, 8.95048e-05]"
2348,General Cargo,19497.0,7,TAURANGA,0.0003993734,"[1.0, 1.0, 1.0, 1.0, 0.999998, 0.999978]","[0.32911374, 0.4340533, 0.55005144, 0.6868602, 0.80155906, 0.86743481]","[0.00010291, 0.00010291, 0.00010291, 0.00010291, 0.00011601, 0.00011601]","[3.38686e-05, 4.46678e-05, 5.6605e-05, 7.06838e-05, 9.29864e-05, 0.0001006265]"
2349,General Cargo,19497.0,7,TAURANGA,0.0003923192,"[1.0, 1.0, 1.0, 1.0, 0.999998, 0.999978]","[0.30921769, 0.3991595, 0.53594248, 0.67669339, 0.78503084, 0.89327132]","[0.00010291, 0.00010291, 0.00010291, 0.00010291, 0.00011601, 0.00011601]","[3.18212e-05, 4.10769e-05, 5.51531e-05, 6.96376e-05, 9.1069e-05, 0.0001036236]"
2350,General Cargo,19497.0,7,TAURANGA,0.0003959363,"[1.0, 1.0, 1.0, 1.0, 0.999998, 0.999978]","[0.30346833, 0.39287652, 0.53756255, 0.69024494, 0.81146747, 0.89523868]","[0.00010291, 0.00010291, 0.00010291, 0.00010291, 0.00011601, 0.00011601]","[3.12295e-05, 4.04304e-05, 5.53198e-05, 7.10321e-05, 9.41358e-05, 0.0001038518]"
2352,Tanker,46180.0,7,NEW PLYMOUTH,0.0001858182,"[1.0, 1.0, 1.0, 0.999999, 1.0, 1.0]","[0.00429682, 0.02266948, 0.10959621, 0.46273271, 0.73263871, 0.76327772]","[8.382e-05, 8.967e-05, 0.00010536, 8.776e-05, 8.776e-05, 8.776e-05]","[3.601e-07, 2.0327e-06, 1.15476e-05, 4.06091e-05, 6.4296e-05, 6.69848e-05]"
2356,Container,51653.0,5,TAURANGA,0.0002642911,"[1.0, 0.999965, 0.999999, 1.0]","[0.30695892, 0.48263447, 0.56655924, 0.61068165]","[0.00013092, 0.00013371, 0.00013088, 0.00013992]","[4.01869e-05, 6.45299e-05, 7.41505e-05, 8.54494e-05]"
2357,Container,51653.0,5,AUCKLAND,0.0001867208,"[1.0, 1.0, 1.0, 1.0]","[0.35439113, 0.38494958, 0.41840794, 0.56815397]","[9.704e-05, 9.704e-05, 9.704e-05, 0.00013092]","[3.4391e-05, 3.73565e-05, 4.06034e-05, 7.43825e-05]"
2361,Container,51653.0,7,AUCKLAND,0.0002525416,"[1.0, 1.0, 1.0, 1.0, 1.0, 1.0]","[0.24462361, 0.35006576, 0.388023, 0.40647109, 0.43398778, 0.5429637]","[0.00011567, 9.704e-05, 9.704e-05, 9.704e-05, 9.704e-05, 0.00013092]","[2.82968e-05, 3.39713e-05, 3.76547e-05, 3.9445e-05, 4.21153e-05, 7.10846e-05]"
2363,Container,51653.0,5,AUCKLAND,0.0001897742,"[1.0, 1.0, 1.0, 1.0]","[0.36630658, 0.40677663, 0.43502939, 0.55414929]","[9.704e-05, 9.704e-05, 9.704e-05, 0.00013092]","[3.55473e-05, 3.94746e-05, 4.22163e-05, 7.2549e-05]"
2365,Container,51653.0,6,TAURANGA,0.0002622603,"[1.0, 1.0, 1.0, 0.999965, 0.999999]","[0.25792974, 0.32396972, 0.36151467, 0.52661457, 0.63625587]","[0.00011567, 9.704e-05, 0.00013092, 0.00013371, 0.00013088]","[2.9836e-05, 3.14388e-05, 4.73294e-05, 7.04102e-05, 8.32723e-05]"
2366,Container,51653.0,5,AUCKLAND,0.0001736887,"[1.0, 1.0, 1.0, 1.0]","[0.271257, 0.37489992, 0.42400974, 0.49491406]","[0.00011567, 9.704e-05, 9.704e-05, 0.00013092]","[3.13776e-05, 3.63812e-05, 4.1147e-05, 6.47939e-05]"
2370,Container,51653.0,6,AUCKLAND,0.0002125564,"[1.0, 1.0, 1.0, 1.0, 1.0]","[0.26714712, 0.36267596, 0.37925529, 0.44473831, 0.5080564]","[0.00011567, 9.704e-05, 9.704e-05, 9.704e-05, 0.00013092]","[3.09022e-05, 3.5195e-05, 3.68039e-05, 4.31585e-05, 6.65145e-05]"
2374,Container,51653.0,5,AUCKLAND,0.0001907122,"[1.0, 1.0, 1.0, 1.0]","[0.29771995, 0.42226348, 0.47834539, 0.52619707]","[0.00011567, 9.704e-05, 9.704e-05, 0.00013092]","[3.44387e-05, 4.09775e-05, 4.64198e-05, 6.88895e-05]"
2375,Container,51653.0,7,TAURANGA,0.0003601461,"[1.0, 1.0, 0.999989, 0.999965, 0.999999, 1.0]","[0.29655853, 0.31411073, 0.40256684, 0.47160161, 0.55789629, 0.64122204]","[0.00013195, 0.00013195, 0.00013371, 0.00013371, 0.00013088, 0.00013992]","[3.91315e-05, 4.14476e-05, 5.38259e-05, 6.30548e-05, 7.30167e-05, 8.97227e-05]"
2378,Container,51653.0,5,AUCKLAND,0.0001887545,"[1.0, 1.0, 1.0, 1.0]","[0.29857298, 0.42462968, 0.46796628, 0.5164271]","[0.00011567, 9.704e-05, 9.704e-05, 0.00013092]","[3.45373e-05, 4.12071e-05, 4.54126e-05, 6.76104e-05]"
2382,Container,53139.0,7,TAURANGA,0.0002910215,"[1.0, 1.0, 1.0, 1.0, 1.0, 1.0]","[0.31633353, 0.33016186, 0.3812664, 0.42958779, 0.49256814, 0.53042735]","[0.00011482, 0.00011482, 0.00010419, 0.00012152, 0.00012209, 0.00012209]","[3.63213e-05, 3.7909e-05, 3.97245e-05, 5.22017e-05, 6.01388e-05, 6.47611e-05]"
2384,Container,53139.0,7,TAURANGA,0.0002205285,"[1.0, 1.0, 1.0, 1.0, 1.0, 1.0]","[0.21637697, 0.27735141, 0.34958686, 0.39745554, 0.43422472, 0.50279524]","[0.00011482, 0.0, 0.00011482, 0.00010419, 0.00012152, 0.00012209]","[2.48443e-05, 0.0, 4.01394e-05, 4.14112e-05, 5.27652e-05, 6.13874e-05]"
2386,Container,53139.0,7,TAURANGA,0.0003026926,"[1.0, 1.0, 1.0, 1.0, 1.0, 1.0]","[0.32794464, 0.3750745, 0.40790752, 0.47004935, 0.49460567, 0.50839464]","[0.00011482, 0.00010419, 0.00012152, 0.00011482, 0.00012209, 0.00012209]","[3.76544e-05, 3.90793e-05, 4.95672e-05, 5.39708e-05, 6.03876e-05, 6.20711e-05]"
2388,Container,53139.0,7,TAURANGA,0.000285138,"[1.0, 1.0, 1.0, 1.0, 1.0, 1.0]","[0.31471552, 0.33042839, 0.38093232, 0.40969972, 0.48779368, 0.50835228]","[0.00011482, 0.00011482, 0.00010419, 0.00012152, 0.00012209, 0.00012209]","[3.61355e-05, 3.79396e-05, 3.96897e-05, 4.9785e-05, 5.95559e-05, 6.20659e-05]"
2390,Container,53139.0,7,TAURANGA,0.0002742337,"[1.0, 1.0, 1.0, 1.0, 1.0, 1.0]","[0.30906927, 0.32506816, 0.37432088, 0.39936541, 0.46937847, 0.49167422]","[0.00011482, 0.00011482, 0.00010419, 0.00012152, 0.00011482, 0.00012209]","[3.54872e-05, 3.73242e-05, 3.90008e-05, 4.85292e-05, 5.38938e-05, 6.00297e-05]"
2392,Container,53139.0,7,TAURANGA,0.0003032582,"[1.0, 1.0, 1.0, 1.0, 1.0, 1.0]","[0.32543361, 0.38127035, 0.40795086, 0.46949672, 0.49180946, 0.51337574]","[0.00011482, 0.00010419, 0.00012152, 0.00011482, 0.00012209, 0.00012209]","[3.73661e-05, 3.97249e-05, 4.95725e-05, 5.39074e-05, 6.00462e-05, 6.26792e-05]"
2394,Container,53139.0,7,TAURANGA,0.0003101039,"[1.0, 1.0, 1.0, 1.0, 1.0, 1.0]","[0.34076748, 0.39428564, 0.42317404, 0.48889733, 0.50337764, 0.52895305]","[0.00011482, 0.00010419, 0.00012152, 0.00011482, 0.00011482, 0.00012209]","[3.91268e-05, 4.10809e-05, 5.14223e-05, 5.6135e-05, 5.77976e-05, 6.45811e-05]"
2401,Container,53139.0,7,TAURANGA,0.0003041871,"[1.0, 1.0, 1.0, 1.0, 1.0, 1.0]","[0.32265614, 0.34434407, 0.39606165, 0.44595932, 0.52967437, 0.55297696]","[0.00011482, 0.00011482, 0.00010419, 0.00012152, 0.00012209, 0.00012209]","[3.70472e-05, 3.95374e-05, 4.1266e-05, 5.41911e-05, 6.46692e-05, 6.75143e-05]"
2403,Container,53139.0,7,TAURANGA,0.0002937787,"[1.0, 1.0, 1.0, 1.0, 1.0, 1.0]","[0.31375935, 0.33062319, 0.40373829, 0.44455779, 0.5080068, 0.53574931]","[0.00011482, 0.00011482, 0.00010419, 0.00012152, 0.00011482, 0.00012209]","[3.60257e-05, 3.7962e-05, 4.20658e-05, 5.40208e-05, 5.83291e-05, 6.54109e-05]"
2407,Container,53142.0,6,TAURANGA,0.0002333091,"[1.0, 1.0, 1.0, 1.0, 1.0]","[0.32399487, 0.34002394, 0.39473614, 0.43642436, 0.51541283]","[0.00011482, 0.00011482, 0.00010419, 0.00012152, 0.00012209]","[3.72009e-05, 3.90414e-05, 4.11279e-05, 5.30324e-05, 6.2928e-05]"
2409,Container,53142.0,5,TAURANGA,0.0001869331,"[1.0, 1.0, 1.0, 1.0]","[0.34735571, 0.36325431, 0.41922001, 0.50515225]","[0.00011482, 0.00011482, 0.00010419, 0.00012209]","[3.98832e-05, 4.17087e-05, 4.36789e-05, 6.16752e-05]"
2411,Container,53142.0,7,TAURANGA,0.0002912859,"[1.0, 1.0, 1.0, 1.0, 1.0, 1.0]","[0.32281606, 0.34206581, 0.39697018, 0.42516585, 0.489101, 0.50977011]","[0.00011482, 0.00011482, 0.00010419, 0.00012152, 0.00012209, 0.00012209]","[3.70656e-05, 3.92758e-05, 4.13607e-05, 5.16644e-05, 5.97155e-05, 6.2239e-05]"
2414,Container,53142.0,6,TAURANGA,0.0002385063,"[1.0, 1.0, 1.0, 1.0, 1.0]","[0.33968891, 0.3560049, 0.40701628, 0.43910648, 0.51505217]","[0.00011482, 0.00011482, 0.00010419, 0.00012152, 0.00012209]","[3.90029e-05, 4.08763e-05, 4.24074e-05, 5.33584e-05, 6.28839e-05]"
2416,Container,53142.0,7,TAURANGA,0.0002727336,"[1.0, 1.0, 1.0, 1.0, 1.0, 1.0]","[0.31460244, 0.33388208, 0.34913935, 0.39953036, 0.43376295, 0.52321974]","[0.00011482, 0.00011482, 0.00011482, 0.00010419, 0.00012152, 0.00012209]","[3.61225e-05, 3.83362e-05, 4.0088e-05, 4.16274e-05, 5.2709e-05, 6.38811e-05]"
2418,Container,53142.0,7,TAURANGA,0.0003045217,"[1.0, 1.0, 1.0, 1.0, 1.0, 1.0]","[0.33815972, 0.38600734, 0.41363803, 0.46786045, 0.48705999, 0.50834475]","[0.00011482, 0.00010419, 0.00012152, 0.00011482, 0.00012209, 0.00012209]","[3.88273e-05, 4.02184e-05, 5.02635e-05, 5.37195e-05, 5.94663e-05, 6.2065e-05]"
2421,General Cargo,33738.0,7,NELSON,0.000458214,"[1.0, 0.999993, 0.999886, 0.999892, 0.999848, 0.999864]","[0.31355372, 0.43995052, 0.56828936, 0.67672294, 0.78309501, 0.92673319]","[0.00013117, 0.00014047, 0.00014047, 0.00014047, 0.00010558, 0.00010558]","[4.11283e-05, 6.18004e-05, 7.98197e-05, 9.50504e-05, 8.26683e-05, 9.78332e-05]"
2423,Container,43123.0,7,TAURANGA,0.0002657508,"[1.0, 1.0, 1.0, 1.0, 1.0, 1.0]","[0.28945095, 0.30621569, 0.3553428, 0.38384882, 0.45540764, 0.47600754]","[0.00011482, 0.00011482, 0.00010419, 0.00012152, 0.00012209, 0.00012209]","[3.32346e-05, 3.51595e-05, 3.70235e-05, 4.66437e-05, 5.56018e-05, 5.81169e-05]"
2425,Container,43123.0,7,TAURANGA,0.0002635489,"[1.0, 1.0, 1.0, 1.0, 1.0, 1.0]","[0.29176673, 0.30854101, 0.35776588, 0.39226039, 0.45119135, 0.47425747]","[0.00011482, 0.00011482, 0.00010419, 0.00012152, 0.00011482, 0.00012209]","[3.35005e-05, 3.54265e-05, 3.72759e-05, 4.76658e-05, 5.18056e-05, 5.79032e-05]"
2431,Container,43123.0,7,TAURANGA,0.0002869794,"[1.0, 1.0, 1.0, 1.0, 1.0, 1.0]","[0.30139243, 0.34866157, 0.37437309, 0.44737986, 0.47259368, 0.50388196]","[0.00011482, 0.00010419, 0.00012152, 0.00011482, 0.00012209, 0.00012209]","[3.46057e-05, 3.63273e-05, 4.54922e-05, 5.13679e-05, 5.77001e-05, 6.15201e-05]"
2437,General Cargo,7709.0,7,NEW PLYMOUTH,0.000264538,"[0.999975, 0.999999, 0.999999, 0.999986, 0.99998, 0.999995]","[0.1566544, 0.2243353, 0.2870626, 0.39214177, 0.47940705, 0.57463406]","[0.00010558, 8.776e-05, 8.776e-05, 0.00014047, 0.00014047, 0.00014047]","[1.65395e-05, 1.96875e-05, 2.51924e-05, 5.50842e-05, 6.7342e-05, 8.07197e-05]"
2449,Container,43206.0,7,TAURANGA,0.0002661961,"[1.0, 1.0, 1.0, 1.0, 1.0, 1.0]","[0.28971767, 0.30912332, 0.3541272, 0.39302189, 0.45981946, 0.49155685]","[0.00011482, 0.00011482, 0.00010419, 0.00012152, 0.00011482, 0.00012209]","[3.32652e-05, 3.54934e-05, 3.68968e-05, 4.77584e-05, 5.27963e-05, 6.00153e-05]"
2451,Container,43206.0,7,TAURANGA,0.0002757532,"[1.0, 1.0, 1.0, 1.0, 1.0, 1.0]","[0.29419356, 0.33249791, 0.3974074, 0.41093887, 0.45584081, 0.48236975]","[0.00011482, 0.00010419, 0.00011482, 0.00011482, 0.00012209, 0.00012209]","[3.37792e-05, 3.46432e-05, 4.56301e-05, 4.71838e-05, 5.56547e-05, 5.88937e-05]"
2452,Container,43206.0,7,AUCKLAND,0.0003223252,"[1.0, 1.0, 1.0, 1.0, 1.0, 0.999965]","[0.27153874, 0.30073553, 0.4189493, 0.46227309, 0.48068789, 0.64504447]","[0.00011623, 0.00013195, 0.00013195, 0.00011623, 0.00011623, 0.00013371]","[3.15604e-05, 3.96827e-05, 5.52812e-05, 5.37291e-05, 5.58694e-05, 8.62448e-05]"
2455,Container,43177.0,7,TAURANGA,0.0002662132,"[1.0, 1.0, 1.0, 1.0, 1.0, 1.0]","[0.28813436, 0.30222944, 0.35180296, 0.39257393, 0.4561616, 0.47836505]","[0.00011482, 0.00011482, 0.00010419, 0.00012152, 0.00012209, 0.00012209]","[3.30834e-05, 3.47018e-05, 3.66546e-05, 4.77039e-05, 5.56938e-05, 5.84047e-05]"
2457,Container,43177.0,7,TAURANGA,0.0002567679,"[1.0, 1.0, 1.0, 1.0, 1.0, 1.0]","[0.27950875, 0.29517015, 0.34261349, 0.3708722, 0.43763484, 0.46370526]","[0.00011482, 0.00011482, 0.00010419, 0.00012152, 0.00012209, 0.00012209]","[3.20931e-05, 3.38913e-05, 3.56972e-05, 4.50668e-05, 5.34319e-05, 5.66149e-05]"
2459,Container,43177.0,6,TAURANGA,0.0002226179,"[1.0, 1.0, 1.0, 1.0, 1.0]","[0.31788442, 0.33303093, 0.38058062, 0.41181261, 0.47672945]","[0.00011482, 0.00011482, 0.00010419, 0.00012152, 0.00012209]","[3.64993e-05, 3.82385e-05, 3.9653e-05, 5.00417e-05, 5.8205e-05]"
2461,Container,43177.0,6,TAURANGA,0.0002166795,"[1.0, 1.0, 1.0, 1.0, 1.0]","[0.29665931, 0.31373482, 0.36280756, 0.40455685, 0.488578]","[0.00011482, 0.00011482, 0.00010419, 0.00012152, 0.00012209]","[3.40623e-05, 3.60229e-05, 3.78012e-05, 4.916e-05, 5.96516e-05]"
2463,Container,43177.0,7,TAURANGA,0.0002615702,"[1.0, 1.0, 1.0, 1.0, 1.0, 1.0]","[0.28860643, 0.3048588, 0.34744598, 0.37606558, 0.44296946, 0.47075249]","[0.00011482, 0.00011482, 0.00010419, 0.00012152, 0.00012209, 0.00012209]","[3.31377e-05, 3.50037e-05, 3.62007e-05, 4.56979e-05, 5.40832e-05, 5.74753e-05]"
2465,Container,43177.0,7,TAURANGA,0.0002685984,"[1.0, 1.0, 1.0, 1.0, 1.0, 1.0]","[0.29071888, 0.30546757, 0.3590576, 0.39732377, 0.46124156, 0.47643158]","[0.00011482, 0.00011482, 0.00010419, 0.00012152, 0.00012209, 0.00012209]","[3.33802e-05, 3.50736e-05, 3.74105e-05, 4.82811e-05, 5.63141e-05, 5.81686e-05]"
2467,Container,43177.0,7,TAURANGA,0.0002641406,"[1.0, 1.0, 1.0, 1.0, 1.0, 1.0]","[0.28745571, 0.30456256, 0.35257623, 0.38123018, 0.45051947, 0.47610217]","[0.00011482, 0.00011482, 0.00010419, 0.00012152, 0.00012209, 0.00012209]","[3.30055e-05, 3.49697e-05, 3.67352e-05, 4.63255e-05, 5.5005e-05, 5.81284e-05]"
2469,Container,43177.0,7,TAURANGA,0.0002626285,"[1.0, 1.0, 1.0, 1.0, 1.0, 1.0]","[0.29147924, 0.30776406, 0.35767441, 0.38589217, 0.44979057, 0.47545194]","[0.00011482, 0.00011482, 0.00010419, 0.00012152, 0.00011482, 0.00012209]","[3.34675e-05, 3.53373e-05, 3.72664e-05, 4.6892e-05, 5.16447e-05, 5.8049e-05]"
2472,Container,43114.0,5,PORT CHALMERS,0.000207992,"[1.0, 1.0, 0.999853, 0.999967]","[0.34570351, 0.39734389, 0.55748807, 0.60408048]","[8.967e-05, 8.382e-05, 0.00010558, 0.00014047]","[3.09975e-05, 3.33039e-05, 5.88522e-05, 8.48536e-05]"
2475,Container,13809.0,6,TAURANGA,0.000122514,"[1.0, 1.0, 1.0, 0.999989, 0.999493]","[0.13493893, 0.16138906, 0.19843243, 0.25358337, 0.2901036]","[0.00011063, 0.0001061, 0.00011553, 0.00013371, 0.00011601]","[1.49283e-05, 1.71235e-05, 2.29252e-05, 3.39058e-05, 3.36371e-05]"
2524,General Cargo,18760.0,7,AUCKLAND,0.0004221891,"[1.0, 1.0, 1.0, 0.999998, 0.999913, 0.999965]","[0.20647207, 0.31542457, 0.41995566, 0.54931388, 0.77756717, 0.90250949]","[0.00011063, 0.00013992, 0.00013992, 0.00013088, 0.00013371, 0.00013371]","[2.2842e-05, 4.41356e-05, 5.87621e-05, 7.18934e-05, 0.0001039581, 0.0001206688]"
2530,Tanker,50591.0,6,TAURANGA,0.0001903543,"[0.999999, 0.999966, 1.0, 1.0, 1.0]","[0.01548325, 0.07944547, 0.37647398, 0.61516776, 0.68198337]","[0.00013088, 0.00013371, 0.00013195, 9.871e-05, 9.871e-05]","[2.0264e-06, 1.06222e-05, 4.96765e-05, 6.07233e-05, 6.73186e-05]"
2532,General Cargo,52788.0,6,AUCKLAND,0.0004341395,"[1.0, 1.0, 1.0, 1.0, 0.999965]","[0.48984753, 0.61271722, 0.70828746, 0.72907664, 0.90996943]","[0.00013195, 0.00013195, 0.00011623, 0.00011623, 0.00013371]","[6.46364e-05, 8.08493e-05, 8.23229e-05, 8.47392e-05, 0.0001216662]"
2539,Container,42614.0,5,AUCKLAND,0.0002115551,"[0.999965, 1.0, 1.0, 0.999965]","[0.31337337, 0.40403589, 0.43403772, 0.57557333]","[0.00013371, 0.00011063, 0.00011063, 0.00013371]","[4.18992e-05, 4.46985e-05, 4.80176e-05, 7.69562e-05]"
2547,Container,34194.0,7,AUCKLAND,0.0002414479,"[1.0, 1.0, 1.0, 1.0, 1.0, 1.0]","[0.260783, 0.28043547, 0.31764758, 0.34961974, 0.43515227, 0.47347202]","[9.871e-05, 9.871e-05, 0.00011623, 0.00011063, 0.00013195, 0.00011623]","[2.57419e-05, 2.76818e-05, 3.69196e-05, 3.86784e-05, 5.74193e-05, 5.50307e-05]"
2550,Bulker,58761.0,5,NELSON,0.0002336939,"[1.0, 1.0, 1.0, 0.999933]","[0.23760067, 0.39627477, 0.65035055, 0.9190559]","[8.382e-05, 8.382e-05, 7.917e-05, 0.00014047]","[1.99148e-05, 3.32143e-05, 5.14886e-05, 0.0001290931]"
2553,Bulker,58717.0,6,NELSON,0.0002220791,"[1.0, 1.0, 1.0, 1.0, 0.999986]","[0.09408382, 0.2221983, 0.42307098, 0.58528535, 0.90109763]","[0.00010536, 0.00010536, 0.00010536, 8.382e-05, 0.00010558]","[9.9131e-06, 2.34118e-05, 4.45767e-05, 4.90565e-05, 9.51385e-05]"
2554,Bulker,58717.0,7,WELLINGTON,0.0002277482,"[1.0, 1.0, 1.0, 1.0, 1.0, 0.999994]","[0.03457039, 0.10320439, 0.28882545, 0.51128894, 0.6173181, 0.89987447]","[8.382e-05, 8.382e-05, 8.967e-05, 8.382e-05, 8.498e-05, 0.00010558]","[2.8976e-06, 8.6502e-06, 2.58975e-05, 4.28544e-05, 5.24571e-05, 9.50102e-05]"
2558,RoRo,14996.0,7,AUCKLAND,0.0003744001,"[1.0, 1.0, 1.0, 1.0, 1.0, 0.999862]","[0.27416864, 0.34012683, 0.4118523, 0.48911744, 0.5972597, 0.8251075]","[0.00013195, 0.00013195, 0.00013195, 0.00013195, 0.00013195, 0.00011601]","[3.61771e-05, 4.48805e-05, 5.43448e-05, 6.45401e-05, 7.88097e-05, 9.57052e-05]"
2559,RoRo,14996.0,7,AUCKLAND,0.0003798076,"[1.0, 1.0, 1.0, 1.0, 1.0, 0.999862]","[0.2794301, 0.34394978, 0.41577777, 0.5174745, 0.59422872, 0.82813155]","[0.00013195, 0.00013195, 0.00013195, 0.00013195, 0.00013195, 0.00011601]","[3.68714e-05, 4.53849e-05, 5.48628e-05, 6.82819e-05, 7.84097e-05, 9.60559e-05]"
2564,General Cargo,12502.0,7,TAURANGA,0.0003157249,"[1.0, 1.0, 1.0, 1.0, 1.0, 0.999989]","[0.21637308, 0.29326669, 0.37771482, 0.48751821, 0.63979342, 0.79058362]","[0.00011553, 0.00010291, 0.00010291, 0.00010291, 0.00010291, 0.00013371]","[2.49979e-05, 3.01797e-05, 3.88701e-05, 5.01698e-05, 6.58402e-05, 0.0001057064]"
2565,General Cargo,12502.0,7,TAURANGA,0.0003044705,"[1.0, 1.0, 1.0, 1.0, 0.999989, 0.999493]","[0.1807143, 0.23580907, 0.32868326, 0.43457815, 0.66965286, 0.80690406]","[0.00010291, 0.00010291, 0.00010291, 0.00010291, 0.00013371, 0.00011601]","[1.85971e-05, 2.42668e-05, 3.38243e-05, 4.47218e-05, 8.95372e-05, 9.35592e-05]"
2566,General Cargo,12502.0,5,TAURANGA,0.0002383162,"[1.0, 1.0, 1.0, 1.0]","[0.41963432, 0.51087023, 0.64312276, 0.74238138]","[0.00010291, 0.00010291, 0.00010291, 0.00010291]","[4.3184e-05, 5.25729e-05, 6.61829e-05, 7.63974e-05]"
2567,Container,12502.0,6,AUCKLAND,0.0001440058,"[1.0, 1.0, 1.0, 1.0, 1.0]","[0.18135672, 0.24310165, 0.27468623, 0.30148443, 0.34311269]","[0.00011063, 0.00010291, 0.00010291, 0.00010291, 0.00011553]","[2.00635e-05, 2.50172e-05, 2.82676e-05, 3.10253e-05, 3.96403e-05]"
2568,Container,12502.0,7,TAURANGA,0.0001729427,"[1.0, 1.0, 1.0, 1.0, 1.0, 0.999989]","[0.19019495, 0.21847326, 0.23997562, 0.26525227, 0.30520343, 0.35524841]","[0.00010291, 0.00010291, 0.00010291, 0.00010291, 0.00010291, 0.00013371]","[1.95727e-05, 2.24828e-05, 2.46956e-05, 2.72967e-05, 3.14081e-05, 4.74991e-05]"
2569,Container,12502.0,7,TAURANGA,0.0001538781,"[1.0, 1.0, 1.0, 1.0, 1.0, 0.999989]","[0.15362099, 0.18326494, 0.20245172, 0.22525658, 0.26427099, 0.359058]","[0.00010291, 0.00010291, 0.00010291, 0.00010291, 0.00010291, 0.00013371]","[1.58089e-05, 1.88595e-05, 2.0834e-05, 2.31808e-05, 2.71958e-05, 4.80085e-05]"
2570,Container,12502.0,7,TAURANGA,0.0001634605,"[1.0, 1.0, 1.0, 1.0, 1.0, 1.0]","[0.19773328, 0.22176623, 0.23841653, 0.26957811, 0.29894838, 0.33781574]","[0.00011553, 0.00010291, 0.00010291, 0.00010291, 0.00010291, 0.00010291]","[2.28444e-05, 2.28217e-05, 2.45351e-05, 2.77419e-05, 3.07644e-05, 3.47641e-05]"
2571,Container,12502.0,7,AUCKLAND,0.0001726998,"[1.0, 1.0, 1.0, 1.0, 1.0, 0.999993]","[0.19196783, 0.22705654, 0.24391995, 0.27440317, 0.31246803, 0.35922261]","[0.00011553, 0.00010291, 0.00010291, 0.00010291, 0.00010291, 0.00011601]","[2.21783e-05, 2.33661e-05, 2.51015e-05, 2.82384e-05, 3.21556e-05, 4.16721e-05]"
2572,Container,12502.0,7,TAURANGA,0.0001860396,"[1.0, 1.0, 1.0, 1.0, 0.999998, 0.999978]","[0.21665211, 0.23951797, 0.25698724, 0.28993474, 0.33285171, 0.35756504]","[0.00011553, 0.00010291, 0.00010291, 0.00010291, 0.00011601, 0.00011601]","[2.50302e-05, 2.46485e-05, 2.64462e-05, 2.98368e-05, 3.86131e-05, 4.14792e-05]"
2573,Container,12502.0,7,TAURANGA,0.0001817911,"[1.0, 1.0, 1.0, 1.0, 0.999998, 0.999978]","[0.20749966, 0.22306571, 0.26070848, 0.29792382, 0.33034554, 0.35934237]","[0.00010291, 0.00010291, 0.00010291, 0.00010291, 0.00011601, 0.00011601]","[2.13535e-05, 2.29554e-05, 2.68291e-05, 3.06589e-05, 3.83224e-05, 4.16854e-05]"
2574,Container,12502.0,7,TAURANGA,0.0001815076,"[1.0, 1.0, 1.0, 1.0, 0.999998, 0.999978]","[0.20931016, 0.22452977, 0.25866645, 0.2955511, 0.32939495, 0.35886058]","[0.00010291, 0.00010291, 0.00010291, 0.00010291, 0.00011601, 0.00011601]","[2.15398e-05, 2.3106e-05, 2.6619e-05, 3.04147e-05, 3.82121e-05, 4.16295e-05]"
2575,Container,12502.0,7,TAURANGA,0.0001712968,"[1.0, 1.0, 1.0, 1.0, 0.999998, 0.999978]","[0.20641514, 0.22545014, 0.245419, 0.27521156, 0.30402538, 0.32774437]","[0.00010291, 0.00010291, 0.00010291, 0.00010291, 0.00011601, 0.00011601]","[2.12419e-05, 2.32008e-05, 2.52557e-05, 2.83216e-05, 3.5269e-05, 3.80199e-05]"
2576,Container,12502.0,7,TAURANGA,0.0001807666,"[1.0, 1.0, 1.0, 1.0, 0.999998, 0.999978]","[0.20475605, 0.22462324, 0.25698016, 0.29554508, 0.32775459, 0.35957003]","[0.00010291, 0.00010291, 0.00010291, 0.00010291, 0.00011601, 0.00011601]","[2.10712e-05, 2.31157e-05, 2.64455e-05, 3.04141e-05, 3.80218e-05, 4.17118e-05]"
2577,Container,12502.0,7,TAURANGA,0.0001802623,"[1.0, 1.0, 1.0, 1.0, 0.999998, 0.999978]","[0.20723824, 0.22258689, 0.25392288, 0.2940157, 0.32750242, 0.35914778]","[0.00010291, 0.00010291, 0.00010291, 0.00010291, 0.00011601, 0.00011601]","[2.13266e-05, 2.29061e-05, 2.61308e-05, 3.02567e-05, 3.79925e-05, 4.16628e-05]"
2579,Container,42054.0,7,NELSON,0.0002527077,"[1.0, 1.0, 1.0, 1.0, 0.999991, 0.999986]","[0.18748505, 0.20519857, 0.33880979, 0.41448324, 0.55857333, 0.63778935]","[8.676e-05, 8.676e-05, 0.00010536, 8.967e-05, 0.00014047, 0.00010558]","[1.62656e-05, 1.78024e-05, 3.56986e-05, 3.71647e-05, 7.84633e-05, 6.73383e-05]"
2586,Tanker,19701.0,7,TAURANGA,0.0003064418,"[1.0, 1.0, 1.0, 1.0, 0.999961, 0.999965]","[0.01132171, 0.04085161, 0.14708964, 0.45572079, 0.82256585, 0.91106988]","[0.00010943, 0.00011063, 0.00011063, 0.00011553, 0.00013371, 0.00013371]","[1.2389e-06, 4.5194e-06, 1.62725e-05, 5.26501e-05, 0.0001099796, 0.0001218132]"
2588,Container,65937.0,5,AUCKLAND,0.000243264,"[1.0, 1.0, 1.0, 0.999965]","[0.37345895, 0.43444714, 0.48344064, 0.60201541]","[0.00013195, 0.00013195, 0.00011623, 0.00013371]","[4.92787e-05, 5.73262e-05, 5.61894e-05, 8.04916e-05]"
2589,Container,65937.0,7,AUCKLAND,0.000418703,"[1.0, 1.0, 1.0, 1.0, 1.0, 0.999965]","[0.42647351, 0.46281124, 0.52894183, 0.56572355, 0.58726693, 0.73018022]","[0.00013195, 0.00013195, 0.00013195, 0.00011623, 0.00011623, 0.00013371]","[5.62741e-05, 6.10689e-05, 6.9795e-05, 6.5753e-05, 6.82569e-05, 9.76277e-05]"
2590,Container,65937.0,7,AUCKLAND,0.0004096359,"[1.0, 1.0, 1.0, 1.0, 1.0, 0.999965]","[0.42110704, 0.45716411, 0.49935343, 0.54837735, 0.56643696, 0.73559746]","[0.00013195, 0.00013195, 0.00013195, 0.00011623, 0.00011623, 0.00013371]","[5.5566e-05, 6.03238e-05, 6.58907e-05, 6.37368e-05, 6.58359e-05, 9.8352e-05]"
2591,Container,65937.0,7,AUCKLAND,0.00041194,"[1.0, 1.0, 1.0, 1.0, 1.0, 0.999965]","[0.42199503, 0.4630113, 0.49776853, 0.55307365, 0.57079502, 0.73988249]","[0.00013195, 0.00013195, 0.00013195, 0.00011623, 0.00011623, 0.00013371]","[5.56831e-05, 6.10953e-05, 6.56816e-05, 6.42827e-05, 6.63424e-05, 9.8925e-05]"
2592,Container,65937.0,7,AUCKLAND,0.0003910381,"[1.0, 1.0, 1.0, 1.0, 1.0, 0.999965]","[0.3974689, 0.43531846, 0.48736628, 0.52098441, 0.54357485, 0.69685897]","[0.00013195, 0.00013195, 0.00013195, 0.00011623, 0.00011623, 0.00013371]","[5.24469e-05, 5.74412e-05, 6.4309e-05, 6.0553e-05, 6.31787e-05, 9.31726e-05]"
2593,Container,65937.0,7,AUCKLAND,0.0003650905,"[1.0, 1.0, 1.0, 1.0, 1.0, 0.999965]","[0.36188699, 0.3906098, 0.42634182, 0.47148618, 0.48796066, 0.73356512]","[0.00013195, 0.00013195, 0.00013195, 0.00011623, 0.00011623, 0.00013371]","[4.77518e-05, 5.15418e-05, 5.62567e-05, 5.47999e-05, 5.67147e-05, 9.80803e-05]"
2594,Container,65937.0,7,AUCKLAND,0.0003625705,"[1.0, 1.0, 1.0, 1.0, 1.0, 0.999965]","[0.36799845, 0.39670526, 0.43515108, 0.47973695, 0.50002307, 0.67631439]","[0.00013195, 0.00013195, 0.00013195, 0.00011623, 0.00011623, 0.00013371]","[4.85582e-05, 5.23461e-05, 5.74191e-05, 5.57589e-05, 5.81167e-05, 9.04257e-05]"
2595,Container,65937.0,7,AUCKLAND,0.0004200882,"[1.0, 1.0, 1.0, 1.0, 1.0, 0.999965]","[0.42327448, 0.4547925, 0.53461284, 0.57088852, 0.59031487, 0.73887817]","[0.00013195, 0.00013195, 0.00013195, 0.00011623, 0.00011623, 0.00013371]","[5.5852e-05, 6.00108e-05, 7.05433e-05, 6.63533e-05, 6.86112e-05, 9.87907e-05]"
2596,Container,65937.0,7,AUCKLAND,0.0004150168,"[1.0, 1.0, 1.0, 1.0, 1.0, 0.999965]","[0.42397503, 0.46473493, 0.50638545, 0.55739985, 0.57802638, 0.74069681]","[0.00013195, 0.00013195, 0.00013195, 0.00011623, 0.00011623, 0.00013371]","[5.59444e-05, 6.13228e-05, 6.68186e-05, 6.47855e-05, 6.71829e-05, 9.90338e-05]"
2597,Container,65937.0,7,AUCKLAND,0.0004042889,"[1.0, 1.0, 1.0, 1.0, 1.0, 0.999965]","[0.39619005, 0.43415272, 0.49868633, 0.55269726, 0.57197124, 0.73498472]","[0.00013195, 0.00013195, 0.00013195, 0.00011623, 0.00011623, 0.00013371]","[5.22781e-05, 5.72874e-05, 6.58027e-05, 6.42389e-05, 6.64791e-05, 9.82701e-05]"
2598,Container,65937.0,7,AUCKLAND,0.0003990926,"[1.0, 1.0, 1.0, 1.0, 1.0, 0.999965]","[0.41544155, 0.44814423, 0.48709177, 0.53610738, 0.55480797, 0.70408544]","[0.00013195, 0.00013195, 0.00013195, 0.00011623, 0.00011623, 0.00013371]","[5.48184e-05, 5.91336e-05, 6.42728e-05, 6.23107e-05, 6.44843e-05, 9.41388e-05]"
2599,Container,65937.0,7,AUCKLAND,0.0004161647,"[1.0, 1.0, 1.0, 1.0, 1.0, 0.999965]","[0.42200861, 0.45317278, 0.50849379, 0.57286202, 0.59464655, 0.73266706]","[0.00013195, 0.00013195, 0.00013195, 0.00011623, 0.00011623, 0.00013371]","[5.56849e-05, 5.97971e-05, 6.70968e-05, 6.65826e-05, 6.91146e-05, 9.79602e-05]"
2601,Container,12502.0,6,TAURANGA,0.0001461914,"[1.0, 1.0, 1.0, 1.0, 0.999989]","[0.20781285, 0.22473315, 0.24507027, 0.28035276, 0.35612577]","[0.00010291, 0.00010291, 0.00010291, 0.00010291, 0.00013371]","[2.13857e-05, 2.3127e-05, 2.52198e-05, 2.88507e-05, 4.76164e-05]"
2602,Container,12502.0,7,TAURANGA,0.0001654971,"[1.0, 1.0, 1.0, 1.0, 1.0, 0.999989]","[0.16696007, 0.21120454, 0.22948646, 0.24828434, 0.28659378, 0.35848696]","[0.00010291, 0.00010291, 0.00010291, 0.00010291, 0.00010291, 0.00013371]","[1.71816e-05, 2.17348e-05, 2.36161e-05, 2.55506e-05, 2.9493e-05, 4.79322e-05]"
2604,Container,12502.0,5,TAURANGA,0.0001266026,"[0.999989, 1.0, 1.0, 1.0]","[0.24475052, 0.27946024, 0.29817654, 0.33466631]","[0.00013371, 0.00010291, 0.00010291, 0.00010291]","[3.27248e-05, 2.87589e-05, 3.06849e-05, 3.444e-05]"
2605,Container,12502.0,7,AUCKLAND,0.0001605309,"[1.0, 0.999965, 1.0, 1.0, 1.0, 1.0]","[0.16466361, 0.20293789, 0.23436721, 0.24993966, 0.29954653, 0.34785728]","[0.00010291, 0.00013371, 0.00010291, 0.00010291, 0.00010291, 0.00010291]","[1.69453e-05, 2.71335e-05, 2.41184e-05, 2.57209e-05, 3.08259e-05, 3.57975e-05]"
2606,Container,12502.0,7,TAURANGA,0.0001660707,"[1.0, 1.0, 1.0, 1.0, 1.0, 1.0]","[0.21025077, 0.22513114, 0.25371213, 0.27443538, 0.30798055, 0.34237009]","[0.00010291, 0.00010291, 0.00010291, 0.00010291, 0.00010291, 0.00010291]","[2.16366e-05, 2.31679e-05, 2.61092e-05, 2.82418e-05, 3.16938e-05, 3.52328e-05]"
2607,Container,12502.0,7,TAURANGA,0.0001776518,"[1.0, 1.0, 1.0, 1.0, 0.999998, 0.999978]","[0.21498049, 0.23442031, 0.25290313, 0.28440727, 0.31656249, 0.33964488]","[0.00010291, 0.00010291, 0.00010291, 0.00010291, 0.00011601, 0.00011601]","[2.21233e-05, 2.41239e-05, 2.60259e-05, 2.9268e-05, 3.67234e-05, 3.94004e-05]"
2608,Container,12502.0,7,TAURANGA,0.0001809302,"[1.0, 1.0, 1.0, 1.0, 0.999998, 0.999978]","[0.2121361, 0.2322438, 0.26192572, 0.29188214, 0.32417932, 0.35011113]","[0.00010291, 0.00010291, 0.00010291, 0.00010291, 0.00011601, 0.00011601]","[2.18306e-05, 2.38999e-05, 2.69544e-05, 3.00372e-05, 3.7607e-05, 4.06145e-05]"
2609,Container,12502.0,7,TAURANGA,0.0001691476,"[1.0, 1.0, 1.0, 1.0, 0.999998, 0.999978]","[0.19894783, 0.21651833, 0.2360908, 0.27552945, 0.30421567, 0.33156558]","[0.00010291, 0.00010291, 0.00010291, 0.00010291, 0.00011601, 0.00011601]","[2.04734e-05, 2.22816e-05, 2.42958e-05, 2.83543e-05, 3.52911e-05, 3.84631e-05]"
2610,Container,12502.0,7,TAURANGA,0.0001877746,"[0.999989, 1.0, 1.0, 1.0, 0.999998, 0.999978]","[0.19782214, 0.22876893, 0.25924935, 0.29951741, 0.33191127, 0.36025086]","[0.00013371, 0.00010291, 0.00010291, 0.00010291, 0.00011601, 0.00011601]","[2.64502e-05, 2.35423e-05, 2.6679e-05, 3.08229e-05, 3.8504e-05, 4.17908e-05]"
2611,Container,12502.0,7,TAURANGA,0.0001766513,"[1.0, 1.0, 1.0, 1.0, 0.999998, 0.999978]","[0.1900876, 0.21710648, 0.24334651, 0.27920432, 0.32310539, 0.35432596]","[0.00011553, 0.00010291, 0.00010291, 0.00010291, 0.00011601, 0.00011601]","[2.19611e-05, 2.23421e-05, 2.50424e-05, 2.87325e-05, 3.74825e-05, 4.11035e-05]"
2612,Container,12502.0,7,AUCKLAND,0.0001745978,"[1.0, 1.0, 1.0, 1.0, 0.999993, 0.99994]","[0.20021197, 0.21635906, 0.24819946, 0.28564039, 0.31736966, 0.34472337]","[0.00010291, 0.00010291, 0.00010291, 0.00010291, 0.00011601, 0.00011601]","[2.06035e-05, 2.22652e-05, 2.55419e-05, 2.93949e-05, 3.68169e-05, 3.9988e-05]"
2613,Container,12502.0,7,TAURANGA,0.0001704334,"[1.0, 1.0, 1.0, 1.0, 0.999998, 0.999978]","[0.18935756, 0.21118054, 0.23365413, 0.2844469, 0.31518756, 0.33917254]","[0.00010291, 0.00010291, 0.00010291, 0.00010291, 0.00011601, 0.00011601]","[1.94865e-05, 2.17323e-05, 2.4045e-05, 2.9272e-05, 3.65639e-05, 3.93456e-05]"
2614,Container,12502.0,7,TAURANGA,0.0001752337,"[1.0, 1.0, 1.0, 1.0, 0.999989, 0.999965]","[0.15724155, 0.18516498, 0.19785823, 0.21517725, 0.29837159, 0.35562458]","[0.00011623, 0.00011623, 0.00011623, 0.00011623, 0.00013371, 0.00013371]","[1.82759e-05, 2.15214e-05, 2.29967e-05, 2.50096e-05, 3.98943e-05, 4.75483e-05]"
2615,Container,12502.0,7,TAURANGA,0.0001680204,"[1.0, 1.0, 1.0, 1.0, 0.999998, 0.999978]","[0.19001158, 0.2133381, 0.23675744, 0.26867007, 0.29979806, 0.34250706]","[0.00010291, 0.00010291, 0.00010291, 0.00010291, 0.00011601, 0.00011601]","[1.95538e-05, 2.19543e-05, 2.43644e-05, 2.76485e-05, 3.47786e-05, 3.97324e-05]"
2616,Container,12502.0,7,TAURANGA,0.0001851743,"[0.999989, 1.0, 1.0, 1.0, 0.999998, 0.999978]","[0.19380991, 0.22531184, 0.25579828, 0.29111749, 0.3300994, 0.35784823]","[0.00013371, 0.00010291, 0.00010291, 0.00010291, 0.00011601, 0.00011601]","[2.59137e-05, 2.31865e-05, 2.63238e-05, 2.99585e-05, 3.82938e-05, 4.15121e-05]"
2628,Container,22314.0,5,AUCKLAND,0.0001618163,"[1.0, 1.0, 1.0, 0.999659]","[0.30531389, 0.35653707, 0.38635401, 0.42228823]","[0.00011567, 0.00010437, 0.00010437, 0.00011601]","[3.53171e-05, 3.72126e-05, 4.03246e-05, 4.89718e-05]"
2629,Container,22314.0,5,AUCKLAND,0.000166344,"[0.999659, 1.0, 1.0, 1.0]","[0.32304535, 0.35396063, 0.37898694, 0.45292645]","[0.00011601, 0.00010437, 0.00010437, 0.00011567]","[3.74628e-05, 3.69437e-05, 3.95557e-05, 5.23921e-05]"
2632,Container,22314.0,5,TAURANGA,0.0001778985,"[0.999921, 0.999948, 1.0, 0.999702]","[0.33598284, 0.37161818, 0.41211987, 0.45540923]","[0.00011601, 0.00011601, 0.00010437, 0.00011601]","[3.89733e-05, 4.31081e-05, 4.30139e-05, 5.2815e-05]"
2634,Container,22314.0,6,TAURANGA,0.0002262057,"[0.999921, 0.999948, 1.0, 1.0, 0.999702]","[0.33109511, 0.3626477, 0.41675959, 0.44455673, 0.48161968]","[0.00011601, 0.00011601, 0.00010437, 0.00010437, 0.00011601]","[3.84064e-05, 4.20675e-05, 4.34981e-05, 4.63994e-05, 5.58547e-05]"
2636,Container,22314.0,6,TAURANGA,0.0002145736,"[0.999921, 0.999948, 1.0, 1.0, 0.999702]","[0.31987897, 0.34985284, 0.38564827, 0.42035095, 0.45510193]","[0.00011601, 0.00011601, 0.00010437, 0.00010437, 0.00011601]","[3.71053e-05, 4.05833e-05, 4.0251e-05, 4.3873e-05, 5.27794e-05]"
2638,Container,22314.0,6,TAURANGA,0.0002183298,"[0.999921, 0.999948, 1.0, 1.0, 0.999702]","[0.32894609, 0.35864415, 0.3958932, 0.42310799, 0.45793233]","[0.00011601, 0.00011601, 0.00010437, 0.00010437, 0.00011601]","[3.81571e-05, 4.16031e-05, 4.13203e-05, 4.41607e-05, 5.31076e-05]"
2640,Container,22314.0,6,TAURANGA,0.0002191646,"[0.999921, 0.999948, 1.0, 1.0, 0.999702]","[0.31644397, 0.35745604, 0.39528389, 0.43315856, 0.47032773]","[0.00011601, 0.00011601, 0.00010437, 0.00010437, 0.00011601]","[3.67069e-05, 4.14653e-05, 4.12567e-05, 4.52097e-05, 5.45451e-05]"
2641,Container,22314.0,5,AUCKLAND,0.0002154226,"[0.999965, 0.999889, 0.999902, 0.999998]","[0.35696331, 0.39168136, 0.4151482, 0.45724976]","[0.00013371, 0.00013371, 0.00013371, 0.00013088]","[4.77273e-05, 5.23652e-05, 5.55033e-05, 5.98441e-05]"
2642,Container,22314.0,6,TAURANGA,0.0002241578,"[0.999921, 0.999948, 1.0, 1.0, 0.999702]","[0.3195043, 0.35748211, 0.41068392, 0.4474625, 0.48357016]","[0.00011601, 0.00011601, 0.00010437, 0.00010437, 0.00011601]","[3.70619e-05, 4.14683e-05, 4.2864e-05, 4.67027e-05, 5.60809e-05]"
2644,Container,22314.0,6,TAURANGA,0.0002179235,"[0.999921, 0.999948, 1.0, 1.0, 0.999702]","[0.32622049, 0.354562, 0.3951913, 0.42348073, 0.46153355]","[0.00011601, 0.00011601, 0.00010437, 0.00010437, 0.00011601]","[3.78409e-05, 4.11296e-05, 4.1247e-05, 4.41996e-05, 5.35253e-05]"
2646,Container,22314.0,6,TAURANGA,0.000219305,"[0.999921, 0.999948, 1.0, 1.0, 0.999702]","[0.3129019, 0.35483812, 0.40037159, 0.42805889, 0.47771043]","[0.00011601, 0.00011601, 0.00010437, 0.00010437, 0.00011601]","[3.6296e-05, 4.11616e-05, 4.17877e-05, 4.46775e-05, 5.54013e-05]"
2648,Container,22314.0,6,TAURANGA,0.0002109564,"[0.999921, 0.999948, 1.0, 1.0, 0.999702]","[0.25537599, 0.33897019, 0.39799682, 0.43480195, 0.47518922]","[0.00011601, 0.00011601, 0.00010437, 0.00010437, 0.00011601]","[2.96231e-05, 3.93209e-05, 4.15398e-05, 4.53813e-05, 5.51089e-05]"
2649,Container,22314.0,6,TAURANGA,0.000209243,"[0.999921, 0.999948, 1.0, 1.0, 0.999702]","[0.30480363, 0.34089868, 0.37995359, 0.41215861, 0.44566301]","[0.00011601, 0.00011601, 0.00010437, 0.00010437, 0.00011601]","[3.53566e-05, 3.95446e-05, 3.96566e-05, 4.30179e-05, 5.16847e-05]"
2650,Container,22314.0,5,TAURANGA,0.0001809802,"[0.999921, 0.999948, 1.0, 1.0]","[0.35640335, 0.38735191, 0.43073775, 0.47675596]","[0.00011601, 0.00011601, 0.00010437, 0.00010437]","[4.13421e-05, 4.49332e-05, 4.49571e-05, 4.97601e-05]"
2651,Container,22314.0,5,TAURANGA,0.0001815607,"[0.999921, 0.999948, 1.0, 0.999702]","[0.33969614, 0.37827837, 0.42624696, 0.46390112]","[0.00011601, 0.00011601, 0.00010437, 0.00011601]","[3.94041e-05, 4.38807e-05, 4.44884e-05, 5.37998e-05]"
2652,Container,22314.0,5,TAURANGA,0.0001835182,"[0.999921, 0.999948, 1.0, 1.0]","[0.36330921, 0.39877303, 0.43789588, 0.4735487]","[0.00011601, 0.00011601, 0.00010437, 0.00010437]","[4.21431e-05, 4.62581e-05, 4.57042e-05, 4.94253e-05]"
2653,Container,22314.0,5,TAURANGA,0.0001853528,"[0.999921, 0.999948, 1.0, 0.999702]","[0.34245885, 0.38690975, 0.43260082, 0.47948922]","[0.00011601, 0.00011601, 0.00010437, 0.00011601]","[3.97245e-05, 4.4882e-05, 4.51515e-05, 5.56076e-05]"
2655,Container,22314.0,5,TAURANGA,0.000181829,"[0.999921, 0.999948, 1.0, 1.0]","[0.35363397, 0.39464024, 0.43758419, 0.4730202]","[0.00011601, 0.00011601, 0.00010437, 0.00010437]","[4.10208e-05, 4.57787e-05, 4.56716e-05, 4.93702e-05]"
2656,Container,22314.0,5,TAURANGA,0.0001928505,"[0.999921, 0.999948, 1.0, 0.999702]","[0.36738244, 0.3997576, 0.45090685, 0.48989353]","[0.00011601, 0.00011601, 0.00010437, 0.00011601]","[4.26156e-05, 4.63723e-05, 4.70622e-05, 5.68142e-05]"
2657,Container,22314.0,5,TAURANGA,0.0001853242,"[0.999921, 0.999948, 1.0, 1.0]","[0.36704455, 0.40051091, 0.44630505, 0.4763628]","[0.00011601, 0.00011601, 0.00010437, 0.00010437]","[4.25764e-05, 4.64597e-05, 4.65819e-05, 4.97191e-05]"
2658,Container,22314.0,5,TAURANGA,0.0001800883,"[0.999921, 0.999948, 1.0, 0.999702]","[0.3291964, 0.37085019, 0.41711296, 0.47735626]","[0.00011601, 0.00011601, 0.00010437, 0.00011601]","[3.81861e-05, 4.3019e-05, 4.3535e-05, 5.53603e-05]"
2659,Reefer,10608.0,7,TAURANGA,0.0002614163,"[1.0, 1.0, 1.0, 1.0, 1.0, 1.0]","[0.11279057, 0.19843181, 0.24556535, 0.37725093, 0.53882485, 0.62594731]","[0.00013195, 9.704e-05, 9.704e-05, 0.00013195, 0.00013195, 0.00013195]","[1.4883e-05, 1.92563e-05, 2.38303e-05, 4.97791e-05, 7.10991e-05, 8.25951e-05]"
2662,Reefer,10608.0,5,AUCKLAND,0.0002045645,"[1.0, 1.0, 1.0, 1.0]","[0.30892492, 0.38052584, 0.48307763, 0.6213065]","[0.00013195, 0.00013195, 9.871e-05, 0.0001061]","[4.07633e-05, 5.02112e-05, 4.76846e-05, 6.5921e-05]"
2664,Reefer,10601.0,6,TAURANGA,0.0001957807,"[1.0, 1.0, 1.0, 1.0, 1.0]","[0.13708511, 0.1880124, 0.22842558, 0.39571464, 0.60169612]","[0.00010419, 0.00011482, 0.00012209, 0.0001346, 0.00013092]","[1.4283e-05, 2.15875e-05, 2.7889e-05, 5.32613e-05, 7.87738e-05]"
2666,Reefer,10601.0,7,AUCKLAND,0.0003173198,"[1.0, 1.0, 1.0, 1.0, 1.0, 1.0]","[0.20965787, 0.27144395, 0.34385122, 0.42619848, 0.52893133, 0.62503701]","[0.00013195, 0.00013195, 0.00013195, 0.00013195, 0.00013195, 0.00013195]","[2.76648e-05, 3.58176e-05, 4.53719e-05, 5.62378e-05, 6.97936e-05, 8.2475e-05]"
2679,Container,34567.0,7,AUCKLAND,0.0003103526,"[1.0, 1.0, 1.0, 1.0, 0.999902, 0.999998]","[0.33954266, 0.37886359, 0.39866272, 0.45371646, 0.5054836, 0.57638822]","[0.00010291, 0.00010291, 0.00010291, 0.00011553, 0.00013371, 0.00013088]","[3.49419e-05, 3.89883e-05, 4.10258e-05, 5.24186e-05, 6.75807e-05, 7.54368e-05]"
2708,RoRo,27352.0,7,AUCKLAND,0.000345358,"[1.0, 1.0, 1.0, 0.643148, 1.0, 1.0]","[0.26738857, 0.39216486, 0.48250564, 0.56567266, 0.63123085, 0.69987733]","[0.00013982, 0.00010419, 0.00012152, 0.00013909, 0.00011482, 0.00012209]","[3.73853e-05, 4.086e-05, 5.86321e-05, 5.06022e-05, 7.24776e-05, 8.54497e-05]"
2711,RoRo,27351.0,7,AUCKLAND,0.000336034,"[1.0, 1.0, 1.0, 0.643148, 1.0, 1.0]","[0.27928286, 0.41290482, 0.49954813, 0.58802374, 0.63812614, 0.6941309]","[9.591e-05, 0.00010419, 0.00012152, 0.00013909, 0.00011482, 0.00011482]","[2.67856e-05, 4.30209e-05, 6.0703e-05, 5.26016e-05, 7.32693e-05, 7.96998e-05]"
2712,RoRo,27351.0,7,AUCKLAND,0.0003541458,"[1.0, 1.0, 1.0, 1.0, 1.0, 1.0]","[0.2646209, 0.4015795, 0.48879269, 0.57392969, 0.65234223, 0.71077829]","[9.591e-05, 0.00010419, 0.00012152, 0.00011482, 0.00011482, 0.00012209]","[2.53793e-05, 4.18409e-05, 5.9396e-05, 6.58983e-05, 7.49016e-05, 8.67806e-05]"
2713,RoRo,27351.0,7,AUCKLAND,0.0003186732,"[1.0, 1.0, 1.0, 1.0, 1.0, 1.0]","[0.26645489, 0.32440502, 0.45484933, 0.53574909, 0.60603758, 0.69646594]","[9.591e-05, 9.591e-05, 0.00010419, 0.00012152, 0.00011482, 0.00011482]","[2.55552e-05, 3.11131e-05, 4.73911e-05, 6.5102e-05, 6.95849e-05, 7.99679e-05]"
2715,General Cargo,18143.0,7,AUCKLAND,0.0003503139,"[1.0, 1.0, 1.0, 1.0, 1.0, 0.999889]","[0.1937915, 0.25958097, 0.36514666, 0.43633728, 0.54200438, 0.89099289]","[0.00012209, 0.00012209, 0.00013092, 0.00013092, 0.00013092, 0.00013371]","[2.36605e-05, 3.16928e-05, 4.78049e-05, 5.71251e-05, 7.0959e-05, 0.0001191198]"
2716,General Cargo,17966.0,7,AUCKLAND,0.0003026903,"[1.0, 1.0, 1.0, 1.0, 1.0, 0.999889]","[0.17510459, 0.23778243, 0.31097809, 0.38532193, 0.55112807, 0.88623787]","[0.00012123, 0.00012123, 0.00012123, 0.00011161, 9.704e-05, 0.00013371]","[2.12278e-05, 2.88262e-05, 3.76997e-05, 4.30047e-05, 5.34829e-05, 0.0001184841]"
2718,General Cargo,17967.0,7,AUCKLAND,0.0002746605,"[1.0, 1.0, 1.0, 1.0, 1.0, 1.0]","[0.17377541, 0.23320979, 0.30403753, 0.46990949, 0.59581982, 0.66330085]","[9.591e-05, 9.591e-05, 9.591e-05, 0.00012152, 0.00011482, 0.00012209]","[1.66665e-05, 2.23668e-05, 2.91597e-05, 5.71014e-05, 6.84117e-05, 8.0984e-05]"
2720,General Cargo,17967.0,7,AUCKLAND,0.0002962365,"[1.0, 1.0, 1.0, 1.0, 1.0, 1.0]","[0.17863167, 0.24409622, 0.33646589, 0.45348758, 0.53731703, 0.67201926]","[0.00012152, 0.00011482, 0.00012152, 0.00011482, 0.00012209, 0.00013092]","[2.17066e-05, 2.8027e-05, 4.08859e-05, 5.20692e-05, 6.56023e-05, 8.79805e-05]"
2723,Tanker,46639.0,7,NEW PLYMOUTH,0.0002024024,"[1.0, 1.0, 1.0, 0.999999, 1.0, 1.0]","[0.00497624, 0.02438673, 0.11736632, 0.50201587, 0.78890278, 0.81806921]","[0.00010536, 0.00010536, 0.00012132, 8.776e-05, 8.776e-05, 8.776e-05]","[5.243e-07, 2.5695e-06, 1.42394e-05, 4.40566e-05, 6.92337e-05, 7.17933e-05]"
2725,Tanker,46639.0,7,NEW PLYMOUTH,0.0002110433,"[1.0, 1.0, 0.99986, 0.999931, 0.999999, 0.999999]","[0.00506353, 0.02429687, 0.14166584, 0.49666638, 0.84395104, 0.85567327]","[0.00012132, 0.00010536, 0.00010558, 8.814e-05, 8.776e-05, 8.776e-05]","[6.143e-07, 2.56e-06, 1.49553e-05, 4.37714e-05, 7.40646e-05, 7.50933e-05]"
2731,Bulker,37187.0,6,TAURANGA,0.0002495829,"[1.0, 1.0, 1.0, 1.0, 1.0]","[0.13853059, 0.30398317, 0.50603022, 0.61593326, 0.69142459]","[9.871e-05, 0.00013195, 0.00013195, 9.871e-05, 9.871e-05]","[1.36744e-05, 4.01112e-05, 6.67718e-05, 6.07988e-05, 6.82506e-05]"
2732,Bulker,37187.0,6,TAURANGA,0.0002462211,"[1.0, 1.0, 1.0, 1.0, 1.0]","[0.13124985, 0.29317333, 0.48159224, 0.64279368, 0.68489857]","[9.871e-05, 0.00013195, 0.00013195, 9.871e-05, 9.871e-05]","[1.29557e-05, 3.86848e-05, 6.35471e-05, 6.34502e-05, 6.76064e-05]"
2733,Bulker,37187.0,6,TAURANGA,0.0002645082,"[1.0, 1.0, 1.0, 1.0, 1.0]","[0.14802946, 0.32717464, 0.54042902, 0.66008965, 0.71201864]","[9.871e-05, 0.00013195, 0.00013195, 9.871e-05, 9.871e-05]","[1.4612e-05, 4.31714e-05, 7.13108e-05, 6.51575e-05, 7.02834e-05]"
2734,Bulker,37187.0,6,TAURANGA,0.0002493176,"[1.0, 1.0, 1.0, 1.0, 1.0]","[0.14307436, 0.30760437, 0.50225233, 0.62534699, 0.67498857]","[9.871e-05, 0.00013195, 0.00013195, 9.871e-05, 9.871e-05]","[1.41229e-05, 4.0589e-05, 6.62733e-05, 6.17281e-05, 6.66282e-05]"
2735,Bulker,37187.0,6,TAURANGA,0.0002098825,"[1.0, 1.0, 1.0, 1.0, 1.0]","[0.11369097, 0.24753345, 0.40336291, 0.48508608, 0.65754997]","[9.871e-05, 0.00013195, 0.00013195, 9.871e-05, 9.871e-05]","[1.12224e-05, 3.26626e-05, 5.32246e-05, 4.78829e-05, 6.49068e-05]"
2736,Bulker,37187.0,6,TAURANGA,0.0002678555,"[1.0, 1.0, 1.0, 1.0, 1.0]","[0.14169345, 0.31015993, 0.53443039, 0.63240752, 0.70219005]","[9.871e-05, 9.871e-05, 0.00013195, 0.00013195, 9.871e-05]","[1.39866e-05, 3.06159e-05, 7.05192e-05, 8.34475e-05, 6.93132e-05]"
2737,Bulker,37187.0,5,TAURANGA,0.0002335876,"[1.0, 1.0, 1.0, 1.0]","[0.30450299, 0.51998158, 0.64903598, 0.71797094]","[9.871e-05, 0.00013195, 9.871e-05, 9.871e-05]","[3.00575e-05, 6.86127e-05, 6.40664e-05, 7.0871e-05]"
2741,Bulker,31887.0,5,NEW PLYMOUTH,0.0001545013,"[1.0, 1.0, 1.0, 1.0]","[0.1690349, 0.40580727, 0.57763489, 0.68598271]","[8.382e-05, 8.288e-05, 8.382e-05, 8.498e-05]","[1.41679e-05, 3.36347e-05, 4.84152e-05, 5.82919e-05]"
2745,Bulker,31889.0,6,TAURANGA,0.0002461789,"[1.0, 1.0, 1.0, 1.0, 0.999989]","[0.09573965, 0.20283333, 0.36584489, 0.57348257, 0.88833072]","[0.00011623, 0.00011623, 9.871e-05, 9.871e-05, 0.00013371]","[1.11276e-05, 2.35749e-05, 3.61126e-05, 5.66085e-05, 0.0001187759]"
2750,General Cargo,28439.0,7,AUCKLAND,0.0003673554,"[1.0, 1.0, 1.0, 1.0, 1.0, 1.0]","[0.18320914, 0.35634283, 0.44936263, 0.56241775, 0.78440421, 0.85884197]","[9.704e-05, 0.00013195, 0.00013195, 0.00013195, 0.00010291, 0.00010291]","[1.77791e-05, 4.70202e-05, 5.92943e-05, 7.42122e-05, 8.07219e-05, 8.83822e-05]"
2759,RoRo,17237.0,7,AUCKLAND,0.0004183442,"[1.0, 1.0, 1.0, 1.0, 1.0, 0.999862]","[0.32878163, 0.40226636, 0.4758097, 0.56437239, 0.64433689, 0.85934958]","[0.00013195, 0.00013195, 0.00013195, 0.00013195, 0.00013195, 0.00011601]","[4.33834e-05, 5.30799e-05, 6.27841e-05, 7.44701e-05, 8.50216e-05, 9.96769e-05]"
2760,RoRo,17237.0,7,AUCKLAND,0.0004246695,"[1.0, 1.0, 1.0, 1.0, 1.0, 1.0]","[0.29352016, 0.37472779, 0.47295452, 0.61201336, 0.70237572, 0.81883626]","[0.00011063, 0.00011063, 0.00011063, 0.00013992, 0.00013992, 0.00013992]","[3.24721e-05, 4.14561e-05, 5.23229e-05, 8.56357e-05, 9.82796e-05, 0.0001145753]"
2762,Bulker,61344.0,6,NAPIER,0.0001801884,"[1.0, 1.0, 1.0, 1.0, 1.0]","[0.09904932, 0.24047946, 0.3945173, 0.47934162, 0.65265388]","[8.288e-05, 8.288e-05, 8.288e-05, 8.382e-05, 0.00012132]","[8.2095e-06, 1.99318e-05, 3.26989e-05, 4.01766e-05, 7.9183e-05]"
2765,Bulker,31967.0,7,NELSON,0.0002506388,"[1.0, 1.0, 1.0, 1.0, 1.0, 1.0]","[0.03591198, 0.15107336, 0.32284836, 0.5929954, 0.83619536, 0.87306598]","[0.00010536, 0.00010536, 0.00010536, 7.916e-05, 8.776e-05, 8.776e-05]","[3.7839e-06, 1.59178e-05, 3.40168e-05, 4.69406e-05, 7.3384e-05, 7.66198e-05]"
2766,Bulker,31967.0,6,AUCKLAND,0.0002962579,"[1.0, 1.0, 1.0, 1.0, 1.0]","[0.11294565, 0.27121256, 0.50481649, 0.67439499, 0.71052405]","[9.871e-05, 0.00013195, 0.00013195, 0.00013195, 0.00013195]","[1.11489e-05, 3.57871e-05, 6.66116e-05, 8.89878e-05, 9.37552e-05]"
2767,Bulker,31967.0,7,WELLINGTON,0.0002526774,"[1.0, 1.0, 1.0, 1.0, 0.999994, 0.999944]","[0.03907931, 0.09991786, 0.21700044, 0.36076213, 0.75582786, 0.91643804]","[0.00012132, 0.00010536, 0.00010536, 0.00010536, 0.00010558, 0.00010558]","[4.7413e-06, 1.05278e-05, 2.28642e-05, 3.80116e-05, 7.98015e-05, 9.67541e-05]"
2773,RoRo,9274.0,7,AUCKLAND,0.0002757329,"[1.0, 1.0, 1.0, 1.0, 1.0, 1.0]","[0.18288034, 0.24258293, 0.31642355, 0.39599789, 0.48633802, 0.57283651]","[9.871e-05, 9.871e-05, 0.00013195, 0.00013195, 0.00013195, 0.00013195]","[1.80521e-05, 2.39454e-05, 4.17528e-05, 5.22528e-05, 6.41733e-05, 7.5587e-05]"
2775,RoRo,12988.0,7,AUCKLAND,0.0003485403,"[1.0, 1.0, 1.0, 1.0, 1.0, 0.998457]","[0.21162468, 0.32036256, 0.40013666, 0.48957351, 0.57724111, 0.79307173]","[9.871e-05, 0.00013195, 0.00013195, 0.00013195, 0.00013195, 0.00011601]","[2.08895e-05, 4.22725e-05, 5.27989e-05, 6.46003e-05, 7.61682e-05, 9.18601e-05]"
2776,RoRo,12988.0,7,AUCKLAND,0.0003389178,"[1.0, 1.0, 1.0, 1.0, 1.0, 0.999862]","[0.25247173, 0.32077135, 0.40214738, 0.48283072, 0.56475539, 0.7852656]","[9.871e-05, 9.871e-05, 0.00013195, 0.00013195, 0.00013195, 0.00011601]","[2.49215e-05, 3.16634e-05, 5.30642e-05, 6.37105e-05, 7.45207e-05, 9.10838e-05]"
2777,RoRo,12988.0,5,AUCKLAND,0.00028067,"[1.0, 1.0, 1.0, 0.998457]","[0.38762964, 0.47298155, 0.56737238, 0.79664195]","[0.00013195, 0.00013195, 0.00013195, 0.00011601]","[5.11486e-05, 6.24109e-05, 7.4866e-05, 9.22736e-05]"
2778,RoRo,12988.0,7,AUCKLAND,0.0003360675,"[1.0, 1.0, 1.0, 1.0, 1.0, 0.999862]","[0.24912594, 0.31833875, 0.39556364, 0.47452751, 0.55926193, 0.78878754]","[9.871e-05, 9.871e-05, 0.00013195, 0.00013195, 0.00013195, 0.00011601]","[2.45912e-05, 3.14232e-05, 5.21955e-05, 6.26149e-05, 7.37958e-05, 9.14924e-05]"
2779,RoRo,12988.0,7,AUCKLAND,0.0003606844,"[1.0, 1.0, 1.0, 1.0, 1.0, 0.998457]","[0.25301056, 0.32494468, 0.40350823, 0.4853127, 0.57432196, 0.7891886]","[0.00013195, 0.00013195, 0.00013195, 0.00013195, 0.00013195, 0.00011601]","[3.33853e-05, 4.28771e-05, 5.32438e-05, 6.4038e-05, 7.5783e-05, 9.14103e-05]"
2780,RoRo,12988.0,7,AUCKLAND,0.0003333677,"[1.0, 1.0, 1.0, 1.0, 1.0, 0.999862]","[0.24362318, 0.31457392, 0.39506401, 0.47456936, 0.55517028, 0.77856722]","[9.871e-05, 9.871e-05, 0.00013195, 0.00013195, 0.00013195, 0.00011601]","[2.40481e-05, 3.10516e-05, 5.21295e-05, 6.26204e-05, 7.32559e-05, 9.03069e-05]"
2781,RoRo,12988.0,7,AUCKLAND,0.0003537146,"[1.0, 1.0, 1.0, 1.0, 1.0, 0.999862]","[0.24588908, 0.31596007, 0.39502451, 0.47412971, 0.5547032, 0.79098605]","[0.00013195, 0.00013195, 0.00013195, 0.00013195, 0.00013195, 0.00011601]","[3.24456e-05, 4.16916e-05, 5.21243e-05, 6.25624e-05, 7.31943e-05, 9.17474e-05]"
2782,RoRo,12988.0,7,AUCKLAND,0.0003087819,"[0.999913, 1.0, 1.0, 1.0, 1.0, 1.0]","[0.2060983, 0.32739995, 0.40092335, 0.48294898, 0.57166961, 0.65378072]","[0.00013371, 9.871e-05, 9.871e-05, 9.871e-05, 0.00013195, 0.00013195]","[2.75547e-05, 3.23177e-05, 3.95752e-05, 4.76719e-05, 7.5433e-05, 8.62677e-05]"
2783,RoRo,12988.0,7,AUCKLAND,0.0003288505,"[1.0, 1.0, 1.0, 1.0, 1.0, 0.999862]","[0.24017328, 0.30931289, 0.38438203, 0.4612501, 0.54831788, 0.78212429]","[9.871e-05, 9.871e-05, 0.00013195, 0.00013195, 0.00013195, 0.00011601]","[2.37075e-05, 3.05323e-05, 5.072e-05, 6.08629e-05, 7.23517e-05, 9.07195e-05]"
2784,RoRo,12988.0,6,AUCKLAND,0.0002969305,"[0.998457, 1.0, 1.0, 1.0, 1.0]","[0.24255401, 0.37752995, 0.47178758, 0.55192064, 0.63639663]","[0.00011601, 0.00013195, 0.00013195, 0.00013195, 0.00013195]","[2.80946e-05, 4.98159e-05, 6.22534e-05, 7.28271e-05, 8.39739e-05]"
2785,RoRo,12988.0,7,AUCKLAND,0.0003455641,"[1.0, 1.0, 1.0, 1.0, 1.0, 0.999862]","[0.25286548, 0.31313027, 0.39279218, 0.47143802, 0.55161232, 0.79756526]","[9.871e-05, 0.00013195, 0.00013195, 0.00013195, 0.00013195, 0.00011601]","[2.49604e-05, 4.13182e-05, 5.18298e-05, 6.22072e-05, 7.27864e-05, 9.25105e-05]"
2786,RoRo,12988.0,7,AUCKLAND,0.000338666,"[0.999998, 1.0, 1.0, 1.0, 1.0, 1.0]","[0.19106238, 0.31458564, 0.39386911, 0.47482967, 0.55559568, 0.6385481]","[0.00013088, 0.00013195, 0.00013195, 0.00013195, 0.00013195, 0.00013195]","[2.50059e-05, 4.15102e-05, 5.19719e-05, 6.26548e-05, 7.3312e-05, 8.42578e-05]"
2787,RoRo,12988.0,7,AUCKLAND,0.000325475,"[1.0, 1.0, 1.0, 1.0, 1.0, 0.999862]","[0.23184375, 0.29503079, 0.37429832, 0.46285852, 0.54965922, 0.78037299]","[9.871e-05, 9.871e-05, 0.00013195, 0.00013195, 0.00013195, 0.00011601]","[2.28853e-05, 2.91225e-05, 4.93895e-05, 6.10752e-05, 7.25287e-05, 9.05163e-05]"
2789,RoRo,12909.0,7,AUCKLAND,0.0003381707,"[1.0, 1.0, 1.0, 1.0, 1.0, 0.999862]","[0.25527843, 0.32022889, 0.39857354, 0.47848718, 0.56010687, 0.79119033]","[9.871e-05, 9.871e-05, 0.00013195, 0.00013195, 0.00013195, 0.00011601]","[2.51986e-05, 3.16098e-05, 5.25926e-05, 6.31374e-05, 7.39073e-05, 9.17711e-05]"
2790,RoRo,12909.0,5,AUCKLAND,0.0002502526,"[0.998457, 1.0, 1.0, 1.0]","[0.29941177, 0.45940512, 0.54410485, 0.63037942]","[0.00011601, 0.00013195, 0.00013195, 0.00013195]","[3.46803e-05, 6.06195e-05, 7.17958e-05, 8.31799e-05]"
2791,RoRo,12909.0,7,AUCKLAND,0.0003425898,"[0.999965, 1.0, 1.0, 1.0, 1.0, 0.999862]","[0.19075754, 0.30468794, 0.38739687, 0.46521818, 0.55561135, 0.78548803]","[0.00013371, 0.00013195, 0.00013195, 0.00013195, 0.00013195, 0.00011601]","[2.5505e-05, 4.02042e-05, 5.11178e-05, 6.13865e-05, 7.33141e-05, 9.11096e-05]"
2792,RoRo,12909.0,6,AUCKLAND,0.0003035779,"[0.998457, 1.0, 1.0, 1.0, 1.0]","[0.26019555, 0.39687897, 0.478438, 0.55999227, 0.63722972]","[0.00011601, 0.00013195, 0.00013195, 0.00013195, 0.00013195]","[3.0138e-05, 5.2369e-05, 6.31309e-05, 7.38922e-05, 8.40838e-05]"
2793,RoRo,12909.0,7,AUCKLAND,0.0003376824,"[1.0, 1.0, 1.0, 1.0, 1.0, 0.999862]","[0.23636753, 0.30743561, 0.38441949, 0.46172809, 0.55524146, 0.78692286]","[0.00013195, 9.871e-05, 0.00013195, 0.00013195, 0.00013195, 0.00011601]","[3.11892e-05, 3.0347e-05, 5.0725e-05, 6.0926e-05, 7.32653e-05, 9.12761e-05]"
2795,RoRo,12909.0,7,AUCKLAND,0.0003294423,"[1.0, 1.0, 1.0, 1.0, 1.0, 0.999862]","[0.24699441, 0.30972989, 0.38553432, 0.46343193, 0.54217406, 0.78426493]","[9.871e-05, 9.871e-05, 0.00013195, 0.00013195, 0.00013195, 0.00011601]","[2.43808e-05, 3.05735e-05, 5.08721e-05, 6.11508e-05, 7.1541e-05, 9.09678e-05]"
2796,RoRo,12909.0,7,AUCKLAND,0.0003428571,"[1.0, 1.0, 1.0, 1.0, 1.0, 0.999862]","[0.23507212, 0.3094658, 0.39124208, 0.47055179, 0.55859365, 0.7883603]","[9.871e-05, 0.00013195, 0.00013195, 0.00013195, 0.00013195, 0.00011601]","[2.3204e-05, 4.08347e-05, 5.16252e-05, 6.20903e-05, 7.37076e-05, 9.14428e-05]"
2797,RoRo,12909.0,7,AUCKLAND,0.0003323451,"[1.0, 1.0, 1.0, 1.0, 1.0, 0.999862]","[0.23202978, 0.29644295, 0.3769146, 0.45263356, 0.52956803, 0.78481411]","[9.871e-05, 0.00013195, 0.00013195, 0.00013195, 0.00013195, 0.00011601]","[2.29037e-05, 3.91163e-05, 4.97347e-05, 5.9726e-05, 6.98776e-05, 9.10315e-05]"
2798,RoRo,12909.0,7,AUCKLAND,0.0003189865,"[1.0, 1.0, 1.0, 1.0, 1.0, 0.999862]","[0.21462242, 0.28246111, 0.35657606, 0.42736866, 0.50066193, 0.78509539]","[9.871e-05, 0.00013195, 0.00013195, 0.00013195, 0.00013195, 0.00011601]","[2.11854e-05, 3.72713e-05, 4.7051e-05, 5.63922e-05, 6.60634e-05, 9.10641e-05]"
2799,RoRo,12909.0,7,AUCKLAND,0.0003435413,"[1.0, 1.0, 1.0, 1.0, 0.998457, 0.999862]","[0.22900471, 0.29830476, 0.3660863, 0.44612372, 0.65292943, 0.78634599]","[0.00013195, 0.00013195, 0.00013195, 0.00013195, 0.00011601, 0.00011601]","[3.02177e-05, 3.93619e-05, 4.83059e-05, 5.8867e-05, 7.56276e-05, 9.12092e-05]"
2801,Container,92915.0,7,TAURANGA,0.0003875549,"[1.0, 1.0, 1.0, 0.999999, 0.999989, 0.999965]","[0.36708521, 0.38140817, 0.41384916, 0.53531002, 0.61488646, 0.79841279]","[0.00011063, 0.00011063, 0.00011063, 0.00013088, 0.00013371, 0.00013371]","[4.06106e-05, 4.21952e-05, 4.57841e-05, 7.00606e-05, 8.22145e-05, 0.0001067506]"
2802,General Cargo,12649.0,7,PORT CHALMERS,0.0002368241,"[1.0, 1.0, 1.0, 1.0, 1.0, 0.9999]","[0.16591231, 0.25040873, 0.3367172, 0.42468419, 0.63033975, 0.78221376]","[8.288e-05, 8.382e-05, 8.498e-05, 8.382e-05, 8.776e-05, 0.00010558]","[1.37514e-05, 2.09883e-05, 2.86128e-05, 3.55955e-05, 5.53183e-05, 8.25796e-05]"
2804,General Cargo,12767.0,7,PORT CHALMERS,0.0002405484,"[1.0, 1.0, 1.0, 1.0, 1.0, 1.0]","[0.20786886, 0.28492868, 0.38542715, 0.51515078, 0.67168855, 0.76230959]","[8.382e-05, 8.498e-05, 8.382e-05, 7.917e-05, 8.776e-05, 8.776e-05]","[1.74228e-05, 2.4212e-05, 3.23051e-05, 4.07848e-05, 5.8947e-05, 6.68999e-05]"
2808,Container,50278.0,7,AUCKLAND,0.0003078034,"[1.0, 1.0, 1.0, 1.0, 1.0, 1.0]","[0.2603129, 0.30833978, 0.44737787, 0.46835281, 0.50410017, 0.53107244]","[0.00011161, 0.00011688, 0.00013195, 0.00013195, 0.00011623, 0.00011924]","[2.90528e-05, 3.60386e-05, 5.90325e-05, 6.18001e-05, 5.85906e-05, 6.33277e-05]"
2809,Container,50278.0,7,AUCKLAND,0.0003743198,"[1.0, 1.0, 1.0, 1.0, 1.0, 1.0]","[0.40876631, 0.45277808, 0.48273303, 0.50048178, 0.5420454, 0.56989764]","[0.00013195, 0.00013195, 0.00013195, 0.00013195, 0.00011623, 0.00011924]","[5.39376e-05, 5.9745e-05, 6.36976e-05, 6.60396e-05, 6.30009e-05, 6.79574e-05]"
2810,Container,50278.0,7,AUCKLAND,0.0003489262,"[1.0, 1.0, 1.0, 1.0, 1.0, 1.0]","[0.37699941, 0.40434185, 0.44996238, 0.48819795, 0.52924533, 0.55767337]","[0.00011623, 0.00013195, 0.00013195, 0.00013195, 0.00011623, 0.00011924]","[4.38179e-05, 5.33538e-05, 5.93735e-05, 6.44188e-05, 6.15132e-05, 6.64997e-05]"
2811,Container,50278.0,6,AUCKLAND,0.0002814768,"[1.0, 1.0, 1.0, 1.0, 1.0]","[0.36057068, 0.38391251, 0.47851193, 0.51984625, 0.54828676]","[0.00011623, 0.00013195, 0.00013195, 0.00011623, 0.00011924]","[4.19084e-05, 5.06581e-05, 6.31407e-05, 6.04207e-05, 6.53804e-05]"
2812,Container,50278.0,7,AUCKLAND,0.0003674221,"[1.0, 1.0, 1.0, 1.0, 1.0, 1.0]","[0.41117364, 0.45276907, 0.47754303, 0.51506849, 0.53591842, 0.5728736]","[0.00013195, 0.00013195, 0.00013195, 0.00011623, 0.00011623, 0.00011924]","[5.42552e-05, 5.97438e-05, 6.30128e-05, 5.98654e-05, 6.22888e-05, 6.83123e-05]"
2814,Container,50201.0,7,AUCKLAND,0.0003237903,"[1.0, 1.0, 1.0, 1.0, 1.0, 1.0]","[0.37113961, 0.4109675, 0.44285266, 0.47703742, 0.51822616, 0.54524657]","[9.871e-05, 9.871e-05, 0.00013195, 0.00013195, 0.00011623, 0.00011924]","[3.66352e-05, 4.05666e-05, 5.84353e-05, 6.29461e-05, 6.02324e-05, 6.50179e-05]"
2815,Container,50201.0,7,AUCKLAND,0.0003459557,"[1.0, 1.0, 1.0, 1.0, 1.0, 1.0]","[0.38802229, 0.41651403, 0.44748764, 0.47516827, 0.51392008, 0.54063612]","[0.00011623, 0.00013195, 0.00013195, 0.00013195, 0.00011623, 0.00011924]","[4.50991e-05, 5.49599e-05, 5.90469e-05, 6.26995e-05, 5.97319e-05, 6.44681e-05]"
2816,Container,50201.0,7,AUCKLAND,0.0003315607,"[1.0, 1.0, 1.0, 1.0, 1.0, 1.0]","[0.37171713, 0.3951976, 0.42776616, 0.44990684, 0.49606405, 0.52654569]","[0.00011623, 0.00013195, 0.00013195, 0.00013195, 0.00011623, 0.00011924]","[4.3204e-05, 5.21472e-05, 5.64446e-05, 5.93662e-05, 5.76566e-05, 6.27879e-05]"
2817,Container,50201.0,7,AUCKLAND,0.0003506705,"[1.0, 1.0, 1.0, 1.0, 1.0, 1.0]","[0.38697712, 0.41502352, 0.45197356, 0.47618481, 0.53078013, 0.56033218]","[0.00011623, 0.00013195, 0.00013195, 0.00013195, 0.00011623, 0.00011924]","[4.49776e-05, 5.47632e-05, 5.96389e-05, 6.28336e-05, 6.16915e-05, 6.68168e-05]"
2818,Container,50201.0,7,AUCKLAND,0.0003149721,"[1.0, 1.0, 1.0, 1.0, 1.0, 1.0]","[0.33887625, 0.36229987, 0.41603438, 0.43600773, 0.47791021, 0.50186431]","[0.00011623, 0.00013195, 0.00013195, 0.00013195, 0.00011623, 0.00011924]","[3.93869e-05, 4.78062e-05, 5.48966e-05, 5.75321e-05, 5.55466e-05, 5.98448e-05]"
2820,Bulker,33263.0,7,GISBORNE,0.0003830513,"[1.0, 1.0, 1.0, 1.0, 1.0, 1.0]","[0.06320051, 0.16654285, 0.36646962, 0.72975444, 0.86656265, 0.88282235]","[0.00013992, 0.00013992, 0.00013992, 0.00013371, 0.00011553, 0.00011553]","[8.8433e-06, 2.33034e-05, 5.12781e-05, 9.75742e-05, 0.0001001153, 0.0001019938]"
2823,Tanker,12817.0,7,NEW PLYMOUTH,0.0002569537,"[1.0, 1.0, 1.0, 0.999975, 0.999861, 0.999995]","[0.01522322, 0.04684894, 0.12375948, 0.37887815, 0.71023051, 0.89997104]","[8.382e-05, 8.382e-05, 8.382e-05, 0.00010558, 0.00010558, 0.00014047]","[1.276e-06, 3.9267e-06, 1.03731e-05, 4.00018e-05, 7.49773e-05, 0.0001264202]"
2824,Tanker,12817.0,7,TAURANGA,0.0002864082,"[1.0, 1.0, 1.0, 0.999999, 0.999999, 0.999965]","[0.0146412, 0.04232842, 0.12927807, 0.40064361, 0.70930255, 0.90125441]","[9.871e-05, 0.00011623, 0.00011063, 0.00013088, 0.00013088, 0.00013371]","[1.4452e-06, 4.9197e-06, 1.4302e-05, 5.24357e-05, 9.28326e-05, 0.0001205009]"
2828,Tanker,50077.0,5,LYTTELTON,0.00019061,"[1.0, 1.0, 1.0, 1.0]","[0.07241986, 0.29705242, 0.66175304, 0.69250949]","[8.382e-05, 0.00010536, 0.00012132, 0.00010536]","[6.07e-06, 3.12988e-05, 8.0287e-05, 7.2966e-05]"
2829,Tanker,50077.0,7,TAURANGA,0.0001971995,"[1.0, 1.0, 0.999989, 1.0, 1.0, 1.0]","[0.0032978, 0.01605694, 0.07680599, 0.33093456, 0.56136828, 0.67841234]","[0.00011553, 0.00011553, 0.00013371, 0.00013195, 0.00013195, 9.871e-05]","[3.81e-07, 1.8551e-06, 1.02695e-05, 4.36675e-05, 7.40737e-05, 6.69661e-05]"
2831,Tanker,49998.0,7,TAURANGA,0.0001785592,"[1.0, 1.0, 1.0, 1.0, 1.0, 1.0]","[0.00298964, 0.01521796, 0.08344575, 0.32862283, 0.52747258, 0.68314942]","[0.00013195, 0.00013195, 0.00011063, 0.00011623, 0.00011623, 9.871e-05]","[3.945e-07, 2.008e-06, 9.2316e-06, 3.81952e-05, 6.13071e-05, 6.74337e-05]"
2837,General Cargo,12668.0,5,AUCKLAND,0.0002253777,"[1.0, 1.0, 1.0, 0.999999]","[0.27963198, 0.39036948, 0.53098937, 0.77691331]","[0.00011063, 0.00011623, 0.00011174, 0.00011553]","[3.09357e-05, 4.53719e-05, 5.93304e-05, 8.97579e-05]"
2839,General Cargo,12763.0,6,TAURANGA,0.0001775427,"[1.0, 1.0, 1.0, 1.0, 1.0]","[0.14778435, 0.19007902, 0.25383089, 0.3976575, 0.57746384]","[0.00012123, 0.00012123, 0.00011161, 0.00011161, 0.00011063]","[1.79158e-05, 2.30432e-05, 2.83294e-05, 4.43815e-05, 6.38848e-05]"
2847,Container,23357.0,7,AUCKLAND,0.0002430766,"[1.0, 1.0, 1.0, 1.0, 1.0, 0.999902]","[0.27700207, 0.30481694, 0.32788195, 0.36201639, 0.39833303, 0.49523141]","[0.00010291, 0.00010291, 0.00010291, 0.00010291, 0.00011553, 0.00013371]","[2.85059e-05, 3.13683e-05, 3.37419e-05, 3.72546e-05, 4.602e-05, 6.621e-05]"
2856,Container,23252.0,5,AUCKLAND,0.0001583174,"[1.0, 1.0, 1.0, 1.0]","[0.28647718, 0.31549672, 0.33953731, 0.37525671]","[9.871e-05, 0.00013195, 0.00013195, 0.00011623]","[2.82782e-05, 4.16305e-05, 4.48027e-05, 4.36154e-05]"
2858,Container,23252.0,6,AUCKLAND,0.0002140014,"[1.0, 1.0, 1.0, 1.0, 1.0]","[0.29341625, 0.31247961, 0.34631547, 0.38123837, 0.41529344]","[0.00013195, 0.00013195, 0.00013195, 0.00011623, 0.0001061]","[3.87169e-05, 4.12323e-05, 4.56971e-05, 4.43106e-05, 4.40629e-05]"
2861,Container,23252.0,5,AUCKLAND,0.000175038,"[1.0, 1.0, 1.0, 1.0]","[0.29503892, 0.3288175, 0.3882904, 0.40954032]","[0.00013195, 0.00013195, 0.00011623, 0.00011623]","[3.8931e-05, 4.33882e-05, 4.51302e-05, 4.76001e-05]"
2862,Container,23252.0,5,AUCKLAND,0.0001547242,"[1.0, 1.0, 1.0, 1.0]","[0.28938393, 0.31930962, 0.33800351, 0.37841584]","[0.00013195, 0.00011623, 0.00011623, 0.0001061]","[3.81848e-05, 3.71127e-05, 3.92855e-05, 4.01501e-05]"
2864,Container,23252.0,5,AUCKLAND,0.0001671976,"[1.0, 1.0, 1.0, 1.0]","[0.3161137, 0.34397321, 0.38022071, 0.39942208]","[9.871e-05, 0.00013195, 0.00011623, 0.00011623]","[3.12036e-05, 4.5388e-05, 4.41923e-05, 4.64241e-05]"
2866,Container,23435.0,5,AUCKLAND,0.0001804364,"[1.0, 1.0, 1.0, 0.999998]","[0.27112245, 0.29110196, 0.39267149, 0.48369235]","[0.00011063, 0.00011063, 0.00013992, 0.00013088]","[2.99943e-05, 3.22046e-05, 5.49444e-05, 6.33049e-05]"
2869,Container,48169.0,6,NELSON,0.0001997563,"[1.0, 1.0, 1.0, 0.999986, 0.999847]","[0.30785239, 0.32413548, 0.34471559, 0.46406215, 0.65278416]","[8.382e-05, 8.382e-05, 8.382e-05, 0.00010558, 0.00010558]","[2.58031e-05, 2.71678e-05, 2.88928e-05, 4.8996e-05, 6.89118e-05]"
2871,Container,48169.0,5,NELSON,0.0001940401,"[0.999986, 1.0, 1.0, 0.999986]","[0.38129933, 0.47566306, 0.5262808, 0.66126514]","[0.00010558, 8.382e-05, 8.382e-05, 0.00010558]","[4.02579e-05, 3.98683e-05, 4.41109e-05, 6.98169e-05]"
2872,Container,48169.0,7,PORT CHALMERS,0.0003564878,"[0.999996, 1.0, 1.0, 1.0, 1.0, 0.999967]","[0.33323906, 0.42232916, 0.45852542, 0.54985019, 0.62365838, 0.66633211]","[0.00010558, 8.382e-05, 8.382e-05, 0.00013117, 0.00013117, 0.00014047]","[3.5184e-05, 3.53981e-05, 3.84319e-05, 7.21229e-05, 8.18042e-05, 9.3598e-05]"
2874,Container,48169.0,6,AUCKLAND,0.0002936068,"[1.0, 1.0, 1.0, 1.0, 0.999965]","[0.36982697, 0.44249213, 0.46847117, 0.49951076, 0.63797868]","[0.00013992, 0.00011063, 0.00011063, 0.00011174, 0.00013371]","[5.17479e-05, 4.89529e-05, 5.1827e-05, 5.58131e-05, 8.53001e-05]"
2875,Container,48169.0,7,AUCKLAND,0.0003518416,"[1.0, 1.0, 1.0, 1.0, 0.999965, 0.999902]","[0.37514858, 0.38973975, 0.42827559, 0.46274384, 0.60426113, 0.65369325]","[0.00011063, 0.00011063, 0.00011063, 0.00011174, 0.00013371, 0.00013371]","[4.15027e-05, 4.31169e-05, 4.73801e-05, 5.17049e-05, 8.07919e-05, 8.73956e-05]"
2876,Container,48169.0,7,AUCKLAND,0.000327228,"[1.0, 1.0, 1.0, 1.0, 0.999965, 0.999902]","[0.2539887, 0.31002073, 0.41258333, 0.44656666, 0.57347167, 0.63740476]","[0.00013992, 0.00011063, 0.00011063, 0.00011174, 0.00013371, 0.00013371]","[3.55393e-05, 3.42976e-05, 4.56441e-05, 4.98974e-05, 7.66752e-05, 8.52179e-05]"
2878,Container,48169.0,7,AUCKLAND,0.0003431489,"[1.0, 1.0, 1.0, 1.0, 0.999902, 0.999998]","[0.31294233, 0.3335112, 0.374089, 0.41169753, 0.59754915, 0.64552453]","[0.00011623, 0.00011623, 0.00013195, 0.00013195, 0.00013371, 0.00013088]","[3.63727e-05, 3.87634e-05, 4.93618e-05, 5.43244e-05, 7.98894e-05, 8.44853e-05]"
2882,Container,65710.0,7,AUCKLAND,0.0004072062,"[1.0, 1.0, 1.0, 1.0, 1.0, 0.999965]","[0.41845671, 0.44876628, 0.49556859, 0.54497392, 0.57282734, 0.72946118]","[0.00013195, 0.00013195, 0.00013195, 0.00011623, 0.00011623, 0.00013371]","[5.52162e-05, 5.92157e-05, 6.53913e-05, 6.33413e-05, 6.65786e-05, 9.75316e-05]"
2883,Container,65710.0,7,AUCKLAND,0.0004050382,"[1.0, 1.0, 1.0, 1.0, 1.0, 0.999965]","[0.41534377, 0.45066966, 0.49606854, 0.54156492, 0.56413932, 0.7244573]","[0.00013195, 0.00013195, 0.00013195, 0.00011623, 0.00011623, 0.00013371]","[5.48055e-05, 5.94668e-05, 6.54573e-05, 6.2945e-05, 6.55688e-05, 9.68626e-05]"
2884,Container,65710.0,7,AUCKLAND,0.0004035722,"[1.0, 1.0, 1.0, 1.0, 1.0, 0.999965]","[0.41140279, 0.45519244, 0.48781267, 0.54346107, 0.561935, 0.72133079]","[0.00013195, 0.00013195, 0.00013195, 0.00011623, 0.00011623, 0.00013371]","[5.42855e-05, 6.00636e-05, 6.43679e-05, 6.31654e-05, 6.53126e-05, 9.64445e-05]"
2885,Container,65710.0,7,AUCKLAND,0.0003693848,"[1.0, 1.0, 1.0, 1.0, 1.0, 0.999965]","[0.36844979, 0.41064993, 0.43514745, 0.47881047, 0.49959095, 0.71427246]","[0.00013195, 0.00013195, 0.00013195, 0.00011623, 0.00011623, 0.00013371]","[4.86177e-05, 5.41861e-05, 5.74186e-05, 5.56512e-05, 5.80665e-05, 9.55008e-05]"
2886,Container,65710.0,7,AUCKLAND,0.0003976071,"[1.0, 1.0, 1.0, 1.0, 1.0, 0.999965]","[0.41224817, 0.45104078, 0.4861316, 0.52619067, 0.54847985, 0.70833312]","[0.00013195, 0.00013195, 0.00013195, 0.00011623, 0.00011623, 0.00013371]","[5.4397e-05, 5.95158e-05, 6.41461e-05, 6.11581e-05, 6.37487e-05, 9.47067e-05]"
2887,Container,65710.0,7,AUCKLAND,0.0003611952,"[1.0, 1.0, 1.0, 1.0, 1.0, 0.999965]","[0.36894856, 0.39853387, 0.43987444, 0.47900924, 0.49733518, 0.66159118]","[0.00013195, 0.00013195, 0.00013195, 0.00011623, 0.00011623, 0.00013371]","[4.86835e-05, 5.25874e-05, 5.80424e-05, 5.56743e-05, 5.78043e-05, 8.84571e-05]"
2888,Container,65710.0,7,AUCKLAND,0.0004130868,"[1.0, 1.0, 1.0, 1.0, 1.0, 0.999965]","[0.42467469, 0.45533766, 0.50504284, 0.55190473, 0.58069278, 0.73862436]","[0.00013195, 0.00013195, 0.00013195, 0.00011623, 0.00011623, 0.00013371]","[5.60367e-05, 6.00828e-05, 6.66415e-05, 6.41468e-05, 6.74928e-05, 9.87568e-05]"
2889,Container,65710.0,7,AUCKLAND,0.0004099575,"[1.0, 1.0, 1.0, 1.0, 1.0, 0.999965]","[0.4220395, 0.45702553, 0.50736787, 0.55455408, 0.57506399, 0.71644238]","[0.00013195, 0.00013195, 0.00013195, 0.00011623, 0.00011623, 0.00013371]","[5.5689e-05, 6.03055e-05, 6.69483e-05, 6.44547e-05, 6.68386e-05, 9.57909e-05]"
2890,Container,65710.0,7,AUCKLAND,0.0004089729,"[1.0, 1.0, 1.0, 1.0, 1.0, 0.999965]","[0.4304105, 0.45668701, 0.50368865, 0.54901114, 0.56695028, 0.71665137]","[0.00013195, 0.00013195, 0.00013195, 0.00011623, 0.00011623, 0.00013371]","[5.67936e-05, 6.02608e-05, 6.64628e-05, 6.38105e-05, 6.58955e-05, 9.58189e-05]"
2891,Container,65710.0,7,AUCKLAND,0.0004118175,"[1.0, 1.0, 1.0, 1.0, 1.0, 0.999965]","[0.42888228, 0.45596618, 0.51244209, 0.55061514, 0.57704778, 0.72134281]","[0.00013195, 0.00013195, 0.00013195, 0.00011623, 0.00011623, 0.00013371]","[5.65919e-05, 6.01657e-05, 6.76178e-05, 6.39969e-05, 6.70691e-05, 9.64461e-05]"
2917,General Cargo,13073.0,5,TAURANGA,0.0002087778,"[1.0, 1.0, 1.0, 1.0]","[0.19337289, 0.30814175, 0.39474302, 0.67882724]","[0.00013092, 0.0001346, 0.0001346, 0.00013092]","[2.53163e-05, 4.14744e-05, 5.31306e-05, 8.88718e-05]"
2919,Reefer,13067.0,7,TAURANGA,0.00025331,"[1.0, 1.0, 1.0, 1.0, 1.0, 1.0]","[0.14034701, 0.19382946, 0.23743637, 0.33724632, 0.4101991, 0.66349786]","[0.00010419, 0.00011482, 0.00012209, 0.0001346, 0.0001346, 0.00013092]","[1.46229e-05, 2.22554e-05, 2.89892e-05, 4.53918e-05, 5.52109e-05, 8.68649e-05]"
2924,Reefer,13055.0,6,TAURANGA,0.0002416188,"[1.0, 1.0, 1.0, 1.0, 1.0]","[0.23027347, 0.2826826, 0.41580857, 0.55021496, 0.63646532]","[0.00012152, 0.00010419, 0.00010419, 0.00011482, 0.00012209]","[2.79819e-05, 2.94529e-05, 4.33234e-05, 6.31754e-05, 7.77075e-05]"
2927,Reefer,13055.0,6,AUCKLAND,0.0002968949,"[1.0, 1.0, 1.0, 1.0, 1.0]","[0.31450501, 0.39768248, 0.48420284, 0.60164279, 0.70903503]","[0.00013195, 0.00013195, 0.00013195, 0.0001061, 0.0001061]","[4.14996e-05, 5.2475e-05, 6.38916e-05, 6.38346e-05, 7.5229e-05]"
2930,Reefer,13055.0,5,TAURANGA,0.0002088581,"[1.0, 1.0, 1.0, 1.0]","[0.20705692, 0.32833501, 0.40433641, 0.63513544]","[0.00013092, 0.0001346, 0.0001346, 0.00013092]","[2.71078e-05, 4.41924e-05, 5.44218e-05, 8.31517e-05]"
2933,Reefer,13055.0,5,AUCKLAND,0.0002531938,"[1.0, 1.0, 1.0, 1.0]","[0.37787086, 0.45669624, 0.5577193, 0.66722675]","[0.00013195, 0.00013195, 9.871e-05, 0.00013195]","[4.98609e-05, 6.0262e-05, 5.50525e-05, 8.8042e-05]"
2934,Reefer,13055.0,5,TAURANGA,0.0002301872,"[1.0, 1.0, 1.0, 1.0]","[0.38173665, 0.46300268, 0.56219127, 0.64074396]","[0.00013195, 0.00013195, 9.871e-05, 9.871e-05]","[5.0371e-05, 6.10942e-05, 5.54939e-05, 6.32479e-05]"
2939,Container,50595.0,7,WELLINGTON,0.0003000466,"[0.999997, 1.0, 1.0, 1.0, 1.0, 0.999943]","[0.3028533, 0.38299083, 0.44746088, 0.46642633, 0.58213107, 0.68235217]","[0.00014047, 8.498e-05, 8.382e-05, 8.382e-05, 0.00013117, 0.00010558]","[4.25423e-05, 3.2545e-05, 3.75045e-05, 3.90941e-05, 7.63571e-05, 7.20401e-05]"
2943,Container,50595.0,7,AUCKLAND,0.0003514411,"[0.999902, 1.0, 1.0, 1.0, 0.999965, 0.999902]","[0.27984751, 0.36782561, 0.43682388, 0.46716888, 0.61202815, 0.68086966]","[0.00013371, 0.00011063, 0.00011063, 0.00011174, 0.00013371, 0.00013371]","[3.74143e-05, 4.06925e-05, 4.83258e-05, 5.21994e-05, 8.18304e-05, 9.1029e-05]"
2944,Container,50595.0,7,AUCKLAND,0.0003238919,"[1.0, 1.0, 1.0, 1.0, 0.999965, 0.999902]","[0.32467839, 0.36386672, 0.37646819, 0.40513073, 0.52535372, 0.67768273]","[0.00011063, 0.00011063, 0.00011063, 0.00011174, 0.00013371, 0.00013371]","[3.59192e-05, 4.02546e-05, 4.16487e-05, 4.52675e-05, 7.02417e-05, 9.06029e-05]"
2948,Container,50604.0,7,AUCKLAND,0.0003543014,"[1.0, 1.0, 1.0, 1.0, 1.0, 1.0]","[0.40526772, 0.44053212, 0.46359853, 0.48012044, 0.51597349, 0.54194934]","[0.00011623, 0.00013195, 0.00013195, 0.00013195, 0.00011623, 0.00011924]","[4.71035e-05, 5.81291e-05, 6.11728e-05, 6.33529e-05, 5.99706e-05, 6.46247e-05]"
2949,Container,50604.0,6,AUCKLAND,0.0002992352,"[1.0, 1.0, 1.0, 1.0, 1.0]","[0.41026973, 0.46113909, 0.48661019, 0.52269178, 0.55161345]","[0.00011623, 0.00013195, 0.00013195, 0.00011623, 0.00011924]","[4.76849e-05, 6.08483e-05, 6.42092e-05, 6.07515e-05, 6.57771e-05]"
2950,Container,50604.0,7,AUCKLAND,0.0003533682,"[1.0, 1.0, 1.0, 1.0, 1.0, 1.0]","[0.39878703, 0.4246325, 0.45933543, 0.48149954, 0.52315127, 0.55422599]","[0.00011623, 0.00013195, 0.00013195, 0.00013195, 0.00011623, 0.00011924]","[4.63502e-05, 5.60312e-05, 6.06103e-05, 6.35349e-05, 6.08049e-05, 6.60887e-05]"
2951,Container,50604.0,7,AUCKLAND,0.0003495018,"[1.0, 1.0, 1.0, 1.0, 1.0, 1.0]","[0.39450732, 0.42070075, 0.44791155, 0.48193152, 0.51877965, 0.54673954]","[0.00011623, 0.00013195, 0.00013195, 0.00013195, 0.00011623, 0.00011924]","[4.58528e-05, 5.55124e-05, 5.91029e-05, 6.35919e-05, 6.02968e-05, 6.51959e-05]"
2952,Container,50604.0,7,AUCKLAND,0.0003434576,"[1.0, 1.0, 1.0, 1.0, 1.0, 1.0]","[0.38246468, 0.40829949, 0.44029231, 0.47774783, 0.51408981, 0.53912953]","[0.00011623, 0.00013195, 0.00013195, 0.00013195, 0.00011623, 0.00011924]","[4.44531e-05, 5.3876e-05, 5.80975e-05, 6.30398e-05, 5.97517e-05, 6.42885e-05]"
2953,Container,50604.0,7,AUCKLAND,0.000359141,"[1.0, 1.0, 1.0, 1.0, 1.0, 1.0]","[0.38752963, 0.4140002, 0.45293895, 0.50815347, 0.5451896, 0.58149218]","[0.00011623, 0.00013195, 0.00013195, 0.00013195, 0.00011623, 0.00011924]","[4.50418e-05, 5.46282e-05, 5.97663e-05, 6.70519e-05, 6.33663e-05, 6.934e-05]"
2954,Container,50604.0,7,AUCKLAND,0.0003507115,"[1.0, 1.0, 1.0, 1.0, 1.0, 1.0]","[0.34982882, 0.37225942, 0.46033291, 0.50941577, 0.55309661, 0.57938809]","[0.00013195, 0.00011623, 0.00013195, 0.00013195, 0.00011623, 0.00011924]","[4.61607e-05, 4.3267e-05, 6.07419e-05, 6.72185e-05, 6.42853e-05, 6.90891e-05]"
2955,Container,50604.0,6,AUCKLAND,0.0003018987,"[1.0, 1.0, 1.0, 1.0, 1.0]","[0.40149261, 0.43554186, 0.49250282, 0.54988228, 0.5778114]","[0.00011623, 0.00013195, 0.00013195, 0.00011623, 0.00011924]","[4.66647e-05, 5.74707e-05, 6.49868e-05, 6.39118e-05, 6.89011e-05]"
2962,Container,51807.0,6,TAURANGA,0.0002717382,"[1.0, 1.0, 1.0, 0.999965, 0.999999]","[0.207822, 0.3377873, 0.38092318, 0.59605503, 0.65237363]","[0.00011567, 9.704e-05, 0.00013092, 0.00013371, 0.00013088]","[2.40398e-05, 3.27797e-05, 4.98703e-05, 7.96947e-05, 8.53818e-05]"
2963,Container,51807.0,6,TAURANGA,0.0003099081,"[1.0, 1.0, 0.999965, 0.999999, 1.0]","[0.2653972, 0.34190988, 0.5452715, 0.59538829, 0.63319332]","[9.704e-05, 0.00013092, 0.00013371, 0.00013088, 0.00013992]","[2.57548e-05, 4.47627e-05, 7.29047e-05, 7.79236e-05, 8.85993e-05]"
2964,Container,51807.0,6,AUCKLAND,0.0002127731,"[1.0, 1.0, 1.0, 1.0, 1.0]","[0.3338825, 0.37232163, 0.3842651, 0.41075156, 0.512594]","[9.704e-05, 9.704e-05, 9.704e-05, 9.704e-05, 0.00013092]","[3.24008e-05, 3.6131e-05, 3.72901e-05, 3.98604e-05, 6.71086e-05]"
2968,Container,51807.0,5,AUCKLAND,0.0001850323,"[1.0, 1.0, 1.0, 1.0]","[0.30408299, 0.40792133, 0.4533244, 0.50636147]","[0.00011567, 9.704e-05, 9.704e-05, 0.00013092]","[3.51747e-05, 3.95857e-05, 4.39917e-05, 6.62926e-05]"
2970,Container,51807.0,7,AUCKLAND,0.0003786158,"[1.0, 1.0, 1.0, 1.0, 1.0, 1.0]","[0.42596594, 0.46021042, 0.48565066, 0.50388343, 0.54331813, 0.57044539]","[0.00013195, 0.00013195, 0.00013195, 0.00013195, 0.00011623, 0.00011924]","[5.62071e-05, 6.07257e-05, 6.40826e-05, 6.64885e-05, 6.31488e-05, 6.80227e-05]"
2971,Container,51807.0,7,AUCKLAND,0.0003504757,"[1.0, 1.0, 1.0, 1.0, 1.0, 1.0]","[0.2485846, 0.42707198, 0.48055487, 0.50348631, 0.54267244, 0.57404576]","[0.00013195, 0.00013195, 0.00013195, 0.00013195, 0.00011623, 0.00011924]","[3.28013e-05, 5.63531e-05, 6.34102e-05, 6.64361e-05, 6.30738e-05, 6.84521e-05]"
2972,Container,51807.0,7,AUCKLAND,0.0003423386,"[1.0, 1.0, 1.0, 1.0, 1.0, 1.0]","[0.37276987, 0.39818886, 0.45110128, 0.47354997, 0.5134462, 0.54369266]","[0.00011623, 0.00013195, 0.00013195, 0.00013195, 0.00011623, 0.00011924]","[4.33263e-05, 5.25419e-05, 5.95238e-05, 6.24859e-05, 5.96769e-05, 6.48326e-05]"
2973,Container,51807.0,6,AUCKLAND,0.0002297807,"[1.0, 1.0, 1.0, 1.0, 1.0]","[0.30985843, 0.40792414, 0.42614816, 0.47273636, 0.51285464]","[0.00011567, 9.704e-05, 9.704e-05, 9.704e-05, 0.00013092]","[3.58428e-05, 3.9586e-05, 4.13545e-05, 4.58755e-05, 6.71427e-05]"
2977,Container,51807.0,5,AUCKLAND,0.0001826613,"[1.0, 1.0, 1.0, 1.0]","[0.28549024, 0.40799377, 0.45944281, 0.50008802]","[0.00011567, 9.704e-05, 9.704e-05, 0.00013092]","[3.3024e-05, 3.95927e-05, 4.45855e-05, 6.54713e-05]"
2998,Container,51533.0,7,AUCKLAND,0.0003080041,"[1.0, 1.0, 1.0, 1.0, 0.999965, 0.999902]","[0.29746161, 0.35658341, 0.37134132, 0.39809202, 0.51221713, 0.56318973]","[0.00013195, 0.00011063, 0.00011063, 0.00011174, 0.00013371, 0.00013371]","[3.92507e-05, 3.94488e-05, 4.10815e-05, 4.4481e-05, 6.84853e-05, 7.52957e-05]"
2999,Container,51533.0,7,AUCKLAND,0.0003401194,"[0.999902, 1.0, 1.0, 1.0, 0.999965, 0.999902]","[0.27192521, 0.36540587, 0.41236731, 0.46457994, 0.59459641, 0.64976336]","[0.00013371, 0.00011063, 0.00011063, 0.00011063, 0.00013371, 0.00013371]","[3.63551e-05, 4.04248e-05, 4.56202e-05, 5.13965e-05, 7.94997e-05, 8.68702e-05]"
3000,Container,51533.0,7,AUCKLAND,0.0003222857,"[1.0, 1.0, 1.0, 1.0, 0.999965, 0.999902]","[0.29095416, 0.34843228, 0.39899401, 0.4156122, 0.54086536, 0.66686763]","[0.00011063, 0.00011063, 0.00011063, 0.00011063, 0.00013371, 0.00013371]","[3.21883e-05, 3.85471e-05, 4.41407e-05, 4.59792e-05, 7.23157e-05, 8.9157e-05]"
3001,Container,51533.0,6,AUCKLAND,0.0003218786,"[0.999965, 1.0, 1.0, 0.999965, 0.999902]","[0.34824964, 0.45771634, 0.47581219, 0.61177388, 0.67530081]","[0.00013371, 0.00011063, 0.00011063, 0.00013371, 0.00013371]","[4.65622e-05, 5.06371e-05, 5.26391e-05, 8.17964e-05, 9.02844e-05]"
3007,Tanker,49999.0,7,TAURANGA,0.0002055265,"[1.0, 1.0, 1.0, 1.0, 1.0, 1.0]","[0.00382098, 0.01857146, 0.0882432, 0.30679965, 0.66148761, 0.70656388]","[0.0001067, 0.0001067, 0.0001067, 0.0001067, 0.00011924, 0.00011623]","[4.077e-07, 1.9815e-06, 9.4153e-06, 3.27345e-05, 7.88791e-05, 8.21225e-05]"
3009,Bulker,32959.0,5,LYTTELTON,0.0002365092,"[1.0, 1.0, 1.0, 1.0]","[0.1784817, 0.45455548, 0.62530837, 0.6803097]","[8.906e-05, 0.00010863, 0.00013117, 0.00013117]","[1.58963e-05, 4.93765e-05, 8.20206e-05, 8.9235e-05]"
3011,General Cargo,12672.0,7,AUCKLAND,0.0003340025,"[1.0, 1.0, 1.0, 1.0, 0.999995, 0.999913]","[0.21033737, 0.27229962, 0.35762844, 0.43749745, 0.66253385, 0.79266176]","[0.00011063, 0.00011063, 0.00011063, 0.00011063, 0.00013088, 0.00013371]","[2.32696e-05, 3.01245e-05, 3.95644e-05, 4.84003e-05, 8.67112e-05, 0.0001059762]"
3014,Container,93591.0,7,TAURANGA,0.0003918731,"[1.0, 1.0, 1.0, 1.0, 1.0, 1.0]","[0.29247625, 0.45146852, 0.48264127, 0.52998718, 0.59612306, 0.65178035]","[0.00013195, 0.00012209, 0.00012209, 0.0001346, 0.0001346, 0.0001346]","[3.85929e-05, 5.51209e-05, 5.89268e-05, 7.13338e-05, 8.02354e-05, 8.77266e-05]"
3020,Bulker,28333.0,7,TAURANGA,0.0003527175,"[1.0, 1.0, 1.0, 1.0, 1.0, 0.999989]","[0.04571108, 0.1100322, 0.3162861, 0.52488894, 0.71166335, 0.89830976]","[9.871e-05, 9.871e-05, 0.00013992, 0.00013992, 0.00013992, 0.00013371]","[4.5121e-06, 1.08613e-05, 4.42562e-05, 7.34449e-05, 9.95792e-05, 0.0001201102]"
3024,Container,51687.0,5,TAURANGA,0.0002253988,"[1.0, 0.999965, 0.999999, 1.0]","[0.25701423, 0.42871659, 0.48105604, 0.5109066]","[0.00013092, 0.00013371, 0.00013088, 0.00013992]","[3.36482e-05, 5.73209e-05, 6.29599e-05, 7.14884e-05]"
3025,Container,51687.0,6,TAURANGA,0.0003124263,"[1.0, 1.0, 0.999965, 0.999999, 1.0]","[0.29277535, 0.34041887, 0.51600081, 0.60497073, 0.65260918]","[9.704e-05, 0.00013092, 0.00013371, 0.00013088, 0.00013992]","[2.84117e-05, 4.45675e-05, 6.89911e-05, 7.91777e-05, 9.13161e-05]"
3026,Container,51687.0,6,NAPIER,0.0002311437,"[1.0, 1.0, 1.0, 0.999982, 0.999999]","[0.23200106, 0.25988304, 0.3146044, 0.46507744, 0.57005725]","[0.00012369, 0.00012369, 0.00013077, 0.00010558, 0.00014047]","[2.86966e-05, 3.21453e-05, 4.11423e-05, 4.9103e-05, 8.00771e-05]"
3027,Container,51687.0,5,TAURANGA,0.0001887747,"[1.0, 0.999965, 0.999999, 1.0]","[0.23014535, 0.34521362, 0.39426513, 0.43523529]","[0.00013092, 0.00013371, 0.00013088, 0.00013992]","[3.01305e-05, 4.61563e-05, 5.16009e-05, 6.09001e-05]"
3028,Container,51687.0,5,AUCKLAND,0.0001823877,"[1.0, 1.0, 1.0, 1.0]","[0.35299876, 0.38383436, 0.40575847, 0.54628735]","[9.704e-05, 9.704e-05, 9.704e-05, 0.00013092]","[3.42559e-05, 3.72483e-05, 3.93758e-05, 7.15197e-05]"
3030,Container,51687.0,5,AUCKLAND,0.0001871718,"[1.0, 1.0, 1.0, 1.0]","[0.25149098, 0.39705848, 0.4915096, 0.54892041]","[0.00011567, 9.704e-05, 9.704e-05, 0.00013092]","[2.90912e-05, 3.85316e-05, 4.76973e-05, 7.18644e-05]"
3034,Container,51687.0,5,AUCKLAND,0.000175732,"[1.0, 1.0, 1.0, 1.0]","[0.28143854, 0.37456185, 0.421174, 0.50387932]","[0.00011567, 9.704e-05, 9.704e-05, 0.00013092]","[3.25553e-05, 3.63484e-05, 4.08718e-05, 6.59677e-05]"
3036,Container,51687.0,6,LYTTELTON,0.0002808117,"[1.0, 1.0, 1.0, 0.999891, 0.999988]","[0.24719771, 0.32428129, 0.3980144, 0.61711052, 0.6654655]","[0.00012369, 0.00013077, 0.00012369, 0.00010558, 0.00014047]","[3.05763e-05, 4.24078e-05, 4.9231e-05, 6.51488e-05, 9.34782e-05]"
3037,Container,51687.0,7,AUCKLAND,0.0003696501,"[1.0, 1.0, 1.0, 1.0, 1.0, 1.0]","[0.40935183, 0.43343363, 0.46481686, 0.52038142, 0.55765113, 0.58805479]","[0.00011623, 0.00013195, 0.00013195, 0.00013195, 0.00011623, 0.00011924]","[4.75782e-05, 5.71925e-05, 6.13336e-05, 6.86654e-05, 6.48147e-05, 7.01226e-05]"
3041,Container,51737.0,7,AUCKLAND,0.0003381014,"[1.0, 1.0, 1.0, 1.0, 1.0, 0.999965]","[0.34309214, 0.37252065, 0.40401432, 0.43801712, 0.45627184, 0.64672787]","[0.00013195, 0.00013195, 0.00013195, 0.00011623, 0.00011623, 0.00013371]","[4.52717e-05, 4.91549e-05, 5.33105e-05, 5.09099e-05, 5.30316e-05, 8.64699e-05]"
3042,Container,51737.0,7,AUCKLAND,0.0003741201,"[1.0, 1.0, 1.0, 1.0, 1.0, 0.999965]","[0.37377833, 0.40036559, 0.45921908, 0.50515283, 0.52696111, 0.68414321]","[0.00013195, 0.00013195, 0.00013195, 0.00011623, 0.00011623, 0.00013371]","[4.93208e-05, 5.28291e-05, 6.05949e-05, 5.87129e-05, 6.12477e-05, 9.14724e-05]"
3043,Container,51737.0,7,AUCKLAND,0.0003451176,"[1.0, 1.0, 1.0, 1.0, 1.0, 0.999965]","[0.3429585, 0.37293289, 0.41586714, 0.45627005, 0.4755343, 0.65463354]","[0.00013195, 0.00013195, 0.00013195, 0.00011623, 0.00011623, 0.00013371]","[4.52541e-05, 4.92093e-05, 5.48745e-05, 5.30314e-05, 5.52704e-05, 8.75269e-05]"
3044,Container,51737.0,7,AUCKLAND,0.0003683868,"[1.0, 1.0, 1.0, 1.0, 1.0, 0.999965]","[0.38046376, 0.41246592, 0.44894933, 0.49175674, 0.5142698, 0.65552335]","[0.00013195, 0.00013195, 0.00013195, 0.00011623, 0.00011623, 0.00013371]","[5.0203e-05, 5.44257e-05, 5.92398e-05, 5.71559e-05, 5.97726e-05, 8.76458e-05]"
3045,Container,51737.0,7,AUCKLAND,0.0003586847,"[1.0, 1.0, 1.0, 1.0, 1.0, 0.999965]","[0.37124526, 0.38968294, 0.41605027, 0.48696388, 0.50490066, 0.65929798]","[0.00013195, 0.00013195, 0.00013195, 0.00011623, 0.00011623, 0.00013371]","[4.89866e-05, 5.14195e-05, 5.48987e-05, 5.65989e-05, 5.86836e-05, 8.81505e-05]"
3046,Container,51737.0,7,AUCKLAND,0.0003657112,"[1.0, 1.0, 1.0, 1.0, 1.0, 0.999965]","[0.37563721, 0.41027509, 0.43960495, 0.4930937, 0.51064537, 0.65364143]","[0.00013195, 0.00013195, 0.00013195, 0.00011623, 0.00011623, 0.00013371]","[4.95661e-05, 5.41367e-05, 5.80068e-05, 5.73113e-05, 5.93513e-05, 8.73942e-05]"
3047,Container,51737.0,7,AUCKLAND,0.0003499601,"[1.0, 1.0, 1.0, 1.0, 1.0, 0.999965]","[0.3464603, 0.38658668, 0.41720873, 0.45917499, 0.47600247, 0.66967483]","[0.00013195, 0.00013195, 0.00013195, 0.00011623, 0.00011623, 0.00013371]","[4.57162e-05, 5.10109e-05, 5.50516e-05, 5.3369e-05, 5.53248e-05, 8.95379e-05]"
3048,Container,51737.0,7,AUCKLAND,0.0003587792,"[1.0, 1.0, 1.0, 1.0, 1.0, 0.999965]","[0.36415575, 0.39931111, 0.43085889, 0.47898603, 0.49728938, 0.65643626]","[0.00013195, 0.00013195, 0.00013195, 0.00011623, 0.00011623, 0.00013371]","[4.80511e-05, 5.26899e-05, 5.68527e-05, 5.56716e-05, 5.7799e-05, 8.77679e-05]"
3049,Container,51737.0,7,AUCKLAND,0.0003786825,"[1.0, 1.0, 1.0, 1.0, 1.0, 0.999965]","[0.38850525, 0.42968084, 0.46036825, 0.5024933, 0.52460798, 0.67803614]","[0.00013195, 0.00013195, 0.00013195, 0.00011623, 0.00011623, 0.00013371]","[5.12641e-05, 5.66973e-05, 6.07466e-05, 5.84038e-05, 6.09742e-05, 9.06559e-05]"
3050,Container,51737.0,7,AUCKLAND,0.000364868,"[1.0, 1.0, 1.0, 1.0, 1.0, 0.999965]","[0.36567987, 0.39942639, 0.44766471, 0.4874837, 0.51289977, 0.66282915]","[0.00013195, 0.00013195, 0.00013195, 0.00011623, 0.00011623, 0.00013371]","[4.82522e-05, 5.27052e-05, 5.90703e-05, 5.66593e-05, 5.96133e-05, 8.86227e-05]"
3051,Container,51737.0,7,AUCKLAND,0.0003406224,"[1.0, 1.0, 1.0, 1.0, 1.0, 0.999965]","[0.33460311, 0.3694629, 0.39880065, 0.44248052, 0.46058688, 0.67449702]","[0.00013195, 0.00013195, 0.00013195, 0.00011623, 0.00011623, 0.00013371]","[4.41516e-05, 4.87514e-05, 5.26226e-05, 5.14287e-05, 5.35331e-05, 9.01827e-05]"
3052,Container,51737.0,7,AUCKLAND,0.0003464019,"[1.0, 1.0, 1.0, 1.0, 1.0, 0.999965]","[0.33942082, 0.36457719, 0.42110921, 0.4560139, 0.4801732, 0.66699592]","[0.00013195, 0.00013195, 0.00013195, 0.00011623, 0.00011623, 0.00013371]","[4.47873e-05, 4.81067e-05, 5.55663e-05, 5.30016e-05, 5.58096e-05, 8.91798e-05]"
3053,Container,51737.0,7,AUCKLAND,0.0003797316,"[1.0, 1.0, 1.0, 1.0, 1.0, 0.999965]","[0.38685017, 0.42261141, 0.46351747, 0.51098036, 0.53065946, 0.67874846]","[0.00013195, 0.00013195, 0.00013195, 0.00011623, 0.00011623, 0.00013371]","[5.10457e-05, 5.57645e-05, 6.11621e-05, 5.93903e-05, 6.16775e-05, 9.07511e-05]"
3054,Container,51737.0,7,AUCKLAND,0.0003634148,"[1.0, 1.0, 1.0, 1.0, 1.0, 0.999965]","[0.36810211, 0.40480161, 0.44325254, 0.48135843, 0.50145379, 0.66389052]","[0.00013195, 0.00013195, 0.00013195, 0.00011623, 0.00011623, 0.00013371]","[4.85719e-05, 5.34144e-05, 5.84881e-05, 5.59474e-05, 5.8283e-05, 8.87646e-05]"
3055,Container,51737.0,7,AUCKLAND,0.0003812535,"[1.0, 1.0, 1.0, 1.0, 1.0, 0.999965]","[0.40603723, 0.42241942, 0.45911758, 0.50757552, 0.52713069, 0.68175857]","[0.00013195, 0.00013195, 0.00013195, 0.00011623, 0.00011623, 0.00013371]","[5.35775e-05, 5.57391e-05, 6.05815e-05, 5.89945e-05, 6.12674e-05, 9.11536e-05]"
3056,Container,51737.0,7,AUCKLAND,0.0003569488,"[1.0, 1.0, 1.0, 1.0, 1.0, 0.999965]","[0.36414589, 0.39362611, 0.42130558, 0.46140858, 0.50566982, 0.66578531]","[0.00013195, 0.00013195, 0.00013195, 0.00011623, 0.00011623, 0.00013371]","[4.80498e-05, 5.19398e-05, 5.55922e-05, 5.36286e-05, 5.8773e-05, 8.90179e-05]"
3057,Container,51737.0,6,AUCKLAND,0.0003087642,"[1.0, 1.0, 1.0, 1.0, 0.999965]","[0.37708826, 0.43303021, 0.47171572, 0.49136474, 0.67289139]","[0.00013195, 0.00013195, 0.00011623, 0.00011623, 0.00013371]","[4.97576e-05, 5.71393e-05, 5.48266e-05, 5.71104e-05, 8.9968e-05]"
3058,RoRo,27283.0,7,AUCKLAND,0.0003840475,"[1.0, 1.0, 1.0, 1.0, 1.0, 1.0]","[0.3269709, 0.40526646, 0.50709711, 0.57389998, 0.63255967, 0.8596845]","[0.00010419, 0.00012152, 0.00011482, 0.00011482, 0.00012209, 0.00011567]","[3.40674e-05, 4.92463e-05, 5.82246e-05, 6.58949e-05, 7.72307e-05, 9.94438e-05]"
3059,RoRo,15154.0,5,AUCKLAND,0.000284284,"[1.0, 1.0, 1.0, 1.0]","[0.38672038, 0.52427968, 0.61602243, 0.70166746]","[0.0001067, 0.00013195, 0.00013195, 0.00013195]","[4.12618e-05, 6.91798e-05, 8.12855e-05, 9.25865e-05]"
3069,Bulker,32949.0,5,TAURANGA,0.0002735018,"[1.0, 1.0, 0.999999, 0.999995]","[0.23193701, 0.48904556, 0.60229996, 0.89272755]","[0.00013195, 0.00011553, 0.00011553, 0.00013088]","[3.06046e-05, 5.65002e-05, 6.95846e-05, 0.0001168385]"
3073,General Cargo,32975.0,7,TAURANGA,0.0003787181,"[1.0, 1.0, 1.0, 1.0, 1.0, 1.0]","[0.24271489, 0.34738546, 0.43525483, 0.55276651, 0.62897643, 0.66346356]","[0.00013195, 0.00013195, 0.00013195, 0.00013195, 0.00013195, 0.00013195]","[3.20267e-05, 4.58382e-05, 5.74328e-05, 7.29387e-05, 8.29948e-05, 8.75454e-05]"
3074,Bulker,32453.0,6,AUCKLAND,0.0002380196,"[1.0, 1.0, 1.0, 1.0, 1.0]","[0.10197952, 0.22603236, 0.37630842, 0.45412718, 0.64554599]","[0.00013195, 0.00013195, 0.00013195, 0.00013195, 0.00013195]","[1.34564e-05, 2.98254e-05, 4.96547e-05, 5.9923e-05, 8.51812e-05]"
3075,Bulker,32453.0,5,NAPIER,0.0002888378,"[1.0, 1.0, 0.999982, 0.999996]","[0.24023837, 0.4267604, 0.83275006, 0.90290118]","[0.00012132, 0.00010536, 0.00010558, 0.00014047]","[2.91468e-05, 4.49655e-05, 8.7922e-05, 0.0001268319]"
3076,Bulker,32453.0,5,LYTTELTON,0.0001590899,"[1.0, 1.0, 1.0, 1.0]","[0.22030519, 0.36766443, 0.43543956, 0.64766362]","[0.00010536, 0.00010536, 0.00010536, 7.916e-05]","[2.32124e-05, 3.87388e-05, 4.58799e-05, 5.1268e-05]"
3084,Container,50727.0,5,AUCKLAND,0.0001568202,"[1.0, 1.0, 1.0, 1.0]","[0.28035875, 0.3112889, 0.36352447, 0.56304357]","[0.00013092, 9.704e-05, 9.704e-05, 9.704e-05]","[3.67045e-05, 3.02083e-05, 3.52773e-05, 5.46392e-05]"
3086,Container,50727.0,6,TAURANGA,0.000294874,"[1.0, 1.0, 0.999965, 0.999999, 1.0]","[0.28854789, 0.32040795, 0.49331575, 0.54607247, 0.6255609]","[9.704e-05, 0.00013092, 0.00013371, 0.00013088, 0.00013992]","[2.80014e-05, 4.19477e-05, 6.59581e-05, 7.14692e-05, 8.75313e-05]"
3087,Container,50727.0,6,AUCKLAND,0.0002395279,"[1.0, 1.0, 1.0, 1.0, 1.0]","[0.38605097, 0.42208925, 0.4381381, 0.45899038, 0.56574325]","[9.704e-05, 9.704e-05, 9.704e-05, 9.704e-05, 0.00013092]","[3.74634e-05, 4.09606e-05, 4.2518e-05, 4.45416e-05, 7.40669e-05]"
3091,Container,50727.0,5,AUCKLAND,0.0001788664,"[1.0, 1.0, 1.0, 1.0]","[0.26431261, 0.37919123, 0.45665887, 0.51322124]","[0.00011567, 9.704e-05, 9.704e-05, 0.00013092]","[3.05743e-05, 3.67977e-05, 4.43153e-05, 6.71907e-05]"
3100,Container,50500.0,6,TAURANGA,0.0002897631,"[1.0, 1.0, 0.999965, 0.999999, 1.0]","[0.22136161, 0.30603206, 0.49896556, 0.57722606, 0.6145326]","[9.704e-05, 0.00013092, 0.00013371, 0.00013088, 0.00013992]","[2.14815e-05, 4.00656e-05, 6.67135e-05, 7.55465e-05, 8.59882e-05]"
3101,Container,50500.0,6,AUCKLAND,0.0002087325,"[1.0, 1.0, 1.0, 1.0, 1.0]","[0.31670596, 0.34640147, 0.36196524, 0.38440065, 0.54973076]","[9.704e-05, 9.704e-05, 9.704e-05, 9.704e-05, 0.00013092]","[3.07339e-05, 3.36157e-05, 3.5126e-05, 3.73032e-05, 7.19705e-05]"
3103,Container,50500.0,5,AUCKLAND,0.000196234,"[1.0, 1.0, 1.0, 1.0]","[0.39527556, 0.43629073, 0.46259397, 0.5397172]","[9.704e-05, 9.704e-05, 9.704e-05, 0.00013092]","[3.83585e-05, 4.23388e-05, 4.48913e-05, 7.06596e-05]"
3106,Container,54405.0,7,NELSON,0.0003787821,"[1.0, 1.0, 1.0, 1.0, 0.999991, 0.999847]","[0.4183086, 0.45152978, 0.51685486, 0.58002236, 0.62923445, 0.69289353]","[8.382e-05, 8.498e-05, 0.00013117, 0.00013117, 0.00014047, 0.00010558]","[3.50611e-05, 3.83691e-05, 6.7795e-05, 7.60805e-05, 8.83891e-05, 7.3146e-05]"
3107,Container,54405.0,7,AUCKLAND,0.0003699765,"[1.0, 1.0, 1.0, 1.0, 0.999965, 0.999902]","[0.38612158, 0.43278922, 0.44775248, 0.48872739, 0.6211706, 0.68993198]","[0.00011063, 0.00011063, 0.00011063, 0.00011174, 0.00013371, 0.00013371]","[4.27166e-05, 4.78795e-05, 4.95348e-05, 5.46082e-05, 8.30528e-05, 9.22405e-05]"
3108,Container,54405.0,7,AUCKLAND,0.0003596953,"[1.0, 1.0, 1.0, 1.0, 0.999965, 0.999902]","[0.35846043, 0.39499982, 0.45002956, 0.46718852, 0.62358592, 0.6847312]","[0.00011063, 0.00011063, 0.00011063, 0.00011063, 0.00013371, 0.00013371]","[3.96565e-05, 4.36988e-05, 4.97868e-05, 5.16851e-05, 8.33757e-05, 9.15452e-05]"
3120,Bulker,31716.0,7,TAURANGA,0.0002634599,"[1.0, 1.0, 1.0, 1.0, 1.0, 1.0]","[0.04998283, 0.11496105, 0.24917837, 0.54117896, 0.70561842, 0.72158001]","[0.0001067, 0.0001067, 0.0001067, 9.871e-05, 0.00011623, 0.00011623]","[5.333e-06, 1.2266e-05, 2.65865e-05, 5.34198e-05, 8.20127e-05, 8.38678e-05]"
3125,Container,47087.0,7,TAURANGA,0.000327571,"[1.0, 1.0, 1.0, 1.0, 1.0, 1.0]","[0.36536835, 0.42545949, 0.44872682, 0.46736823, 0.48944168, 0.51404771]","[0.00012152, 0.00011482, 0.00012209, 0.00012209, 0.00012209, 0.00012209]","[4.4398e-05, 4.88511e-05, 5.47861e-05, 5.70621e-05, 5.97571e-05, 6.27613e-05]"
3126,Container,47087.0,7,AUCKLAND,0.0003501254,"[0.999998, 0.999902, 1.0, 1.0, 1.0, 0.999965]","[0.30286847, 0.33610183, 0.43669576, 0.46714931, 0.50769204, 0.65315605]","[0.00013088, 0.00013371, 0.00013195, 0.00013195, 0.00011623, 0.00013371]","[3.9639e-05, 4.49352e-05, 5.76229e-05, 6.16413e-05, 5.90081e-05, 8.73293e-05]"
3129,General Cargo,18638.0,6,AUCKLAND,0.0003975835,"[1.0, 1.0, 0.999965, 0.999913, 0.999998]","[0.33628174, 0.43863701, 0.66819757, 0.78419182, 0.88470812]","[0.00013195, 9.871e-05, 0.00013371, 0.00013371, 0.00013088]","[4.43731e-05, 4.32979e-05, 8.93404e-05, 0.0001048438, 0.0001157892]"
3135,General Cargo,12927.0,7,AUCKLAND,0.0002742131,"[0.999903, 0.999862, 1.0, 1.0, 1.0, 0.999903]","[0.15675084, 0.2091013, 0.30058479, 0.40795805, 0.61997796, 0.8066668]","[0.00011601, 0.00011601, 0.00010377, 0.00010377, 0.00010437, 0.00011601]","[1.81825e-05, 2.42539e-05, 3.11925e-05, 4.23349e-05, 6.47085e-05, 9.35701e-05]"
3140,General Cargo,12927.0,5,AUCKLAND,0.0002680737,"[0.999659, 1.0, 1.0, 0.999659]","[0.41746085, 0.53825587, 0.67968804, 0.7982278]","[0.00011601, 0.00010437, 0.00010437, 0.00011601]","[4.84119e-05, 5.6179e-05, 7.09406e-05, 9.25686e-05]"
3168,Bulker,33945.0,5,TAURANGA,0.0001990697,"[1.0, 1.0, 1.0, 1.0]","[0.17246216, 0.28776125, 0.60168954, 0.70459082]","[0.00011688, 0.00011688, 0.00011063, 0.00011174]","[2.01573e-05, 3.36334e-05, 6.65649e-05, 7.87278e-05]"
3169,Bulker,33945.0,6,TAURANGA,0.0003285924,"[1.0, 1.0, 1.0, 0.999968, 0.999989]","[0.08379356, 0.28295603, 0.49926033, 0.70024337, 0.89956283]","[0.00011688, 0.00013992, 0.00013088, 0.00013371, 0.00013371]","[9.7938e-06, 3.95925e-05, 6.53426e-05, 9.36253e-05, 0.0001202777]"
3175,Bulker,58115.0,5,NELSON,0.0002082817,"[1.0, 1.0, 1.0, 0.999986]","[0.24874999, 0.51176332, 0.58825015, 0.91310902]","[7.916e-05, 8.382e-05, 8.382e-05, 0.00010558]","[1.96906e-05, 4.28941e-05, 4.9305e-05, 9.64067e-05]"
3185,Bulker,28306.0,7,AUCKLAND,0.0002901721,"[1.0, 1.0, 1.0, 1.0, 1.0, 1.0]","[0.05058599, 0.11805006, 0.27985732, 0.50156044, 0.64307766, 0.68201234]","[9.871e-05, 9.871e-05, 0.00011623, 0.00013195, 0.00013195, 0.00013195]","[4.9933e-06, 1.16527e-05, 3.25273e-05, 6.6182e-05, 8.48555e-05, 8.9993e-05]"
3191,Container,17842.0,7,TAURANGA,0.000184984,"[1.0, 1.0, 1.0, 1.0, 1.0, 1.0]","[0.1785569, 0.1917453, 0.26751582, 0.33245552, 0.35434477, 0.40272989]","[0.00011688, 0.00011688, 0.00011063, 0.00010291, 0.00010291, 0.00010291]","[2.08697e-05, 2.24111e-05, 2.95953e-05, 3.42125e-05, 3.64651e-05, 4.14444e-05]"
3192,Container,17842.0,7,TAURANGA,0.0002243577,"[1.0, 1.0, 1.0, 1.0, 0.999998, 0.999978]","[0.24738338, 0.27818032, 0.32192095, 0.36552089, 0.39953723, 0.43169]","[0.00011553, 0.00010291, 0.00010291, 0.00010291, 0.00011601, 0.00011601]","[2.85806e-05, 2.86271e-05, 3.31284e-05, 3.76152e-05, 4.63491e-05, 5.0078e-05]"
3193,Container,17842.0,7,TAURANGA,0.0002198909,"[1.0, 1.0, 1.0, 1.0, 0.999998, 0.999978]","[0.25276456, 0.26933274, 0.31663063, 0.36201821, 0.39769455, 0.43281386]","[0.00010291, 0.00010291, 0.00010291, 0.00010291, 0.00011601, 0.00011601]","[2.60116e-05, 2.77167e-05, 3.2584e-05, 3.72548e-05, 4.61353e-05, 5.02084e-05]"
3194,Container,17842.0,7,TAURANGA,0.0002151454,"[1.0, 1.0, 1.0, 1.0, 0.999998, 0.999978]","[0.26019351, 0.28054168, 0.30731418, 0.34765817, 0.38318754, 0.41087584]","[0.00010291, 0.00010291, 0.00010291, 0.00010291, 0.00011601, 0.00011601]","[2.67761e-05, 2.88702e-05, 3.16253e-05, 3.5777e-05, 4.44524e-05, 4.76635e-05]"
3195,Container,17842.0,7,TAURANGA,0.0002246218,"[1.0, 1.0, 1.0, 1.0, 0.999998, 0.999978]","[0.27358565, 0.29982506, 0.3203563, 0.35750136, 0.39594652, 0.43053319]","[0.00010291, 0.00010291, 0.00010291, 0.00010291, 0.00011601, 0.00011601]","[2.81543e-05, 3.08546e-05, 3.29674e-05, 3.679e-05, 4.59325e-05, 4.99438e-05]"
3196,Container,17842.0,7,TAURANGA,0.0002183918,"[1.0, 1.0, 1.0, 1.0, 0.999998, 0.999978]","[0.26918883, 0.29238296, 0.31459348, 0.34777287, 0.38034164, 0.41666856]","[0.00010291, 0.00010291, 0.00010291, 0.00010291, 0.00011601, 0.00011601]","[2.77018e-05, 3.00887e-05, 3.23744e-05, 3.57888e-05, 4.41223e-05, 4.83355e-05]"
3201,Container,53050.0,7,AUCKLAND,0.0003649735,"[0.999965, 1.0, 1.0, 1.0, 0.999965, 0.999902]","[0.33033665, 0.41837753, 0.44842909, 0.4798755, 0.60887998, 0.67270547]","[0.00013371, 0.00011063, 0.00011063, 0.00011174, 0.00013371, 0.00013371]","[4.41672e-05, 4.62851e-05, 4.96097e-05, 5.36191e-05, 8.14095e-05, 8.99374e-05]"
3205,Bulker,57195.0,7,NELSON,0.0004046886,"[1.0, 0.999986, 0.999864, 0.999991, 0.999993, 0.999965]","[0.05736184, 0.1670181, 0.42953254, 0.71276849, 0.81567944, 0.86877886]","[8.776e-05, 0.00010558, 0.00010558, 0.00014047, 0.00014047, 0.00014047]","[5.034e-06, 1.76339e-05, 4.53448e-05, 0.0001001232, 0.0001145794, 0.0001220349]"
3207,Bulker,33344.0,5,TAURANGA,0.0001874582,"[1.0, 1.0, 1.0, 1.0]","[0.21150049, 0.37275255, 0.52663966, 0.58368272]","[0.00011063, 0.00011063, 0.00011063, 0.00011063]","[2.33983e-05, 4.12376e-05, 5.82621e-05, 6.45728e-05]"
3212,Bulker,31871.0,7,NEW PLYMOUTH,0.0002583869,"[1.0, 1.0, 1.0, 1.0, 1.0, 0.999975]","[0.04860502, 0.11503358, 0.25165782, 0.48490132, 0.59289209, 0.89472733]","[0.00012132, 0.00012132, 0.00012132, 0.00010536, 0.00010536, 0.00010558]","[5.897e-06, 1.39564e-05, 3.05323e-05, 5.10915e-05, 6.24699e-05, 9.4465e-05]"
3213,Bulker,31871.0,5,NELSON,0.0002064885,"[1.0, 1.0, 1.0, 0.999986]","[0.22328816, 0.37966767, 0.50887291, 0.76940618]","[0.00010536, 0.00010536, 0.00012132, 0.00010558]","[2.35267e-05, 4.00036e-05, 6.17389e-05, 8.12345e-05]"
3214,Bulker,31871.0,5,AUCKLAND,0.000232918,"[1.0, 1.0, 1.0, 0.999965]","[0.16076269, 0.27618524, 0.41254825, 0.90380987]","[0.00013195, 0.00013195, 0.00013195, 0.00013371]","[2.1213e-05, 3.64432e-05, 5.44366e-05, 0.0001208427]"
3218,Bulker,31877.0,5,TAURANGA,0.0002268618,"[1.0, 1.0, 1.0, 0.999989]","[0.1747046, 0.30584271, 0.40780806, 0.88864164]","[0.00011623, 0.00013195, 0.00011623, 0.00013371]","[2.03056e-05, 4.03566e-05, 4.73987e-05, 0.0001188175]"
3221,RoRo,18701.0,7,AUCKLAND,0.0004427836,"[1.0, 1.0, 1.0, 0.999998, 0.999913, 0.999965]","[0.29095709, 0.39627589, 0.50351693, 0.60445727, 0.70101234, 0.83721159]","[0.00011063, 0.00013992, 0.00013992, 0.00013088, 0.00013371, 0.00013371]","[3.21886e-05, 5.54487e-05, 7.04544e-05, 7.91104e-05, 9.3723e-05, 0.0001119382]"
3222,RoRo,18701.0,7,AUCKLAND,0.0004356647,"[1.0, 1.0, 1.0, 1.0, 0.999998, 0.999913]","[0.29577415, 0.37351437, 0.49487344, 0.60488264, 0.70331013, 0.86589199]","[0.00011063, 0.00011063, 0.00013992, 0.00013992, 0.00013088, 0.00013371]","[3.27215e-05, 4.13219e-05, 6.9245e-05, 8.46379e-05, 9.20481e-05, 0.0001157669]"
3223,RoRo,18724.0,7,AUCKLAND,0.0004747294,"[1.0, 1.0, 1.0, 0.999998, 0.999913, 0.999965]","[0.30844138, 0.43022672, 0.54812398, 0.65630238, 0.75629284, 0.87352365]","[0.00011063, 0.00013992, 0.00013992, 0.00013088, 0.00013371, 0.00013371]","[3.41229e-05, 6.01993e-05, 7.6696e-05, 8.58958e-05, 0.0001011138, 0.0001167933]"
3228,Tanker,12812.0,5,TAURANGA,0.0002742991,"[1.0, 1.0, 0.999999, 0.999999]","[0.13369921, 0.36038059, 0.71798274, 0.879735]","[0.00011063, 0.00013992, 0.00013088, 0.00013088]","[1.47911e-05, 5.04261e-05, 9.39686e-05, 0.0001151385]"
3229,Tanker,12812.0,6,NEW PLYMOUTH,0.0002430639,"[0.999975, 0.999861, 0.999995, 1.0, 1.0]","[0.03670006, 0.10113471, 0.24562797, 0.60402854, 0.87520143]","[0.00010558, 0.00010558, 0.00014047, 0.00013117, 0.00013117]","[3.8748e-06, 1.06765e-05, 3.45037e-05, 7.92294e-05, 0.0001147986]"
3231,Tanker,12798.0,7,NEW PLYMOUTH,0.0002445761,"[1.0, 1.0, 1.0, 0.999975, 0.999861, 0.999995]","[0.01343165, 0.03860022, 0.11818895, 0.35512089, 0.6543116, 0.88103587]","[8.382e-05, 8.382e-05, 8.382e-05, 0.00010558, 0.00010558, 0.00014047]","[1.1258e-06, 3.2353e-06, 9.9062e-06, 3.74935e-05, 6.90741e-05, 0.0001237604]"
3235,Container,49842.0,7,AUCKLAND,0.0003398977,"[1.0, 1.0, 1.0, 1.0, 1.0, 1.0]","[0.37364809, 0.39806785, 0.44299761, 0.46892776, 0.50705922, 0.54280246]","[0.00011623, 0.00013195, 0.00013195, 0.00013195, 0.00011623, 0.00011924]","[4.34284e-05, 5.25259e-05, 5.84545e-05, 6.1876e-05, 5.89345e-05, 6.47265e-05]"
3236,Container,49842.0,7,AUCKLAND,0.0003554792,"[1.0, 1.0, 1.0, 1.0, 1.0, 1.0]","[0.38317843, 0.40709047, 0.45696031, 0.49510714, 0.54488275, 0.57294829]","[0.00011623, 0.00013195, 0.00013195, 0.00013195, 0.00011623, 0.00011924]","[4.45361e-05, 5.37164e-05, 6.02969e-05, 6.53304e-05, 6.33307e-05, 6.83212e-05]"
3237,Container,49842.0,7,AUCKLAND,0.0003352858,"[1.0, 1.0, 1.0, 1.0, 1.0, 1.0]","[0.34585728, 0.36607499, 0.41266118, 0.48864702, 0.528816, 0.55714682]","[0.00011623, 0.00013195, 0.00013195, 0.00013195, 0.00011623, 0.00011924]","[4.01983e-05, 4.83044e-05, 5.44515e-05, 6.4478e-05, 6.14633e-05, 6.64369e-05]"
3238,Container,49842.0,7,AUCKLAND,0.0003371266,"[1.0, 1.0, 1.0, 1.0, 1.0, 1.0]","[0.36070943, 0.38618256, 0.43713746, 0.47571233, 0.51148574, 0.53998272]","[0.00011623, 0.00013195, 0.00013195, 0.00013195, 0.00011623, 0.00011924]","[4.19246e-05, 5.09576e-05, 5.76812e-05, 6.27712e-05, 5.9449e-05, 6.43902e-05]"
3245,Container,58350.0,7,AUCKLAND,0.0003107741,"[1.0, 1.0, 1.0, 1.0, 1.0, 0.999965]","[0.29473958, 0.32543927, 0.358287, 0.40675779, 0.43074318, 0.63096199]","[0.00013195, 0.00013195, 0.00013195, 0.00011623, 0.00011623, 0.00013371]","[3.88915e-05, 4.29424e-05, 4.72767e-05, 4.72767e-05, 5.00644e-05, 8.43619e-05]"
3246,Container,58350.0,7,AUCKLAND,0.0003281051,"[1.0, 1.0, 1.0, 1.0, 1.0, 0.999965]","[0.32167366, 0.34194328, 0.37646335, 0.42845669, 0.44751982, 0.66636482]","[0.00013195, 0.00013195, 0.00013195, 0.00011623, 0.00011623, 0.00013371]","[4.24455e-05, 4.51201e-05, 4.96751e-05, 4.97987e-05, 5.20144e-05, 8.90954e-05]"
3249,Container,59266.0,5,AUCKLAND,0.0001902555,"[1.0, 1.0, 1.0, 1.0]","[0.34840791, 0.3903385, 0.41481592, 0.59825905]","[9.704e-05, 9.704e-05, 9.704e-05, 0.00013092]","[3.38104e-05, 3.78794e-05, 4.02548e-05, 7.83238e-05]"
3255,Container,59266.0,5,TAURANGA,0.0001801403,"[1.0, 1.0, 0.999965, 0.999999]","[0.23027664, 0.26512326, 0.42671283, 0.50460815]","[9.704e-05, 0.00013092, 0.00013371, 0.00013088]","[2.23466e-05, 3.47098e-05, 5.7053e-05, 6.60424e-05]"
3256,Container,59266.0,7,TAURANGA,0.0003678212,"[1.0, 1.0, 1.0, 0.999965, 0.999999, 1.0]","[0.28606937, 0.37552729, 0.40268635, 0.55861907, 0.60987786, 0.65116659]","[0.00011567, 9.704e-05, 0.00013092, 0.00013371, 0.00013088, 0.00013992]","[3.3091e-05, 3.64421e-05, 5.27195e-05, 7.46893e-05, 7.982e-05, 9.11142e-05]"
3257,Container,59266.0,5,AUCKLAND,0.000183379,"[1.0, 1.0, 1.0, 1.0]","[0.35829008, 0.4005819, 0.44531704, 0.50820361]","[9.704e-05, 9.704e-05, 9.704e-05, 0.00013092]","[3.47694e-05, 3.88735e-05, 4.32147e-05, 6.65338e-05]"
3259,Container,59266.0,7,TAURANGA,0.0003572766,"[1.0, 1.0, 1.0, 0.999965, 0.999999, 1.0]","[0.27891408, 0.32226642, 0.37764286, 0.53220557, 0.59536074, 0.65049949]","[0.00013092, 9.704e-05, 0.00013092, 0.00013371, 0.00013088, 0.00013992]","[3.65153e-05, 3.12735e-05, 4.94409e-05, 7.11578e-05, 7.792e-05, 9.10209e-05]"
3262,Container,59266.0,6,AUCKLAND,0.0002421621,"[1.0, 1.0, 1.0, 1.0, 1.0]","[0.29603075, 0.42154196, 0.44105625, 0.51350208, 0.56829966]","[0.00011567, 9.704e-05, 9.704e-05, 9.704e-05, 0.00013092]","[3.42433e-05, 4.09075e-05, 4.28012e-05, 4.98315e-05, 7.44016e-05]"
3266,Container,59266.0,5,AUCKLAND,0.0001915703,"[1.0, 1.0, 1.0, 1.0]","[0.29583427, 0.42879815, 0.47907152, 0.52903637]","[0.00011567, 9.704e-05, 9.704e-05, 0.00013092]","[3.42205e-05, 4.16117e-05, 4.64903e-05, 6.92612e-05]"
3270,Container,59266.0,5,AUCKLAND,0.0001950119,"[1.0, 1.0, 1.0, 1.0]","[0.31535944, 0.42179617, 0.4928123, 0.53308125]","[0.00011567, 9.704e-05, 9.704e-05, 0.00013092]","[3.64791e-05, 4.09322e-05, 4.78237e-05, 6.97908e-05]"
3274,Bulker,31807.0,6,NAPIER,0.0002416788,"[1.0, 1.0, 1.0, 1.0, 0.999999]","[0.09007101, 0.24750389, 0.44078257, 0.64665766, 0.85219074]","[8.382e-05, 8.382e-05, 8.382e-05, 8.776e-05, 0.00014047]","[7.5494e-06, 2.07449e-05, 3.69448e-05, 5.67503e-05, 0.000119709]"
3276,Bulker,31853.0,6,LYTTELTON,0.0001909482,"[1.0, 1.0, 1.0, 1.0, 1.0]","[0.10199655, 0.26606306, 0.47432051, 0.61302803, 0.66803168]","[8.382e-05, 8.967e-05, 8.967e-05, 9.156e-05, 8.967e-05]","[8.549e-06, 2.38566e-05, 4.253e-05, 5.61273e-05, 5.98991e-05]"
3277,Bulker,31853.0,5,NELSON,0.0001708081,"[1.0, 1.0, 1.0, 1.0]","[0.22332105, 0.49311825, 0.70096754, 0.73001781]","[8.288e-05, 7.916e-05, 7.916e-05, 7.916e-05]","[1.85096e-05, 3.90344e-05, 5.54875e-05, 5.7787e-05]"
3281,Bulker,31775.0,5,NAPIER,0.0002564939,"[1.0, 1.0, 1.0, 0.999999]","[0.19211544, 0.39450248, 0.55571535, 0.89076908]","[8.382e-05, 0.00012132, 0.00012132, 0.00014047]","[1.61024e-05, 4.78629e-05, 6.7422e-05, 0.0001251281]"
3282,Bulker,31775.0,6,GISBORNE,0.0002807667,"[1.0, 1.0, 1.0, 0.999998, 0.999991]","[0.08234626, 0.19114186, 0.37570443, 0.68606248, 0.89889709]","[0.00011623, 0.00011623, 9.871e-05, 0.00013371, 0.00013371]","[9.5709e-06, 2.2216e-05, 3.70858e-05, 9.1732e-05, 0.0001201889]"
3284,Container,52190.0,5,AUCKLAND,0.0002556198,"[1.0, 1.0, 1.0, 0.999965]","[0.42806743, 0.47619929, 0.49417154, 0.64602016]","[0.00013195, 0.00011623, 0.00011623, 0.00013371]","[5.64844e-05, 5.53477e-05, 5.74366e-05, 8.63752e-05]"
3285,Container,52190.0,7,AUCKLAND,0.000366596,"[1.0, 1.0, 1.0, 1.0, 1.0, 0.999965]","[0.36562971, 0.40397612, 0.43667139, 0.49288518, 0.52090632, 0.67051029]","[0.00013195, 0.00013195, 0.00013195, 0.00011623, 0.00011623, 0.00013371]","[4.82456e-05, 5.33055e-05, 5.76197e-05, 5.72871e-05, 6.05439e-05, 8.96497e-05]"
3286,Container,52190.0,7,AUCKLAND,0.0003814,"[1.0, 1.0, 1.0, 1.0, 1.0, 0.999965]","[0.39796688, 0.43109568, 0.46481663, 0.50256471, 0.530321, 0.6782148]","[0.00013195, 0.00013195, 0.00013195, 0.00011623, 0.00011623, 0.00013371]","[5.25126e-05, 5.6884e-05, 6.13335e-05, 5.84121e-05, 6.16382e-05, 9.06798e-05]"
3288,Container,52190.0,7,AUCKLAND,0.000381223,"[1.0, 1.0, 1.0, 1.0, 1.0, 0.999965]","[0.39290927, 0.42626721, 0.4679562, 0.51033032, 0.53331987, 0.6741914]","[0.00013195, 0.00013195, 0.00013195, 0.00011623, 0.00011623, 0.00013371]","[5.18452e-05, 5.62469e-05, 6.17478e-05, 5.93147e-05, 6.19867e-05, 9.01418e-05]"
3289,Container,52190.0,7,AUCKLAND,0.0003557552,"[1.0, 1.0, 1.0, 1.0, 1.0, 0.999965]","[0.32890121, 0.35709185, 0.44242328, 0.49449344, 0.51732312, 0.66796162]","[0.00013195, 0.00013195, 0.00013195, 0.00011623, 0.00011623, 0.00013371]","[4.33992e-05, 4.7119e-05, 5.83787e-05, 5.7474e-05, 6.01275e-05, 8.93089e-05]"
3290,Container,52190.0,7,AUCKLAND,0.0003652236,"[1.0, 1.0, 1.0, 1.0, 1.0, 0.999965]","[0.37604056, 0.39987697, 0.43845964, 0.4814732, 0.50360382, 0.67720952]","[0.00013195, 0.00013195, 0.00013195, 0.00011623, 0.00011623, 0.00013371]","[4.96193e-05, 5.27646e-05, 5.78557e-05, 5.59607e-05, 5.85329e-05, 9.05454e-05]"
3292,General Cargo,52190.0,7,TAURANGA,0.0004659995,"[1.0, 1.0, 1.0, 1.0, 1.0, 0.999989]","[0.35238723, 0.47977351, 0.58824449, 0.66762346, 0.68792153, 0.9057927]","[0.00013195, 0.00013195, 0.00013195, 0.00011623, 0.00011623, 0.00013371]","[4.64982e-05, 6.33071e-05, 7.76201e-05, 7.75966e-05, 7.99558e-05, 0.0001211107]"
3294,Container,52190.0,6,AUCKLAND,0.0002711897,"[1.0, 1.0, 1.0, 1.0, 0.999965]","[0.33815195, 0.36489019, 0.40022113, 0.42797851, 0.61472338]","[0.00013195, 0.00013195, 0.00011623, 0.00011623, 0.00013371]","[4.46199e-05, 4.8148e-05, 4.65169e-05, 4.97431e-05, 8.21907e-05]"
3295,Container,52190.0,7,AUCKLAND,0.0002973214,"[1.0, 1.0, 1.0, 1.0, 1.0, 0.999965]","[0.26482181, 0.29166692, 0.34370357, 0.38009471, 0.39584263, 0.66108387]","[0.00013195, 0.00013195, 0.00013195, 0.00011623, 0.00011623, 0.00013371]","[3.49438e-05, 3.84861e-05, 4.53524e-05, 4.41777e-05, 4.6008e-05, 8.83893e-05]"
3296,Container,52190.0,7,AUCKLAND,0.0003549739,"[1.0, 1.0, 1.0, 1.0, 1.0, 0.999965]","[0.36165175, 0.38924591, 0.42687763, 0.46797567, 0.48689904, 0.66290435]","[0.00013195, 0.00013195, 0.00013195, 0.00011623, 0.00011623, 0.00013371]","[4.77207e-05, 5.13618e-05, 5.63274e-05, 5.43919e-05, 5.65913e-05, 8.86327e-05]"
3297,Container,52190.0,7,AUCKLAND,0.0003501693,"[1.0, 1.0, 1.0, 1.0, 1.0, 0.999965]","[0.35972725, 0.3884183, 0.4154693, 0.45550685, 0.47390923, 0.66306457]","[0.00013195, 0.00013195, 0.00013195, 0.00011623, 0.00011623, 0.00013371]","[4.74668e-05, 5.12526e-05, 5.48221e-05, 5.29427e-05, 5.50816e-05, 8.86541e-05]"
3298,Container,52190.0,7,AUCKLAND,0.0003679606,"[1.0, 1.0, 1.0, 1.0, 1.0, 0.999965]","[0.38070474, 0.41531518, 0.44719525, 0.48654145, 0.5065012, 0.66230249]","[0.00013195, 0.00013195, 0.00013195, 0.00011623, 0.00011623, 0.00013371]","[5.02348e-05, 5.48017e-05, 5.90084e-05, 5.65498e-05, 5.88697e-05, 8.85522e-05]"
3299,Container,52190.0,7,AUCKLAND,0.0003822688,"[1.0, 1.0, 1.0, 1.0, 1.0, 0.999965]","[0.39894115, 0.43526481, 0.46176033, 0.50795997, 0.52887564, 0.67922156]","[0.00013195, 0.00013195, 0.00013195, 0.00011623, 0.00011623, 0.00013371]","[5.26411e-05, 5.74341e-05, 6.09303e-05, 5.90392e-05, 6.14702e-05, 9.08144e-05]"
3300,Container,52190.0,7,AUCKLAND,0.0003577397,"[1.0, 1.0, 1.0, 1.0, 1.0, 0.999965]","[0.3541147, 0.40174193, 0.44083127, 0.47743194, 0.49845475, 0.64666651]","[0.00013195, 0.00013195, 0.00013195, 0.00011623, 0.00011623, 0.00013371]","[4.67262e-05, 5.30107e-05, 5.81686e-05, 5.5491e-05, 5.79344e-05, 8.64617e-05]"
3301,Container,52190.0,7,AUCKLAND,0.000350375,"[1.0, 1.0, 1.0, 1.0, 1.0, 0.999965]","[0.37027033, 0.39776074, 0.42476548, 0.46216366, 0.48009327, 0.62464327]","[0.00013195, 0.00013195, 0.00013195, 0.00011623, 0.00011623, 0.00013371]","[4.8858e-05, 5.24854e-05, 5.60487e-05, 5.37164e-05, 5.58003e-05, 8.35171e-05]"
3302,Container,52190.0,7,AUCKLAND,0.0003601009,"[1.0, 1.0, 1.0, 1.0, 1.0, 0.999965]","[0.36447034, 0.39525522, 0.42638256, 0.47391945, 0.49304995, 0.68252379]","[0.00013195, 0.00013195, 0.00013195, 0.00011623, 0.00011623, 0.00013371]","[4.80926e-05, 5.21548e-05, 5.62621e-05, 5.50827e-05, 5.73062e-05, 9.12559e-05]"
3303,Container,52190.0,7,AUCKLAND,0.0003648024,"[1.0, 1.0, 1.0, 1.0, 1.0, 0.999965]","[0.37789774, 0.404291, 0.43476654, 0.48517755, 0.50753237, 0.66487943]","[0.00013195, 0.00013195, 0.00013195, 0.00011623, 0.00011623, 0.00013371]","[4.98644e-05, 5.33471e-05, 5.73684e-05, 5.63912e-05, 5.89895e-05, 8.88968e-05]"
3304,Container,52190.0,7,AUCKLAND,0.0003685042,"[1.0, 1.0, 1.0, 1.0, 1.0, 0.999965]","[0.36886094, 0.40052424, 0.45838998, 0.49609903, 0.51647347, 0.66463015]","[0.00013195, 0.00013195, 0.00013195, 0.00011623, 0.00011623, 0.00013371]","[4.8672e-05, 5.285e-05, 6.04855e-05, 5.76606e-05, 6.00287e-05, 8.88635e-05]"
3305,Container,52190.0,7,AUCKLAND,0.0003719228,"[1.0, 1.0, 1.0, 1.0, 1.0, 0.999965]","[0.38429374, 0.4161479, 0.45429423, 0.49615932, 0.51798768, 0.66223074]","[0.00013195, 0.00013195, 0.00013195, 0.00011623, 0.00011623, 0.00013371]","[5.07084e-05, 5.49116e-05, 5.99451e-05, 5.76676e-05, 6.02047e-05, 8.85426e-05]"
3306,Container,52190.0,7,AUCKLAND,0.000380388,"[1.0, 1.0, 1.0, 1.0, 1.0, 0.999965]","[0.3903547, 0.42317512, 0.46473777, 0.51114383, 0.53199636, 0.67713616]","[0.00013195, 0.00013195, 0.00013195, 0.00011623, 0.00011623, 0.00013371]","[5.15081e-05, 5.58389e-05, 6.13231e-05, 5.94093e-05, 6.18329e-05, 9.05356e-05]"
3307,Container,52190.0,7,AUCKLAND,0.000367355,"[1.0, 1.0, 1.0, 1.0, 1.0, 0.999965]","[0.34505034, 0.37239231, 0.4664661, 0.5074155, 0.53274155, 0.67534413]","[0.00013195, 0.00013195, 0.00013195, 0.00011623, 0.00011623, 0.00013371]","[4.55301e-05, 4.9138e-05, 6.15512e-05, 5.89759e-05, 6.19195e-05, 9.0296e-05]"
3308,Container,52190.0,7,AUCKLAND,0.0003616665,"[1.0, 1.0, 1.0, 1.0, 1.0, 0.999965]","[0.36819145, 0.40367007, 0.43059242, 0.47188455, 0.5059727, 0.66864106]","[0.00013195, 0.00013195, 0.00013195, 0.00011623, 0.00011623, 0.00013371]","[4.85836e-05, 5.32651e-05, 5.68176e-05, 5.48462e-05, 5.88082e-05, 8.93997e-05]"
3312,Bulker,33144.0,6,PORT CHALMERS,0.0001752443,"[1.0, 1.0, 1.0, 1.0, 1.0]","[0.10672694, 0.25509708, 0.44203253, 0.60844151, 0.78480243]","[0.00013117, 8.776e-05, 7.567e-05, 7.567e-05, 7.567e-05]","[1.39992e-05, 2.23872e-05, 3.34472e-05, 4.60389e-05, 5.93835e-05]"
3314,General Cargo,58018.0,5,WELLINGTON,0.0002804022,"[1.0, 1.0, 0.999944, 0.999975]","[0.36312016, 0.57814962, 0.7416199, 0.90849386]","[7.916e-05, 7.917e-05, 0.00010558, 0.00014047]","[2.8744e-05, 4.57724e-05, 7.82975e-05, 0.0001276149]"
3317,General Cargo,12867.0,5,AUCKLAND,0.0002872929,"[1.0, 1.0, 1.0, 0.999862]","[0.39747284, 0.48892723, 0.58019906, 0.80870446]","[0.00013195, 0.00013195, 0.00013195, 0.00011601]","[5.24474e-05, 6.4515e-05, 7.65585e-05, 9.38025e-05]"
3318,RoRo,12867.0,7,AUCKLAND,0.0003366923,"[0.999998, 1.0, 1.0, 1.0, 1.0, 0.999862]","[0.18901871, 0.3072927, 0.39983838, 0.48118859, 0.56643574, 0.78170478]","[0.00013088, 9.871e-05, 0.00013195, 0.00013195, 0.00013195, 0.00011601]","[2.47385e-05, 3.03329e-05, 5.27595e-05, 6.34939e-05, 7.47424e-05, 9.06708e-05]"
3321,RoRo,12867.0,7,AUCKLAND,0.0003176388,"[1.0, 1.0, 1.0, 1.0, 1.0, 1.0]","[0.25147194, 0.31416173, 0.39405354, 0.48202861, 0.56377883, 0.64380903]","[9.871e-05, 9.871e-05, 9.871e-05, 0.00013195, 0.00013195, 0.00013195]","[2.48228e-05, 3.10109e-05, 3.88971e-05, 6.36047e-05, 7.43918e-05, 8.4952e-05]"
3322,RoRo,12867.0,7,AUCKLAND,0.0003365588,"[1.0, 1.0, 1.0, 1.0, 1.0, 0.999862]","[0.24546346, 0.31354354, 0.39985337, 0.48037059, 0.56187512, 0.7857213]","[9.871e-05, 9.871e-05, 0.00013195, 0.00013195, 0.00013195, 0.00011601]","[2.42297e-05, 3.09499e-05, 5.27615e-05, 6.33859e-05, 7.41406e-05, 9.11367e-05]"
3323,RoRo,12867.0,7,AUCKLAND,0.0003173021,"[0.998457, 1.0, 1.0, 1.0, 1.0, 1.0]","[0.18659936, 0.29555512, 0.37291187, 0.47337164, 0.55457039, 0.63872169]","[0.00011601, 0.00013195, 9.871e-05, 0.00013195, 0.00013195, 0.00013195]","[2.16135e-05, 3.89991e-05, 3.68102e-05, 6.24624e-05, 7.31767e-05, 8.42807e-05]"
3324,RoRo,12867.0,7,AUCKLAND,0.0003153002,"[1.0, 1.0, 1.0, 1.0, 1.0, 0.999862]","[0.22603974, 0.29050253, 0.36188111, 0.43463706, 0.51622995, 0.78568201]","[9.871e-05, 9.871e-05, 0.00013195, 0.00013195, 0.00013195, 0.00011601]","[2.23124e-05, 2.86755e-05, 4.7751e-05, 5.73513e-05, 6.81176e-05, 9.11321e-05]"
3325,RoRo,12867.0,7,AUCKLAND,0.0003018077,"[1.0, 1.0, 1.0, 0.999965, 0.999913, 0.999998]","[0.14429217, 0.19595381, 0.25331794, 0.43173503, 0.52299697, 0.76918805]","[9.871e-05, 0.00013195, 0.00013195, 0.00013371, 0.00013371, 0.00013088]","[1.42431e-05, 2.58565e-05, 3.34258e-05, 5.77245e-05, 6.9923e-05, 0.0001006701]"
3326,RoRo,12867.0,7,AUCKLAND,0.0003418468,"[1.0, 1.0, 1.0, 1.0, 1.0, 0.999862]","[0.23643566, 0.30773397, 0.39247366, 0.47181231, 0.55197577, 0.78515186]","[9.871e-05, 0.00013195, 0.00013195, 0.00013195, 0.00013195, 0.00011601]","[2.33386e-05, 4.06061e-05, 5.17877e-05, 6.22566e-05, 7.28344e-05, 9.10707e-05]"
3327,RoRo,12867.0,7,AUCKLAND,0.0003188583,"[1.0, 1.0, 1.0, 1.0, 1.0, 0.999862]","[0.22048646, 0.28940514, 0.36328343, 0.44991474, 0.52688346, 0.7909308]","[9.871e-05, 9.871e-05, 0.00013195, 0.00013195, 0.00013195, 0.00011601]","[2.17642e-05, 2.85672e-05, 4.7936e-05, 5.93672e-05, 6.95234e-05, 9.1741e-05]"
3329,General Cargo,18946.0,7,AUCKLAND,0.000422059,"[1.0, 1.0, 1.0, 0.999998, 0.999913, 0.999965]","[0.2309182, 0.35401683, 0.47228176, 0.57940076, 0.69520794, 0.83907136]","[0.00011063, 0.00013992, 0.00013992, 0.00013088, 0.00013371, 0.00013371]","[2.55465e-05, 4.95357e-05, 6.60838e-05, 7.58311e-05, 9.2947e-05, 0.0001121869]"
3339,General Cargo,33843.0,6,TAURANGA,0.0003133212,"[1.0, 1.0, 1.0, 1.0, 0.999999]","[0.32031257, 0.40189894, 0.50987021, 0.58530415, 0.85805694]","[0.00011063, 0.00011063, 0.00011063, 0.00011063, 0.00013088]","[3.54362e-05, 4.44621e-05, 5.64069e-05, 6.47522e-05, 0.0001123013]"
3341,Bulker,31728.0,7,AUCKLAND,0.000291344,"[1.0, 1.0, 1.0, 1.0, 1.0, 0.999862]","[0.04083599, 0.11402165, 0.2601268, 0.56153752, 0.71240306, 0.9172163]","[0.00011063, 0.00013195, 0.00013195, 0.00010291, 0.00010291, 0.00011601]","[4.5177e-06, 1.50454e-05, 3.43243e-05, 5.7787e-05, 7.33124e-05, 0.000106389]"
3342,Bulker,31728.0,5,LYTTELTON,0.0001515077,"[1.0, 1.0, 1.0, 1.0]","[0.18691547, 0.3781624, 0.60627808, 0.64056568]","[8.382e-05, 8.288e-05, 8.382e-05, 8.382e-05]","[1.56666e-05, 3.13434e-05, 5.0816e-05, 5.36899e-05]"
3350,General Cargo,55807.0,5,TAURANGA,0.0003603407,"[1.0, 0.999989, 0.999968, 0.999999]","[0.33079547, 0.67567788, 0.82308372, 0.88228278]","[0.0001346, 0.00013371, 0.00013371, 0.00013088]","[4.45235e-05, 9.03427e-05, 0.0001100496, 0.0001154719]"
3355,Bulker,35283.0,5,LYTTELTON,0.0001600868,"[1.0, 1.0, 1.0, 1.0]","[0.2203843, 0.40121707, 0.632629, 0.66276972]","[8.288e-05, 8.288e-05, 8.382e-05, 8.382e-05]","[1.82662e-05, 3.32542e-05, 5.30246e-05, 5.55509e-05]"
3361,Bulker,35284.0,7,TAURANGA,0.000357802,"[1.0, 1.0, 1.0, 0.999961, 1.0, 0.999999]","[0.05964924, 0.14123476, 0.30146544, 0.68868047, 0.83845403, 0.88822723]","[0.00013195, 0.00013195, 0.00013195, 0.00013371, 0.00011553, 0.00011553]","[7.8708e-06, 1.86362e-05, 3.9779e-05, 9.20787e-05, 9.68678e-05, 0.0001026182]"
3362,General Cargo,35212.0,6,AUCKLAND,0.0002554063,"[1.0, 1.0, 1.0, 1.0, 1.0]","[0.24989797, 0.31673203, 0.4061352, 0.49590547, 0.65031645]","[0.00012152, 0.00012152, 0.00011482, 0.00012209, 0.00012209]","[3.03665e-05, 3.84879e-05, 4.66322e-05, 6.05463e-05, 7.93987e-05]"
3363,Container,34067.0,7,AUCKLAND,0.0002871105,"[1.0, 1.0, 1.0, 0.999965, 0.999902, 0.999998]","[0.29550656, 0.31225693, 0.34140471, 0.39346174, 0.48382298, 0.5514617]","[0.00010291, 0.00010291, 0.00010291, 0.00013371, 0.00013371, 0.00013088]","[3.04102e-05, 3.21339e-05, 3.51335e-05, 5.26073e-05, 6.46848e-05, 7.21745e-05]"
3369,RoRo,31143.0,7,AUCKLAND,0.0003253651,"[1.0, 1.0, 1.0, 1.0, 1.0, 1.0]","[0.25199446, 0.31098251, 0.47254799, 0.53964323, 0.6391004, 0.68163249]","[9.591e-05, 9.591e-05, 0.00010419, 0.00012152, 0.00011482, 0.00012209]","[2.41684e-05, 2.98258e-05, 4.92352e-05, 6.55752e-05, 7.33812e-05, 8.32221e-05]"
3370,RoRo,31143.0,7,AUCKLAND,0.000375779,"[1.0, 1.0, 1.0, 1.0, 1.0, 1.0]","[0.2695231, 0.41173187, 0.49475065, 0.58931919, 0.6585325, 0.85499074]","[9.591e-05, 0.00010419, 0.00012152, 0.00011482, 0.00012209, 0.00011567]","[2.58495e-05, 4.28987e-05, 6.012e-05, 6.76653e-05, 8.04018e-05, 9.89008e-05]"
3374,RoRo,31143.0,7,AUCKLAND,0.0003697936,"[1.0, 1.0, 1.0, 1.0, 1.0, 1.0]","[0.27759716, 0.40540852, 0.48052216, 0.59539023, 0.63902614, 0.83174339]","[9.591e-05, 0.00010419, 0.00012152, 0.00011482, 0.00012209, 0.00011567]","[2.66239e-05, 4.22399e-05, 5.8391e-05, 6.83624e-05, 7.80202e-05, 9.62117e-05]"
3376,RoRo,31143.0,7,AUCKLAND,0.0004072856,"[1.0, 1.0, 1.0, 1.0, 1.0, 1.0]","[0.34701861, 0.44551932, 0.55025353, 0.61565227, 0.6649866, 0.88179297]","[0.00010419, 0.00012152, 0.00011482, 0.00011482, 0.00012209, 0.00011567]","[3.61562e-05, 5.41376e-05, 6.31798e-05, 7.06889e-05, 8.11898e-05, 0.0001020012]"
3377,RoRo,31143.0,7,AUCKLAND,0.000368155,"[1.0, 1.0, 1.0, 1.0, 1.0, 1.0]","[0.25963386, 0.39165165, 0.46930917, 0.58196959, 0.64149737, 0.86734831]","[9.591e-05, 0.00010419, 0.00012152, 0.00011482, 0.00012209, 0.00011567]","[2.4901e-05, 4.08065e-05, 5.70285e-05, 6.68215e-05, 7.83219e-05, 0.0001003303]"
3379,RoRo,28837.0,7,AUCKLAND,0.0003358821,"[1.0, 1.0, 1.0, 1.0, 1.0, 1.0]","[0.26454247, 0.32822641, 0.48443478, 0.55312606, 0.68577767, 0.71981026]","[9.591e-05, 9.591e-05, 0.00010419, 0.00012152, 0.00011482, 0.00011482]","[2.53718e-05, 3.14796e-05, 5.04737e-05, 6.72135e-05, 7.87407e-05, 8.26483e-05]"
3380,RoRo,28837.0,7,AUCKLAND,0.0003695888,"[1.0, 1.0, 1.0, 1.0, 1.0, 1.0]","[0.26092157, 0.42477767, 0.53425701, 0.63038739, 0.67082876, 0.70468154]","[9.591e-05, 0.00010419, 0.00012152, 0.00011482, 0.00011482, 0.00012209]","[2.50246e-05, 4.42579e-05, 6.49207e-05, 7.23808e-05, 7.70242e-05, 8.60362e-05]"
3381,RoRo,28837.0,7,AUCKLAND,0.0003595873,"[1.0, 1.0, 1.0, 1.0, 1.0, 1.0]","[0.26974474, 0.42017779, 0.4999848, 0.61033708, 0.65105371, 0.69129799]","[9.591e-05, 0.00010419, 0.00012152, 0.00011482, 0.00011482, 0.00012209]","[2.58708e-05, 4.37787e-05, 6.0756e-05, 7.00786e-05, 7.47537e-05, 8.44022e-05]"
3383,RoRo,28818.0,7,AUCKLAND,0.0003856814,"[1.0, 1.0, 1.0, 1.0, 1.0, 1.0]","[0.34722829, 0.44091907, 0.504887, 0.60980058, 0.67524103, 0.71588488]","[0.00012152, 0.00011482, 0.00011482, 0.00011482, 0.00011482, 0.00012209]","[4.21937e-05, 5.06261e-05, 5.79709e-05, 7.0017e-05, 7.75309e-05, 8.74041e-05]"
3384,RoRo,28818.0,6,AUCKLAND,0.0002961958,"[1.0, 1.0, 1.0, 1.0, 1.0]","[0.27094641, 0.44591048, 0.53352606, 0.64514048, 0.6951906]","[9.591e-05, 0.00010419, 0.00012152, 0.00011482, 0.00012209]","[2.5986e-05, 4.64598e-05, 6.48318e-05, 7.40747e-05, 8.48774e-05]"
3388,General Cargo,12094.0,7,LYTTELTON,0.0001970739,"[1.0, 1.0, 1.0, 1.0, 1.0, 1.0]","[0.11298114, 0.15855249, 0.21668222, 0.38401728, 0.47398358, 0.72914809]","[0.00010823, 0.00010823, 0.00010823, 8.676e-05, 9.888e-05, 8.787e-05]","[1.22279e-05, 1.71601e-05, 2.34514e-05, 3.33161e-05, 4.68669e-05, 6.40667e-05]"
3402,General Cargo,33217.0,5,NELSON,0.0002782165,"[1.0, 1.0, 1.0, 0.999986]","[0.50266554, 0.58109999, 0.64126793, 0.91387309]","[0.00010536, 0.00010536, 0.00010536, 0.00010558]","[5.29632e-05, 6.12274e-05, 6.7567e-05, 9.64874e-05]"
3405,General Cargo,58110.0,5,WELLINGTON,0.0001674385,"[1.0, 1.0, 1.0, 1.0]","[0.37434691, 0.46535059, 0.56459107, 0.71107635]","[7.916e-05, 7.916e-05, 7.916e-05, 7.916e-05]","[2.96327e-05, 3.68364e-05, 4.46921e-05, 5.62876e-05]"
3409,General Cargo,10500.0,7,AUCKLAND,0.0002812236,"[1.0, 1.0, 1.0, 1.0, 1.0, 0.999965]","[0.11262392, 0.17013879, 0.27615149, 0.36609618, 0.58298908, 0.72921822]","[0.00013195, 9.871e-05, 0.00013195, 0.00013195, 0.00011553, 0.00013371]","[1.4861e-05, 1.67944e-05, 3.64388e-05, 4.83072e-05, 6.73536e-05, 9.74991e-05]"
3414,General Cargo,37154.0,5,NAPIER,0.0002787832,"[1.0, 1.0, 1.0, 1.0]","[0.47768825, 0.53930385, 0.66270094, 0.71204079]","[0.00012132, 0.00012132, 0.00012132, 0.00010536]","[5.79554e-05, 6.54309e-05, 8.0402e-05, 7.50239e-05]"
3415,General Cargo,37154.0,6,TAURANGA,0.0003182192,"[1.0, 1.0, 1.0, 1.0, 1.0]","[0.41332855, 0.51039548, 0.57611999, 0.65426379, 0.70417497]","[9.871e-05, 0.00013195, 0.00013195, 9.871e-05, 9.871e-05]","[4.07997e-05, 6.73478e-05, 7.60203e-05, 6.45824e-05, 6.95092e-05]"
3416,General Cargo,37154.0,5,TAURANGA,0.0002398445,"[1.0, 1.0, 1.0, 1.0]","[0.4970397, 0.59302266, 0.64587007, 0.69407281]","[9.871e-05, 9.871e-05, 9.871e-05, 9.871e-05]","[4.90628e-05, 5.85373e-05, 6.37539e-05, 6.8512e-05]"
3417,General Cargo,37154.0,5,TAURANGA,0.0002511793,"[1.0, 1.0, 1.0, 1.0]","[0.46249838, 0.55151368, 0.63212651, 0.71298487]","[9.871e-05, 0.00013195, 9.871e-05, 9.871e-05]","[4.56533e-05, 7.27734e-05, 6.23973e-05, 7.03788e-05]"
3418,General Cargo,37154.0,7,TAURANGA,0.0003454215,"[1.0, 1.0, 1.0, 1.0, 1.0, 1.0]","[0.29553936, 0.41214232, 0.50816138, 0.57615506, 0.64209354, 0.70059866]","[9.871e-05, 9.871e-05, 0.00013195, 0.00013195, 9.871e-05, 9.871e-05]","[2.91727e-05, 4.06826e-05, 6.7053e-05, 7.60249e-05, 6.33811e-05, 6.91562e-05]"
3419,General Cargo,37154.0,7,TAURANGA,0.0003471846,"[1.0, 1.0, 1.0, 1.0, 1.0, 1.0]","[0.28493063, 0.41296303, 0.51165352, 0.58686192, 0.65055624, 0.70080887]","[9.871e-05, 9.871e-05, 0.00013195, 0.00013195, 9.871e-05, 9.871e-05]","[2.81255e-05, 4.07636e-05, 6.75138e-05, 7.74377e-05, 6.42165e-05, 6.91769e-05]"
3420,General Cargo,37154.0,5,TAURANGA,0.0002562594,"[1.0, 1.0, 1.0, 1.0]","[0.47531644, 0.56674631, 0.65022472, 0.71318097]","[9.871e-05, 0.00013195, 9.871e-05, 9.871e-05]","[4.69185e-05, 7.47834e-05, 6.41837e-05, 7.03982e-05]"
3421,General Cargo,37154.0,7,TAURANGA,0.0003644335,"[1.0, 1.0, 1.0, 1.0, 1.0, 1.0]","[0.28080178, 0.38654529, 0.49858511, 0.6040104, 0.638855, 0.69724965]","[9.871e-05, 9.871e-05, 0.00013195, 0.00013195, 0.00013195, 9.871e-05]","[2.7718e-05, 3.81559e-05, 6.57894e-05, 7.97004e-05, 8.42983e-05, 6.88256e-05]"
3422,General Cargo,37154.0,6,TAURANGA,0.0003313938,"[1.0, 1.0, 1.0, 1.0, 1.0]","[0.4271557, 0.53889567, 0.60940768, 0.67204089, 0.72347684]","[9.871e-05, 0.00013195, 0.00013195, 9.871e-05, 9.871e-05]","[4.21646e-05, 7.11084e-05, 8.04126e-05, 6.63372e-05, 7.14145e-05]"
3426,RoRo,55868.0,6,NELSON,0.0003099352,"[1.0, 1.0, 1.0, 1.0, 0.999993]","[0.31317023, 0.41876943, 0.47124466, 0.56710109, 0.8792561]","[8.382e-05, 0.00012132, 0.00010536, 0.00010536, 0.00014047]","[2.62488e-05, 5.08071e-05, 4.96525e-05, 5.97524e-05, 0.0001235101]"
3430,Bulker,56169.0,5,WELLINGTON,0.0001905657,"[1.0, 1.0, 1.0, 0.999994]","[0.18398472, 0.43497656, 0.50124639, 0.90555403]","[8.967e-05, 8.382e-05, 8.382e-05, 0.00010558]","[1.6497e-05, 3.64581e-05, 4.20126e-05, 9.56098e-05]"
3435,RoRo,43878.0,7,AUCKLAND,0.0003958515,"[1.0, 1.0, 1.0, 1.0, 1.0, 1.0]","[0.32174637, 0.47004864, 0.54233294, 0.6399333, 0.65885241, 0.8736086]","[9.591e-05, 0.00010419, 0.00012152, 0.00011482, 0.00011482, 0.00011567]","[3.08582e-05, 4.89748e-05, 6.5902e-05, 7.34768e-05, 7.56491e-05, 0.0001010544]"
3438,RoRo,43878.0,5,AUCKLAND,0.0003102808,"[1.0, 1.0, 1.0, 1.0]","[0.56174585, 0.65725301, 0.68857585, 0.71690317]","[0.00012152, 0.00011482, 0.00011482, 0.00012209]","[6.8261e-05, 7.54655e-05, 7.90619e-05, 8.75284e-05]"
3441,General Cargo,43878.0,7,AUCKLAND,0.0002798999,"[1.0, 1.0, 1.0, 1.0, 1.0, 1.0]","[0.20368082, 0.28617061, 0.35460777, 0.4563928, 0.6212962, 0.65566391]","[9.591e-05, 9.591e-05, 9.591e-05, 0.00010419, 0.00011482, 0.00012209]","[1.95347e-05, 2.74461e-05, 3.40098e-05, 4.75519e-05, 7.13369e-05, 8.00515e-05]"
3444,RoRo,43878.0,6,AUCKLAND,0.0003120558,"[1.0, 1.0, 1.0, 1.0, 1.0]","[0.34775452, 0.50199482, 0.55753333, 0.6288534, 0.70835174]","[9.591e-05, 0.00010419, 0.00012152, 0.00011482, 0.00012209]","[3.33526e-05, 5.23033e-05, 6.77491e-05, 7.22046e-05, 8.64843e-05]"
3445,RoRo,43878.0,7,AUCKLAND,0.0004035597,"[1.0, 1.0, 1.0, 1.0, 1.0, 1.0]","[0.34603718, 0.50961823, 0.58230909, 0.6734308, 0.70122007, 0.72686501]","[9.591e-05, 0.00010419, 0.00012152, 0.00011482, 0.00011482, 0.00012209]","[3.31878e-05, 5.30975e-05, 7.07597e-05, 7.7323e-05, 8.05138e-05, 8.87447e-05]"
3448,RoRo,43878.0,7,AUCKLAND,0.0004155872,"[1.0, 1.0, 1.0, 1.0, 1.0, 1.0]","[0.34561618, 0.49479548, 0.56389003, 0.65211287, 0.68732655, 0.89598539]","[9.591e-05, 0.00010419, 0.00012152, 0.00011482, 0.00012209, 0.00011567]","[3.31475e-05, 5.15532e-05, 6.85215e-05, 7.48753e-05, 8.39173e-05, 0.0001036429]"
3450,RoRo,43878.0,5,AUCKLAND,0.0003581166,"[1.0, 0.999998, 0.999913, 0.999965]","[0.5337401, 0.63801889, 0.68606364, 0.80965436]","[0.00013992, 0.00013088, 0.00013371, 0.00013371]","[7.46834e-05, 8.35029e-05, 9.17244e-05, 0.0001082537]"
3452,RoRo,14349.0,7,AUCKLAND,0.0003656244,"[1.0, 1.0, 1.0, 1.0, 1.0, 0.999862]","[0.26267091, 0.32818135, 0.40589848, 0.49306667, 0.57096713, 0.80828669]","[0.00013195, 0.00013195, 0.00013195, 0.00013195, 0.00013195, 0.00011601]","[3.466e-05, 4.33042e-05, 5.35592e-05, 6.50612e-05, 7.53403e-05, 9.37541e-05]"
3455,Bulker,28338.0,5,TAURANGA,0.0002602964,"[1.0, 1.0, 1.0, 0.999989]","[0.22776397, 0.43027787, 0.56202127, 0.89648514]","[0.00013195, 0.00011063, 0.00011174, 0.00013371]","[3.00539e-05, 4.76016e-05, 6.27977e-05, 0.0001198662]"
3456,Bulker,28324.0,5,GISBORNE,0.000207546,"[1.0, 1.0, 1.0, 0.999966]","[0.17621537, 0.32544778, 0.44345027, 0.89058015]","[0.0001061, 0.00011063, 0.00011174, 0.00011601]","[1.86965e-05, 3.60043e-05, 4.95492e-05, 0.0001033101]"
3457,Bulker,28324.0,5,NAPIER,0.0001850162,"[1.0, 1.0, 0.999996, 1.0]","[0.16416134, 0.312571, 0.63898962, 0.82314423]","[0.00010536, 8.967e-05, 0.00010558, 8.776e-05]","[1.72968e-05, 2.80267e-05, 6.74657e-05, 7.22387e-05]"
3458,Bulker,28291.0,5,AUCKLAND,0.0002206839,"[1.0, 1.0, 1.0, 1.0]","[0.23500917, 0.43022, 0.61688148, 0.72322649]","[0.00011063, 0.0001061, 0.00011063, 0.00011174]","[2.59991e-05, 4.56466e-05, 6.82456e-05, 8.08101e-05]"
3461,Bulker,28381.0,7,GISBORNE,0.0003604515,"[1.0, 1.0, 1.0, 1.0, 0.99999, 0.999998]","[0.05785236, 0.13101006, 0.35212247, 0.60058898, 0.81675411, 0.88865365]","[0.00013195, 0.00013195, 0.00011553, 0.00011553, 0.00013371, 0.00013088]","[7.6337e-06, 1.72871e-05, 4.06812e-05, 6.9387e-05, 0.0001092057, 0.0001163057]"
3462,Bulker,28381.0,5,NELSON,0.000269754,"[1.0, 1.0, 0.999999, 0.999933]","[0.21530864, 0.57655808, 0.75556801, 0.8987449]","[0.00012369, 8.776e-05, 8.776e-05, 0.00014047]","[2.66318e-05, 5.05984e-05, 6.63082e-05, 0.0001262401]"
3463,Bulker,28381.0,5,GISBORNE,0.0002647185,"[1.0, 1.0, 1.0, 0.999991]","[0.21104256, 0.36548269, 0.51431957, 0.90349078]","[0.00013195, 0.00013195, 0.00013195, 0.00013371]","[2.78475e-05, 4.82262e-05, 6.78656e-05, 0.0001208031]"
3466,Container,23373.0,7,TAURANGA,0.0002532502,"[1.0, 1.0, 1.0, 1.0, 0.999998, 0.999978]","[0.30509404, 0.32184057, 0.35867034, 0.40932686, 0.44713409, 0.49873422]","[0.00010291, 0.00010291, 0.00010291, 0.00010291, 0.00011601, 0.00011601]","[3.13968e-05, 3.31202e-05, 3.69103e-05, 4.21233e-05, 5.18706e-05, 5.78555e-05]"
3472,Bulker,28343.0,7,AUCKLAND,0.0002800053,"[1.0, 1.0, 1.0, 1.0, 1.0, 1.0]","[0.04416036, 0.10189718, 0.21608646, 0.48585791, 0.65242785, 0.7987171]","[9.871e-05, 9.871e-05, 0.00013195, 0.00010943, 0.00011063, 0.00013992]","[4.3591e-06, 1.00583e-05, 2.85131e-05, 5.31651e-05, 7.21781e-05, 0.0001117601]"
3476,Bulker,58032.0,6,NELSON,0.0002243258,"[1.0, 1.0, 1.0, 1.0, 0.999848]","[0.09907083, 0.27610379, 0.50377125, 0.65751038, 0.91611962]","[8.382e-05, 8.864e-05, 8.498e-05, 7.916e-05, 0.00010558]","[8.3038e-06, 2.44729e-05, 4.28084e-05, 5.20475e-05, 9.67112e-05]"
3481,Bulker,58110.0,5,NELSON,0.0001968719,"[1.0, 1.0, 1.0, 0.999986]","[0.25055158, 0.43234525, 0.57341114, 0.86115279]","[8.382e-05, 8.382e-05, 8.498e-05, 0.00010558]","[2.10003e-05, 3.62376e-05, 4.87261e-05, 9.09211e-05]"
3485,Bulker,55408.0,6,NELSON,0.000240736,"[1.0, 1.0, 1.0, 1.0, 0.999933]","[0.09899611, 0.23501843, 0.39843933, 0.58529937, 0.91654724]","[8.967e-05, 8.967e-05, 8.967e-05, 7.917e-05, 0.00014047]","[8.8765e-06, 2.10729e-05, 3.57261e-05, 4.63385e-05, 0.0001287407]"
3487,Tanker,45318.0,5,NEW PLYMOUTH,0.0002074048,"[1.0, 1.0, 1.0, 0.999995]","[0.07214527, 0.2849662, 0.52245064, 0.79252994]","[8.967e-05, 0.00012132, 0.00010536, 0.00014047]","[6.4689e-06, 3.45734e-05, 5.50478e-05, 0.0001113278]"
3490,General Cargo,9032.0,5,PORT CHALMERS,0.0001534968,"[1.0, 1.0, 1.0, 1.0]","[0.18131958, 0.31027535, 0.38534671, 0.63987016]","[0.00010536, 0.00012132, 0.00010536, 8.776e-05]","[1.91047e-05, 3.76441e-05, 4.06019e-05, 5.61546e-05]"
3491,General Cargo,9032.0,5,NEW PLYMOUTH,0.0002096463,"[0.999975, 0.999986, 0.999995, 0.999999]","[0.28857749, 0.38880546, 0.48486716, 0.64345276]","[0.00010558, 0.00014047, 0.00014047, 8.776e-05]","[3.04679e-05, 5.46155e-05, 6.811e-05, 5.6469e-05]"
3495,Container,34409.0,6,LYTTELTON,0.0002373382,"[1.0, 1.0, 0.999995, 0.999988, 0.999891]","[0.30159459, 0.35816443, 0.44249353, 0.49674642, 0.57528807]","[0.00010536, 7.916e-05, 0.00010558, 0.00014047, 0.00010558]","[3.17774e-05, 2.83517e-05, 4.67192e-05, 6.97782e-05, 6.07336e-05]"
3502,Container,105846.0,7,TAURANGA,0.0004210446,"[1.0, 1.0, 1.0, 1.0, 1.0, 1.0]","[0.3136988, 0.48996753, 0.52303041, 0.5744328, 0.63613058, 0.69176916]","[0.00013195, 0.00012209, 0.00012209, 0.0001346, 0.0001346, 0.0001346]","[4.13932e-05, 5.98213e-05, 6.3858e-05, 7.7316e-05, 8.56202e-05, 9.31089e-05]"
3503,Container,105846.0,7,TAURANGA,0.0004372102,"[1.0, 1.0, 1.0, 1.0, 1.0, 1.0]","[0.47411447, 0.49321863, 0.52248042, 0.58015129, 0.63109105, 0.68625708]","[0.00012209, 0.00012209, 0.00012209, 0.0001346, 0.0001346, 0.0001346]","[5.78857e-05, 6.02182e-05, 6.37909e-05, 7.80856e-05, 8.49419e-05, 9.2367e-05]"
3504,Container,105846.0,7,TAURANGA,0.0004215389,"[1.0, 1.0, 1.0, 1.0, 1.0, 1.0]","[0.31580449, 0.4945543, 0.52740977, 0.58003782, 0.63056011, 0.68521134]","[0.00013195, 0.00012209, 0.00012209, 0.0001346, 0.0001346, 0.0001346]","[4.16711e-05, 6.03813e-05, 6.43927e-05, 7.80704e-05, 8.48704e-05, 9.22262e-05]"
3506,Container,99863.0,7,TAURANGA,0.0003894631,"[1.0, 1.0, 1.0, 1.0, 1.0, 1.0]","[0.29700413, 0.45304817, 0.48465418, 0.53930962, 0.58504083, 0.62793171]","[0.00013195, 0.00012209, 0.00012209, 0.0001346, 0.0001346, 0.0001346]","[3.91903e-05, 5.53137e-05, 5.91726e-05, 7.25886e-05, 7.87438e-05, 8.45167e-05]"
3507,Container,99863.0,7,TAURANGA,0.0004325902,"[1.0, 1.0, 1.0, 1.0, 1.0, 1.0]","[0.46619452, 0.4860359, 0.51984683, 0.56548293, 0.6312547, 0.6825129]","[0.00012209, 0.00012209, 0.00012209, 0.0001346, 0.0001346, 0.0001346]","[5.69188e-05, 5.93413e-05, 6.34693e-05, 7.61114e-05, 8.49639e-05, 9.1863e-05]"
3508,Container,99863.0,7,TAURANGA,0.0004125771,"[1.0, 1.0, 1.0, 1.0, 1.0, 1.0]","[0.30847461, 0.48524403, 0.51169863, 0.56613401, 0.61801825, 0.6749339]","[0.00013195, 0.00012209, 0.00012209, 0.0001346, 0.0001346, 0.0001346]","[4.07039e-05, 5.92446e-05, 6.24745e-05, 7.6199e-05, 8.31824e-05, 9.08429e-05]"
3509,Container,99863.0,7,TAURANGA,0.0003961415,"[1.0, 1.0, 1.0, 1.0, 1.0, 1.0]","[0.42865187, 0.44960276, 0.47848261, 0.52170804, 0.56677016, 0.62450318]","[0.00012209, 0.00012209, 0.00012209, 0.0001346, 0.0001346, 0.0001346]","[5.23351e-05, 5.48931e-05, 5.84191e-05, 7.02195e-05, 7.62846e-05, 8.40552e-05]"
3510,Container,99863.0,7,TAURANGA,0.0004226902,"[1.0, 1.0, 1.0, 1.0, 1.0, 1.0]","[0.44946295, 0.47715815, 0.50913497, 0.56338291, 0.60929002, 0.66594456]","[0.00012209, 0.00012209, 0.00012209, 0.0001346, 0.0001346, 0.0001346]","[5.4876e-05, 5.82574e-05, 6.21615e-05, 7.58287e-05, 8.20076e-05, 8.9633e-05]"
3512,Container,99778.0,6,TAURANGA,0.0003689803,"[1.0, 1.0, 1.0, 1.0, 1.0]","[0.47847625, 0.50933678, 0.56236722, 0.6090344, 0.67435381]","[0.00012209, 0.00012209, 0.0001346, 0.0001346, 0.0001346]","[5.84183e-05, 6.21861e-05, 7.5692e-05, 8.19732e-05, 9.07649e-05]"
3514,Container,99798.0,6,TAURANGA,0.0003530797,"[1.0, 1.0, 1.0, 1.0, 1.0]","[0.45890578, 0.48477213, 0.53934192, 0.58614958, 0.64212831]","[0.00012209, 0.00012209, 0.0001346, 0.0001346, 0.0001346]","[5.60289e-05, 5.9187e-05, 7.25929e-05, 7.8893e-05, 8.64275e-05]"
3516,General Cargo,38206.0,7,NAPIER,0.0003334172,"[1.0, 1.0, 1.0, 1.0, 1.0, 1.0]","[0.24570597, 0.34441639, 0.46303979, 0.5502262, 0.60124967, 0.65009466]","[0.00012132, 0.00010536, 0.00010536, 0.00012132, 0.00012132, 0.00012132]","[2.98102e-05, 3.62893e-05, 4.8788e-05, 6.6756e-05, 7.29464e-05, 7.88725e-05]"
3519,Bulker,32701.0,5,LYTTELTON,0.0003377145,"[1.0, 0.999915, 0.999988, 0.999991]","[0.34355972, 0.62702818, 0.83356003, 0.88499381]","[8.776e-05, 0.00010558, 0.00014047, 0.00014047]","[3.01506e-05, 6.61974e-05, 0.0001170905, 0.0001243158]"
3523,General Cargo,40527.0,6,TAURANGA,0.0003847123,"[1.0, 1.0, 1.0, 1.0, 0.999989]","[0.34813014, 0.4576784, 0.57486277, 0.61737775, 0.90588604]","[0.00013195, 0.00013195, 0.00013195, 0.00013195, 0.00013371]","[4.59365e-05, 6.03916e-05, 7.58544e-05, 8.14643e-05, 0.0001211232]"
3524,General Cargo,40527.0,5,TAURANGA,0.0003243155,"[1.0, 1.0, 0.999995, 1.0]","[0.45584427, 0.53423101, 0.70607084, 0.84016377]","[0.00011553, 0.00011553, 0.00013088, 0.00013992]","[5.26644e-05, 6.17205e-05, 9.24092e-05, 0.0001175596]"
3526,Bulker,36903.0,6,TAURANGA,0.0002705928,"[1.0, 1.0, 1.0, 1.0, 1.0]","[0.12934003, 0.2875493, 0.46268624, 0.5972154, 0.69185676]","[0.00011661, 0.0001448, 0.0001448, 0.0001448, 8.735e-05]","[1.50819e-05, 4.16366e-05, 6.69961e-05, 8.64757e-05, 6.04303e-05]"
3533,General Cargo,10049.0,5,TAURANGA,0.0001797156,"[1.0, 1.0, 1.0, 1.0]","[0.18796882, 0.31732582, 0.38549775, 0.63486818]","[0.00012123, 0.00011482, 0.00012209, 0.00011567]","[2.27873e-05, 3.64352e-05, 4.70663e-05, 7.34382e-05]"
3564,RoRo,18529.0,7,AUCKLAND,0.0003854452,"[1.0, 1.0, 1.0, 1.0, 1.0, 0.999998]","[0.24691982, 0.32106771, 0.40146746, 0.53453573, 0.67556776, 0.83230133]","[0.00011063, 0.00011063, 0.00011063, 0.00013992, 0.00013992, 0.00013088]","[2.73167e-05, 3.55197e-05, 4.44143e-05, 7.47947e-05, 9.45285e-05, 0.0001089303]"
3566,RoRo,18481.0,7,AUCKLAND,0.0003173407,"[1.0, 1.0, 1.0, 1.0, 1.0, 0.999965]","[0.17499165, 0.23322645, 0.30363847, 0.4281095, 0.51258812, 0.80028158]","[0.00011063, 0.00011063, 0.00011063, 0.00013992, 0.00013992, 0.00013371]","[1.93593e-05, 2.58018e-05, 3.35915e-05, 5.9903e-05, 7.17237e-05, 0.0001070005]"
3569,RoRo,18334.0,7,AUCKLAND,0.0004329513,"[1.0, 1.0, 1.0, 0.999998, 0.999913, 0.999965]","[0.27634031, 0.34738693, 0.46538084, 0.56613666, 0.69114986, 0.85364164]","[0.00013992, 0.00013992, 0.00013992, 0.00013088, 0.00013371, 0.00013371]","[3.86668e-05, 4.8608e-05, 6.51182e-05, 7.40951e-05, 9.24044e-05, 0.000114135]"
3570,RoRo,18334.0,7,AUCKLAND,0.0003790107,"[1.0, 1.0, 1.0, 1.0, 1.0, 1.0]","[0.22659528, 0.27568672, 0.43424378, 0.52513392, 0.69093535, 0.84340995]","[0.00012123, 0.00011161, 0.00011063, 0.00011063, 0.00013992, 0.00013992]","[2.747e-05, 3.07686e-05, 4.80404e-05, 5.80956e-05, 9.66788e-05, 0.0001180138]"
3576,RoRo,15154.0,7,AUCKLAND,0.0003433082,"[1.0, 1.0, 1.0, 1.0, 1.0, 1.0]","[0.18221205, 0.28624499, 0.38026542, 0.5347255, 0.6170727, 0.70299018]","[9.871e-05, 0.00013992, 0.0001067, 0.00013195, 0.00013195, 0.00013195]","[1.79862e-05, 4.00527e-05, 4.05731e-05, 7.05582e-05, 8.1424e-05, 9.2761e-05]"
3578,RoRo,15154.0,7,AUCKLAND,0.0003342661,"[1.0, 1.0, 1.0, 1.0, 1.0, 1.0]","[0.20927843, 0.26381389, 0.32711956, 0.52224357, 0.60199777, 0.70052818]","[0.00011688, 0.00011688, 0.00011688, 0.00013195, 0.00013195, 0.00013195]","[2.44604e-05, 3.08345e-05, 3.82336e-05, 6.89111e-05, 7.94349e-05, 9.24362e-05]"
3584,Bulker,32613.0,6,WELLINGTON,0.0002198676,"[1.0, 1.0, 1.0, 1.0, 1.0]","[0.092827, 0.25193263, 0.46130054, 0.57226167, 0.73477453]","[0.00010536, 0.00010536, 0.00012132, 0.00012132, 7.916e-05]","[9.7807e-06, 2.65448e-05, 5.59671e-05, 6.94295e-05, 5.81636e-05]"
3590,General Cargo,38173.0,5,TAURANGA,0.0003386268,"[1.0, 1.0, 1.0, 1.0]","[0.52218443, 0.66140453, 0.68551769, 0.69750357]","[0.00013195, 0.00013195, 0.00013195, 0.00013195]","[6.89033e-05, 8.72737e-05, 9.04555e-05, 9.20371e-05]"
3591,General Cargo,38173.0,5,NAPIER,0.0002504103,"[1.0, 1.0, 1.0, 1.0]","[0.51112415, 0.57052241, 0.64056595, 0.65461632]","[0.00010536, 0.00010536, 0.00010536, 0.00010536]","[5.38544e-05, 6.01129e-05, 6.7493e-05, 6.89734e-05]"
3592,General Cargo,38191.0,6,AUCKLAND,0.000347323,"[1.0, 1.0, 1.0, 1.0, 1.0]","[0.26263521, 0.32029885, 0.3861809, 0.72870671, 0.83993575]","[0.00013195, 0.00013195, 0.00013195, 0.00013992, 0.00013992]","[3.46553e-05, 4.22641e-05, 5.09574e-05, 0.000101964, 0.0001175276]"
3593,General Cargo,38191.0,7,LYTTELTON,0.000330309,"[1.0, 1.0, 1.0, 0.999995, 0.999885, 1.0]","[0.17763708, 0.24178399, 0.30123636, 0.58353451, 0.7436403, 0.84980655]","[0.00012132, 0.00010536, 0.00010536, 0.00010558, 0.00010558, 0.00013117]","[2.15518e-05, 2.54755e-05, 3.17397e-05, 6.16105e-05, 7.85062e-05, 0.0001114676]"
3595,General Cargo,38191.0,7,TAURANGA,0.0004322268,"[1.0, 1.0, 0.999999, 0.999999, 0.999968, 0.999999]","[0.2110744, 0.28473465, 0.51592477, 0.62094742, 0.76466602, 0.88515142]","[0.00013195, 0.00013195, 0.00013088, 0.00013088, 0.00013371, 0.00013088]","[2.78517e-05, 3.75713e-05, 6.75235e-05, 8.12688e-05, 0.0001022389, 0.0001158474]"
3599,Bulker,28355.0,5,AUCKLAND,0.000290862,"[1.0, 1.0, 1.0, 1.0]","[0.23909546, 0.43394329, 0.68673052, 0.8621093]","[0.00010943, 0.00011063, 0.00013992, 0.00013992]","[2.61631e-05, 4.80071e-05, 9.60905e-05, 0.0001206303]"
3602,RoRo,16384.0,7,AUCKLAND,0.000392409,"[1.0, 1.0, 1.0, 1.0, 1.0, 0.999965]","[0.23179051, 0.30039585, 0.38238556, 0.58031018, 0.70492113, 0.83360026]","[0.00011063, 0.00011063, 0.00011063, 0.00013992, 0.00013992, 0.00013371]","[2.5643e-05, 3.32328e-05, 4.23033e-05, 8.11997e-05, 9.86358e-05, 0.0001114554]"
3606,Bulker,28344.0,6,NELSON,0.0002117328,"[1.0, 1.0, 1.0, 1.0, 0.999998]","[0.09184628, 0.20937908, 0.40058126, 0.5553688, 0.88681096]","[8.382e-05, 8.967e-05, 0.00012132, 0.00010536, 8.814e-05]","[7.6982e-06, 1.8774e-05, 4.86004e-05, 5.85162e-05, 7.81602e-05]"
3609,General Cargo,18276.0,5,LYTTELTON,0.0002397269,"[1.0, 1.0, 1.0, 1.0]","[0.36556653, 0.48947075, 0.62071178, 0.68596797]","[8.967e-05, 0.00012132, 0.00012132, 0.00010536]","[3.27785e-05, 5.93849e-05, 7.53077e-05, 7.22768e-05]"
3624,Bulker,28386.0,5,NAPIER,0.0001701739,"[1.0, 1.0, 1.0, 1.0]","[0.17303472, 0.31587048, 0.52357383, 0.82815417]","[0.00010536, 0.00010536, 0.00010536, 7.668e-05]","[1.82317e-05, 3.32816e-05, 5.51662e-05, 6.35046e-05]"
3626,Bulker,28386.0,5,GISBORNE,0.0002644809,"[1.0, 1.0, 1.0, 1.0]","[0.20759879, 0.38151275, 0.53591025, 0.88674519]","[0.00013195, 0.00013195, 0.00013195, 0.00013088]","[2.73931e-05, 5.03414e-05, 7.07145e-05, 0.000116056]"
3628,Bulker,57999.0,5,NELSON,0.0002147518,"[1.0, 1.0, 1.0, 1.0]","[0.26202455, 0.42943528, 0.66366858, 0.68320636]","[0.00010536, 0.00010536, 0.00010536, 0.00010536]","[2.76081e-05, 4.52473e-05, 6.99272e-05, 7.19858e-05]"
3634,RoRo,18833.0,7,AUCKLAND,0.0004305785,"[1.0, 1.0, 1.0, 1.0, 1.0, 0.999862]","[0.33848187, 0.41224534, 0.49327001, 0.58898491, 0.6562836, 0.88102224]","[0.00013195, 0.00013195, 0.00013195, 0.00013195, 0.00013195, 0.00011601]","[4.46634e-05, 5.43966e-05, 6.5088e-05, 7.77178e-05, 8.6598e-05, 0.0001021908]"
3635,RoRo,18836.0,5,AUCKLAND,0.0003755031,"[1.0, 0.999998, 0.999913, 0.999965]","[0.53833333, 0.64058984, 0.75070296, 0.86776695]","[0.00013992, 0.00013088, 0.00013371, 0.00013371]","[7.53261e-05, 8.38394e-05, 0.0001003665, 0.0001160236]"
3636,RoRo,18836.0,7,AUCKLAND,0.0003653168,"[1.0, 1.0, 1.0, 1.0, 1.0, 0.999862]","[0.29902692, 0.3647325, 0.45754422, 0.5851854, 0.68251237, 0.82572065]","[0.00013195, 0.00013195, 0.00011267, 0.00010291, 0.00010291, 0.00011601]","[3.94572e-05, 4.81272e-05, 5.15537e-05, 6.02206e-05, 7.02364e-05, 9.57763e-05]"
3637,RoRo,18836.0,7,AUCKLAND,0.0003673974,"[1.0, 1.0, 1.0, 1.0, 1.0, 1.0]","[0.15774104, 0.2591248, 0.43336236, 0.51980824, 0.68593491, 0.84763337]","[0.00011886, 0.00011063, 0.00011063, 0.00011063, 0.00013992, 0.00013992]","[1.87498e-05, 2.8667e-05, 4.79429e-05, 5.75064e-05, 9.59791e-05, 0.0001186047]"
3639,RoRo,18828.0,7,AUCKLAND,0.0004398512,"[1.0, 1.0, 1.0, 1.0, 1.0, 1.0]","[0.35005776, 0.43685517, 0.52118779, 0.60337307, 0.68147435, 0.74107081]","[0.00013195, 0.00013195, 0.00013195, 0.00013195, 0.00013195, 0.00013195]","[4.61909e-05, 5.7644e-05, 6.87718e-05, 7.96164e-05, 8.9922e-05, 9.77859e-05]"
3642,Tanker,12429.0,7,NEW PLYMOUTH,0.0002553004,"[0.999996, 0.999975, 0.999961, 0.999962, 0.99987, 0.99986]","[0.01982608, 0.05767336, 0.16490902, 0.37743026, 0.70260318, 0.91028407]","[0.00014047, 0.00010558, 0.00014047, 0.00014047, 0.00010558, 0.00010558]","[2.785e-06, 6.0891e-06, 2.31642e-05, 5.30164e-05, 7.41728e-05, 9.60964e-05]"
3646,Bulker,35130.0,5,LYTTELTON,0.0001465967,"[1.0, 1.0, 1.0, 1.0]","[0.18609719, 0.38402151, 0.48490518, 0.646756]","[0.00012132, 8.382e-05, 8.382e-05, 7.916e-05]","[2.25782e-05, 3.21873e-05, 4.0643e-05, 5.11962e-05]"
3647,Bulker,35130.0,7,TAURANGA,0.0002184101,"[1.0, 1.0, 1.0, 1.0, 1.0, 1.0]","[0.03780001, 0.09547404, 0.20212713, 0.34017553, 0.43959021, 0.81572511]","[0.00011623, 0.00011063, 0.00011063, 0.00011063, 0.00011174, 0.00011567]","[4.3934e-06, 1.05623e-05, 2.23613e-05, 3.76336e-05, 4.91178e-05, 9.43588e-05]"
3654,Bulker,35104.0,5,LYTTELTON,0.0001473467,"[1.0, 1.0, 1.0, 1.0]","[0.20967401, 0.39813122, 0.5087644, 0.65314711]","[7.916e-05, 8.382e-05, 8.382e-05, 8.382e-05]","[1.65975e-05, 3.33699e-05, 4.26428e-05, 5.47444e-05]"
3656,Bulker,35104.0,6,AUCKLAND,0.0002256092,"[1.0, 1.0, 1.0, 1.0, 1.0]","[0.11799427, 0.2511569, 0.44195724, 0.54105161, 0.69905941]","[9.871e-05, 9.871e-05, 9.871e-05, 0.00013195, 0.0001061]","[1.16472e-05, 2.47917e-05, 4.36256e-05, 7.13929e-05, 7.41706e-05]"
3657,Bulker,35104.0,7,NEW PLYMOUTH,0.0001727452,"[1.0, 1.0, 1.0, 1.0, 1.0, 1.0]","[0.04137208, 0.11194771, 0.26123156, 0.43009464, 0.53047092, 0.66610283]","[8.967e-05, 8.967e-05, 8.382e-05, 8.382e-05, 8.382e-05, 8.498e-05]","[3.7096e-06, 1.00378e-05, 2.18955e-05, 3.60489e-05, 4.44621e-05, 5.66026e-05]"
3658,Bulker,35104.0,6,TAURANGA,0.0001999528,"[1.0, 1.0, 1.0, 1.0, 1.0]","[0.08827896, 0.23719497, 0.39276457, 0.4898858, 0.60655418]","[9.871e-05, 0.00011174, 0.00011063, 0.00011063, 0.00011063]","[8.714e-06, 2.65031e-05, 4.34515e-05, 5.41961e-05, 6.71031e-05]"
3663,Bulker,93296.0,5,TAURANGA,0.0002298169,"[1.0, 1.0, 1.0, 1.0]","[0.28131984, 0.50605881, 0.60045753, 0.63273727]","[0.00013195, 9.871e-05, 9.871e-05, 0.00013195]","[3.71207e-05, 4.99531e-05, 5.92712e-05, 8.3491e-05]"
3665,Bulker,16949.0,5,NEW PLYMOUTH,0.0001738377,"[1.0, 1.0, 1.0, 1.0]","[0.2265571, 0.41847983, 0.56349121, 0.61320709]","[9.354e-05, 8.676e-05, 9.888e-05, 9.888e-05]","[2.11922e-05, 3.63059e-05, 5.57173e-05, 6.06331e-05]"
3667,General Cargo,12267.0,7,GISBORNE,0.0002780263,"[1.0, 1.0, 1.0, 1.0, 1.0, 1.0]","[0.13308853, 0.20456137, 0.32873658, 0.4350376, 0.5225229, 0.62183895]","[0.00011553, 0.0001067, 9.871e-05, 0.00013195, 0.00013195, 0.00013195]","[1.53759e-05, 2.1826e-05, 3.24496e-05, 5.74041e-05, 6.8948e-05, 8.2053e-05]"
3668,General Cargo,12267.0,7,WELLINGTON,0.0002423017,"[1.0, 1.0, 1.0, 1.0, 1.0, 1.0]","[0.13147289, 0.22324253, 0.35208023, 0.43542084, 0.66582071, 0.76400383]","[0.00010536, 8.967e-05, 0.00010536, 0.00010536, 8.776e-05, 8.776e-05]","[1.38526e-05, 2.0017e-05, 3.70968e-05, 4.5878e-05, 5.84321e-05, 6.70485e-05]"
3669,General Cargo,12267.0,6,AUCKLAND,0.0002455662,"[1.0, 1.0, 1.0, 1.0, 1.0]","[0.18607162, 0.24518579, 0.38100079, 0.46476236, 0.69434767]","[9.871e-05, 0.00013195, 0.00011553, 0.00011553, 0.00013992]","[1.83671e-05, 3.23528e-05, 4.40176e-05, 5.36947e-05, 9.71563e-05]"
3670,General Cargo,12267.0,7,AUCKLAND,0.0003437746,"[1.0, 1.0, 1.0, 0.999889, 0.999906, 0.999965]","[0.17187343, 0.2242932, 0.31216878, 0.53237763, 0.63598667, 0.78178607]","[0.00013195, 0.00013195, 9.871e-05, 0.00013371, 0.00013371, 0.00013371]","[2.26791e-05, 2.9596e-05, 3.08142e-05, 7.11754e-05, 8.50287e-05, 0.0001045276]"
3671,General Cargo,12267.0,7,TAURANGA,0.000259005,"[1.0, 1.0, 1.0, 1.0, 1.0, 0.999702]","[0.12831271, 0.17700143, 0.26048045, 0.34579388, 0.42584327, 0.786504]","[0.00013195, 0.00013195, 9.871e-05, 0.00013195, 0.00013195, 0.00011601]","[1.69311e-05, 2.33557e-05, 2.5712e-05, 4.56282e-05, 5.61909e-05, 9.12129e-05]"
3673,General Cargo,12303.0,7,AUCKLAND,0.0002951568,"[1.0, 1.0, 1.0, 1.0, 1.0, 0.999934]","[0.17282888, 0.24319985, 0.31452311, 0.3921654, 0.47364757, 0.78955113]","[9.871e-05, 0.00013195, 0.00013195, 9.871e-05, 0.00013195, 0.00013088]","[1.706e-05, 3.20907e-05, 4.1502e-05, 3.87107e-05, 6.24988e-05, 0.0001033287]"
3674,General Cargo,12303.0,7,AUCKLAND,0.00029954,"[1.0, 1.0, 1.0, 1.0, 1.0, 1.0]","[0.13226761, 0.20923258, 0.30501869, 0.41945689, 0.59410668, 0.70461244]","[0.00011161, 0.0001114, 0.00010943, 0.00011063, 0.00013992, 0.00013992]","[1.4762e-05, 2.33086e-05, 3.33767e-05, 4.64045e-05, 8.31301e-05, 9.85926e-05]"
3675,General Cargo,12303.0,7,AUCKLAND,0.0003069299,"[1.0, 1.0, 1.0, 1.0, 1.0, 0.999965]","[0.19292183, 0.25510145, 0.35153651, 0.45388353, 0.59689533, 0.78269878]","[0.00010943, 0.00010943, 0.00011063, 0.00011174, 0.0001067, 0.00013371]","[2.11105e-05, 2.79145e-05, 3.88905e-05, 5.07149e-05, 6.36868e-05, 0.0001046497]"
3679,General Cargo,11736.0,6,NELSON,0.0002456454,"[1.0, 1.0, 0.999991, 0.999951, 0.999848]","[0.15759399, 0.25272762, 0.41553186, 0.50610806, 0.78194958]","[7.917e-05, 8.382e-05, 0.00014047, 0.00014047, 0.00010558]","[1.24768e-05, 2.11827e-05, 5.83701e-05, 7.10906e-05, 8.25474e-05]"
3680,General Cargo,11736.0,5,NELSON,0.0002409719,"[1.0, 0.999864, 1.0, 0.999951]","[0.33729421, 0.46752932, 0.60722198, 0.77418196]","[8.776e-05, 0.00010558, 8.776e-05, 0.00014047]","[2.96007e-05, 4.93561e-05, 5.32894e-05, 0.0001087457]"
3681,General Cargo,11736.0,7,AUCKLAND,0.0002543646,"[0.999995, 1.0, 1.0, 1.0, 1.0, 0.999965]","[0.10807941, 0.20605614, 0.2745798, 0.34682213, 0.48921115, 0.77354352]","[0.00013088, 0.00013195, 9.871e-05, 9.871e-05, 9.871e-05, 0.00013371]","[1.41452e-05, 2.71895e-05, 2.71038e-05, 3.42348e-05, 4.82901e-05, 0.0001034256]"
3685,Tanker,23451.0,7,TAURANGA,0.0002900674,"[1.0, 1.0, 1.0, 1.0, 0.999989, 0.999961]","[0.01120658, 0.04150368, 0.15945198, 0.41593095, 0.71699707, 0.91189013]","[0.00011063, 0.00011063, 0.00011553, 0.00011553, 0.00013371, 0.00013371]","[1.2398e-06, 4.5916e-06, 1.84217e-05, 4.80531e-05, 9.58674e-05, 0.0001219225]"
3686,Bulker,28210.0,6,NEW PLYMOUTH,0.0001818143,"[1.0, 1.0, 1.0, 1.0, 1.0]","[0.09514338, 0.22102292, 0.44527375, 0.58866873, 0.69291276]","[0.00012132, 0.00012132, 7.916e-05, 8.382e-05, 8.498e-05]","[1.15432e-05, 2.68155e-05, 3.52471e-05, 4.934e-05, 5.88808e-05]"
3693,Bulker,28191.0,5,TIMARU,0.0001971498,"[1.0, 1.0, 1.0, 0.999861]","[0.18149446, 0.41968139, 0.52477685, 0.85687785]","[0.00012132, 8.967e-05, 8.967e-05, 0.00010558]","[2.20198e-05, 3.76307e-05, 4.70541e-05, 9.04585e-05]"
3699,RoRo,18918.0,5,AUCKLAND,0.0003469421,"[1.0, 0.999965, 0.999913, 0.999998]","[0.41790469, 0.61620634, 0.73224323, 0.85235952]","[0.00013195, 0.00013371, 0.00013371, 0.00013088]","[5.51434e-05, 8.2389e-05, 9.78985e-05, 0.0001115555]"
3700,RoRo,18918.0,7,AUCKLAND,0.0003856815,"[0.999998, 1.0, 1.0, 1.0, 1.0, 0.999862]","[0.22425255, 0.41061842, 0.48915586, 0.56737767, 0.64887993, 0.85133731]","[0.00013088, 0.00013195, 0.00013195, 0.00013195, 9.871e-05, 0.00011601]","[2.93498e-05, 5.4182e-05, 6.45451e-05, 7.48667e-05, 6.4051e-05, 9.87476e-05]"
3701,RoRo,18918.0,7,AUCKLAND,0.0004047434,"[1.0, 1.0, 1.0, 1.0, 1.0, 0.999862]","[0.30766258, 0.39073765, 0.49501457, 0.57347204, 0.64519378, 0.85799655]","[0.00013195, 9.871e-05, 0.00013195, 0.00013195, 0.00013195, 0.00011601]","[4.05967e-05, 3.85697e-05, 6.53182e-05, 7.56708e-05, 8.51347e-05, 9.952e-05]"
3702,RoRo,18918.0,7,AUCKLAND,0.0004090459,"[1.0, 1.0, 1.0, 1.0, 1.0, 1.0]","[0.34048877, 0.42948838, 0.50737888, 0.60164121, 0.67691289, 0.73853986]","[9.871e-05, 9.871e-05, 0.00013195, 0.00013195, 0.00013195, 0.00013195]","[3.36097e-05, 4.23948e-05, 6.69497e-05, 7.93878e-05, 8.93201e-05, 9.74519e-05]"
3704,General Cargo,9023.0,6,AUCKLAND,0.0001814492,"[1.0, 1.0, 1.0, 1.0, 1.0]","[0.14241852, 0.19172907, 0.26669575, 0.35910866, 0.4347245]","[0.00013092, 0.00012209, 0.00012209, 0.0001346, 0.0001346]","[1.86454e-05, 2.34087e-05, 3.25615e-05, 4.83343e-05, 5.85119e-05]"
3710,Bulker,38190.0,6,TIMARU,0.0002185568,"[1.0, 1.0, 1.0, 1.0, 0.999993]","[0.09868532, 0.24161434, 0.52353534, 0.6101986, 0.87988203]","[0.00010536, 8.382e-05, 8.382e-05, 8.382e-05, 0.00010558]","[1.03979e-05, 2.02512e-05, 4.38808e-05, 5.11446e-05, 9.28993e-05]"
3713,Bulker,31657.0,5,AUCKLAND,0.0002517968,"[1.0, 1.0, 1.0, 1.0]","[0.27375122, 0.50001552, 0.64690415, 0.68267436]","[9.871e-05, 9.871e-05, 0.00013195, 0.00013195]","[2.7022e-05, 4.93566e-05, 8.53604e-05, 9.00803e-05]"
3715,Bulker,31657.0,7,NEW PLYMOUTH,0.0002135399,"[1.0, 1.0, 1.0, 1.0, 1.0, 0.999975]","[0.04718222, 0.11074719, 0.24257421, 0.46387476, 0.5772476, 0.87557834]","[8.382e-05, 8.382e-05, 8.498e-05, 8.382e-05, 8.382e-05, 0.00010558]","[3.9546e-06, 9.2824e-06, 2.06129e-05, 3.88803e-05, 4.83828e-05, 9.24432e-05]"
3722,Bulker,28217.0,5,GISBORNE,0.0002460104,"[1.0, 1.0, 1.0, 1.0]","[0.19287266, 0.32246003, 0.49500407, 0.8612165]","[0.00013195, 0.00013195, 0.00013195, 0.00013088]","[2.545e-05, 4.25493e-05, 6.53168e-05, 0.0001127149]"
3723,Bulker,28217.0,5,WELLINGTON,0.0002125902,"[1.0, 1.0, 1.0, 0.999944]","[0.18616673, 0.36401823, 0.50302637, 0.87949328]","[0.00012132, 0.00012132, 0.00010536, 0.00010558]","[2.25866e-05, 4.41644e-05, 5.30012e-05, 9.28536e-05]"
3725,Bulker,28217.0,6,TAURANGA,0.0003252927,"[1.0, 1.0, 1.0, 1.0, 1.0]","[0.08946034, 0.25233322, 0.49093311, 0.72225566, 0.85268278]","[0.0001061, 0.0001061, 0.00013992, 0.00013992, 0.00013992]","[9.4918e-06, 2.67727e-05, 6.86936e-05, 0.0001010613, 0.0001193113]"
3726,Bulker,28217.0,5,NELSON,0.0002269718,"[1.0, 1.0, 1.0, 0.999848]","[0.21649545, 0.38791046, 0.54359043, 0.91303199]","[0.00012132, 0.00012132, 0.00010536, 0.00010558]","[2.62662e-05, 4.70631e-05, 5.72752e-05, 9.63853e-05]"
3740,Bulker,32573.0,7,LYTTELTON,0.0002299452,"[1.0, 1.0, 1.0, 1.0, 1.0, 1.0]","[0.04771997, 0.1155057, 0.25509236, 0.41246253, 0.57749866, 0.63134674]","[8.676e-05, 8.676e-05, 8.676e-05, 8.676e-05, 0.00013061, 0.00013061]","[4.14e-06, 1.00209e-05, 2.2131e-05, 3.57839e-05, 7.54277e-05, 8.24609e-05]"
3744,RoRo,18436.0,7,AUCKLAND,0.0003920834,"[1.0, 1.0, 1.0, 1.0, 1.0, 0.999965]","[0.21325686, 0.32742591, 0.40499312, 0.52896526, 0.68263658, 0.8693502]","[0.00011886, 0.00011063, 0.00011063, 0.00013992, 0.00013992, 0.00013371]","[2.53486e-05, 3.62231e-05, 4.48044e-05, 7.40152e-05, 9.55176e-05, 0.0001162353]"
3746,Bulker,32573.0,5,LYTTELTON,0.0002192068,"[1.0, 1.0, 1.0, 0.999915]","[0.23757334, 0.41998295, 0.51194075, 0.90931983]","[0.00010536, 0.00010536, 0.00010536, 0.00010558]","[2.50318e-05, 4.42514e-05, 5.39405e-05, 9.59998e-05]"
3750,Bulker,32503.0,6,TIMARU,0.000179342,"[1.0, 1.0, 1.0, 1.0, 1.0]","[0.12334622, 0.27547882, 0.45853521, 0.57604111, 0.68894628]","[8.382e-05, 8.382e-05, 8.382e-05, 8.498e-05, 8.498e-05]","[1.03384e-05, 2.30896e-05, 3.84327e-05, 4.89496e-05, 5.85438e-05]"
3753,Bulker,32503.0,7,WELLINGTON,0.0002610221,"[1.0, 1.0, 1.0, 1.0, 0.999994, 0.999949]","[0.03852831, 0.09904844, 0.22136083, 0.43879434, 0.74479509, 0.87736372]","[0.00012132, 0.00012132, 0.00012132, 0.00010536, 0.00010558, 0.00010558]","[4.6744e-06, 1.2017e-05, 2.68565e-05, 4.62334e-05, 7.86366e-05, 9.26292e-05]"
3754,Bulker,32503.0,5,GISBORNE,0.0002751308,"[1.0, 1.0, 1.0, 0.999994]","[0.28370004, 0.49839289, 0.60176639, 0.87913485]","[9.871e-05, 0.00013195, 0.00013195, 0.00011601]","[2.80041e-05, 6.5764e-05, 7.94043e-05, 0.0001019854]"
3756,Bulker,32414.0,5,NEW PLYMOUTH,0.0001612533,"[1.0, 1.0, 1.0, 1.0]","[0.24325122, 0.42088589, 0.57080763, 0.68694528]","[8.288e-05, 8.288e-05, 8.382e-05, 8.498e-05]","[2.01615e-05, 3.48844e-05, 4.7843e-05, 5.83737e-05]"
3757,Bulker,32414.0,7,NEW PLYMOUTH,0.000188944,"[1.0, 1.0, 1.0, 1.0, 1.0, 1.0]","[0.03875288, 0.09449713, 0.24853142, 0.48891023, 0.65826363, 0.69121181]","[0.00010536, 0.00010536, 8.382e-05, 8.382e-05, 8.382e-05, 8.382e-05]","[4.0832e-06, 9.9567e-06, 2.0831e-05, 4.09787e-05, 5.51732e-05, 5.79348e-05]"
3759,Bulker,32414.0,5,TAURANGA,0.0001943964,"[1.0, 1.0, 1.0, 1.0]","[0.20622659, 0.38748747, 0.49490275, 0.6582466]","[0.00011623, 0.00011063, 0.00011063, 0.00011063]","[2.39693e-05, 4.28677e-05, 5.47511e-05, 7.28218e-05]"
3762,Bulker,32503.0,6,AUCKLAND,0.0002936582,"[1.0, 1.0, 1.0, 0.999965, 1.0]","[0.0867252, 0.19110974, 0.3758646, 0.70780221, 0.85151885]","[0.00013195, 9.871e-05, 0.00013195, 0.00013371, 0.00013992]","[1.14436e-05, 1.88645e-05, 4.95961e-05, 9.46357e-05, 0.0001191484]"
3765,General Cargo,32503.0,5,TIMARU,0.0003102528,"[1.0, 1.0, 1.0, 1.0]","[0.30356294, 0.64926498, 0.7098411, 0.72568284]","[0.00012132, 0.00013117, 0.00013117, 0.00013117]","[3.68297e-05, 8.5163e-05, 9.31086e-05, 9.51866e-05]"
3767,Bulker,32377.0,5,NEW PLYMOUTH,0.0001765261,"[1.0, 1.0, 1.0, 1.0]","[0.23548676, 0.4544559, 0.66431584, 0.69144216]","[0.00010536, 8.382e-05, 8.382e-05, 8.382e-05]","[2.4812e-05, 3.80908e-05, 5.56805e-05, 5.79541e-05]"
3773,Bulker,32480.0,5,GISBORNE,0.0002525853,"[1.0, 1.0, 1.0, 0.999998]","[0.19919407, 0.40002342, 0.5012315, 0.8939545]","[0.00011063, 0.00013195, 0.00011623, 0.00013371]","[2.20368e-05, 5.27839e-05, 5.82572e-05, 0.0001195288]"
3777,Bulker,28213.0,7,PORT CHALMERS,0.0002435315,"[1.0, 1.0, 1.0, 0.9999, 1.0, 1.0]","[0.04272843, 0.10465006, 0.21070192, 0.61843491, 0.79311303, 0.87743613]","[8.358e-05, 8.906e-05, 8.906e-05, 0.00010558, 8.776e-05, 8.776e-05]","[3.5713e-06, 9.3206e-06, 1.8766e-05, 6.52892e-05, 6.96031e-05, 7.70033e-05]"
3785,RoRo,19110.0,7,AUCKLAND,0.0003671725,"[1.0, 1.0, 1.0, 1.0, 1.0, 0.999965]","[0.23838664, 0.30854744, 0.3800076, 0.49224465, 0.58789921, 0.84918918]","[0.00011063, 0.00011063, 0.00011063, 0.00013992, 0.00013992, 0.00013371]","[2.63727e-05, 3.41346e-05, 4.20402e-05, 6.88771e-05, 8.22615e-05, 0.0001135397]"
3786,RoRo,19110.0,6,AUCKLAND,0.0003973732,"[1.0, 1.0, 1.0, 1.0, 0.999965]","[0.37018836, 0.45731005, 0.6060111, 0.74639058, 0.87248052]","[0.00011063, 0.00011063, 0.00013992, 0.00013992, 0.00013371]","[4.09539e-05, 5.05922e-05, 8.47958e-05, 0.0001044384, 0.0001166538]"
3804,Bulker,55747.0,7,WELLINGTON,0.0002491553,"[1.0, 1.0, 1.0, 1.0, 1.0, 0.999994]","[0.03198634, 0.08934565, 0.2514046, 0.44973635, 0.5966821, 0.90581064]","[0.00010536, 0.00010536, 0.00012132, 0.00010536, 0.00010536, 0.00010558]","[3.3702e-06, 9.4139e-06, 3.05016e-05, 4.73863e-05, 6.28692e-05, 9.56369e-05]"
3806,General Cargo,24964.0,6,AUCKLAND,0.0003644688,"[1.0, 1.0, 0.998457, 0.999903, 0.999862]","[0.34091183, 0.45453402, 0.6999758, 0.80579672, 0.87915477]","[0.00011063, 0.00011063, 0.00011601, 0.00011601, 0.00011601]","[3.77151e-05, 5.02851e-05, 8.10769e-05, 9.34691e-05, 0.0001019742]"
3815,General Cargo,57949.0,5,AUCKLAND,0.0003345874,"[1.0, 1.0, 1.0, 1.0]","[0.52450161, 0.56940842, 0.60336609, 0.61372981]","[0.0001448, 0.0001448, 0.0001448, 0.0001448]","[7.59469e-05, 8.24493e-05, 8.73663e-05, 8.88669e-05]"
3819,Bulker,31669.0,7,NEW PLYMOUTH,0.0002366826,"[1.0, 1.0, 0.999995, 0.99986, 1.0, 0.999987]","[0.04013194, 0.09352298, 0.24462668, 0.49437905, 0.76081216, 0.91736891]","[8.776e-05, 8.776e-05, 0.00014047, 0.00010558, 7.567e-05, 8.814e-05]","[3.522e-06, 8.2075e-06, 3.43631e-05, 5.21904e-05, 5.75683e-05, 8.08526e-05]"
3820,Bulker,31669.0,7,TAURANGA,0.0002447604,"[1.0, 1.0, 1.0, 1.0, 1.0, 0.999999]","[0.03978253, 0.09681179, 0.21677414, 0.36296334, 0.4501641, 0.87616961]","[9.871e-05, 9.871e-05, 9.871e-05, 9.871e-05, 0.00013195, 0.00013088]","[3.9269e-06, 9.5563e-06, 2.13978e-05, 3.58281e-05, 5.94001e-05, 0.0001146719]"
3821,Bulker,31669.0,7,GISBORNE,0.0003180052,"[1.0, 1.0, 1.0, 1.0, 1.0, 0.99999]","[0.05316142, 0.12519273, 0.27439457, 0.51157536, 0.63867872, 0.90924813]","[9.871e-05, 9.871e-05, 9.871e-05, 0.00013195, 0.00013195, 0.00013371]","[5.2476e-06, 1.23578e-05, 2.70855e-05, 6.75034e-05, 8.4275e-05, 0.0001215728]"
3822,Bulker,31669.0,6,TAURANGA,0.0002269101,"[1.0, 1.0, 1.0, 1.0, 1.0]","[0.08686212, 0.19844749, 0.36070841, 0.50576617, 0.85539187]","[0.00011063, 0.00011063, 0.00011063, 0.00011174, 0.00011567]","[9.6096e-06, 2.19542e-05, 3.99052e-05, 5.65121e-05, 9.89472e-05]"
3823,Bulker,31669.0,7,TAURANGA,0.0003226548,"[1.0, 1.0, 1.0, 1.0, 1.0, 0.999999]","[0.04333118, 0.10588011, 0.21709975, 0.40832301, 0.84363862, 0.88635542]","[0.00013195, 0.00013195, 0.00013195, 9.871e-05, 0.00013992, 0.00013088]","[5.7176e-06, 1.39711e-05, 2.86468e-05, 4.03056e-05, 0.0001180458, 0.000116005]"
3826,Bulker,31702.0,5,TAURANGA,0.0002657322,"[1.0, 1.0, 1.0, 0.999999]","[0.22045635, 0.41205869, 0.68993715, 0.88847798]","[0.00013195, 9.871e-05, 0.00011553, 0.00013088]","[2.90897e-05, 4.06743e-05, 7.97095e-05, 0.0001162828]"
3827,Bulker,31702.0,7,TAURANGA,0.000317463,"[1.0, 1.0, 1.0, 1.0, 1.0, 0.999999]","[0.05993559, 0.13724989, 0.29839013, 0.57074097, 0.70179072, 0.88370049]","[0.00011063, 0.00011063, 0.00011063, 0.00011553, 0.00011553, 0.00013088]","[6.6307e-06, 1.5184e-05, 3.30109e-05, 6.59386e-05, 8.1079e-05, 0.0001156575]"
3828,Bulker,31702.0,6,TAURANGA,0.0002885987,"[0.999999, 1.0, 0.999999, 1.0, 0.999948]","[0.11129515, 0.26181476, 0.43662829, 0.71411584, 0.92063918]","[0.00013088, 0.00013992, 0.00013088, 0.00010291, 0.00011601]","[1.45662e-05, 3.66343e-05, 5.71453e-05, 7.34887e-05, 0.0001067951]"
3830,General Cargo,37118.0,6,LYTTELTON,0.0003057588,"[1.0, 1.0, 1.0, 1.0, 1.0]","[0.35737322, 0.46130008, 0.54777683, 0.58084257, 0.64475726]","[0.00011797, 0.00011797, 0.00011797, 0.00011797, 0.00011797]","[4.21609e-05, 5.44217e-05, 6.46237e-05, 6.85246e-05, 7.60649e-05]"
3846,Bulker,28240.0,5,NELSON,0.0003130394,"[0.999991, 0.999993, 1.0, 0.999951]","[0.27321426, 0.4784166, 0.67339414, 0.84835264]","[0.00014047, 0.00014047, 0.00013117, 0.00014047]","[3.83786e-05, 6.72037e-05, 8.83279e-05, 0.0001191641]"
3847,Bulker,28238.0,6,GISBORNE,0.0002325406,"[1.0, 1.0, 1.0, 1.0, 1.0]","[0.09461462, 0.21421036, 0.37996022, 0.47471088, 0.84140352]","[0.00011623, 0.00011623, 0.00011623, 0.00011623, 0.00011567]","[1.09969e-05, 2.48973e-05, 4.4162e-05, 5.51747e-05, 9.73291e-05]"
3848,Bulker,28238.0,5,TAURANGA,0.0002888464,"[1.0, 1.0, 1.0, 1.0]","[0.16965097, 0.37440118, 0.74202764, 0.80942276]","[0.00013195, 0.00013195, 0.00013992, 0.00013992]","[2.23858e-05, 4.9403e-05, 0.0001038279, 0.0001132581]"
3850,RoRo,18924.0,7,AUCKLAND,0.000434991,"[1.0, 1.0, 1.0, 1.0, 1.0, 0.999965]","[0.30175594, 0.38110121, 0.47387337, 0.62135335, 0.73742781, 0.87485211]","[0.00011063, 0.00011063, 0.00011063, 0.00013992, 0.00013992, 0.00013371]","[3.33833e-05, 4.21612e-05, 5.24246e-05, 8.69426e-05, 0.0001031843, 0.0001169709]"
3851,RoRo,18924.0,7,AUCKLAND,0.0004662526,"[1.0, 1.0, 1.0, 0.999998, 0.999913, 0.999965]","[0.32767409, 0.40559844, 0.51565578, 0.61177964, 0.70815295, 0.87386846]","[0.00013992, 0.00013992, 0.00013992, 0.00013088, 0.00013371, 0.00013371]","[4.58497e-05, 5.67532e-05, 7.21529e-05, 8.00688e-05, 9.46777e-05, 0.0001168394]"
3872,RoRo,22585.0,7,AUCKLAND,0.0002985636,"[1.0, 1.0, 1.0, 1.0, 1.0, 1.0]","[0.2167439, 0.27569086, 0.41509764, 0.49064118, 0.59831155, 0.65362769]","[9.591e-05, 9.591e-05, 0.00010419, 0.00012152, 0.00011482, 0.00012209]","[2.07875e-05, 2.6441e-05, 4.32494e-05, 5.96206e-05, 6.86978e-05, 7.98029e-05]"
3882,Bulker,37085.0,5,TAURANGA,0.0002151599,"[1.0, 1.0, 1.0, 1.0]","[0.24785139, 0.46644131, 0.64263606, 0.66587638]","[9.871e-05, 0.00013195, 9.871e-05, 9.871e-05]","[2.44654e-05, 6.15479e-05, 6.34347e-05, 6.57287e-05]"
3883,Bulker,37085.0,5,TAURANGA,0.0002211752,"[1.0, 1.0, 1.0, 1.0]","[0.26231079, 0.49359303, 0.62241267, 0.69629311]","[9.871e-05, 0.00013195, 9.871e-05, 9.871e-05]","[2.58927e-05, 6.51306e-05, 6.14384e-05, 6.87311e-05]"
3884,Bulker,37085.0,6,NAPIER,0.0002577657,"[1.0, 1.0, 1.0, 1.0, 1.0]","[0.13134777, 0.2915197, 0.48477168, 0.62205172, 0.69722793]","[0.00012132, 0.00010536, 0.00010536, 0.00012132, 0.00012132]","[1.59357e-05, 3.07159e-05, 5.10778e-05, 7.54702e-05, 8.4591e-05]"
3885,Bulker,37085.0,7,TAURANGA,0.0002391564,"[1.0, 1.0, 1.0, 1.0, 1.0, 1.0]","[0.04768261, 0.11661133, 0.26793177, 0.44237313, 0.5422052, 0.68438506]","[9.871e-05, 9.871e-05, 0.00013195, 0.00013195, 9.871e-05, 0.00011063]","[4.7068e-06, 1.15107e-05, 3.53542e-05, 5.83721e-05, 5.35211e-05, 7.57135e-05]"
3886,Bulker,37085.0,5,TAURANGA,0.0002627512,"[1.0, 1.0, 1.0, 1.0]","[0.3400705, 0.55738762, 0.65324948, 0.70369548]","[9.871e-05, 0.00013195, 0.00013195, 9.871e-05]","[3.35684e-05, 7.35485e-05, 8.61977e-05, 6.94618e-05]"
3889,RoRo,18418.0,7,AUCKLAND,0.0003862832,"[1.0, 1.0, 1.0, 1.0, 1.0, 1.0]","[0.2381868, 0.29539753, 0.4574717, 0.55115735, 0.69169752, 0.82621055]","[0.00011688, 0.00011688, 0.00011063, 0.00011063, 0.00013992, 0.00013992]","[2.78392e-05, 3.45259e-05, 5.06101e-05, 6.09745e-05, 9.67855e-05, 0.0001156072]"
3891,General Cargo,29118.0,6,TAURANGA,0.0002619332,"[1.0, 1.0, 1.0, 1.0, 1.0]","[0.25447977, 0.34805259, 0.43561503, 0.64625223, 0.68349229]","[0.00011063, 0.00011063, 0.00011063, 0.00011063, 0.00011063]","[2.81531e-05, 3.8505e-05, 4.81921e-05, 7.14949e-05, 7.56147e-05]"
3894,Bulker,29078.0,6,TIMARU,0.000169673,"[1.0, 1.0, 1.0, 1.0, 1.0]","[0.08774826, 0.19753632, 0.33034739, 0.45313296, 0.83340477]","[8.967e-05, 8.967e-05, 9.156e-05, 8.967e-05, 8.787e-05]","[7.868e-06, 1.77121e-05, 3.02458e-05, 4.06302e-05, 7.32273e-05]"
3899,Bulker,34236.0,7,TAURANGA,0.0002560476,"[1.0, 1.0, 1.0, 1.0, 1.0, 1.0]","[0.04578607, 0.12260289, 0.26832174, 0.46678208, 0.60893059, 0.63472031]","[0.00011482, 0.00011482, 0.00012152, 0.00012152, 0.00011482, 0.00012209]","[5.2571e-06, 1.40772e-05, 3.26053e-05, 5.67214e-05, 6.99171e-05, 7.74945e-05]"
3901,General Cargo,29840.0,7,NAPIER,0.0003759246,"[1.0, 1.0, 1.0, 1.0, 0.999999, 0.999999]","[0.19577965, 0.28088654, 0.3530283, 0.44213589, 0.77214474, 0.89626756]","[0.00012132, 0.00012132, 0.00010536, 0.00010536, 0.00014047, 0.00014047]","[2.37529e-05, 3.40785e-05, 3.71967e-05, 4.65855e-05, 0.0001084647, 0.0001259005]"
3905,General Cargo,29863.0,5,NAPIER,0.0002471602,"[1.0, 1.0, 1.0, 0.999999]","[0.27871477, 0.35240854, 0.42552456, 0.89536864]","[0.00012132, 0.00012132, 0.00010536, 0.00014047]","[3.3815e-05, 4.27559e-05, 4.48353e-05, 0.0001257743]"
3908,General Cargo,29902.0,5,NELSON,0.0003013531,"[1.0, 1.0, 0.999991, 0.999993]","[0.2941088, 0.40150952, 0.76544049, 0.89118266]","[8.967e-05, 0.00010536, 0.00014047, 0.00014047]","[2.63713e-05, 4.23049e-05, 0.0001075221, 0.0001251854]"
3909,General Cargo,29902.0,5,NEW PLYMOUTH,0.0002138983,"[1.0, 1.0, 1.0, 0.999996]","[0.27149488, 0.34655641, 0.39369508, 0.71920714]","[0.00010536, 0.00010536, 0.00012132, 0.00014047]","[2.8606e-05, 3.65148e-05, 4.77649e-05, 0.0001010282]"
3921,General Cargo,29496.0,5,NEW PLYMOUTH,0.0002383965,"[1.0, 1.0, 1.0, 1.0]","[0.28840537, 0.39347946, 0.45871461, 0.79772596]","[0.00010536, 0.00012132, 0.00012132, 0.00013117]","[3.03877e-05, 4.77388e-05, 5.56534e-05, 0.0001046363]"
3922,General Cargo,29496.0,7,WELLINGTON,0.0003738056,"[1.0, 1.0, 1.0, 1.0, 0.999997, 0.999998]","[0.20197871, 0.29038196, 0.35818294, 0.47557957, 0.72815329, 0.88457455]","[0.00010536, 0.00010536, 0.00010536, 0.00012132, 0.00014047, 0.00014047]","[2.12814e-05, 3.0596e-05, 3.77398e-05, 5.76995e-05, 0.0001022849, 0.0001242577]"
3926,Bulker,32203.0,6,TAURANGA,0.0002221553,"[1.0, 1.0, 1.0, 1.0, 1.0]","[0.09170904, 0.21014457, 0.418217, 0.55313974, 0.68308011]","[0.00011623, 0.00013195, 0.00011063, 0.00011063, 0.00011174]","[1.06592e-05, 2.7729e-05, 4.62673e-05, 6.11938e-05, 7.63243e-05]"
3927,Bulker,32203.0,6,NEW PLYMOUTH,0.0001740358,"[1.0, 1.0, 1.0, 1.0, 1.0]","[0.0839408, 0.24942198, 0.47111449, 0.57425518, 0.6789939]","[0.00010536, 8.288e-05, 8.382e-05, 8.382e-05, 8.382e-05]","[8.8444e-06, 2.06729e-05, 3.94871e-05, 4.8132e-05, 5.69108e-05]"
3931,Bulker,32976.0,7,WELLINGTON,0.000199354,"[1.0, 1.0, 1.0, 1.0, 1.0, 1.0]","[0.04391725, 0.10628946, 0.22475557, 0.37776403, 0.46942726, 0.64727626]","[0.00012132, 0.00012132, 0.00010536, 0.00010536, 0.00010536, 0.00010536]","[5.3282e-06, 1.28955e-05, 2.36813e-05, 3.9803e-05, 4.9461e-05, 6.82e-05]"
3940,Bulker,34481.0,6,AUCKLAND,0.000267334,"[1.0, 1.0, 1.0, 1.0, 1.0]","[0.0892371, 0.22650996, 0.46730225, 0.63449167, 0.68819222]","[9.871e-05, 9.871e-05, 0.00013195, 0.00013195, 0.00013195]","[8.8086e-06, 2.23588e-05, 6.16615e-05, 8.37225e-05, 9.08084e-05]"
3943,RoRo,18396.0,7,AUCKLAND,0.0004281782,"[1.0, 1.0, 1.0, 1.0, 1.0, 0.999998]","[0.25083622, 0.38142247, 0.47857176, 0.62591194, 0.74726222, 0.85309731]","[0.00011688, 0.00011063, 0.00011063, 0.00013992, 0.00013992, 0.00013088]","[2.93176e-05, 4.21968e-05, 5.29444e-05, 8.75805e-05, 0.0001045603, 0.0001116521]"
3947,Bulker,37633.0,5,TAURANGA,0.0002124479,"[1.0, 1.0, 1.0, 1.0]","[0.23365161, 0.4311061, 0.57582214, 0.68035358]","[0.00010943, 0.00010943, 0.00011063, 0.00011174]","[2.55674e-05, 4.71739e-05, 6.37032e-05, 7.60197e-05]"
3949,Bulker,37629.0,7,TAURANGA,0.0003250108,"[1.0, 1.0, 1.0, 1.0, 0.999961, 1.0]","[0.04517013, 0.13909894, 0.30972518, 0.51360831, 0.68484876, 0.83973606]","[0.0001061, 0.00011553, 0.00011553, 0.00011553, 0.00013371, 0.00013992]","[4.7926e-06, 1.60703e-05, 3.5783e-05, 5.9338e-05, 9.15664e-05, 0.0001174997]"
3950,Bulker,37629.0,5,TAURANGA,0.0002727519,"[1.0, 1.0, 0.999999, 0.999961]","[0.21699329, 0.38312379, 0.82130558, 0.8949155]","[9.704e-05, 9.704e-05, 0.00011553, 0.00013371]","[2.10576e-05, 3.71793e-05, 9.48867e-05, 0.000119653]"
3957,Bulker,58044.0,5,WELLINGTON,0.0002209802,"[1.0, 1.0, 1.0, 0.999994]","[0.24918786, 0.46839833, 0.51564773, 0.82477747]","[0.00012132, 0.00010536, 0.00010536, 0.00010558]","[3.02326e-05, 4.93526e-05, 5.43311e-05, 8.70813e-05]"
3963,Bulker,24377.0,5,NELSON,0.0002116887,"[1.0, 1.0, 1.0, 0.999864]","[0.19206035, 0.4221408, 0.55967911, 0.8814391]","[7.916e-05, 0.00010536, 0.00010536, 0.00010558]","[1.52032e-05, 4.44787e-05, 5.89704e-05, 9.30516e-05]"
3968,Bulker,36612.0,5,TIMARU,0.0001699258,"[1.0, 1.0, 1.0, 1.0]","[0.23265107, 0.38516846, 0.47686009, 0.61569113]","[0.00010823, 0.00010823, 0.00010823, 8.358e-05]","[2.51797e-05, 4.16866e-05, 5.16104e-05, 5.14597e-05]"
3976,Container,30700.0,7,AUCKLAND,0.0002755792,"[1.0, 1.0, 1.0, 0.998457, 0.999903, 0.999862]","[0.23058237, 0.31445836, 0.35628497, 0.46574206, 0.51248569, 0.55422072]","[0.00010291, 0.00011063, 0.00011063, 0.00011601, 0.00011601, 0.00011601]","[2.37289e-05, 3.47885e-05, 3.94158e-05, 5.39461e-05, 5.94463e-05, 6.42847e-05]"
3977,Container,30700.0,7,AUCKLAND,0.0002805809,"[1.0, 1.0, 1.0, 0.998457, 0.999903, 0.999862]","[0.23398277, 0.32632658, 0.36161687, 0.47000466, 0.52185785, 0.56430113]","[0.00010291, 0.00011063, 0.00011063, 0.00011601, 0.00011601, 0.00011601]","[2.40788e-05, 3.61015e-05, 4.00057e-05, 5.44398e-05, 6.05334e-05, 6.54539e-05]"
3978,Container,30700.0,7,AUCKLAND,0.000277565,"[1.0, 1.0, 1.0, 0.998457, 0.999862, 0.999903]","[0.23937892, 0.31599786, 0.35659925, 0.47136299, 0.52199111, 0.54665234]","[0.00010291, 0.00011063, 0.00011063, 0.00011601, 0.00011601, 0.00011601]","[2.46341e-05, 3.49588e-05, 3.94506e-05, 5.45971e-05, 6.05463e-05, 6.34094e-05]"
3979,Container,30700.0,7,AUCKLAND,0.0002954657,"[1.0, 1.0, 0.99994, 0.998457, 0.999903, 0.999862]","[0.28237289, 0.31347895, 0.41848298, 0.47632316, 0.52188986, 0.56322997]","[0.00011063, 0.00011063, 0.00011601, 0.00011601, 0.00011601, 0.00011601]","[3.12389e-05, 3.46802e-05, 4.85441e-05, 5.51716e-05, 6.05371e-05, 6.53297e-05]"
3980,Container,30700.0,7,AUCKLAND,0.0002832294,"[1.0, 1.0, 1.0, 0.998457, 0.999903, 0.999862]","[0.24089662, 0.32332594, 0.36656456, 0.47877934, 0.52892499, 0.56331916]","[0.00010291, 0.00011063, 0.00011063, 0.00011601, 0.00011601, 0.00011601]","[2.47903e-05, 3.57695e-05, 4.0553e-05, 5.54561e-05, 6.13531e-05, 6.534e-05]"
3982,Container,30700.0,7,AUCKLAND,0.0002758057,"[1.0, 1.0, 1.0, 1.0, 1.0, 0.998457]","[0.22700442, 0.27545349, 0.35284098, 0.37982493, 0.42685299, 0.56370892]","[0.00011924, 0.00011063, 0.00013195, 0.00013195, 0.00013195, 0.00011601]","[2.70691e-05, 3.04734e-05, 4.65581e-05, 5.01187e-05, 5.63242e-05, 6.52934e-05]"
3983,Container,30700.0,7,AUCKLAND,0.0002911097,"[1.0, 1.0, 1.0, 1.0, 1.0, 0.998457]","[0.29072285, 0.31953371, 0.35776688, 0.45444456, 0.4959679, 0.56641179]","[0.00013195, 0.00013195, 0.00013195, 0.00010291, 0.00010291, 0.00011601]","[3.83615e-05, 4.21631e-05, 4.72081e-05, 4.67663e-05, 5.10394e-05, 6.56064e-05]"
3984,Container,30700.0,7,AUCKLAND,0.0002855776,"[1.0, 1.0, 1.0, 1.0, 1.0, 0.998457]","[0.29115117, 0.31222877, 0.35459967, 0.44123068, 0.48338269, 0.55300277]","[0.00013195, 0.00013195, 0.00013195, 0.00010291, 0.00010291, 0.00011601]","[3.8418e-05, 4.11992e-05, 4.67902e-05, 4.54064e-05, 4.97442e-05, 6.40533e-05]"
3985,Container,30700.0,7,AUCKLAND,0.0002656745,"[1.0, 1.0, 1.0, 1.0, 1.0, 1.0]","[0.2641878, 0.30230491, 0.3251282, 0.36504254, 0.46565305, 0.50496024]","[0.00013195, 0.00013195, 0.00013195, 0.00013195, 0.00010291, 0.00010291]","[3.48601e-05, 3.98898e-05, 4.29014e-05, 4.81681e-05, 4.79197e-05, 5.19647e-05]"
3986,Container,30700.0,7,AUCKLAND,0.000287419,"[1.0, 1.0, 1.0, 1.0, 1.0, 0.998457]","[0.28982005, 0.31092987, 0.36064792, 0.446559, 0.48532908, 0.55854658]","[0.00013195, 0.00013195, 0.00013195, 0.00010291, 0.00010291, 0.00011601]","[3.82424e-05, 4.10279e-05, 4.75883e-05, 4.59548e-05, 4.99445e-05, 6.46954e-05]"
3989,Container,30814.0,7,AUCKLAND,0.0002891987,"[1.0, 1.0, 1.0, 0.998457, 0.999903, 0.999862]","[0.28693866, 0.33354441, 0.4092224, 0.46630013, 0.51121487, 0.56182809]","[0.00011063, 0.00011063, 0.00010291, 0.00011601, 0.00011601, 0.00011601]","[3.1744e-05, 3.69e-05, 4.21125e-05, 5.40107e-05, 5.92988e-05, 6.51671e-05]"
3990,Container,30814.0,7,AUCKLAND,0.0002722014,"[1.0, 1.0, 1.0, 0.998457, 0.999903, 0.999862]","[0.23358764, 0.30877449, 0.35152953, 0.46188259, 0.5036954, 0.54502822]","[0.00010291, 0.00011063, 0.00011063, 0.00011601, 0.00011601, 0.00011601]","[2.40382e-05, 3.41597e-05, 3.88897e-05, 5.3499e-05, 5.84266e-05, 6.32184e-05]"
3991,Container,30814.0,7,AUCKLAND,0.0002735923,"[1.0, 1.0, 1.0, 0.998457, 0.999903, 0.999862]","[0.22833299, 0.31430759, 0.35136341, 0.46214365, 0.50854391, 0.55145629]","[0.00010291, 0.00011063, 0.00011063, 0.00011601, 0.00011601, 0.00011601]","[2.34974e-05, 3.47718e-05, 3.88713e-05, 5.35293e-05, 5.8989e-05, 6.3964e-05]"
3992,Container,30814.0,7,AUCKLAND,0.0002725488,"[1.0, 1.0, 1.0, 0.998457, 0.999903, 0.999862]","[0.22960211, 0.30878207, 0.34190339, 0.45437317, 0.51042748, 0.56150045]","[0.00010291, 0.00011063, 0.00011063, 0.00011601, 0.00011601, 0.00011601]","[2.3628e-05, 3.41606e-05, 3.78248e-05, 5.26292e-05, 5.92075e-05, 6.51291e-05]"
3993,Container,30814.0,7,AUCKLAND,0.0002810718,"[1.0, 1.0, 1.0, 0.998457, 0.999862, 0.999903]","[0.24580194, 0.32242326, 0.36041786, 0.47143875, 0.52427077, 0.55906788]","[0.00010291, 0.00011063, 0.00011063, 0.00011601, 0.00011601, 0.00011601]","[2.52951e-05, 3.56697e-05, 3.9873e-05, 5.46059e-05, 6.08108e-05, 6.48496e-05]"
3994,Container,30814.0,7,AUCKLAND,0.0002732533,"[0.998457, 1.0, 1.0, 0.998457, 0.999903, 0.999862]","[0.21752853, 0.31056742, 0.34724152, 0.46649338, 0.50783751, 0.53775115]","[0.00011601, 0.00011063, 0.00011063, 0.00011601, 0.00011601, 0.00011601]","[2.51959e-05, 3.43581e-05, 3.84153e-05, 5.40331e-05, 5.89071e-05, 6.23744e-05]"
3995,Container,30814.0,6,AUCKLAND,0.0002456291,"[1.0, 1.0, 1.0, 1.0, 0.998457]","[0.2863131, 0.36103962, 0.44458408, 0.48395676, 0.55840206]","[0.00013195, 0.00013195, 0.00010291, 0.00010291, 0.00011601]","[3.77796e-05, 4.76399e-05, 4.57515e-05, 4.98033e-05, 6.46787e-05]"
3996,Container,30814.0,7,AUCKLAND,0.0002912589,"[1.0, 1.0, 1.0, 1.0, 1.0, 0.998457]","[0.28464315, 0.30685635, 0.36657859, 0.46103711, 0.50299875, 0.56692626]","[0.00013195, 0.00013195, 0.00013195, 0.00010291, 0.00010291, 0.00011601]","[3.75593e-05, 4.04903e-05, 4.83708e-05, 4.74447e-05, 5.17629e-05, 6.5666e-05]"
3998,Container,30814.0,7,AUCKLAND,0.0002973003,"[1.0, 1.0, 0.99994, 0.998457, 0.999903, 0.999862]","[0.29652408, 0.32945276, 0.43063938, 0.46293275, 0.51518848, 0.55823456]","[0.00011063, 0.00011063, 0.00011601, 0.00011601, 0.00011601, 0.00011601]","[3.28045e-05, 3.64473e-05, 4.99543e-05, 5.36207e-05, 5.97598e-05, 6.47503e-05]"
3999,Container,30814.0,7,AUCKLAND,0.0002909348,"[1.0, 1.0, 0.99994, 0.998457, 0.999903, 0.999862]","[0.27165039, 0.31256411, 0.4125922, 0.45778679, 0.51992626, 0.56162212]","[0.00011063, 0.00011063, 0.00011601, 0.00011601, 0.00011601, 0.00011601]","[3.00527e-05, 3.4579e-05, 4.78608e-05, 5.30246e-05, 6.03093e-05, 6.51432e-05]"
4000,Container,30814.0,7,AUCKLAND,0.0002719866,"[1.0, 1.0, 1.0, 0.998457, 0.999862, 0.999903]","[0.23540836, 0.30912313, 0.34698352, 0.46017817, 0.51015768, 0.54080255]","[0.00010291, 0.00011063, 0.00011063, 0.00011601, 0.00011601, 0.00011601]","[2.42255e-05, 3.41983e-05, 3.83868e-05, 5.33016e-05, 5.91738e-05, 6.27309e-05]"
4002,Container,30813.0,7,AUCKLAND,0.0002772102,"[1.0, 1.0, 1.0, 1.0, 1.0, 0.998457]","[0.29402846, 0.36491019, 0.42099407, 0.43822593, 0.50852427, 0.55912549]","[0.00011623, 0.00010291, 0.00010291, 0.00010291, 0.00010291, 0.00011601]","[3.41744e-05, 3.75524e-05, 4.33239e-05, 4.50972e-05, 5.23315e-05, 6.47625e-05]"
4003,Container,30813.0,7,AUCKLAND,0.0002830265,"[1.0, 1.0, 1.0, 1.0, 1.0, 0.998457]","[0.2690919, 0.31736203, 0.37743037, 0.41060582, 0.5153092, 0.56301087]","[0.00013195, 0.00013195, 0.00011623, 0.0001061, 0.00010291, 0.00011601]","[3.55072e-05, 4.18766e-05, 4.3868e-05, 4.35655e-05, 5.30297e-05, 6.52125e-05]"
4004,Container,30813.0,7,AUCKLAND,0.0002450838,"[0.998067, 0.999701, 1.0, 1.0, 1.0, 1.0]","[0.19718494, 0.22627242, 0.30742915, 0.35637983, 0.39777225, 0.45368688]","[0.00011601, 0.00011601, 0.00011924, 0.00013195, 0.00013195, 0.00013195]","[2.28306e-05, 2.62414e-05, 3.66594e-05, 4.70251e-05, 5.24869e-05, 5.98649e-05]"
4005,Container,30813.0,7,AUCKLAND,0.0002438047,"[1.0, 1.0, 1.0, 1.0, 1.0, 1.0]","[0.22041328, 0.25987682, 0.29139301, 0.34712198, 0.39134393, 0.52003647]","[0.00011924, 0.00013195, 0.00013195, 0.00013195, 0.00011623, 0.00010291]","[2.62832e-05, 3.42913e-05, 3.84499e-05, 4.58035e-05, 4.54851e-05, 5.35162e-05]"
4006,Container,30813.0,7,AUCKLAND,0.0002737686,"[0.998067, 1.0, 1.0, 1.0, 1.0, 0.999862]","[0.21119969, 0.28864166, 0.34727626, 0.37376766, 0.41591061, 0.55955432]","[0.00011601, 0.00011924, 0.00013195, 0.00013195, 0.00013195, 0.00011601]","[2.44533e-05, 3.44191e-05, 4.58238e-05, 4.93194e-05, 5.48803e-05, 6.49033e-05]"
4007,Container,30813.0,7,AUCKLAND,0.0002837972,"[1.0, 1.0, 1.0, 1.0, 1.0, 0.998457]","[0.2682572, 0.29907512, 0.35044002, 0.39312191, 0.50171624, 0.56467891]","[0.00013195, 0.00013195, 0.00013195, 0.00011623, 0.00010291, 0.00011601]","[3.53971e-05, 3.94636e-05, 4.62413e-05, 4.56918e-05, 5.16309e-05, 6.54057e-05]"
4008,Container,30813.0,7,AUCKLAND,0.0002663002,"[1.0, 1.0, 1.0, 1.0, 1.0, 0.998457]","[0.21536698, 0.25793945, 0.34065686, 0.36303556, 0.40773278, 0.56512142]","[0.00011924, 0.00011063, 0.00013195, 0.00013195, 0.00013195, 0.00011601]","[2.56814e-05, 2.85358e-05, 4.49504e-05, 4.79033e-05, 5.38012e-05, 6.5457e-05]"
4009,Container,30813.0,7,AUCKLAND,0.00029448,"[1.0, 1.0, 1.0, 1.0, 1.0, 0.998457]","[0.29430696, 0.31972469, 0.36699182, 0.4638705, 0.50167281, 0.56726351]","[0.00013195, 0.00013195, 0.00013195, 0.00010291, 0.00010291, 0.00011601]","[3.88344e-05, 4.21883e-05, 4.84253e-05, 4.77363e-05, 5.16264e-05, 6.57051e-05]"
4010,Container,30813.0,7,AUCKLAND,0.0003002922,"[1.0, 1.0, 1.0, 1.0, 1.0, 0.998457]","[0.31827128, 0.35630658, 0.43685916, 0.47569932, 0.50356461, 0.56623864]","[0.00013195, 0.00013195, 0.00010291, 0.00010291, 0.00010291, 0.00011601]","[4.19966e-05, 4.70154e-05, 4.49566e-05, 4.89535e-05, 5.18211e-05, 6.55864e-05]"
4011,Container,30813.0,7,AUCKLAND,0.0002886498,"[1.0, 1.0, 1.0, 1.0, 1.0, 0.998457]","[0.27588043, 0.31237619, 0.36501558, 0.45307944, 0.4999508, 0.55964759]","[0.00013195, 0.00013195, 0.00013195, 0.00010291, 0.00010291, 0.00011601]","[3.6403e-05, 4.12187e-05, 4.81646e-05, 4.66258e-05, 5.14492e-05, 6.4823e-05]"
4012,Container,30813.0,7,AUCKLAND,0.0002932455,"[1.0, 1.0, 1.0, 1.0, 1.0, 0.998457]","[0.2934344, 0.34158266, 0.43494252, 0.47230168, 0.49449739, 0.56323143]","[0.00013195, 0.00013195, 0.00010291, 0.00010291, 0.00010291, 0.00011601]","[3.87193e-05, 4.50726e-05, 4.47593e-05, 4.86039e-05, 5.0888e-05, 6.52381e-05]"
4013,Container,30813.0,7,AUCKLAND,0.0002824415,"[1.0, 1.0, 1.0, 1.0, 1.0, 0.998457]","[0.26964048, 0.29064125, 0.34335767, 0.45608155, 0.50023072, 0.55966158]","[0.00013195, 0.00013195, 0.00013195, 0.00010291, 0.00010291, 0.00011601]","[3.55796e-05, 3.83507e-05, 4.53068e-05, 4.69347e-05, 5.1478e-05, 6.48246e-05]"
4014,Container,30813.0,7,AUCKLAND,0.0002923623,"[1.0, 1.0, 1.0, 1.0, 1.0, 0.998457]","[0.29160676, 0.31438392, 0.36617041, 0.4601132, 0.50412572, 0.56023086]","[0.00013195, 0.00013195, 0.00013195, 0.00010291, 0.00010291, 0.00011601]","[3.84781e-05, 4.14836e-05, 4.8317e-05, 4.73496e-05, 5.18789e-05, 6.48905e-05]"
4016,Container,30852.0,7,AUCKLAND,0.0002818798,"[1.0, 1.0, 1.0, 1.0, 1.0, 0.998457]","[0.31387161, 0.38410506, 0.41181774, 0.44345292, 0.50988936, 0.56478123]","[0.00011623, 0.00010291, 0.00010291, 0.00010291, 0.00010291, 0.00011601]","[3.64807e-05, 3.95277e-05, 4.23796e-05, 4.56351e-05, 5.2472e-05, 6.54176e-05]"
4017,Container,30852.0,7,AUCKLAND,0.0002793287,"[1.0, 1.0, 1.0, 1.0, 1.0, 0.998457]","[0.25480171, 0.32505566, 0.42564765, 0.45614251, 0.50595603, 0.56522853]","[0.00011063, 0.00013195, 0.00010291, 0.00010291, 0.00010291, 0.00011601]","[2.81887e-05, 4.28918e-05, 4.38028e-05, 4.6941e-05, 5.20672e-05, 6.54694e-05]"
4018,Container,30852.0,7,AUCKLAND,0.0002796709,"[1.0, 1.0, 1.0, 1.0, 1.0, 0.998457]","[0.29099478, 0.32862187, 0.40188959, 0.43755828, 0.50576177, 0.55838859]","[0.00013195, 0.00011623, 0.00010291, 0.00010291, 0.00010291, 0.00011601]","[3.83974e-05, 3.81951e-05, 4.13579e-05, 4.50285e-05, 5.20472e-05, 6.46771e-05]"
4019,Container,30852.0,7,AUCKLAND,0.0002806136,"[1.0, 1.0, 1.0, 1.0, 1.0, 0.998457]","[0.249251, 0.30576372, 0.34978635, 0.39145074, 0.51647989, 0.56786769]","[0.00011924, 0.00013195, 0.00013195, 0.00011623, 0.00010291, 0.00011601]","[2.97219e-05, 4.03462e-05, 4.6155e-05, 4.54976e-05, 5.31502e-05, 6.57751e-05]"
4020,Container,30852.0,7,AUCKLAND,0.0002824227,"[1.0, 1.0, 1.0, 1.0, 1.0, 0.998457]","[0.27336316, 0.29842279, 0.33846978, 0.38320243, 0.51192186, 0.56225948]","[0.00013195, 0.00013195, 0.00013195, 0.00011623, 0.00010291, 0.00011601]","[3.60708e-05, 3.93775e-05, 4.46618e-05, 4.45389e-05, 5.26812e-05, 6.51255e-05]"
4021,Container,30852.0,7,AUCKLAND,0.0003003247,"[1.0, 1.0, 1.0, 1.0, 0.998457, 0.998067]","[0.32495059, 0.40856634, 0.43822805, 0.48133785, 0.52874854, 0.55857475]","[0.00011623, 0.00010291, 0.00010291, 0.00010291, 0.00011601, 0.00011601]","[3.77684e-05, 4.2045e-05, 4.50974e-05, 4.95338e-05, 6.1244e-05, 6.46734e-05]"
4022,Container,30852.0,7,AUCKLAND,0.0002655443,"[1.0, 1.0, 1.0, 1.0, 1.0, 0.998457]","[0.25823043, 0.2871294, 0.32419449, 0.43630181, 0.48472242, 0.5663318]","[0.00013195, 9.871e-05, 0.00013195, 0.00010291, 0.00010291, 0.00011601]","[3.40741e-05, 2.83426e-05, 4.27781e-05, 4.48992e-05, 4.98821e-05, 6.55972e-05]"
4025,Container,31756.0,7,AUCKLAND,0.0002927147,"[1.0, 1.0, 1.0, 1.0, 1.0, 0.998457]","[0.315339, 0.35258788, 0.43003555, 0.46002338, 0.51647914, 0.56475938]","[0.00013195, 0.00011623, 0.00010291, 0.00010291, 0.00010291, 0.00011601]","[4.16096e-05, 4.09806e-05, 4.42544e-05, 4.73404e-05, 5.31501e-05, 6.54151e-05]"
4026,Container,31756.0,7,AUCKLAND,0.000292082,"[1.0, 1.0, 1.0, 1.0, 1.0, 0.998457]","[0.30653262, 0.35288411, 0.43325469, 0.4660958, 0.51466437, 0.56238768]","[0.00013195, 0.00011623, 0.00010291, 0.00010291, 0.00010291, 0.00011601]","[4.04476e-05, 4.1015e-05, 4.45856e-05, 4.79653e-05, 5.29634e-05, 6.51403e-05]"
4027,Container,31756.0,7,AUCKLAND,0.0002871023,"[1.0, 1.0, 1.0, 1.0, 1.0, 0.998457]","[0.30581036, 0.37263889, 0.43411001, 0.47384382, 0.51958937, 0.57273117]","[0.00011623, 0.00010291, 0.00010291, 0.00010291, 0.00010291, 0.00011601]","[3.55437e-05, 3.83477e-05, 4.46737e-05, 4.87626e-05, 5.34702e-05, 6.63384e-05]"
4028,Container,31756.0,7,AUCKLAND,0.0002860422,"[1.0, 1.0, 1.0, 1.0, 1.0, 0.998457]","[0.2716173, 0.31642961, 0.35827438, 0.45493219, 0.52012764, 0.57411216]","[0.00013195, 0.00013195, 0.00011623, 0.00010291, 0.00010291, 0.00011601]","[3.58405e-05, 4.17536e-05, 4.16415e-05, 4.68164e-05, 5.35256e-05, 6.64984e-05]"
4029,Container,31756.0,7,AUCKLAND,0.0002857776,"[1.0, 1.0, 1.0, 1.0, 1.0, 0.998457]","[0.28793449, 0.32525014, 0.42188585, 0.458802, 0.51967441, 0.56899204]","[0.00013195, 0.00011623, 0.00010291, 0.00010291, 0.00010291, 0.00011601]","[3.79936e-05, 3.78032e-05, 4.34157e-05, 4.72147e-05, 5.3479e-05, 6.59053e-05]"
4030,Container,31756.0,7,AUCKLAND,0.0002757852,"[1.0, 1.0, 1.0, 1.0, 1.0, 0.998457]","[0.22557055, 0.30557606, 0.34274743, 0.460691, 0.4999119, 0.57377735]","[0.00011063, 0.00013195, 0.00013195, 0.00010291, 0.00010291, 0.00011601]","[2.49549e-05, 4.03214e-05, 4.52262e-05, 4.74091e-05, 5.14452e-05, 6.64596e-05]"
4031,Container,31756.0,7,AUCKLAND,0.0002900251,"[1.0, 1.0, 1.0, 1.0, 1.0, 0.998457]","[0.28436548, 0.30719778, 0.36171573, 0.4626198, 0.49477652, 0.56763755]","[0.00013195, 0.00013195, 0.00013195, 0.00010291, 0.00010291, 0.00011601]","[3.75226e-05, 4.05354e-05, 4.77292e-05, 4.76076e-05, 5.09168e-05, 6.57484e-05]"
4034,Container,30721.0,7,AUCKLAND,0.000240697,"[0.998457, 0.999701, 1.0, 1.0, 1.0, 1.0]","[0.18994778, 0.21284543, 0.3040229, 0.35539663, 0.38571662, 0.45463759]","[0.00011601, 0.00011601, 0.00011924, 0.00013195, 0.00013195, 0.00013195]","[2.20013e-05, 2.46842e-05, 3.62532e-05, 4.68953e-05, 5.08961e-05, 5.99904e-05]"
4035,Container,30721.0,7,AUCKLAND,0.0002833209,"[1.0, 1.0, 1.0, 1.0, 1.0, 0.998457]","[0.26273707, 0.3027915, 0.35703558, 0.4023911, 0.51259262, 0.56496696]","[0.00011924, 0.00013195, 0.00013195, 0.00011623, 0.00010291, 0.00011601]","[3.13301e-05, 3.9954e-05, 4.71116e-05, 4.67691e-05, 5.27502e-05, 6.54391e-05]"
4036,Container,30721.0,7,AUCKLAND,0.0002853037,"[1.0, 1.0, 1.0, 1.0, 1.0, 0.998457]","[0.27873292, 0.29989639, 0.34249259, 0.39344003, 0.51180002, 0.56459515]","[0.00013195, 0.00013195, 0.00013195, 0.00011623, 0.00010291, 0.00011601]","[3.67794e-05, 3.9572e-05, 4.51926e-05, 4.57288e-05, 5.26686e-05, 6.5396e-05]"
4037,Container,30721.0,7,AUCKLAND,0.0002866484,"[1.0, 1.0, 1.0, 1.0, 1.0, 0.998457]","[0.28577095, 0.30656381, 0.34767031, 0.38826107, 0.50343335, 0.5673259]","[0.00013195, 0.00013195, 0.00013195, 0.00011623, 0.00010291, 0.00011601]","[3.77081e-05, 4.04517e-05, 4.58758e-05, 4.51268e-05, 5.18076e-05, 6.57123e-05]"
4038,Container,30721.0,7,AUCKLAND,0.0002836862,"[1.0, 1.0, 1.0, 1.0, 1.0, 0.998457]","[0.27357, 0.29511751, 0.33701653, 0.39039976, 0.51631393, 0.56723136]","[0.00013195, 0.00013195, 0.00013195, 0.00011623, 0.00010291, 0.00011601]","[3.60981e-05, 3.89414e-05, 4.447e-05, 4.53754e-05, 5.31331e-05, 6.57014e-05]"
4039,Container,30721.0,7,AUCKLAND,0.0002855636,"[1.0, 1.0, 1.0, 1.0, 1.0, 0.998457]","[0.2648531, 0.32683004, 0.37210771, 0.46156211, 0.49482921, 0.56678248]","[0.00011063, 0.00013195, 0.00013195, 0.00010291, 0.00010291, 0.00011601]","[2.93007e-05, 4.31259e-05, 4.91004e-05, 4.74987e-05, 5.09222e-05, 6.56494e-05]"
4040,Container,30721.0,7,AUCKLAND,0.0002918325,"[1.0, 1.0, 1.0, 1.0, 1.0, 0.998457]","[0.27470424, 0.31355122, 0.37244285, 0.4639949, 0.50185897, 0.56727863]","[0.00013195, 0.00013195, 0.00013195, 0.00010291, 0.00010291, 0.00011601]","[3.62478e-05, 4.13737e-05, 4.91446e-05, 4.77491e-05, 5.16456e-05, 6.57069e-05]"
4041,Container,30721.0,7,AUCKLAND,0.0002998395,"[1.0, 1.0, 1.0, 1.0, 1.0, 0.998457]","[0.31107424, 0.35349299, 0.43947174, 0.48080321, 0.50365621, 0.56679665]","[0.00013195, 0.00013195, 0.00010291, 0.00010291, 0.00010291, 0.00011601]","[4.10469e-05, 4.66441e-05, 4.52254e-05, 4.94788e-05, 5.18306e-05, 6.5651e-05]"
4043,General Cargo,31288.0,6,AUCKLAND,0.0004137587,"[1.0, 1.0, 0.998457, 0.999862, 0.999903]","[0.42446418, 0.5601078, 0.79254472, 0.89823767, 0.9389633]","[0.00011063, 0.00011063, 0.00011601, 0.00011601, 0.00011601]","[4.69585e-05, 6.19647e-05, 9.1799e-05, 0.0001041876, 0.0001089159]"
4044,General Cargo,31288.0,7,AUCKLAND,0.0004500599,"[1.0, 1.0, 1.0, 0.998457, 0.999862, 0.999903]","[0.32118753, 0.43948997, 0.5682496, 0.78526621, 0.89410513, 0.92960496]","[0.00011063, 0.00011063, 0.00011174, 0.00011601, 0.00011601, 0.00011601]","[3.5533e-05, 4.86208e-05, 6.34937e-05, 9.0956e-05, 0.0001037083, 0.0001078304]"
4045,General Cargo,31288.0,7,AUCKLAND,0.0004333275,"[1.0, 1.0, 1.0, 0.998457, 0.999862, 0.999903]","[0.29118828, 0.4019482, 0.60656262, 0.75514922, 0.8752248, 0.90792314]","[0.00011063, 0.00011063, 0.00010291, 0.00011601, 0.00011601, 0.00011601]","[3.22142e-05, 4.44675e-05, 6.24205e-05, 8.74676e-05, 0.0001015183, 0.0001053154]"
4049,Bulker,28190.0,5,LYTTELTON,0.0002534127,"[1.0, 1.0, 0.999988, 0.999995]","[0.17693524, 0.34861663, 0.74687386, 0.88221609]","[0.00010536, 0.00010536, 0.00014047, 0.00010558]","[1.86427e-05, 3.67319e-05, 0.0001049137, 9.31458e-05]"
4050,Bulker,28190.0,5,TAURANGA,0.0002572172,"[1.0, 1.0, 1.0, 0.999989]","[0.20802757, 0.44199652, 0.6447941, 0.90792522]","[9.871e-05, 0.0001061, 0.0001061, 0.00013371]","[2.05344e-05, 4.68961e-05, 6.8413e-05, 0.0001213958]"
4051,Bulker,28190.0,6,TAURANGA,0.0002638241,"[1.0, 1.0, 1.0, 1.0, 0.999989]","[0.10054396, 0.21435074, 0.36737913, 0.56607844, 0.91098705]","[9.871e-05, 9.871e-05, 9.871e-05, 0.00013195, 0.00013371]","[9.9247e-06, 2.11586e-05, 3.6264e-05, 7.46952e-05, 0.0001218052]"
4052,Bulker,28190.0,7,TAURANGA,0.0003442179,"[1.0, 1.0, 1.0, 1.0, 0.999994, 0.999994]","[0.05033166, 0.12002515, 0.30157857, 0.56154755, 0.83035725, 0.89951316]","[9.871e-05, 0.00013195, 0.0001067, 0.00011553, 0.00013088, 0.00013088]","[4.9682e-06, 1.58376e-05, 3.21775e-05, 6.48765e-05, 0.0001086754, 0.0001177264]"
4058,Tanker,7532.0,7,LYTTELTON,0.0001087671,"[1.0, 1.0, 1.0, 1.0, 1.0, 1.0]","[0.01044724, 0.02892024, 0.07302655, 0.17139434, 0.38602466, 0.59896347]","[8.382e-05, 8.967e-05, 8.382e-05, 8.382e-05, 8.967e-05, 8.382e-05]","[8.756e-07, 2.5931e-06, 6.1208e-06, 1.43656e-05, 3.46129e-05, 5.02029e-05]"
4060,Tanker,7532.0,5,PORT CHALMERS,0.0001211358,"[0.999973, 0.999996, 1.0, 1.0]","[0.07676548, 0.17903405, 0.44814144, 0.64299307]","[0.00014047, 0.00010558, 8.382e-05, 8.382e-05]","[1.07831e-05, 1.89027e-05, 3.75616e-05, 5.38933e-05]"
4070,Bulker,40481.0,7,WELLINGTON,0.0002438594,"[1.0, 1.0, 1.0, 0.999994, 0.999949, 0.999991]","[0.03922946, 0.10780935, 0.25864142, 0.56954556, 0.70334194, 0.87059045]","[8.288e-05, 8.382e-05, 7.916e-05, 0.00010558, 0.00010558, 8.814e-05]","[3.2515e-06, 9.0362e-06, 2.04736e-05, 6.01335e-05, 7.42566e-05, 7.673e-05]"
4071,Bulker,40481.0,6,TAURANGA,0.0002545388,"[1.0, 1.0, 1.0, 1.0, 1.0]","[0.1065725, 0.25466469, 0.41450262, 0.633404, 0.67618271]","[9.871e-05, 9.871e-05, 0.00013195, 0.00013195, 0.00011924]","[1.05198e-05, 2.5138e-05, 5.46945e-05, 8.3579e-05, 8.06314e-05]"
4075,Container,62134.0,6,AUCKLAND,0.0002000708,"[1.0, 1.0, 1.0, 1.0, 0.999965]","[0.24289499, 0.26807651, 0.31370202, 0.34326369, 0.47943962]","[0.00011623, 9.871e-05, 0.00013195, 0.00011623, 0.00013371]","[2.82312e-05, 2.64619e-05, 4.13936e-05, 3.98969e-05, 6.41028e-05]"
4077,Tanker,49990.0,6,TAURANGA,0.000212288,"[1.0, 0.999999, 1.0, 1.0, 1.0]","[0.01396763, 0.08747508, 0.32113774, 0.68521326, 0.71020023]","[0.00011063, 0.00013088, 0.00013992, 0.00011063, 0.00011063]","[1.5452e-06, 1.14486e-05, 4.49351e-05, 7.58051e-05, 7.85694e-05]"
4083,Bulker,32071.0,7,GISBORNE,0.0002856844,"[1.0, 1.0, 1.0, 1.0, 1.0, 0.99999]","[0.04176717, 0.11191866, 0.23356414, 0.42451476, 0.60587455, 0.90749367]","[9.871e-05, 0.00011924, 0.00011623, 0.00011623, 0.00011623, 0.00013371]","[4.1228e-06, 1.33457e-05, 2.71467e-05, 4.93405e-05, 7.04196e-05, 0.0001213382]"
4086,RoRo,16758.0,7,AUCKLAND,0.0004135019,"[1.0, 1.0, 1.0, 1.0, 1.0, 0.999862]","[0.31685187, 0.39085146, 0.47108283, 0.56147202, 0.64379608, 0.85343649]","[0.00013195, 0.00013195, 0.00013195, 0.00013195, 0.00013195, 0.00011601]","[4.18093e-05, 5.15737e-05, 6.21604e-05, 7.40874e-05, 8.49503e-05, 9.89911e-05]"
4087,RoRo,16758.0,7,AUCKLAND,0.0004249235,"[1.0, 1.0, 1.0, 1.0, 1.0, 0.999965]","[0.23698226, 0.35940772, 0.48856391, 0.56970234, 0.68722128, 0.84855039]","[0.00011623, 0.00011063, 0.00013992, 0.00013992, 0.00013992, 0.00013371]","[2.7544e-05, 3.97613e-05, 6.83621e-05, 7.97154e-05, 9.61591e-05, 0.0001134543]"
4089,Bulker,36006.0,7,TAURANGA,0.0003749279,"[1.0, 1.0, 1.0, 1.0, 0.999968, 0.999961]","[0.03955524, 0.13498183, 0.33400535, 0.55865745, 0.82756758, 0.90660934]","[0.00011063, 0.00013992, 0.00013992, 0.00013088, 0.00013371, 0.00013371]","[4.376e-06, 1.88873e-05, 4.67356e-05, 7.31164e-05, 0.0001106491, 0.0001212165]"
4091,Bulker,35947.0,5,NAPIER,0.0002466443,"[1.0, 1.0, 0.999999, 0.999982]","[0.22007272, 0.37519493, 0.7294785, 0.86357285]","[8.906e-05, 8.906e-05, 0.00014047, 0.00010558]","[1.96006e-05, 3.34164e-05, 0.0001024713, 9.11763e-05]"
4092,Bulker,35947.0,6,WELLINGTON,0.0002247191,"[1.0, 1.0, 1.0, 1.0, 1.0]","[0.09155824, 0.21021012, 0.41940087, 0.60110171, 0.67392013]","[0.00012132, 0.00012132, 0.00010536, 0.00012132, 0.00010536]","[1.11083e-05, 2.55037e-05, 4.419e-05, 7.29285e-05, 7.10074e-05]"
4093,Bulker,35947.0,5,WELLINGTON,0.0002452887,"[1.0, 0.999998, 0.999949, 0.999994]","[0.24894821, 0.41677341, 0.550176, 0.8875545]","[0.00014047, 0.00014047, 0.00010558, 0.00010558]","[3.49703e-05, 5.85449e-05, 5.80858e-05, 9.37094e-05]"
4095,Other,5488.0,6,NEW PLYMOUTH,9.1111e-05,"[1.0, 1.0, 1.0, 1.0, 1.0]","[0.11628909, 0.13998672, 0.17153459, 0.19881994, 0.28202518]","[0.00010536, 8.967e-05, 7.916e-05, 7.916e-05, 0.00013117]","[1.22528e-05, 1.25519e-05, 1.35784e-05, 1.57383e-05, 3.69928e-05]"
4096,Other,5488.0,5,NEW PLYMOUTH,0.000102104,"[1.0, 1.0, 1.0, 1.0]","[0.12526838, 0.15442178, 0.24946614, 0.28907072]","[0.00012132, 0.00010536, 0.00013117, 0.00013117]","[1.51981e-05, 1.62706e-05, 3.2722e-05, 3.79169e-05]"
4098,General Cargo,5488.0,7,NAPIER,0.0001337273,"[1.0, 1.0, 1.0, 1.0, 1.0, 1.0]","[0.07494873, 0.10423374, 0.13798724, 0.2055063, 0.31004757, 0.37725637]","[7.917e-05, 8.498e-05, 8.382e-05, 8.382e-05, 0.00013117, 0.00013117]","[5.9337e-06, 8.8573e-06, 1.15656e-05, 1.72248e-05, 4.06684e-05, 4.94841e-05]"
4116,Bulker,55848.0,6,LYTTELTON,0.000261132,"[1.0, 1.0, 1.0, 1.0, 1.0]","[0.12533291, 0.30864833, 0.52819645, 0.60414673, 0.64735637]","[0.00011797, 0.00011797, 0.00011797, 0.00011797, 0.00011797]","[1.47861e-05, 3.64126e-05, 6.23137e-05, 7.12739e-05, 7.63716e-05]"
4121,Bulker,28195.0,5,AUCKLAND,0.0002664959,"[1.0, 1.0, 0.999913, 1.0]","[0.16191613, 0.31630134, 0.67040698, 0.81320139]","[0.00013195, 0.00013195, 0.00013371, 0.00013992]","[2.13652e-05, 4.17366e-05, 8.96312e-05, 0.0001137869]"
4123,Bulker,28195.0,5,GISBORNE,0.0001825185,"[1.0, 1.0, 1.0, 1.0]","[0.21313356, 0.35786159, 0.46443744, 0.5841574]","[0.00011063, 0.00011063, 0.00011063, 0.00011637]","[2.3579e-05, 3.95902e-05, 5.13807e-05, 6.79806e-05]"
4125,Bulker,28195.0,5,GISBORNE,0.000252289,"[1.0, 1.0, 1.0, 0.999883]","[0.20724183, 0.38169779, 0.53701159, 0.91705776]","[0.00011924, 0.00013195, 0.00013195, 0.00011601]","[2.47125e-05, 5.03658e-05, 7.08598e-05, 0.0001063729]"
4127,General Cargo,28206.0,5,LYTTELTON,0.0002586028,"[1.0, 1.0, 1.0, 0.999915]","[0.39660933, 0.48137219, 0.59437283, 0.90752449]","[0.00010536, 0.00012132, 0.00010536, 0.00010558]","[4.17886e-05, 5.84023e-05, 6.26259e-05, 9.58103e-05]"
4128,General Cargo,28206.0,7,PORT CHALMERS,0.0003200531,"[1.0, 1.0, 1.0, 1.0, 1.0, 0.999996]","[0.22477844, 0.32720234, 0.42955644, 0.55754543, 0.61988134, 0.87719463]","[0.00010536, 0.00010536, 0.00010536, 0.00010536, 0.00010536, 0.00010558]","[2.36837e-05, 3.44756e-05, 4.52601e-05, 5.87456e-05, 6.53136e-05, 9.26158e-05]"
4134,Container,24157.0,7,AUCKLAND,0.0001847472,"[1.0, 1.0, 1.0, 1.0, 1.0, 1.0]","[0.1877366, 0.21196986, 0.22962265, 0.24529463, 0.32087185, 0.39989776]","[0.00011623, 0.0001061, 0.0001061, 0.0001061, 0.00011623, 0.00013195]","[2.18203e-05, 2.24901e-05, 2.43631e-05, 2.60259e-05, 3.72943e-05, 5.27674e-05]"
4135,Container,24157.0,5,AUCKLAND,0.000141037,"[0.999998, 0.999902, 0.999965, 1.0]","[0.20528388, 0.22673943, 0.2531287, 0.37906862]","[0.00013088, 0.00013371, 0.00013371, 0.00013195]","[2.68672e-05, 3.0314e-05, 3.38442e-05, 5.00189e-05]"
4138,Container,51822.0,7,WELLINGTON,0.0002596423,"[1.0, 1.0, 1.0, 1.0, 1.0, 0.999994]","[0.33342382, 0.36229441, 0.38995859, 0.44119005, 0.46554172, 0.59759532]","[0.00010536, 0.00010536, 0.00010536, 8.967e-05, 9.156e-05, 0.00010558]","[3.51311e-05, 3.8173e-05, 4.10879e-05, 3.95593e-05, 4.26238e-05, 6.30951e-05]"
4139,Container,51822.0,7,AUCKLAND,0.0002870044,"[1.0, 1.0, 1.0, 1.0, 1.0, 1.0]","[0.31987866, 0.34118149, 0.36641963, 0.39491951, 0.53506739, 0.56160409]","[9.871e-05, 9.871e-05, 0.00013195, 0.00013195, 0.00011063, 0.00011063]","[3.15752e-05, 3.36781e-05, 4.83498e-05, 5.21105e-05, 5.91945e-05, 6.21302e-05]"
4141,Container,51822.0,7,AUCKLAND,0.000313037,"[1.0, 1.0, 1.0, 1.0, 1.0, 1.0]","[0.29065315, 0.33895288, 0.43585002, 0.46843767, 0.51148791, 0.5421795]","[0.00011063, 0.00011063, 0.00013195, 0.00013195, 0.00011623, 0.00011924]","[3.21549e-05, 3.74983e-05, 5.75113e-05, 6.18113e-05, 5.94492e-05, 6.46522e-05]"
4142,Container,51822.0,7,AUCKLAND,0.0003232351,"[1.0, 1.0, 1.0, 1.0, 1.0, 1.0]","[0.36086586, 0.38535885, 0.41769236, 0.44223226, 0.48255338, 0.51098001]","[0.00011623, 0.00013195, 0.00013195, 0.00013195, 0.00011623, 0.00011924]","[4.19427e-05, 5.08489e-05, 5.51154e-05, 5.83535e-05, 5.60862e-05, 6.09318e-05]"
4145,Bulker,35991.0,7,GISBORNE,0.0002657836,"[1.0, 1.0, 1.0, 1.0, 1.0, 0.999998]","[0.04239511, 0.10322793, 0.23773422, 0.39560137, 0.47181918, 0.8946238]","[0.00011688, 0.00011688, 0.00011688, 0.00011688, 0.00011688, 0.00013371]","[4.9551e-06, 1.20652e-05, 2.77863e-05, 4.62377e-05, 5.5146e-05, 0.0001196183]"
4146,Bulker,35991.0,7,WELLINGTON,0.0002997199,"[1.0, 1.0, 1.0, 1.0, 0.999997, 0.999998]","[0.03938716, 0.09834804, 0.27083626, 0.43409145, 0.7790087, 0.86971882]","[8.967e-05, 8.967e-05, 7.916e-05, 7.916e-05, 0.00014047, 0.00014047]","[3.5317e-06, 8.8184e-06, 2.1439e-05, 3.4362e-05, 0.0001094286, 0.0001221709]"
4149,RoRo,36005.0,7,GISBORNE,0.0004092806,"[1.0, 1.0, 1.0, 1.0, 1.0, 0.999998]","[0.30657147, 0.37982837, 0.47204821, 0.55044149, 0.59384815, 0.88344349]","[0.00013195, 9.871e-05, 0.00013195, 0.00013195, 0.00013195, 0.00013371]","[4.04528e-05, 3.74929e-05, 6.22878e-05, 7.26319e-05, 7.83595e-05, 0.0001181234]"
4154,Tanker,49916.0,7,NEW PLYMOUTH,0.0002096742,"[1.0, 1.0, 0.999975, 1.0, 1.0, 1.0]","[0.00372562, 0.01781272, 0.08841146, 0.39740162, 0.67252486, 0.71179998]","[8.776e-05, 8.776e-05, 0.00010558, 0.00010536, 0.00012132, 0.00010536]","[3.27e-07, 1.5632e-06, 9.3344e-06, 4.18721e-05, 8.15939e-05, 7.49986e-05]"
4159,Container,51731.0,5,NELSON,0.0001957709,"[1.0, 1.0, 1.0, 0.999986]","[0.46776138, 0.49351549, 0.52473295, 0.67467896]","[8.382e-05, 8.382e-05, 8.382e-05, 0.00010558]","[3.9206e-05, 4.13646e-05, 4.39812e-05, 7.12331e-05]"
4160,Container,51731.0,7,AUCKLAND,0.0003409667,"[0.999902, 1.0, 1.0, 1.0, 0.999965, 0.999902]","[0.29374923, 0.37534373, 0.41630908, 0.44322145, 0.59184625, 0.63955351]","[0.00013371, 0.00011063, 0.00011063, 0.00011174, 0.00013371, 0.00013371]","[3.92728e-05, 4.15243e-05, 4.60563e-05, 4.95236e-05, 7.9132e-05, 8.55052e-05]"
4165,Container,51731.0,7,AUCKLAND,0.0003903133,"[1.0, 1.0, 1.0, 0.999965, 0.999902, 0.999906]","[0.40517686, 0.42056388, 0.44849224, 0.56495151, 0.63575062, 0.66104393]","[0.00011063, 0.00011063, 0.00011174, 0.00013371, 0.00013371, 0.00013371]","[4.48247e-05, 4.6527e-05, 5.01125e-05, 7.55361e-05, 8.49968e-05, 8.83788e-05]"
4173,Container,66347.0,7,TAURANGA,0.0003708342,"[1.0, 1.0, 1.0, 0.999965, 0.999999, 1.0]","[0.26897232, 0.3171702, 0.36818504, 0.58461272, 0.63660986, 0.6804447]","[0.00013092, 9.704e-05, 0.00013092, 0.00013371, 0.00013088, 0.00013992]","[3.52137e-05, 3.0779e-05, 4.82026e-05, 7.81648e-05, 8.33186e-05, 9.52109e-05]"
4174,Container,66347.0,6,AUCKLAND,0.0003139064,"[1.0, 1.0, 1.0, 0.999902, 0.999998]","[0.34039835, 0.42870815, 0.46318604, 0.65153905, 0.69958565]","[9.704e-05, 9.704e-05, 0.00013092, 0.00013371, 0.00013088]","[3.30331e-05, 4.16029e-05, 6.06401e-05, 8.71076e-05, 9.15607e-05]"
4175,Container,66347.0,5,AUCKLAND,0.000185441,"[1.0, 1.0, 1.0, 1.0]","[0.29231147, 0.41574845, 0.45588848, 0.51218193]","[0.00011567, 9.704e-05, 9.704e-05, 0.00013092]","[3.3813e-05, 4.03453e-05, 4.42406e-05, 6.70547e-05]"
4179,Container,66347.0,5,AUCKLAND,0.0001965723,"[1.0, 1.0, 1.0, 1.0]","[0.30882364, 0.40131451, 0.48509657, 0.60190316]","[0.00011567, 9.704e-05, 0.00013092, 9.704e-05]","[3.57231e-05, 3.89446e-05, 6.35086e-05, 5.84102e-05]"
4183,Container,66347.0,5,AUCKLAND,0.0002031777,"[1.0, 1.0, 1.0, 1.0]","[0.32331358, 0.44515304, 0.51102125, 0.57389506]","[0.00011567, 9.704e-05, 0.00013092, 9.704e-05]","[3.73992e-05, 4.31988e-05, 6.69027e-05, 5.56922e-05]"
4196,Bulker,28208.0,6,TAURANGA,0.0002653447,"[1.0, 1.0, 1.0, 1.0, 0.999999]","[0.09071989, 0.22522201, 0.44343745, 0.60158112, 0.65935521]","[9.871e-05, 0.0001061, 0.00013992, 0.00013992, 0.00013088]","[8.955e-06, 2.38962e-05, 6.20478e-05, 8.4176e-05, 8.62955e-05]"
4198,Bulker,28250.0,6,TAURANGA,0.0001815353,"[1.0, 1.0, 1.0, 1.0, 1.0]","[0.08559913, 0.17609369, 0.34159843, 0.41506313, 0.4901999]","[0.00012152, 0.00012152, 0.00011482, 0.00012209, 0.00012209]","[1.04016e-05, 2.13982e-05, 3.92222e-05, 5.0676e-05, 5.98497e-05]"
4200,Bulker,28250.0,5,NAPIER,0.0001362804,"[1.0, 1.0, 1.0, 1.0]","[0.22278344, 0.37452171, 0.46010041, 0.53769327]","[8.382e-05, 8.382e-05, 8.382e-05, 8.864e-05]","[1.86729e-05, 3.1391e-05, 3.85639e-05, 4.76593e-05]"
4209,Container,80115.0,5,TAURANGA,0.0003058645,"[1.0, 1.0, 0.999989, 0.999965]","[0.47156216, 0.50224331, 0.70076961, 0.78134638]","[0.00011063, 0.00011063, 0.00013371, 0.00013371]","[5.21689e-05, 5.55632e-05, 9.36977e-05, 0.0001044688]"
4210,Container,80115.0,5,TAURANGA,0.0003012691,"[1.0, 1.0, 0.999965, 0.999989]","[0.48713868, 0.50954327, 0.68576878, 0.74304149]","[0.00011063, 0.00011063, 0.00013371, 0.00013371]","[5.38921e-05, 5.63708e-05, 9.16897e-05, 9.93497e-05]"
4213,Container,80115.0,7,TAURANGA,0.0003772371,"[1.0, 1.0, 1.0, 1.0, 1.0, 0.999965]","[0.41765705, 0.4443694, 0.46324937, 0.51752835, 0.55046045, 0.7370226]","[0.00013195, 0.00011623, 0.00011623, 0.00011063, 0.00011063, 0.00013371]","[5.51107e-05, 5.16482e-05, 5.38426e-05, 5.72541e-05, 6.08974e-05, 9.85425e-05]"
4220,Container,80115.0,5,TAURANGA,0.0002867179,"[1.0, 1.0, 1.0, 0.999965]","[0.52951259, 0.55526029, 0.58777092, 0.7607478]","[0.00011063, 0.00011063, 0.00011063, 0.00013371]","[5.858e-05, 6.14284e-05, 6.50251e-05, 0.0001017147]"
4223,Container,80115.0,5,TAURANGA,0.00026913,"[0.999999, 1.0, 1.0, 0.999965]","[0.3909955, 0.51643408, 0.54441197, 0.75257593]","[0.00013088, 0.00011063, 0.00011063, 0.00013371]","[5.11729e-05, 5.71331e-05, 6.02283e-05, 0.0001006221]"
4229,Tanker,49999.0,6,TIMARU,0.0001852147,"[1.0, 1.0, 1.0, 1.0, 1.0]","[0.02810575, 0.12904194, 0.44598567, 0.7487356, 0.84646056]","[8.814e-05, 8.814e-05, 8.814e-05, 7.706e-05, 8.787e-05]","[2.4771e-06, 1.13733e-05, 3.93076e-05, 5.76941e-05, 7.43744e-05]"
4233,Tanker,51565.0,6,PORT CHALMERS,0.0001993713,"[0.9999, 1.0, 1.0, 1.0, 0.9999]","[0.01363285, 0.06819079, 0.30741328, 0.60365708, 0.90876689]","[0.00010558, 8.814e-05, 0.00010536, 0.00010536, 0.00010558]","[1.4392e-06, 6.0101e-06, 3.23905e-05, 6.36041e-05, 9.594e-05]"
4238,Bulker,35439.0,7,TAURANGA,0.0002633768,"[1.0, 1.0, 1.0, 1.0, 1.0, 1.0]","[0.04353498, 0.10960251, 0.27101991, 0.54423542, 0.68388922, 0.72758884]","[0.0001114, 0.0001114, 0.00011063, 0.00011063, 0.00011063, 0.00011063]","[4.8498e-06, 1.22098e-05, 2.99829e-05, 6.02087e-05, 7.56586e-05, 8.04931e-05]"
4239,Bulker,35439.0,6,TIMARU,0.0001627593,"[1.0, 1.0, 1.0, 1.0, 1.0]","[0.08507435, 0.18056087, 0.33811179, 0.53909099, 0.71631459]","[8.498e-05, 8.498e-05, 8.864e-05, 9.156e-05, 8.498e-05]","[7.2293e-06, 1.53433e-05, 2.99691e-05, 4.93578e-05, 6.08694e-05]"
4240,Bulker,35439.0,5,NEW PLYMOUTH,0.0001903565,"[1.0, 1.0, 1.0, 1.0]","[0.27526758, 0.44742441, 0.61801465, 0.73460733]","[0.00010536, 0.00010536, 8.382e-05, 8.498e-05]","[2.90035e-05, 4.71427e-05, 5.17997e-05, 6.24239e-05]"
4241,Bulker,35439.0,7,TIMARU,0.0001848698,"[1.0, 1.0, 1.0, 1.0, 1.0, 1.0]","[0.04040565, 0.11363847, 0.25877751, 0.49176053, 0.63138576, 0.65945327]","[0.00010536, 8.382e-05, 8.382e-05, 8.382e-05, 8.382e-05, 8.382e-05]","[4.2573e-06, 9.5248e-06, 2.16898e-05, 4.12176e-05, 5.29204e-05, 5.52729e-05]"
4242,Bulker,35439.0,5,TAURANGA,0.0002227062,"[1.0, 1.0, 1.0, 1.0]","[0.21769199, 0.42923701, 0.66547098, 0.70083287]","[0.00011063, 0.00011063, 0.00011063, 0.00011063]","[2.40833e-05, 4.74865e-05, 7.3621e-05, 7.75331e-05]"
4243,Bulker,35439.0,5,NEW PLYMOUTH,0.0001655316,"[1.0, 1.0, 1.0, 1.0]","[0.23462328, 0.39077707, 0.61544266, 0.70263984]","[7.916e-05, 9.156e-05, 8.498e-05, 8.382e-05]","[1.85724e-05, 3.57785e-05, 5.22977e-05, 5.88927e-05]"
4246,Bulker,35391.0,6,WELLINGTON,0.0002435327,"[1.0, 1.0, 1.0, 1.0, 1.0]","[0.11000786, 0.23451882, 0.38657882, 0.46444551, 0.88305374]","[0.00012132, 0.00010536, 0.00010536, 0.00010536, 0.00013117]","[1.33467e-05, 2.471e-05, 4.07317e-05, 4.89361e-05, 0.0001158286]"
4248,Bulker,35391.0,5,WELLINGTON,0.0002067087,"[1.0, 1.0, 0.999994, 0.999949]","[0.18002338, 0.32376965, 0.63599209, 0.91382985]","[8.906e-05, 8.358e-05, 0.00010558, 0.00010558]","[1.60336e-05, 2.70608e-05, 6.71491e-05, 9.64792e-05]"
4252,Bulker,58651.0,7,NELSON,0.0003749143,"[1.0, 1.0, 0.999999, 0.999993, 0.999991, 0.999986]","[0.03612028, 0.16831049, 0.40268159, 0.68167796, 0.7542819, 0.8656713]","[8.906e-05, 0.00013117, 0.00014047, 0.00014047, 0.00014047, 0.00010558]","[3.217e-06, 2.2077e-05, 5.65655e-05, 9.57561e-05, 0.0001059546, 9.13982e-05]"
4257,Bulker,32318.0,5,TIMARU,0.0001967197,"[1.0, 1.0, 1.0, 1.0]","[0.22744248, 0.40359193, 0.49317296, 0.71008116]","[0.00012132, 0.00012132, 0.00012132, 8.498e-05]","[2.75944e-05, 4.89657e-05, 5.98341e-05, 6.03397e-05]"
4258,Bulker,32318.0,6,NEW PLYMOUTH,0.0001813585,"[1.0, 1.0, 1.0, 1.0, 1.0]","[0.09163757, 0.21549494, 0.51317161, 0.64791483, 0.69098695]","[8.382e-05, 8.288e-05, 8.498e-05, 8.382e-05, 8.382e-05]","[7.6807e-06, 1.78609e-05, 4.36072e-05, 5.43058e-05, 5.7916e-05]"
4267,General Cargo,5488.0,7,NAPIER,0.0001191554,"[1.0, 1.0, 1.0, 1.0, 1.0, 1.0]","[0.06043946, 0.07601835, 0.15049957, 0.21840213, 0.29601517, 0.40149696]","[8.382e-05, 8.382e-05, 8.382e-05, 7.917e-05, 8.498e-05, 0.00013117]","[5.0658e-06, 6.3716e-06, 1.26143e-05, 1.7291e-05, 2.51541e-05, 5.26637e-05]"
4273,RoRo,19227.0,7,AUCKLAND,0.0003964388,"[1.0, 1.0, 1.0, 1.0, 1.0, 0.999998]","[0.21687255, 0.28475801, 0.44950757, 0.55824566, 0.75944508, 0.8596058]","[0.00011886, 0.00014211, 0.00011063, 0.00011063, 0.00013992, 0.00013088]","[2.57784e-05, 4.04662e-05, 4.9729e-05, 6.17587e-05, 0.000106265, 0.0001125039]"
4274,RoRo,19227.0,5,AUCKLAND,0.0003273939,"[1.0, 1.0, 1.0, 0.999913]","[0.42541944, 0.54235581, 0.73853351, 0.8753282]","[0.00011063, 0.00011063, 0.00013992, 0.00013371]","[4.70641e-05, 6.00008e-05, 0.000103339, 0.0001170285]"
4278,Bulker,38215.0,6,TAURANGA,0.0002867827,"[1.0, 1.0, 1.0, 0.999989, 0.999968]","[0.08790163, 0.18917318, 0.32558527, 0.64436925, 0.90597603]","[0.00013195, 0.00013195, 0.00013195, 0.00013371, 0.00013371]","[1.15988e-05, 2.49618e-05, 4.29617e-05, 8.61566e-05, 0.0001211326]"
4282,Bulker,33438.0,6,TAURANGA,0.0002859429,"[1.0, 1.0, 1.0, 1.0, 1.0]","[0.08815206, 0.27851774, 0.51626611, 0.62561758, 0.65869862]","[0.00013195, 0.00013195, 0.00013195, 0.00013195, 0.00013195]","[1.16319e-05, 3.6751e-05, 6.81224e-05, 8.25516e-05, 8.69167e-05]"
4286,Container,51939.0,5,TAURANGA,0.0002804544,"[1.0, 0.999965, 0.999999, 1.0]","[0.32199318, 0.53488896, 0.59440684, 0.63617402]","[0.00013092, 0.00013371, 0.00013088, 0.00013992]","[4.21552e-05, 7.15165e-05, 7.77951e-05, 8.90164e-05]"
4289,Container,51939.0,5,TAURANGA,0.000221078,"[1.0, 1.0, 0.999965, 0.999999]","[0.26637464, 0.3395621, 0.48673949, 0.65489319]","[9.704e-05, 0.00013092, 0.00013371, 0.00013088]","[2.58497e-05, 4.44553e-05, 6.50788e-05, 8.57115e-05]"
4290,Container,51939.0,5,TAURANGA,0.0001906506,"[1.0, 0.999965, 0.999999, 1.0]","[0.2308959, 0.34353382, 0.39790437, 0.44614268]","[0.00013092, 0.00013371, 0.00013088, 0.00013992]","[3.02288e-05, 4.59317e-05, 5.20772e-05, 6.24263e-05]"
4291,Container,51939.0,6,AUCKLAND,0.000224213,"[1.0, 1.0, 1.0, 1.0, 1.0]","[0.35031111, 0.40004355, 0.42630952, 0.44471502, 0.51092466]","[9.704e-05, 9.704e-05, 9.704e-05, 9.704e-05, 0.00013092]","[3.39951e-05, 3.88212e-05, 4.13702e-05, 4.31563e-05, 6.689e-05]"
4292,Container,51939.0,5,AUCKLAND,0.0001748085,"[1.0, 1.0, 1.0, 1.0]","[0.21549242, 0.39204233, 0.46411625, 0.51030342]","[0.00011567, 9.704e-05, 9.704e-05, 0.00013092]","[2.4927e-05, 3.80448e-05, 4.5039e-05, 6.68087e-05]"
4296,Container,51939.0,6,AUCKLAND,0.0002208827,"[1.0, 1.0, 1.0, 1.0, 1.0]","[0.27966792, 0.38986472, 0.40366911, 0.46123055, 0.51012909]","[0.00011567, 9.704e-05, 9.704e-05, 9.704e-05, 0.00013092]","[3.23505e-05, 3.78335e-05, 3.91731e-05, 4.4759e-05, 6.67859e-05]"
4300,Container,51939.0,5,AUCKLAND,0.0001795306,"[1.0, 1.0, 1.0, 1.0]","[0.2849372, 0.40495186, 0.44038768, 0.49303927]","[0.00011567, 9.704e-05, 9.704e-05, 0.00013092]","[3.296e-05, 3.92975e-05, 4.27363e-05, 6.45485e-05]"
4313,Bulker,40481.0,6,NELSON,0.0002041147,"[1.0, 1.0, 1.0, 1.0, 1.0]","[0.09905996, 0.21401322, 0.37211464, 0.55232567, 0.65682218]","[8.382e-05, 8.382e-05, 8.382e-05, 0.00012132, 0.00012132]","[8.3028e-06, 1.79378e-05, 3.11893e-05, 6.70107e-05, 7.96888e-05]"
4318,Bulker,40481.0,6,TAURANGA,0.0002099711,"[1.0, 1.0, 1.0, 1.0, 1.0]","[0.09041601, 0.21249537, 0.3538318, 0.54835178, 0.69671167]","[0.0001061, 0.00011063, 0.00011063, 0.00011063, 0.00011063]","[9.5932e-06, 2.35084e-05, 3.91444e-05, 6.06641e-05, 7.70772e-05]"
4331,Bulker,35097.0,6,LYTTELTON,0.0001946978,"[1.0, 1.0, 1.0, 0.999995, 0.999885]","[0.09824034, 0.20592647, 0.41803119, 0.55505617, 0.67121805]","[0.00012132, 0.00010536, 7.567e-05, 0.00010558, 0.00010558]","[1.1919e-05, 2.16974e-05, 3.16311e-05, 5.86037e-05, 7.08605e-05]"
4334,Bulker,33382.0,5,LYTTELTON,0.0001688528,"[1.0, 1.0, 1.0, 1.0]","[0.20868377, 0.46858126, 0.59667321, 0.69838182]","[8.382e-05, 8.967e-05, 8.382e-05, 8.498e-05]","[1.74911e-05, 4.20154e-05, 5.00109e-05, 5.93456e-05]"
4339,Bulker,35053.0,7,TAURANGA,0.0002523284,"[1.0, 1.0, 1.0, 1.0, 1.0, 1.0]","[0.04561608, 0.12450885, 0.26542129, 0.45091295, 0.59830734, 0.62196096]","[0.00012152, 0.00012152, 0.00012152, 0.00012152, 0.00011482, 0.00012209]","[5.5431e-06, 1.51298e-05, 3.22529e-05, 5.4793e-05, 6.86974e-05, 7.59367e-05]"
4345,Bulker,35322.0,7,NEW PLYMOUTH,0.0001810124,"[1.0, 1.0, 1.0, 1.0, 1.0, 1.0]","[0.03740238, 0.08999756, 0.18900876, 0.39207426, 0.63484996, 0.67485261]","[0.00012132, 0.00012132, 0.00012132, 8.382e-05, 8.382e-05, 8.382e-05]","[4.5378e-06, 1.09189e-05, 2.29314e-05, 3.28622e-05, 5.32108e-05, 5.65637e-05]"
4348,Bulker,37503.0,7,PORT CHALMERS,0.0002442659,"[1.0, 1.0, 1.0, 1.0, 0.999996, 0.999833]","[0.03660621, 0.09447583, 0.19747387, 0.39742489, 0.72430454, 0.89621402]","[0.00010536, 8.967e-05, 8.967e-05, 0.00010863, 0.00010558, 0.00010558]","[3.857e-06, 8.4712e-06, 1.77065e-05, 4.31706e-05, 7.64734e-05, 9.46085e-05]"
4351,Bulker,37649.0,7,TIMARU,0.0002378652,"[1.0, 1.0, 1.0, 1.0, 1.0, 0.999993]","[0.04628663, 0.11094157, 0.23870245, 0.47063622, 0.55877841, 0.83068803]","[0.00010536, 0.00010536, 0.00010536, 0.00010536, 0.00010536, 0.00010558]","[4.877e-06, 1.16893e-05, 2.51508e-05, 4.95884e-05, 5.88755e-05, 8.77053e-05]"
4352,Bulker,37649.0,5,LYTTELTON,0.0002412253,"[1.0, 1.0, 1.0, 0.999995]","[0.2766755, 0.49914819, 0.60290448, 0.86720839]","[0.00012132, 0.00010536, 0.00010536, 0.00010558]","[3.35676e-05, 5.25926e-05, 6.35248e-05, 9.15613e-05]"
4354,Container,13102.0,7,AUCKLAND,0.0002053361,"[1.0, 1.0, 0.999965, 0.999998, 0.999991, 0.999902]","[0.19261687, 0.21858713, 0.25049404, 0.28632585, 0.31091879, 0.36366051]","[0.00010291, 0.00011553, 0.00013371, 0.00013088, 0.00013088, 0.00013371]","[1.98219e-05, 2.52537e-05, 3.3492e-05, 3.74739e-05, 4.06923e-05, 4.86196e-05]"
4382,Bulker,33355.0,6,TAURANGA,0.0002571485,"[1.0, 1.0, 1.0, 1.0, 1.0]","[0.12920869, 0.27681956, 0.45831285, 0.54144578, 0.61386962]","[0.0001448, 0.0001448, 0.0001448, 0.0001448, 8.735e-05]","[1.87092e-05, 4.0083e-05, 6.63628e-05, 7.84003e-05, 5.36185e-05]"
4384,Tanker,49859.0,6,TAURANGA,0.0001761826,"[1.0, 1.0, 1.0, 1.0, 1.0]","[0.01732388, 0.07790823, 0.26374755, 0.53018577, 0.65606746]","[0.00011553, 0.00011553, 0.00011553, 0.00013195, 9.871e-05]","[2.0015e-06, 9.0009e-06, 3.04712e-05, 6.99591e-05, 6.47605e-05]"
4388,Bulker,28208.0,5,TAURANGA,0.000223447,"[1.0, 1.0, 1.0, 0.999921]","[0.18294189, 0.37562045, 0.5167363, 0.92298446]","[0.00010943, 0.00011063, 0.0001061, 0.00011601]","[2.00185e-05, 4.15549e-05, 5.4826e-05, 0.0001070643]"
4389,Bulker,28208.0,5,TAURANGA,0.0001998561,"[1.0, 1.0, 1.0, 1.0]","[0.24307424, 0.42964381, 0.55751086, 0.73924476]","[9.871e-05, 9.871e-05, 9.871e-05, 0.0001061]","[2.39939e-05, 4.24102e-05, 5.50319e-05, 7.84343e-05]"
4392,Bulker,28208.0,6,NAPIER,0.0001825844,"[1.0, 1.0, 1.0, 1.0, 0.999984]","[0.09063631, 0.19033919, 0.32422254, 0.46830139, 0.91125314]","[0.00012132, 0.00010536, 0.00010536, 7.916e-05, 8.814e-05]","[1.09964e-05, 2.0055e-05, 3.41616e-05, 3.707e-05, 8.03133e-05]"
4397,Bulker,57905.0,5,NEW PLYMOUTH,0.0001967009,"[1.0, 1.0, 1.0, 1.0]","[0.24161554, 0.38439232, 0.55919216, 0.59708747]","[0.00010536, 0.00010536, 0.00012132, 0.00010536]","[2.54577e-05, 4.05014e-05, 6.78438e-05, 6.29119e-05]"
4400,Bulker,35573.0,7,TIMARU,0.0002358837,"[1.0, 1.0, 1.0, 1.0, 1.0, 0.999993]","[0.04625103, 0.11696695, 0.2542806, 0.43577165, 0.53161081, 0.85229801]","[0.00010536, 0.00010536, 0.00010536, 0.00010536, 0.00010536, 0.00010558]","[4.8732e-06, 1.23242e-05, 2.67922e-05, 4.59149e-05, 5.6013e-05, 8.99869e-05]"
4405,Tanker,49990.0,5,TAURANGA,0.0001853187,"[1.0, 1.0, 1.0, 1.0]","[0.06671636, 0.29912736, 0.58859806, 0.68001982]","[0.00011161, 0.00011063, 0.00013195, 9.871e-05]","[7.446e-06, 3.30925e-05, 7.76668e-05, 6.71248e-05]"
4411,Container,4476.0,6,LYTTELTON,4.59269e-05,"[1.0, 1.0, 1.0, 1.0, 0.999899]","[0.0588735, 0.06608387, 0.07537152, 0.08388278, 0.19526677]","[8.906e-05, 8.906e-05, 8.906e-05, 8.906e-05, 0.00010558]","[5.2435e-06, 5.8857e-06, 6.7129e-06, 7.4709e-06, 2.06146e-05]"
4413,RoRo,31340.0,7,AUCKLAND,0.0003054079,"[1.0, 1.0, 1.0, 1.0, 1.0, 0.999998]","[0.23109273, 0.30325047, 0.35440592, 0.38806, 0.45478255, 0.8365483]","[9.591e-05, 0.00012123, 0.00012123, 0.00011161, 0.00011161, 0.00013088]","[2.21637e-05, 3.67629e-05, 4.29644e-05, 4.33103e-05, 5.0757e-05, 0.0001094861]"
4415,Bulker,34358.0,5,WELLINGTON,0.0001685105,"[1.0, 1.0, 1.0, 1.0]","[0.19280541, 0.45545456, 0.65578972, 0.68035155]","[8.382e-05, 8.864e-05, 8.382e-05, 8.382e-05]","[1.61602e-05, 4.037e-05, 5.49659e-05, 5.70246e-05]"
4416,Bulker,34358.0,5,GISBORNE,0.000245181,"[1.0, 1.0, 1.0, 1.0]","[0.26087634, 0.43499131, 0.55215848, 0.75469195]","[0.00013195, 0.00013195, 0.00013195, 0.0001067]","[3.44232e-05, 5.7398e-05, 7.28585e-05, 8.05232e-05]"
4418,Bulker,34393.0,6,AUCKLAND,0.0003398739,"[1.0, 1.0, 1.0, 1.0, 1.0]","[0.14798064, 0.32879674, 0.71963554, 0.86168623, 0.88122946]","[0.00011623, 0.00011623, 0.00011553, 0.00011553, 0.00011553]","[1.71995e-05, 3.82154e-05, 8.31406e-05, 9.95519e-05, 0.0001018098]"
4419,Bulker,34393.0,7,NAPIER,0.0002397057,"[1.0, 1.0, 1.0, 1.0, 1.0, 1.0]","[0.03488702, 0.08518096, 0.19986239, 0.36181703, 0.54183139, 0.84474492]","[0.00010536, 0.00010536, 0.00010536, 0.00010536, 0.00010536, 0.00013117]","[3.6759e-06, 8.9751e-06, 2.10584e-05, 3.81227e-05, 5.70899e-05, 0.0001108037]"
4420,Bulker,34393.0,5,TAURANGA,0.000199313,"[1.0, 1.0, 1.0, 1.0]","[0.1711913, 0.30131179, 0.52025965, 0.68479969]","[0.00011623, 0.00011623, 0.00013195, 0.00011063]","[1.98972e-05, 3.50209e-05, 6.86494e-05, 7.57594e-05]"
4421,Bulker,34393.0,5,TAURANGA,0.0002762945,"[1.0, 1.0, 1.0, 0.999999]","[0.17193, 0.32979455, 0.68172061, 0.87659321]","[0.00013195, 0.00013195, 0.00013992, 0.00013088]","[2.26865e-05, 4.35171e-05, 9.53895e-05, 0.0001147273]"
4422,Bulker,34393.0,6,TAURANGA,0.0002809707,"[1.0, 1.0, 1.0, 1.0, 1.0]","[0.0971866, 0.23101065, 0.38967495, 0.52638536, 0.85794047]","[9.871e-05, 0.00013195, 0.00013195, 0.00013195, 0.00013992]","[9.5933e-06, 3.04823e-05, 5.14184e-05, 6.94577e-05, 0.000120047]"
4424,Bulker,34393.0,5,GISBORNE,0.0002383541,"[1.0, 1.0, 1.0, 1.0]","[0.20945225, 0.37155047, 0.53171833, 0.84704999]","[9.871e-05, 9.871e-05, 0.00013195, 0.00013088]","[2.0675e-05, 3.66758e-05, 7.01614e-05, 0.0001108608]"
4426,Tanker,19993.0,5,TAURANGA,0.0001788083,"[1.0, 1.0, 1.0, 1.0]","[0.09736532, 0.25933131, 0.47993364, 0.65699578]","[0.00010943, 0.00010943, 0.00011063, 0.00013195]","[1.06542e-05, 2.83774e-05, 5.3095e-05, 8.6692e-05]"
4427,Tanker,19993.0,7,TAURANGA,0.0002328043,"[1.0, 1.0, 1.0, 1.0, 1.0, 1.0]","[0.01150176, 0.03956749, 0.11891885, 0.34444867, 0.61117184, 0.8524398]","[0.00011063, 0.00011623, 0.00011623, 9.871e-05, 0.00013195, 0.00011553]","[1.2724e-06, 4.5989e-06, 1.38217e-05, 3.40006e-05, 8.06454e-05, 9.84837e-05]"
4428,Other,4000.0,5,NEW PLYMOUTH,9.36822e-05,"[1.0, 1.0, 1.0, 1.0]","[0.13141029, 0.15660948, 0.1958192, 0.23040003]","[0.00013117, 0.00013117, 0.00013117, 0.00013117]","[1.72369e-05, 2.05422e-05, 2.56853e-05, 3.02212e-05]"
4431,Bulker,28316.0,5,TAURANGA,0.0002801386,"[1.0, 1.0, 1.0, 0.999968]","[0.23982593, 0.41905103, 0.664695, 0.87082376]","[0.00013195, 0.00013195, 0.00011553, 0.00013371]","[3.16455e-05, 5.52947e-05, 7.67932e-05, 0.0001164326]"
4433,RoRo,18556.0,7,AUCKLAND,0.0003843235,"[1.0, 1.0, 1.0, 1.0, 1.0, 0.999862]","[0.29704866, 0.3605133, 0.4401257, 0.51217637, 0.57346562, 0.83014142]","[0.00013195, 0.00013195, 0.00013195, 0.00013195, 0.00013195, 0.00011601]","[3.91962e-05, 4.75705e-05, 5.80755e-05, 6.75828e-05, 7.567e-05, 9.6289e-05]"
4434,RoRo,18556.0,5,AUCKLAND,0.0002536263,"[0.999862, 0.999965, 0.999913, 0.999998]","[0.26490463, 0.35923472, 0.4688472, 0.85734272]","[0.00011601, 0.00013371, 0.00013371, 0.00013088]","[3.07266e-05, 4.8031e-05, 6.26833e-05, 0.0001122077]"
4436,Bulker,61323.0,5,WELLINGTON,0.0002055716,"[1.0, 1.0, 1.0, 0.999994]","[0.26437208, 0.49233684, 0.57544448, 0.8749983]","[8.967e-05, 8.382e-05, 8.382e-05, 0.00010558]","[2.37049e-05, 4.12659e-05, 4.82316e-05, 9.23837e-05]"
4456,Container,13054.0,6,TAURANGA,0.0001352896,"[0.999965, 0.999999, 1.0, 1.0, 0.999989]","[0.12992322, 0.15288436, 0.21764627, 0.23544984, 0.35742503]","[0.00013371, 0.00013088, 0.00011063, 0.00011063, 0.00013371]","[1.73712e-05, 2.00093e-05, 2.40782e-05, 2.60478e-05, 4.77902e-05]"
4459,Container,13054.0,6,AUCKLAND,0.0001671057,"[0.998457, 0.999903, 0.999862, 0.999993, 0.99994]","[0.21165284, 0.25708055, 0.28160422, 0.32727519, 0.3633745]","[0.00011601, 0.00011601, 0.00011601, 0.00011601, 0.00011601]","[2.45154e-05, 2.98203e-05, 3.26636e-05, 3.7966e-05, 4.21515e-05]"
4466,Container,13048.0,7,TAURANGA,0.0001628897,"[1.0, 1.0, 1.0, 1.0, 1.0, 1.0]","[0.16308285, 0.1973001, 0.2567292, 0.27399394, 0.31489883, 0.35709718]","[0.0001061, 0.00011063, 0.00010291, 0.00010291, 0.00010291, 0.00010291]","[1.73032e-05, 2.18273e-05, 2.64196e-05, 2.81963e-05, 3.24058e-05, 3.67484e-05]"
4467,Container,13048.0,7,TAURANGA,0.0001751355,"[1.0, 1.0, 1.0, 1.0, 0.999989, 0.999493]","[0.18432299, 0.20023115, 0.21821724, 0.25257437, 0.32635754, 0.37507448]","[0.00010291, 0.00010291, 0.00010291, 0.00010291, 0.00013371, 0.00011601]","[1.89684e-05, 2.06055e-05, 2.24564e-05, 2.59921e-05, 4.36362e-05, 4.34893e-05]"
4468,Container,13048.0,7,TAURANGA,0.0001873875,"[1.0, 1.0, 1.0, 1.0, 0.999989, 0.999493]","[0.20688186, 0.22762827, 0.24675168, 0.28197006, 0.33639782, 0.37342778]","[0.00010291, 0.00010291, 0.00010291, 0.00010291, 0.00013371, 0.00011601]","[2.12899e-05, 2.34249e-05, 2.53929e-05, 2.90171e-05, 4.49787e-05, 4.32984e-05]"
4469,Container,13048.0,7,TAURANGA,0.0001811056,"[0.999989, 1.0, 1.0, 1.0, 0.999989, 0.999493]","[0.18370012, 0.2033865, 0.23312194, 0.25763204, 0.31409359, 0.34981331]","[0.00013371, 0.00011553, 0.00010291, 0.00010291, 0.00013371, 0.00011601]","[2.4562e-05, 2.34976e-05, 2.39903e-05, 2.65126e-05, 4.19965e-05, 4.05603e-05]"
4503,Container,30337.0,7,TAURANGA,0.0002377238,"[1.0, 1.0, 0.854803, 1.0, 1.0, 0.999999]","[0.22057614, 0.24435756, 0.27178781, 0.30118118, 0.39080632, 0.54079997]","[0.00010419, 0.00012152, 0.00013909, 0.00012209, 0.00011567, 0.00013088]","[2.2982e-05, 2.96933e-05, 3.23139e-05, 3.67719e-05, 4.52064e-05, 7.07791e-05]"
4504,Container,30337.0,7,TAURANGA,0.0002795291,"[0.854803, 1.0, 1.0, 1.0, 0.999493, 0.999989]","[0.26220169, 0.28444804, 0.3100448, 0.40885503, 0.4964595, 0.54608035]","[0.00013909, 0.00011482, 0.00012209, 0.00011567, 0.00011601, 0.00013371]","[3.11741e-05, 3.26602e-05, 3.78541e-05, 4.72942e-05, 5.75637e-05, 7.30147e-05]"
4505,Container,30337.0,7,TAURANGA,0.0002708995,"[0.854803, 1.0, 1.0, 1.0, 0.999493, 0.999989]","[0.26117596, 0.28102364, 0.29540823, 0.38904351, 0.46233367, 0.54547545]","[0.00013909, 0.00011482, 0.00012209, 0.00011567, 0.00011601, 0.00013371]","[3.10522e-05, 3.2267e-05, 3.60671e-05, 4.50025e-05, 5.36069e-05, 7.29338e-05]"
4506,Container,30337.0,7,TAURANGA,0.0002699919,"[1.0, 1.0, 1.0, 1.0, 0.999493, 0.999989]","[0.23496101, 0.2653616, 0.29393882, 0.38187383, 0.49349229, 0.55136175]","[0.00012152, 0.00011482, 0.00012209, 0.00011567, 0.00011601, 0.00013371]","[2.85515e-05, 3.04687e-05, 3.58877e-05, 4.41732e-05, 5.72197e-05, 7.37208e-05]"
4507,Container,30337.0,7,TAURANGA,0.0002932328,"[0.854803, 1.0, 1.0, 0.999493, 0.999965, 0.999999]","[0.25984266, 0.28225418, 0.37434615, 0.43900797, 0.4897707, 0.53696494]","[0.00013909, 0.00011482, 0.00011567, 0.00011601, 0.00013371, 0.00013088]","[3.08937e-05, 3.24083e-05, 4.33024e-05, 5.09023e-05, 6.54841e-05, 7.02772e-05]"
4508,Container,30337.0,7,TAURANGA,0.0003171357,"[1.0, 1.0, 0.999493, 0.999989, 0.999965, 0.999999]","[0.26529097, 0.34438528, 0.41032676, 0.45712926, 0.49058834, 0.53988139]","[0.00012209, 0.00011567, 0.00011601, 0.00013371, 0.00013371, 0.00013088]","[3.239e-05, 3.98367e-05, 4.75767e-05, 6.11213e-05, 6.55934e-05, 7.06589e-05]"
4509,Container,30337.0,7,WELLINGTON,0.0002385381,"[1.0, 1.0, 0.980916, 1.0, 0.999994, 0.999997]","[0.22194252, 0.24285544, 0.26939029, 0.36961161, 0.46222495, 0.5457619]","[0.00012889, 9.354e-05, 0.00011087, 8.787e-05, 0.00010558, 0.00014047]","[2.86053e-05, 2.27168e-05, 2.92962e-05, 3.2476e-05, 4.88024e-05, 7.66641e-05]"
4510,Container,30337.0,7,TAURANGA,0.0003047954,"[1.0, 1.0, 0.999493, 0.999989, 0.999965, 0.999999]","[0.24998787, 0.32498585, 0.38682892, 0.44143796, 0.47884287, 0.52583692]","[0.00012209, 0.00011567, 0.00011601, 0.00013371, 0.00013371, 0.00013088]","[3.05216e-05, 3.75926e-05, 4.48522e-05, 5.90233e-05, 6.4023e-05, 6.88208e-05]"
4536,RoRo,30796.0,5,AUCKLAND,0.0003908144,"[1.0, 1.0, 1.0, 0.999998]","[0.55342777, 0.71850608, 0.76103587, 0.90208842]","[0.00011886, 0.00013992, 0.00013992, 0.00013088]","[6.57827e-05, 0.0001005367, 0.0001064876, 0.0001180639]"
4546,Bulker,39757.0,6,TAURANGA,0.0002652134,"[1.0, 1.0, 1.0, 1.0, 1.0]","[0.09635558, 0.2407601, 0.44619653, 0.62782325, 0.72663301]","[0.00011063, 0.00013665, 0.00011174, 0.00011174, 0.00013992]","[1.06598e-05, 3.28993e-05, 4.9856e-05, 7.01502e-05, 0.0001016738]"
4549,General Cargo,39763.0,5,TIMARU,0.000204359,"[1.0, 1.0, 1.0, 1.0]","[0.42931255, 0.5163682, 0.61356707, 0.63394984]","[9.354e-05, 9.354e-05, 8.676e-05, 9.888e-05]","[4.0158e-05, 4.83013e-05, 5.32311e-05, 6.26841e-05]"
4556,Bulker,34402.0,6,TAURANGA,0.000331749,"[1.0, 0.999989, 0.999999, 1.0, 1.0]","[0.11513712, 0.32037712, 0.5773773, 0.7170045, 0.763332]","[0.00011063, 0.00013371, 0.00013088, 0.00013088, 0.00013992]","[1.27376e-05, 4.28366e-05, 7.55664e-05, 9.38406e-05, 0.0001068089]"
4558,Bulker,34402.0,7,TAURANGA,0.000352624,"[1.0, 1.0, 1.0, 1.0, 1.0, 0.999997]","[0.04637401, 0.1692351, 0.4036, 0.66020788, 0.77699108, 0.88592715]","[9.704e-05, 0.00011553, 0.00011553, 0.00011553, 0.00011553, 0.00013088]","[4.5003e-06, 1.9552e-05, 4.66285e-05, 7.62748e-05, 8.9767e-05, 0.0001159486]"
4565,RoRo,22068.0,6,AUCKLAND,0.0003903305,"[1.0, 1.0, 1.0, 0.999998, 0.999913]","[0.27642428, 0.34534076, 0.55030917, 0.80577781, 0.89434553]","[0.00014211, 0.00014211, 0.00013992, 0.00013088, 0.00013371]","[3.92819e-05, 4.90754e-05, 7.70018e-05, 0.000105459, 0.000119571]"
4566,RoRo,22068.0,7,AUCKLAND,0.0003650464,"[1.0, 1.0, 1.0, 1.0, 0.999998, 0.999913]","[0.1849206, 0.22726175, 0.27405235, 0.45408353, 0.79284424, 0.88972925]","[9.591e-05, 9.591e-05, 0.00013982, 0.00014211, 0.00013088, 0.00013371]","[1.77354e-05, 2.17963e-05, 3.8317e-05, 6.45285e-05, 0.0001037662, 0.0001189538]"
4567,RoRo,22068.0,7,AUCKLAND,0.0003039695,"[1.0, 1.0, 1.0, 1.0, 1.0, 1.0]","[0.2265736, 0.2807579, 0.425455, 0.52114722, 0.62189094, 0.66441627]","[9.591e-05, 9.591e-05, 0.00010419, 0.00012152, 0.00011482, 0.00011482]","[2.17303e-05, 2.6927e-05, 4.43285e-05, 6.33276e-05, 7.14052e-05, 7.6288e-05]"
4569,RoRo,22088.0,5,AUCKLAND,0.0003496013,"[1.0, 1.0, 0.999998, 0.999913]","[0.41991457, 0.49065677, 0.76750132, 0.89604202]","[0.00014211, 0.00014211, 0.00013088, 0.00013371]","[5.96729e-05, 6.97259e-05, 0.0001004494, 0.0001197978]"
4572,RoRo,21983.0,7,AUCKLAND,0.0003790281,"[1.0, 1.0, 1.0, 1.0, 0.999998, 0.999913]","[0.20766208, 0.25424798, 0.3059864, 0.49952949, 0.78862054, 0.88110358]","[9.591e-05, 9.591e-05, 0.00013982, 0.00014211, 0.00013088, 0.00013371]","[1.99165e-05, 2.43845e-05, 4.2782e-05, 7.09867e-05, 0.0001032134, 0.0001178006]"
4574,General Cargo,12100.0,7,PORT CHALMERS,0.0001870487,"[1.0, 1.0, 1.0, 1.0, 1.0, 1.0]","[0.18213153, 0.23874868, 0.31239136, 0.40380085, 0.50385954, 0.59088668]","[8.382e-05, 8.382e-05, 8.382e-05, 8.382e-05, 8.382e-05, 8.382e-05]","[1.52656e-05, 2.0011e-05, 2.61835e-05, 3.38451e-05, 4.22316e-05, 4.95259e-05]"
4576,Container,24475.0,7,AUCKLAND,0.0002610119,"[1.0, 1.0, 1.0, 0.999998, 0.999991, 0.999902]","[0.25020503, 0.26639697, 0.29526067, 0.39556157, 0.42538869, 0.4770482]","[0.00011063, 0.00011063, 0.00011063, 0.00013088, 0.00013088, 0.00013371]","[2.76802e-05, 2.94715e-05, 3.26647e-05, 5.17705e-05, 5.56738e-05, 6.3779e-05]"
4581,Tanker,49990.0,7,TAURANGA,0.0002134008,"[1.0, 1.0, 1.0, 0.999989, 1.0, 1.0]","[0.00319075, 0.01549164, 0.06975673, 0.26269739, 0.6265981, 0.64715141]","[0.00011553, 0.00011553, 0.00011553, 0.00013371, 0.00013195, 0.00013195]","[3.686e-07, 1.7898e-06, 8.0591e-06, 3.51244e-05, 8.26809e-05, 8.5393e-05]"
4587,Tanker,4755.0,7,NEW PLYMOUTH,0.0001001283,"[0.999986, 0.999993, 0.999975, 0.999986, 0.99967, 1.0]","[0.01098216, 0.02864853, 0.06604959, 0.15253839, 0.29863744, 0.63977568]","[8.814e-05, 0.00014047, 0.00010558, 8.814e-05, 8.814e-05, 7.567e-05]","[9.679e-07, 4.0243e-06, 6.9735e-06, 1.3444e-05, 2.63122e-05, 4.84098e-05]"
4591,Tanker,4755.0,7,LYTTELTON,0.0001411904,"[1.0, 1.0, 1.0, 1.0, 1.0, 0.999891]","[0.01972348, 0.04527257, 0.09684943, 0.19801878, 0.38824677, 0.71496549]","[7.706e-05, 8.814e-05, 8.814e-05, 8.814e-05, 8.814e-05, 0.00010558]","[1.5198e-06, 3.9902e-06, 8.536e-06, 1.74527e-05, 3.42187e-05, 7.54794e-05]"
4593,Container,26947.0,7,TAURANGA,0.0002457903,"[1.0, 1.0, 1.0, 1.0, 0.999493, 0.999999]","[0.22446384, 0.24765113, 0.28084169, 0.36912891, 0.43879226, 0.50819628]","[0.00010419, 0.00012152, 0.00011482, 0.00011567, 0.00011601, 0.00013088]","[2.33871e-05, 3.00935e-05, 3.22461e-05, 4.26989e-05, 5.08773e-05, 6.6512e-05]"
4594,Container,26947.0,7,TAURANGA,0.0002983916,"[1.0, 1.0, 0.999493, 0.999989, 0.999965, 0.999999]","[0.24416388, 0.32125409, 0.39160109, 0.43178135, 0.4697538, 0.51411711]","[0.00011482, 0.00011567, 0.00011601, 0.00013371, 0.00013371, 0.00013088]","[2.80348e-05, 3.7161e-05, 4.54055e-05, 5.77321e-05, 6.28077e-05, 6.72869e-05]"
4595,Container,26947.0,7,TAURANGA,0.0002623693,"[1.0, 1.0, 0.999493, 0.999989, 0.999965, 0.999999]","[0.21290068, 0.28553841, 0.34277317, 0.37811723, 0.41462682, 0.45221199]","[0.00011482, 0.00011567, 0.00011601, 0.00013371, 0.00013371, 0.00013088]","[2.44452e-05, 3.30296e-05, 3.9744e-05, 5.05569e-05, 5.54371e-05, 5.91849e-05]"
4596,Container,26947.0,7,TAURANGA,0.000301039,"[1.0, 0.999948, 0.999493, 0.999989, 0.999965, 0.999999]","[0.29076297, 0.35027618, 0.37917887, 0.42281876, 0.45714183, 0.49809181]","[0.00011567, 0.00011601, 0.00011601, 0.00013371, 0.00013371, 0.00013088]","[3.36339e-05, 4.06324e-05, 4.39652e-05, 5.65338e-05, 6.11215e-05, 6.51896e-05]"
4597,Container,26947.0,7,TAURANGA,0.0003023759,"[1.0, 1.0, 0.999493, 0.999989, 0.999965, 0.999999]","[0.2487575, 0.32578621, 0.39098263, 0.4399134, 0.47742911, 0.52093108]","[0.00011482, 0.00011567, 0.00011601, 0.00013371, 0.00013371, 0.00013088]","[2.85622e-05, 3.76852e-05, 4.53338e-05, 5.88194e-05, 6.3834e-05, 6.81787e-05]"
4598,Container,26947.0,7,TAURANGA,0.0002991068,"[1.0, 1.0, 0.999493, 0.999989, 0.999965, 0.999999]","[0.2478022, 0.32694095, 0.39113408, 0.43459868, 0.47023185, 0.50841231]","[0.00011482, 0.00011567, 0.00011601, 0.00013371, 0.00013371, 0.00013088]","[2.84525e-05, 3.78188e-05, 4.53514e-05, 5.81088e-05, 6.28717e-05, 6.65403e-05]"
4600,Container,26947.0,7,TAURANGA,0.0002754929,"[1.0, 1.0, 0.999493, 0.999989, 0.999965, 0.999999]","[0.20771582, 0.29746346, 0.35662313, 0.39925797, 0.43757873, 0.47857331]","[0.00012152, 0.00011567, 0.00011601, 0.00013371, 0.00013371, 0.00013088]","[2.52408e-05, 3.4409e-05, 4.13499e-05, 5.33835e-05, 5.85058e-05, 6.2635e-05]"
4601,Container,26947.0,7,TAURANGA,0.000277458,"[1.0, 1.0, 0.999493, 0.999989, 0.999965, 0.999999]","[0.22476031, 0.29141067, 0.34771157, 0.40109786, 0.44051036, 0.48514658]","[0.00012209, 0.00011567, 0.00011601, 0.00013371, 0.00013371, 0.00013088]","[2.74415e-05, 3.37088e-05, 4.03166e-05, 5.36295e-05, 5.88978e-05, 6.34953e-05]"
4602,Container,26947.0,7,TAURANGA,0.0003080459,"[1.0, 0.999948, 0.999493, 0.999989, 0.999965, 0.999999]","[0.29626435, 0.35805315, 0.38957636, 0.42698602, 0.47123881, 0.51201781]","[0.00011567, 0.00011601, 0.00011601, 0.00013371, 0.00013371, 0.00013088]","[3.42703e-05, 4.15346e-05, 4.51708e-05, 5.70909e-05, 6.30063e-05, 6.70122e-05]"
4604,Container,27025.0,7,TAURANGA,0.0002646587,"[1.0, 1.0, 1.0, 0.999493, 0.999965, 0.999999]","[0.21201242, 0.23321284, 0.33522959, 0.40031324, 0.46784667, 0.50819842]","[0.00010419, 0.00012152, 0.00011567, 0.00011601, 0.00013371, 0.00013088]","[2.20898e-05, 2.8339e-05, 3.87776e-05, 4.64157e-05, 6.25527e-05, 6.65123e-05]"
4605,Container,27025.0,7,TAURANGA,0.0002947196,"[1.0, 1.0, 0.999493, 0.999989, 0.999965, 0.999999]","[0.22093361, 0.32384146, 0.38638227, 0.42799002, 0.46510861, 0.50608533]","[0.00012152, 0.00011567, 0.00011601, 0.00013371, 0.00013371, 0.00013088]","[2.68469e-05, 3.74603e-05, 4.48004e-05, 5.72252e-05, 6.21867e-05, 6.62357e-05]"
4606,Container,27025.0,7,TAURANGA,0.0002759983,"[0.854803, 1.0, 1.0, 0.999493, 0.999965, 0.999999]","[0.23064844, 0.25220804, 0.34273349, 0.41987782, 0.47330047, 0.51984479]","[0.00013909, 0.00011482, 0.00011567, 0.00011601, 0.00013371, 0.00013088]","[2.74227e-05, 2.89584e-05, 3.96456e-05, 4.86842e-05, 6.32819e-05, 6.80366e-05]"
4607,Container,27025.0,7,TAURANGA,0.0002956056,"[1.0, 1.0, 0.999493, 0.999989, 0.999965, 0.999999]","[0.24052455, 0.31698466, 0.39153944, 0.43064034, 0.463688, 0.50720839]","[0.00011482, 0.00011567, 0.00011601, 0.00013371, 0.00013371, 0.00013088]","[2.76169e-05, 3.66671e-05, 4.53984e-05, 5.75796e-05, 6.19967e-05, 6.63827e-05]"
4608,Container,27025.0,7,NELSON,0.0002609776,"[1.0, 1.0, 0.999936, 0.999986, 0.999847, 0.999991]","[0.2591559, 0.34103096, 0.4072761, 0.4478149, 0.48435222, 0.52859028]","[8.676e-05, 8.787e-05, 8.814e-05, 0.00010558, 0.00010558, 0.00014047]","[2.24835e-05, 2.99648e-05, 3.58936e-05, 4.72806e-05, 5.11311e-05, 7.42515e-05]"
4609,Container,27025.0,7,TAURANGA,0.000298162,"[1.0, 1.0, 0.999493, 0.999989, 0.999965, 0.999999]","[0.2434226, 0.32729637, 0.38865211, 0.43297439, 0.46809366, 0.5107628]","[0.00011482, 0.00011567, 0.00011601, 0.00013371, 0.00013371, 0.00013088]","[2.79497e-05, 3.78599e-05, 4.50636e-05, 5.78916e-05, 6.25858e-05, 6.68479e-05]"
4610,Container,27025.0,7,TAURANGA,0.0002601246,"[1.0, 1.0, 1.0, 0.999493, 0.999989, 0.999999]","[0.20157986, 0.22782339, 0.32558476, 0.38837861, 0.45585082, 0.5181969]","[0.00010419, 0.00012152, 0.00011567, 0.00011601, 0.00013371, 0.00013088]","[2.10028e-05, 2.76841e-05, 3.76619e-05, 4.50319e-05, 6.09504e-05, 6.78209e-05]"
4611,Container,27025.0,7,AUCKLAND,0.0002901331,"[1.0, 1.0, 0.998457, 0.999965, 0.999902, 0.999998]","[0.23299718, 0.30583542, 0.36593982, 0.42446646, 0.46246075, 0.51245964]","[0.00011482, 0.00011567, 0.00011601, 0.00013371, 0.00013371, 0.00013088]","[2.67526e-05, 3.53774e-05, 4.23861e-05, 5.67527e-05, 6.18288e-05, 6.70699e-05]"
4612,Container,27025.0,7,TAURANGA,0.0002833143,"[1.0, 1.0, 0.999493, 0.999989, 0.999965, 0.999999]","[0.22428318, 0.30037671, 0.36507783, 0.41394868, 0.44986803, 0.49681296]","[0.00011482, 0.00011567, 0.00011601, 0.00013371, 0.00013371, 0.00013088]","[2.57521e-05, 3.4746e-05, 4.23302e-05, 5.53478e-05, 6.01489e-05, 6.50222e-05]"
4613,Container,27025.0,7,TAURANGA,0.0002695333,"[1.0, 1.0, 1.0, 0.999493, 0.999989, 0.999999]","[0.23311802, 0.25365231, 0.33171957, 0.3945904, 0.44931822, 0.51671353]","[0.00011482, 0.00012209, 0.00011567, 0.00011601, 0.00013371, 0.00013088]","[2.67665e-05, 3.0969e-05, 3.83716e-05, 4.57521e-05, 6.00769e-05, 6.76267e-05]"
4617,Bulker,39836.0,5,TAURANGA,0.0002317746,"[1.0, 1.0, 1.0, 1.0]","[0.20481571, 0.44666255, 0.63434618, 0.65355165]","[0.00012152, 0.00012152, 0.00011482, 0.00012209]","[2.48883e-05, 5.42765e-05, 7.28353e-05, 7.97937e-05]"
4618,Bulker,39758.0,5,WELLINGTON,0.0002158996,"[1.0, 1.0, 1.0, 1.0]","[0.20016135, 0.41980812, 0.56882906, 0.66208673]","[9.354e-05, 8.676e-05, 0.00013061, 0.00013061]","[1.87232e-05, 3.64212e-05, 7.42954e-05, 8.64759e-05]"
4620,Bulker,39758.0,5,TAURANGA,0.000373966,"[0.999968, 0.999999, 0.999999, 0.999968]","[0.39332584, 0.68689952, 0.84274171, 0.90670899]","[0.00013371, 0.00013088, 0.00013088, 0.00013371]","[5.25892e-05, 8.99004e-05, 0.0001102968, 0.0001212306]"
4622,Bulker,39784.0,5,AUCKLAND,0.0002814456,"[1.0, 1.0, 1.0, 1.0]","[0.29001301, 0.49422258, 0.65240011, 0.69652004]","[0.00013195, 0.00013195, 0.00013195, 0.00013195]","[3.82678e-05, 6.52137e-05, 8.60856e-05, 9.19073e-05]"
4626,General Cargo,37693.0,7,TAURANGA,0.0003103783,"[1.0, 1.0, 1.0, 1.0, 1.0, 1.0]","[0.22756727, 0.30427725, 0.37050786, 0.43193534, 0.59165648, 0.69118053]","[9.871e-05, 0.00013195, 0.00013195, 0.00013195, 0.00011063, 0.00011063]","[2.24632e-05, 4.015e-05, 4.88893e-05, 5.69948e-05, 6.54549e-05, 7.64653e-05]"
4633,Tanker,49635.0,5,TAURANGA,0.0002137154,"[1.0, 1.0, 1.0, 1.0]","[0.07136477, 0.35858535, 0.63693646, 0.71389099]","[0.00013092, 0.00013195, 9.871e-05, 0.00013195]","[9.343e-06, 4.73161e-05, 6.2872e-05, 9.41994e-05]"
4635,Tanker,49635.0,6,TAURANGA,0.000208875,"[1.0, 1.0, 1.0, 1.0, 1.0]","[0.01664399, 0.09276098, 0.35793584, 0.66194021, 0.71304078]","[9.871e-05, 0.0001061, 0.0001061, 9.871e-05, 0.00013195]","[1.6429e-06, 9.842e-06, 3.79772e-05, 6.53402e-05, 9.40872e-05]"
4640,Bulker,34302.0,7,PORT CHALMERS,0.0002745012,"[1.0, 0.9999, 0.999996, 1.0, 1.0, 0.999833]","[0.04125935, 0.15642714, 0.35025797, 0.62333977, 0.74881337, 0.92035509]","[8.382e-05, 0.00010558, 0.00010558, 8.776e-05, 8.776e-05, 0.00010558]","[3.4582e-06, 1.65143e-05, 3.69809e-05, 5.47039e-05, 6.57154e-05, 9.71569e-05]"
4647,Bulker,34302.0,7,NAPIER,0.0001759777,"[1.0, 1.0, 1.0, 1.0, 1.0, 1.0]","[0.04625577, 0.10802026, 0.22414742, 0.3689238, 0.47179318, 0.8288876]","[8.382e-05, 8.382e-05, 8.382e-05, 8.498e-05, 8.498e-05, 8.787e-05]","[3.877e-06, 9.0539e-06, 1.87872e-05, 3.13496e-05, 4.0091e-05, 7.28304e-05]"
4653,Bulker,63276.0,5,LYTTELTON,0.0001704632,"[1.0, 1.0, 1.0, 1.0]","[0.20852635, 0.35990556, 0.65733131, 0.67546203]","[8.967e-05, 8.967e-05, 8.967e-05, 8.967e-05]","[1.86975e-05, 3.22709e-05, 5.89396e-05, 6.05653e-05]"
4658,Container,30189.0,7,TAURANGA,0.0003092403,"[1.0, 1.0, 0.999493, 0.999989, 0.999965, 0.999999]","[0.24242217, 0.34516468, 0.40527272, 0.44382182, 0.48333376, 0.52673553]","[0.00012152, 0.00011567, 0.00011601, 0.00013371, 0.00013371, 0.00013088]","[2.94581e-05, 3.99268e-05, 4.69907e-05, 5.9342e-05, 6.46234e-05, 6.89384e-05]"
4659,Container,30189.0,7,TAURANGA,0.0002822141,"[0.854803, 1.0, 1.0, 1.0, 0.999493, 0.999989]","[0.27277225, 0.29430347, 0.31177312, 0.40566392, 0.49280129, 0.55265848]","[0.00013909, 0.00011482, 0.00012209, 0.00011567, 0.00011601, 0.00013371]","[3.24309e-05, 3.37918e-05, 3.80651e-05, 4.69251e-05, 5.71395e-05, 7.38942e-05]"
4660,Container,30189.0,7,TAURANGA,0.0003014477,"[1.0, 1.0, 0.999493, 0.999989, 0.999965, 0.999999]","[0.25316926, 0.33238759, 0.39659544, 0.43313003, 0.46694959, 0.51679619]","[0.00011482, 0.00011567, 0.00011601, 0.00013371, 0.00013371, 0.00013088]","[2.90688e-05, 3.84488e-05, 4.59846e-05, 5.79124e-05, 6.24328e-05, 6.76376e-05]"
4662,Container,30189.0,7,TAURANGA,0.0003152043,"[1.0, 1.0, 0.999493, 0.999989, 0.999965, 0.999999]","[0.25910077, 0.34613923, 0.41370486, 0.45739082, 0.49341848, 0.53759128]","[0.00011482, 0.00011567, 0.00011601, 0.00013371, 0.00013371, 0.00013088]","[2.97498e-05, 4.00396e-05, 4.79684e-05, 6.11563e-05, 6.59718e-05, 7.03592e-05]"
4663,Container,30189.0,7,TAURANGA,0.0002960601,"[1.0, 1.0, 1.0, 0.999493, 0.999989, 0.999965]","[0.25797398, 0.27497361, 0.35657405, 0.42056872, 0.51210154, 0.55661024]","[0.00011482, 0.00012209, 0.00011567, 0.00011601, 0.00013371, 0.00013371]","[2.96204e-05, 3.35722e-05, 4.12466e-05, 4.87643e-05, 6.84715e-05, 7.44207e-05]"
4664,Container,30189.0,7,AUCKLAND,0.0002877479,"[0.643148, 1.0, 1.0, 0.998457, 0.999965, 0.999902]","[0.25577907, 0.27996393, 0.37356635, 0.44336642, 0.49049249, 0.5430892]","[0.00013909, 0.00011482, 0.00011567, 0.00011601, 0.00013371, 0.00013371]","[2.28807e-05, 3.21453e-05, 4.32122e-05, 5.13543e-05, 6.55806e-05, 7.26084e-05]"
4666,Container,30136.0,7,TAURANGA,0.0002666872,"[1.0, 1.0, 1.0, 0.999948, 0.999493, 0.999989]","[0.22186802, 0.25248286, 0.36109402, 0.41479028, 0.45250987, 0.52776256]","[0.00010419, 0.00012152, 0.00011567, 0.00011601, 0.00011601, 0.00013371]","[2.31166e-05, 3.06807e-05, 4.17695e-05, 4.81161e-05, 5.24678e-05, 7.05655e-05]"
4667,Container,30136.0,7,TAURANGA,0.0002614658,"[1.0, 1.0, 0.854803, 1.0, 0.999493, 0.999989]","[0.23203973, 0.25668523, 0.28544325, 0.39231394, 0.47532287, 0.53620765]","[0.00010419, 0.00012152, 0.00013909, 0.00011567, 0.00011601, 0.00013371]","[2.41764e-05, 3.11913e-05, 3.39374e-05, 4.53808e-05, 5.51129e-05, 7.16946e-05]"
4668,Container,30136.0,7,TAURANGA,0.0002723301,"[0.854803, 1.0, 1.0, 1.0, 0.999493, 0.999989]","[0.26265764, 0.28499816, 0.29959738, 0.38658437, 0.47742376, 0.53666362]","[0.00013909, 0.00011482, 0.00012209, 0.00011567, 0.00011601, 0.00013371]","[3.12283e-05, 3.27234e-05, 3.65785e-05, 4.4718e-05, 5.53565e-05, 7.17556e-05]"
4669,Container,30136.0,7,TAURANGA,0.0002674481,"[1.0, 0.854803, 1.0, 1.0, 0.999493, 0.999989]","[0.24830002, 0.27578022, 0.29523966, 0.39332108, 0.46862033, 0.52939675]","[0.00012152, 0.00013909, 0.00011482, 0.00011567, 0.00011601, 0.00013371]","[3.01724e-05, 3.27885e-05, 3.38993e-05, 4.54973e-05, 5.43358e-05, 7.0784e-05]"
4670,Container,30136.0,7,TAURANGA,0.0003136453,"[1.0, 1.0, 0.999493, 0.999989, 0.999965, 0.999999]","[0.26764324, 0.3447101, 0.40431729, 0.45088973, 0.48660823, 0.52648867]","[0.00012209, 0.00011567, 0.00011601, 0.00013371, 0.00013371, 0.00013088]","[3.26772e-05, 3.98742e-05, 4.688e-05, 6.0287e-05, 6.50612e-05, 6.89061e-05]"
4671,Container,30136.0,7,TAURANGA,0.0002645006,"[1.0, 0.854803, 1.0, 0.999493, 0.999989, 0.999999]","[0.21304798, 0.23512253, 0.32204995, 0.37934373, 0.44461743, 0.53484652]","[0.00012152, 0.00013909, 0.00011567, 0.00011601, 0.00013371, 0.00013088]","[2.58887e-05, 2.79546e-05, 3.7253e-05, 4.39843e-05, 5.94484e-05, 7e-05]"
4672,Container,30136.0,7,AUCKLAND,0.0003085056,"[1.0, 1.0, 0.998457, 0.999965, 0.999902, 0.999998]","[0.2491015, 0.3255451, 0.39535385, 0.44926737, 0.48574876, 0.53232533]","[0.00012209, 0.00011567, 0.00011601, 0.00013371, 0.00013371, 0.00013088]","[3.04134e-05, 3.76573e-05, 4.57931e-05, 6.00687e-05, 6.49422e-05, 6.96699e-05]"
4673,Container,30136.0,7,TAURANGA,0.0002987218,"[0.854803, 1.0, 0.999493, 0.999989, 0.999965, 0.999999]","[0.22970245, 0.32234489, 0.3834151, 0.42936716, 0.47423143, 0.52635707]","[0.00013909, 0.00011567, 0.00011601, 0.00013371, 0.00013371, 0.00013088]","[2.73102e-05, 3.72872e-05, 4.44564e-05, 5.74093e-05, 6.34064e-05, 6.88889e-05]"
4674,Container,30136.0,7,TAURANGA,0.000292302,"[0.854803, 1.0, 1.0, 0.999493, 0.999989, 0.999965]","[0.25015671, 0.27379964, 0.35709374, 0.42508376, 0.48871296, 0.54768291]","[0.00013909, 0.00012209, 0.00011567, 0.00011601, 0.00013371, 0.00013371]","[2.97421e-05, 3.34288e-05, 4.13067e-05, 4.92878e-05, 6.53443e-05, 7.32271e-05]"
4675,Container,30136.0,7,TAURANGA,0.0003064963,"[1.0, 1.0, 0.999493, 0.999989, 0.999965, 0.999999]","[0.25447388, 0.33786726, 0.39613297, 0.43523314, 0.47432102, 0.54012278]","[0.00011482, 0.00011567, 0.00011601, 0.00013371, 0.00013371, 0.00013088]","[2.92186e-05, 3.90827e-05, 4.5931e-05, 5.81936e-05, 6.34184e-05, 7.06905e-05]"
4677,Container,116851.0,6,TAURANGA,0.0003614861,"[1.0, 1.0, 1.0, 1.0, 1.0]","[0.4722188, 0.49854296, 0.55393679, 0.6043719, 0.64721851]","[0.00012209, 0.00012209, 0.0001346, 0.0001346, 0.0001346]","[5.76543e-05, 6.08683e-05, 7.45573e-05, 8.13456e-05, 8.71126e-05]"
4680,Tanker,49990.0,5,TAURANGA,0.0001627242,"[1.0, 1.0, 1.0, 1.0]","[0.07927756, 0.28970688, 0.45475953, 0.68447716]","[0.00011553, 0.00011553, 0.00011553, 9.871e-05]","[9.1591e-06, 3.34703e-05, 5.25391e-05, 6.75648e-05]"
4684,Container,65165.0,7,TAURANGA,0.0003794255,"[1.0, 1.0, 1.0, 1.0, 0.999965, 0.999999]","[0.36752154, 0.41529024, 0.42842839, 0.47188356, 0.61613573, 0.72033325]","[0.00013195, 0.00011623, 0.00011623, 0.00011924, 0.00013371, 0.00013088]","[4.84952e-05, 4.82684e-05, 4.97954e-05, 5.62697e-05, 8.23795e-05, 9.42762e-05]"
4685,Container,65165.0,5,AUCKLAND,0.0001864434,"[1.0, 1.0, 1.0, 1.0]","[0.32141522, 0.4106291, 0.45312938, 0.49996543]","[0.00011567, 9.704e-05, 9.704e-05, 0.00013092]","[3.71796e-05, 3.98485e-05, 4.39728e-05, 6.54553e-05]"
4689,Container,65165.0,5,AUCKLAND,0.0001883014,"[1.0, 1.0, 1.0, 1.0]","[0.27212577, 0.39267326, 0.47657458, 0.58054305]","[0.00011567, 9.704e-05, 0.00013092, 9.704e-05]","[3.14781e-05, 3.8106e-05, 6.23929e-05, 5.63374e-05]"
4693,Container,65165.0,5,AUCKLAND,0.0001975649,"[1.0, 1.0, 1.0, 1.0]","[0.30580643, 0.444833, 0.49274581, 0.54399893]","[0.00011567, 9.704e-05, 9.704e-05, 0.00013092]","[3.53741e-05, 4.31677e-05, 4.78173e-05, 7.12201e-05]"
4698,Container,120964.0,7,TAURANGA,0.0004419371,"[1.0, 1.0, 1.0, 1.0, 1.0, 1.0]","[0.47870691, 0.50207072, 0.53295639, 0.58276424, 0.63560677, 0.69256205]","[0.00012209, 0.00012209, 0.00012209, 0.0001346, 0.0001346, 0.0001346]","[5.84464e-05, 6.1299e-05, 6.50699e-05, 7.84373e-05, 8.55497e-05, 9.32156e-05]"
4704,Container,112224.0,7,TAURANGA,0.0004073041,"[1.0, 1.0, 1.0, 1.0, 1.0, 1.0]","[0.30383213, 0.47820815, 0.50721654, 0.56294056, 0.61351445, 0.65844033]","[0.00013195, 0.00012209, 0.00012209, 0.0001346, 0.0001346, 0.0001346]","[4.00913e-05, 5.83856e-05, 6.19273e-05, 7.57692e-05, 8.25762e-05, 8.8623e-05]"
4708,Tanker,4752.0,7,NEW PLYMOUTH,0.0001283121,"[0.875456, 0.878649, 0.999861, 0.999986, 0.999986, 0.99967]","[0.01743478, 0.03773566, 0.09167059, 0.21418769, 0.39524676, 0.67598921]","[0.00011087, 0.00011087, 0.00010558, 8.814e-05, 8.814e-05, 8.814e-05]","[1.6922e-06, 3.6759e-06, 9.6774e-06, 1.88775e-05, 3.48351e-05, 5.95596e-05]"
4711,Tanker,4752.0,6,NEW PLYMOUTH,0.0001419881,"[0.999993, 0.999975, 0.999986, 0.999598, 0.99967]","[0.04335301, 0.09937096, 0.22595446, 0.46606855, 0.7313573]","[0.00014047, 0.00010558, 8.814e-05, 8.814e-05, 8.814e-05]","[6.0898e-06, 1.04915e-05, 1.99145e-05, 4.10611e-05, 6.4438e-05]"
4712,Tanker,4752.0,7,NEW PLYMOUTH,0.000117789,"[0.999861, 1.0, 1.0, 0.999598, 0.999861, 0.999975]","[0.01172924, 0.02905006, 0.06737489, 0.15204208, 0.33915619, 0.56886062]","[0.00010558, 7.567e-05, 7.567e-05, 8.814e-05, 0.00010558, 0.00010558]","[1.2382e-06, 2.1981e-06, 5.098e-06, 1.33951e-05, 3.58039e-05, 6.00601e-05]"
4714,General Cargo,37711.0,7,LYTTELTON,0.0004316,"[0.999995, 0.999991, 0.999915, 0.999998, 1.0, 1.0]","[0.27588189, 0.41897759, 0.5169339, 0.59410887, 0.65044331, 0.78000655]","[0.00010558, 0.00014047, 0.00014047, 0.00014047, 0.00013117, 0.00013117]","[2.91281e-05, 5.88541e-05, 7.26086e-05, 8.34556e-05, 8.53175e-05, 0.0001023121]"
4717,Bulker,37686.0,7,NEW PLYMOUTH,0.0003204951,"[1.0, 1.0, 1.0, 0.999999, 0.999996, 0.999975]","[0.03916289, 0.09732543, 0.33021609, 0.55963318, 0.67651276, 0.86588692]","[8.906e-05, 8.906e-05, 0.00013117, 0.00014047, 0.00014047, 0.00010558]","[3.488e-06, 8.6682e-06, 4.33139e-05, 7.86128e-05, 9.50308e-05, 9.142e-05]"
4719,Bulker,37686.0,7,NAPIER,0.0003872622,"[1.0, 0.999996, 0.999998, 0.999999, 1.0, 1.0]","[0.05703984, 0.16704818, 0.3829383, 0.65286881, 0.81259816, 0.85834346]","[8.776e-05, 0.00010558, 0.00014047, 0.00014047, 0.00013117, 0.00013117]","[5.0058e-06, 1.76373e-05, 5.3792e-05, 9.17098e-05, 0.0001065871, 0.0001125874]"
4722,RoRo,23889.0,7,AUCKLAND,0.0003694679,"[1.0, 1.0, 1.0, 1.0, 1.0, 1.0]","[0.32561913, 0.40888936, 0.5169843, 0.59319835, 0.64858821, 0.68775561]","[0.00010419, 0.00012152, 0.00011482, 0.00011482, 0.00011482, 0.00012209]","[3.39265e-05, 4.96865e-05, 5.93599e-05, 6.81108e-05, 7.44706e-05, 8.39697e-05]"
4724,RoRo,23889.0,7,AUCKLAND,0.0003286856,"[1.0, 1.0, 1.0, 1.0, 1.0, 1.0]","[0.22344715, 0.37648159, 0.45801083, 0.5606852, 0.62633292, 0.66299463]","[9.591e-05, 0.00010419, 0.00012152, 0.00011482, 0.00011482, 0.00011482]","[2.14304e-05, 3.92259e-05, 5.56555e-05, 6.43776e-05, 7.19152e-05, 7.61247e-05]"
4726,Bulker,37707.0,6,NAPIER,0.0001523872,"[1.0, 1.0, 1.0, 1.0, 1.0]","[0.08184421, 0.1793609, 0.31639993, 0.47408468, 0.61041415]","[9.103e-05, 9.103e-05, 9.103e-05, 0.00010863, 7.916e-05]","[7.4501e-06, 1.63269e-05, 2.88014e-05, 5.14979e-05, 4.83194e-05]"
4730,General Cargo,37720.0,5,AUCKLAND,0.0002931008,"[1.0, 1.0, 0.999965, 0.999998]","[0.35890337, 0.40473645, 0.67884606, 0.87944815]","[0.00013195, 0.00013195, 0.00013371, 0.00011553]","[4.73581e-05, 5.34058e-05, 9.07642e-05, 0.0001016038]"
4731,General Cargo,37720.0,5,AUCKLAND,0.0002301826,"[1.0, 1.0, 1.0, 1.0]","[0.32115386, 0.42049901, 0.59184408, 0.61044891]","[0.00010943, 0.00010943, 0.00013195, 0.00011623]","[3.51423e-05, 4.60132e-05, 7.80951e-05, 7.09513e-05]"
4732,General Cargo,37720.0,5,TAURANGA,0.0003401861,"[1.0, 1.0, 0.999968, 0.999999]","[0.40532241, 0.50874221, 0.77571083, 0.88555209]","[0.00013195, 0.00013195, 0.00013371, 0.00013088]","[5.34831e-05, 6.71296e-05, 0.0001037156, 0.0001158998]"
4733,General Cargo,37720.0,7,NAPIER,0.0003339851,"[1.0, 1.0, 1.0, 1.0, 1.0, 0.999982]","[0.21514452, 0.2816422, 0.37290944, 0.66511684, 0.83511148, 0.8978649]","[0.00012369, 0.00012369, 0.00012369, 8.776e-05, 8.776e-05, 0.00010558]","[2.66115e-05, 3.48367e-05, 4.61257e-05, 5.83703e-05, 7.32889e-05, 9.47968e-05]"
4735,General Cargo,37715.0,7,TIMARU,0.000226474,"[1.0, 1.0, 1.0, 1.0, 1.0, 1.0]","[0.2226339, 0.3145788, 0.40850683, 0.48762938, 0.50547046, 0.65663453]","[8.358e-05, 8.906e-05, 8.906e-05, 8.906e-05, 8.906e-05, 8.382e-05]","[1.86078e-05, 2.80177e-05, 3.63833e-05, 4.34303e-05, 4.50193e-05, 5.50367e-05]"
4738,General Cargo,37715.0,6,LYTTELTON,0.0002513412,"[1.0, 1.0, 1.0, 1.0, 1.0]","[0.24863633, 0.3068876, 0.36594243, 0.55250694, 0.5758579]","[0.00012132, 0.00012132, 0.00012132, 0.00012369, 0.00012369]","[3.01657e-05, 3.7233e-05, 4.43979e-05, 6.83404e-05, 7.12287e-05]"
4739,General Cargo,37715.0,5,TAURANGA,0.0002366162,"[1.0, 1.0, 1.0, 1.0]","[0.39632169, 0.48160016, 0.56210553, 0.64806711]","[0.00011623, 0.00011623, 0.00011063, 0.00011174]","[4.60637e-05, 5.59755e-05, 6.21857e-05, 7.24121e-05]"
4742,General Cargo,37613.0,6,AUCKLAND,0.0003508374,"[1.0, 1.0, 1.0, 1.0, 1.0]","[0.25761904, 0.46932402, 0.55790599, 0.65558981, 0.70318525]","[0.00013992, 0.00013195, 0.00013195, 0.00013195, 0.00013195]","[3.60472e-05, 6.19283e-05, 7.36169e-05, 8.65065e-05, 9.27868e-05]"
4748,Bulker,37574.0,6,TAURANGA,0.0003641668,"[1.0, 1.0, 0.999999, 0.999999, 0.999968]","[0.14345314, 0.3328782, 0.60647056, 0.74025778, 0.91080541]","[0.00013665, 0.00013992, 0.00013088, 0.00013088, 0.00013371]","[1.96025e-05, 4.65778e-05, 7.9374e-05, 9.68839e-05, 0.0001217783]"
4751,Bulker,34334.0,6,TAURANGA,0.0002693512,"[1.0, 1.0, 1.0, 1.0, 0.999989]","[0.10131038, 0.21411393, 0.39726838, 0.58896044, 0.90729527]","[9.871e-05, 9.871e-05, 9.871e-05, 0.00013195, 0.00013371]","[1.00004e-05, 2.11352e-05, 3.92144e-05, 7.77146e-05, 0.0001213116]"
4756,General Cargo,31798.0,6,NEW PLYMOUTH,0.0002690773,"[1.0, 1.0, 1.0, 1.0, 0.999995]","[0.26171222, 0.33260174, 0.52216215, 0.58528408, 0.89673941]","[8.466e-05, 8.466e-05, 8.382e-05, 8.382e-05, 0.00014047]","[2.21565e-05, 2.81579e-05, 4.37657e-05, 4.90564e-05, 0.0001259663]"
4760,RoRo,23786.0,5,AUCKLAND,0.0003632254,"[1.0, 0.999998, 0.999913, 0.999965]","[0.44121981, 0.61687071, 0.74658047, 0.90488196]","[0.00013992, 0.00013088, 0.00013371, 0.00013371]","[6.17375e-05, 8.07351e-05, 9.98153e-05, 0.000120986]"
4762,RoRo,23786.0,7,AUCKLAND,0.0003696186,"[1.0, 1.0, 1.0, 1.0, 1.0, 1.0]","[0.29884077, 0.3974487, 0.53067801, 0.60106216, 0.65470206, 0.69720502]","[0.00010419, 0.00012152, 0.00011482, 0.00011482, 0.00011482, 0.00012209]","[3.11365e-05, 4.82963e-05, 6.09322e-05, 6.90137e-05, 7.51726e-05, 8.51234e-05]"
4763,RoRo,23786.0,7,AUCKLAND,0.0003563084,"[1.0, 1.0, 1.0, 1.0, 1.0, 1.0]","[0.30971472, 0.38689931, 0.50063902, 0.57267931, 0.62601233, 0.67129779]","[0.00010419, 0.00012152, 0.00011482, 0.00011482, 0.00011482, 0.00012209]","[3.22694e-05, 4.70144e-05, 5.74831e-05, 6.57548e-05, 7.18784e-05, 8.19603e-05]"
4766,RoRo,23786.0,7,AUCKLAND,0.0003890141,"[1.0, 1.0, 1.0, 1.0, 1.0, 1.0]","[0.3138488, 0.39424574, 0.52282142, 0.59599382, 0.65066721, 0.8693793]","[0.00010419, 0.00012152, 0.00011482, 0.00011482, 0.00012209, 0.00011567]","[3.27002e-05, 4.79071e-05, 6.00301e-05, 6.84317e-05, 7.94415e-05, 0.0001005652]"
4767,RoRo,23786.0,7,AUCKLAND,0.0003471129,"[1.0, 1.0, 1.0, 1.0, 1.0, 1.0]","[0.30016913, 0.37457014, 0.49135781, 0.55863485, 0.61017992, 0.65320293]","[0.00010419, 0.00012152, 0.00011482, 0.00011482, 0.00011482, 0.00012209]","[3.12749e-05, 4.55162e-05, 5.64175e-05, 6.41422e-05, 7.00606e-05, 7.97511e-05]"
4773,Bulker,63527.0,6,NELSON,0.000185269,"[1.0, 1.0, 1.0, 1.0, 1.0]","[0.08631712, 0.24662882, 0.39938579, 0.65965435, 0.72136622]","[8.382e-05, 0.00010536, 8.967e-05, 8.967e-05, 7.916e-05]","[7.2348e-06, 2.5986e-05, 3.58109e-05, 5.91479e-05, 5.71022e-05]"
4776,General Cargo,36947.0,7,WELLINGTON,0.0003839594,"[1.0, 1.0, 1.0, 1.0, 0.999997, 1.0]","[0.18926443, 0.31716297, 0.4026368, 0.60216704, 0.81156186, 0.87643231]","[0.00010536, 0.00010536, 0.00012132, 8.776e-05, 0.00014047, 0.00013117]","[1.99418e-05, 3.34178e-05, 4.88498e-05, 5.28458e-05, 0.0001140014, 0.0001149601]"
4781,General Cargo,63340.0,5,WELLINGTON,0.0003503661,"[1.0, 0.999997, 0.999998, 0.999994]","[0.53083417, 0.65187895, 0.67764182, 0.89052709]","[0.00013117, 0.00014047, 0.00014047, 0.00010558]","[6.96286e-05, 9.15705e-05, 9.51895e-05, 9.40233e-05]"
4783,General Cargo,60494.0,5,TAURANGA,0.0003326695,"[1.0, 1.0, 1.0, 1.0]","[0.52300009, 0.56811266, 0.60051852, 0.60612631]","[0.0001448, 0.0001448, 0.0001448, 0.0001448]","[7.57294e-05, 8.22617e-05, 8.6954e-05, 8.7766e-05]"
4788,Bulker,63500.0,7,NEW PLYMOUTH,0.0001757016,"[1.0, 1.0, 1.0, 1.0, 1.0, 1.0]","[0.03447746, 0.10444955, 0.25668192, 0.42283847, 0.54773317, 0.60882971]","[8.358e-05, 8.906e-05, 8.906e-05, 8.906e-05, 8.906e-05, 8.906e-05]","[2.8816e-06, 9.3027e-06, 2.28611e-05, 3.76597e-05, 4.87833e-05, 5.42248e-05]"
4792,Bulker,61105.0,7,WELLINGTON,0.0001948314,"[1.0, 1.0, 1.0, 1.0, 1.0, 1.0]","[0.04200933, 0.11877698, 0.28374403, 0.46218627, 0.61807685, 0.6408937]","[0.00010536, 8.967e-05, 8.967e-05, 8.967e-05, 8.967e-05, 8.967e-05]","[4.4263e-06, 1.06501e-05, 2.54419e-05, 4.14419e-05, 5.54199e-05, 5.74658e-05]"
4795,Bulker,61115.0,6,WELLINGTON,0.0002364168,"[1.0, 1.0, 1.0, 1.0, 0.999944]","[0.09810995, 0.26324669, 0.44968929, 0.68837498, 0.90990356]","[0.00012132, 0.00010536, 8.967e-05, 8.776e-05, 0.00010558]","[1.19032e-05, 2.77369e-05, 4.03214e-05, 6.04114e-05, 9.60642e-05]"
4796,Bulker,61115.0,6,NELSON,0.0002684446,"[1.0, 1.0, 1.0, 1.0, 0.999993]","[0.09916867, 0.26431733, 0.4302686, 0.51674903, 0.88692783]","[0.00012132, 0.00012132, 0.00010536, 0.00010536, 0.00014047]","[1.20316e-05, 3.20682e-05, 4.53351e-05, 5.44471e-05, 0.0001245878]"
4797,Bulker,61115.0,5,WELLINGTON,0.0002433329,"[1.0, 1.0, 1.0, 1.0]","[0.35200431, 0.60860313, 0.65852484, 0.69050988]","[0.00010536, 0.00010536, 0.00010536, 0.00010536]","[3.70888e-05, 6.41253e-05, 6.93852e-05, 7.27553e-05]"
4802,Bulker,39172.0,5,GISBORNE,0.000261659,"[1.0, 1.0, 1.0, 0.999998]","[0.24977106, 0.44710884, 0.55344352, 0.89646846]","[9.871e-05, 9.871e-05, 0.00013195, 0.00013371]","[2.46549e-05, 4.41341e-05, 7.3028e-05, 0.000119865]"
4803,Bulker,39172.0,7,NEW PLYMOUTH,0.000265551,"[1.0, 1.0, 1.0, 1.0, 1.0, 0.999999]","[0.04903637, 0.12184974, 0.26674024, 0.44701943, 0.51386871, 0.8360358]","[0.00012132, 0.00010536, 0.00010536, 0.00010536, 0.00010536, 0.00014047]","[5.9493e-06, 1.28387e-05, 2.8105e-05, 4.71001e-05, 5.41436e-05, 0.0001174396]"
4804,Bulker,39172.0,5,GISBORNE,0.0003286758,"[1.0, 0.999998, 0.99999, 0.999999]","[0.26857642, 0.61046589, 0.77963973, 0.87371547]","[0.0001061, 0.00013371, 0.00013371, 0.00013088]","[2.84961e-05, 8.16241e-05, 0.0001042433, 0.0001143507]"
4808,RoRo,21856.0,7,AUCKLAND,0.0003408542,"[1.0, 1.0, 1.0, 1.0, 0.999998, 0.999913]","[0.17395584, 0.21296869, 0.2675737, 0.43308379, 0.56300762, 0.89624542]","[0.00014211, 0.00014211, 0.00011886, 0.00013992, 0.00013088, 0.00013371]","[2.47204e-05, 3.02644e-05, 3.18049e-05, 6.05991e-05, 7.36856e-05, 0.000119825]"
4809,RoRo,21856.0,5,AUCKLAND,0.0003762844,"[1.0, 1.0, 0.999998, 0.999913]","[0.42253024, 0.6551619, 0.80473726, 0.8922883]","[0.00014211, 0.00013992, 0.00013088, 0.00013371]","[6.00446e-05, 9.16732e-05, 0.0001053228, 0.000119296]"
4817,Tanker,49990.0,7,TAURANGA,0.0001656775,"[1.0, 1.0, 1.0, 1.0, 1.0, 1.0]","[0.00294382, 0.01448447, 0.07181794, 0.24575354, 0.56348412, 0.70145397]","[9.704e-05, 9.704e-05, 9.704e-05, 0.00013088, 9.871e-05, 9.871e-05]","[2.857e-07, 1.4056e-06, 6.9694e-06, 3.21639e-05, 5.56216e-05, 6.92406e-05]"
4818,Tanker,49990.0,6,TAURANGA,0.0001860885,"[1.0, 1.0, 1.0, 1.0, 1.0]","[0.02054847, 0.091768, 0.31803504, 0.5067098, 0.7036084]","[0.00011553, 0.00011553, 0.00011553, 0.00011553, 0.00011063]","[2.374e-06, 1.06021e-05, 3.67431e-05, 5.8541e-05, 7.78402e-05]"
4824,Tanker,49999.0,7,TAURANGA,0.0002453418,"[1.0, 1.0, 1.0, 1.0, 1.0, 0.999493]","[0.00338405, 0.01627257, 0.07405255, 0.27319729, 0.67572529, 0.93285236]","[0.00013092, 0.00013092, 0.00013092, 0.00013092, 0.00013195, 0.00011601]","[4.43e-07, 2.1304e-06, 9.6949e-06, 3.57669e-05, 8.91634e-05, 0.0001081628]"
4827,Tanker,49828.0,6,NEW PLYMOUTH,0.0001514414,"[1.0, 1.0, 1.0, 1.0, 1.0]","[0.02241845, 0.10810948, 0.40316816, 0.63182269, 0.64140128]","[8.382e-05, 8.382e-05, 8.382e-05, 8.382e-05, 8.382e-05]","[1.879e-06, 9.0613e-06, 3.37921e-05, 5.2957e-05, 5.37599e-05]"
4833,Bulker,34327.0,7,AUCKLAND,0.0003590463,"[1.0, 1.0, 1.0, 0.999913, 1.0, 0.999998]","[0.04933729, 0.15222339, 0.32862488, 0.6422835, 0.83990471, 0.8948233]","[0.00013992, 0.00013088, 0.00013992, 0.00013371, 0.00011553, 0.00011553]","[6.9035e-06, 1.99228e-05, 4.59827e-05, 8.58712e-05, 9.70355e-05, 0.0001033802]"
4834,Bulker,34327.0,6,TAURANGA,0.000227577,"[1.0, 1.0, 1.0, 1.0, 1.0]","[0.09137513, 0.24081326, 0.45142351, 0.57255501, 0.67691312]","[0.00013992, 0.00011063, 0.00011063, 0.00011063, 0.00011063]","[1.27856e-05, 2.66412e-05, 4.9941e-05, 6.33417e-05, 7.48869e-05]"
4835,Bulker,34327.0,7,TAURANGA,0.0002649613,"[1.0, 1.0, 1.0, 1.0, 1.0, 0.999999]","[0.04291157, 0.10608101, 0.29677035, 0.48281687, 0.5690122, 0.72185041]","[9.871e-05, 9.871e-05, 0.00011553, 0.00011553, 0.00011553, 0.00013088]","[4.2358e-06, 1.04713e-05, 3.42863e-05, 5.57806e-05, 6.57389e-05, 9.44748e-05]"
4836,Bulker,34327.0,7,AUCKLAND,0.0003222626,"[1.0, 1.0, 1.0, 1.0, 0.999965, 1.0]","[0.04282543, 0.10706619, 0.27636865, 0.45476991, 0.78338432, 0.87687075]","[0.00013195, 0.00013195, 0.00013195, 0.00013195, 0.00013371, 0.00011553]","[5.6509e-06, 1.41276e-05, 3.64674e-05, 6.00079e-05, 0.0001047413, 0.0001013062]"
4837,Bulker,34327.0,6,TAURANGA,0.0002593258,"[1.0, 1.0, 1.0, 1.0, 0.999999]","[0.10124659, 0.21451003, 0.3791499, 0.66501833, 0.87045663]","[9.871e-05, 9.871e-05, 9.871e-05, 0.00011553, 0.00013088]","[9.9941e-06, 2.11743e-05, 3.74259e-05, 7.68306e-05, 0.0001139242]"
4844,Bulker,34327.0,5,TAURANGA,0.0001877296,"[1.0, 1.0, 1.0, 1.0]","[0.16786537, 0.28754865, 0.45382392, 0.70001465]","[0.00013195, 0.00013195, 0.00011063, 0.00011063]","[2.21502e-05, 3.79427e-05, 5.02065e-05, 7.74426e-05]"
4847,Bulker,34376.0,5,TAURANGA,0.000161289,"[1.0, 1.0, 1.0, 1.0]","[0.18976749, 0.31887561, 0.42918202, 0.55325906]","[9.871e-05, 9.871e-05, 0.00011623, 0.00011063]","[1.8732e-05, 3.14762e-05, 4.9883e-05, 6.1207e-05]"
4848,Bulker,34376.0,6,TAURANGA,0.0002564926,"[1.0, 1.0, 1.0, 1.0, 1.0]","[0.12429087, 0.28686816, 0.54379075, 0.64568225, 0.71941833]","[0.00010943, 0.00011063, 0.00011063, 0.00011063, 0.00011063]","[1.36006e-05, 3.17362e-05, 6.01596e-05, 7.14318e-05, 7.95892e-05]"
4852,Bulker,34376.0,7,TAURANGA,0.0002762011,"[1.0, 1.0, 1.0, 1.0, 1.0, 0.999989]","[0.03680097, 0.1165104, 0.25115928, 0.42471347, 0.57378206, 0.91414087]","[0.00013665, 9.871e-05, 9.871e-05, 0.00013195, 9.871e-05, 0.00013371]","[5.0288e-06, 1.15008e-05, 2.4792e-05, 5.60418e-05, 5.66381e-05, 0.0001222269]"
4855,Tanker,12702.0,7,NEW PLYMOUTH,0.0002082207,"[1.0, 1.0, 1.0, 1.0, 0.999999, 0.99987]","[0.01280468, 0.03587549, 0.11576331, 0.27802788, 0.69259069, 0.8901876]","[0.00010536, 0.00012132, 0.00012132, 0.00012132, 8.776e-05, 0.00010558]","[1.3492e-06, 4.3526e-06, 1.40449e-05, 3.37316e-05, 6.07813e-05, 9.39758e-05]"
4856,Tanker,12702.0,7,NEW PLYMOUTH,0.0001942592,"[0.999962, 1.0, 1.0, 1.0, 0.999999, 0.999999]","[0.01065312, 0.04663899, 0.1269554, 0.30774254, 0.72699089, 0.89175422]","[0.00014047, 0.00010536, 0.00010536, 0.00010536, 8.776e-05, 8.776e-05]","[1.4964e-06, 4.9141e-06, 1.33766e-05, 3.24252e-05, 6.38003e-05, 7.82598e-05]"
4859,Bulker,39000.0,5,NEW PLYMOUTH,0.0001870718,"[1.0, 1.0, 1.0, 1.0]","[0.22821748, 0.37496824, 0.46071953, 0.68262551]","[0.00012132, 0.00012132, 0.00012132, 8.498e-05]","[2.76884e-05, 4.54929e-05, 5.58967e-05, 5.80067e-05]"
4860,Bulker,39000.0,6,NEW PLYMOUTH,0.0002657813,"[1.0, 1.0, 0.999999, 0.999999, 0.99986]","[0.11105247, 0.29942968, 0.64613096, 0.76510162, 0.91242395]","[8.382e-05, 0.00012132, 8.776e-05, 8.776e-05, 0.00010558]","[9.308e-06, 3.63282e-05, 5.6704e-05, 6.71448e-05, 9.63223e-05]"
4861,Bulker,39000.0,6,TAURANGA,0.0002326508,"[1.0, 1.0, 1.0, 1.0, 1.0]","[0.08762519, 0.19780788, 0.41246382, 0.57797502, 0.72234033]","[0.00013195, 0.00013195, 0.00013195, 0.00011063, 0.0001061]","[1.15623e-05, 2.61012e-05, 5.44255e-05, 6.39414e-05, 7.66407e-05]"
4866,General Cargo,63526.0,5,PORT CHALMERS,0.0002641733,"[1.0, 1.0, 1.0, 1.0]","[0.41256725, 0.46811879, 0.49632042, 0.85787225]","[0.00012132, 0.00010536, 0.00010536, 0.00013117]","[5.00546e-05, 4.93232e-05, 5.22946e-05, 0.0001125256]"
4870,RoRo,21901.0,7,AUCKLAND,0.0002837287,"[1.0, 1.0, 1.0, 1.0, 1.0, 1.0]","[0.21114314, 0.26179363, 0.38886412, 0.46604912, 0.54878951, 0.68143715]","[9.591e-05, 9.591e-05, 0.00010419, 0.00012152, 0.00011482, 0.00011482]","[2.02504e-05, 2.51082e-05, 4.05161e-05, 5.66323e-05, 6.30117e-05, 7.82423e-05]"
4873,Bulker,33443.0,5,AUCKLAND,0.0002450002,"[1.0, 1.0, 1.0, 1.0]","[0.2135769, 0.41596015, 0.56584406, 0.83775396]","[0.00011063, 0.0001061, 0.0001061, 0.00013992]","[2.3628e-05, 4.41336e-05, 6.00364e-05, 0.0001172224]"
4877,Bulker,35947.0,5,NELSON,0.0001937774,"[1.0, 1.0, 1.0, 1.0]","[0.21382335, 0.52219343, 0.65258308, 0.67370675]","[0.00013117, 8.967e-05, 8.967e-05, 8.967e-05]","[2.80468e-05, 4.68225e-05, 5.85139e-05, 6.04079e-05]"
4885,Bulker,34534.0,7,NELSON,0.0002895989,"[1.0, 1.0, 1.0, 1.0, 0.999892, 1.0]","[0.04283136, 0.10603624, 0.27785798, 0.51158946, 0.67094003, 0.86630318]","[8.382e-05, 8.382e-05, 8.776e-05, 8.776e-05, 0.00014047, 0.00013117]","[3.59e-06, 8.8876e-06, 2.43847e-05, 4.48968e-05, 9.42382e-05, 0.0001136315]"
4889,Bulker,34533.0,5,LYTTELTON,0.0002185498,"[1.0, 1.0, 1.0, 1.0]","[0.25852396, 0.44673753, 0.55453285, 0.59287086]","[0.00011797, 0.00011797, 0.00011797, 0.00011797]","[3.04992e-05, 5.27036e-05, 6.54207e-05, 6.99437e-05]"
4891,Bulker,34545.0,6,WELLINGTON,0.0002589549,"[0.999994, 0.999949, 1.0, 1.0, 0.999975]","[0.08693682, 0.26347016, 0.52763116, 0.65685807, 0.84027982]","[0.00010558, 0.00010558, 8.776e-05, 8.776e-05, 0.00014047]","[9.1789e-06, 2.78163e-05, 4.63046e-05, 5.76455e-05, 0.000118033]"
4900,Bulker,35172.0,7,NAPIER,0.0003438699,"[1.0, 0.999982, 0.999999, 0.999999, 0.999997, 1.0]","[0.04153819, 0.13795694, 0.32645502, 0.54152858, 0.6557473, 0.8506869]","[8.967e-05, 0.00010558, 0.00014047, 0.00014047, 0.00014047, 0.00013117]","[3.7245e-06, 1.45655e-05, 4.58578e-05, 7.60696e-05, 9.21139e-05, 0.0001115831]"
4911,Bulker,35531.0,5,TAURANGA,0.0003069786,"[1.0, 1.0, 1.0, 1.0]","[0.18563781, 0.51227429, 0.67442965, 0.88988704]","[0.00013195, 0.00013992, 0.00013992, 0.00013088]","[2.44953e-05, 7.16798e-05, 9.43693e-05, 0.0001164673]"
4912,Bulker,35531.0,7,GISBORNE,0.0003152939,"[1.0, 1.0, 1.0, 1.0, 1.0, 1.0]","[0.04423729, 0.1159475, 0.28520242, 0.49255678, 0.69622293, 0.87122727]","[9.871e-05, 0.00011623, 0.00011063, 0.00011063, 0.00013992, 0.00013088]","[4.3667e-06, 1.34764e-05, 3.15519e-05, 5.44915e-05, 9.74187e-05, 0.0001140251]"
4913,Bulker,35531.0,7,NELSON,0.0003061634,"[1.0, 1.0, 1.0, 1.0, 1.0, 0.999999]","[0.05820778, 0.13927656, 0.30323237, 0.52178582, 0.70489663, 0.90464675]","[8.382e-05, 8.382e-05, 8.498e-05, 8.498e-05, 0.00013117, 0.00014047]","[4.8788e-06, 1.16736e-05, 2.57674e-05, 4.43392e-05, 9.24601e-05, 0.0001270775]"
4923,Bulker,39721.0,5,TAURANGA,0.0002195747,"[1.0, 1.0, 1.0, 1.0]","[0.17097463, 0.51086043, 0.64338324, 0.66526683]","[0.00011063, 0.00010943, 0.00011063, 0.00011063]","[1.89149e-05, 5.5901e-05, 7.11775e-05, 7.35985e-05]"
4924,Bulker,39721.0,6,NEW PLYMOUTH,0.0002193484,"[0.99986, 0.999973, 1.0, 1.0, 0.999987]","[0.08603818, 0.21406699, 0.40885641, 0.68463141, 0.84848003]","[0.00010558, 0.00014047, 0.00013117, 7.567e-05, 8.814e-05]","[9.0828e-06, 3.00696e-05, 5.3629e-05, 5.18039e-05, 7.4781e-05]"
4925,Bulker,39721.0,6,GISBORNE,0.0003632127,"[1.0, 0.999998, 0.99999, 0.999991, 1.0]","[0.09815931, 0.28393353, 0.66777701, 0.81770484, 0.87846835]","[0.00011924, 0.00013371, 0.00013371, 0.00013371, 0.00013088]","[1.1705e-05, 3.79642e-05, 8.92864e-05, 0.0001093329, 0.0001149728]"
4931,Bulker,39828.0,6,GISBORNE,0.0003069612,"[1.0, 1.0, 0.999998, 1.0, 0.999966]","[0.11082034, 0.24158135, 0.51941197, 0.66242137, 0.91043414]","[0.00011553, 0.00011553, 0.00013088, 0.00013992, 0.00011601]","[1.28032e-05, 2.79103e-05, 6.79799e-05, 9.2689e-05, 0.0001056133]"
4932,Bulker,39828.0,5,AUCKLAND,0.0002409183,"[1.0, 1.0, 1.0, 1.0]","[0.26444758, 0.42522922, 0.63582457, 0.66899722]","[0.00013195, 0.00013195, 0.00013195, 9.871e-05]","[3.48944e-05, 5.61099e-05, 8.38984e-05, 6.60368e-05]"
4933,Bulker,39828.0,6,TAURANGA,0.0003076547,"[0.999989, 0.999961, 0.999999, 1.0, 0.999921]","[0.10813328, 0.26256894, 0.47369912, 0.65603864, 0.8994318]","[0.00013371, 0.00013371, 0.00013088, 0.00013992, 0.00011601]","[1.44582e-05, 3.51063e-05, 6.19971e-05, 9.17959e-05, 0.0001043323]"
4935,Bulker,39828.0,7,TAURANGA,0.0003655192,"[0.999999, 1.0, 1.0, 1.0, 0.999968, 0.999999]","[0.05318335, 0.13751176, 0.30347987, 0.51478898, 0.80219381, 0.89866012]","[0.00013088, 0.00013992, 0.00013992, 0.00013992, 0.00013371, 0.00013088]","[6.9606e-06, 1.92413e-05, 4.24643e-05, 7.20316e-05, 0.0001072565, 0.0001176154]"
4938,Bulker,39773.0,5,AUCKLAND,0.0003184249,"[1.0, 0.999965, 0.999998, 0.999889]","[0.22652591, 0.51660954, 0.79009596, 0.9121352]","[0.0001061, 0.00013371, 0.00013088, 0.00013371]","[2.40345e-05, 6.90726e-05, 0.0001034066, 0.0001219464]"
4940,Bulker,61192.0,7,WELLINGTON,0.0002047901,"[1.0, 1.0, 1.0, 1.0, 1.0, 0.999994]","[0.0330515, 0.09533014, 0.23964477, 0.46581386, 0.5412292, 0.84817638]","[8.382e-05, 8.382e-05, 8.382e-05, 8.382e-05, 8.382e-05, 0.00010558]","[2.7703e-06, 7.9902e-06, 2.00861e-05, 3.90428e-05, 4.53638e-05, 8.95518e-05]"
4945,Bulker,61171.0,5,TAURANGA,0.0002213866,"[1.0, 1.0, 1.0, 1.0]","[0.24788665, 0.46635856, 0.59618912, 0.69760656]","[9.871e-05, 9.871e-05, 9.871e-05, 0.00013195]","[2.44689e-05, 4.60343e-05, 5.88499e-05, 9.20507e-05]"
4959,Bulker,39685.0,6,TAURANGA,0.0002390373,"[1.0, 1.0, 1.0, 1.0, 1.0]","[0.11390503, 0.25902517, 0.44561567, 0.57709604, 0.6068641]","[0.00011482, 0.00012152, 0.00012152, 0.00011482, 0.00012209]","[1.30785e-05, 3.14756e-05, 5.41493e-05, 6.62619e-05, 7.40935e-05]"
4960,Bulker,39685.0,5,GISBORNE,0.0002159908,"[1.0, 1.0, 1.0, 0.99999]","[0.2187566, 0.39543384, 0.46903981, 0.72666328]","[0.0001061, 0.00011063, 0.00011063, 0.00013371]","[2.32102e-05, 4.37468e-05, 5.18899e-05, 9.71599e-05]"
4962,Bulker,39685.0,6,NAPIER,0.0002189942,"[1.0, 1.0, 1.0, 1.0, 0.999996]","[0.09399696, 0.20243067, 0.34716821, 0.45160369, 0.88409384]","[0.00012132, 0.00012132, 0.00012132, 0.00010536, 0.00010558]","[1.14042e-05, 2.45598e-05, 4.21201e-05, 4.75831e-05, 9.33443e-05]"
4965,Bulker,39641.0,5,GISBORNE,0.0003423226,"[1.0, 0.999998, 1.0, 0.999991]","[0.31861627, 0.57399012, 0.75030933, 0.88948846]","[0.00013088, 0.00013371, 0.00013992, 0.00013371]","[4.17001e-05, 7.6747e-05, 0.0001049867, 0.0001189309]"
4970,Bulker,39752.0,7,AUCKLAND,0.000260114,"[1.0, 1.0, 1.0, 1.0, 1.0, 1.0]","[0.04793222, 0.12226549, 0.26588299, 0.45294117, 0.52983537, 0.62616456]","[0.0001448, 0.0001448, 0.0001448, 0.0001448, 0.0001448, 8.735e-05]","[6.9405e-06, 1.77038e-05, 3.84994e-05, 6.5585e-05, 7.67192e-05, 5.46924e-05]"
4971,Bulker,39752.0,5,GISBORNE,0.0002491012,"[1.0, 1.0, 1.0, 0.999998]","[0.24221483, 0.41242434, 0.58375366, 0.79311764]","[0.00013195, 0.00011924, 0.0001061, 0.00013371]","[3.19608e-05, 4.91795e-05, 6.19366e-05, 0.0001060461]"
4974,Bulker,39752.0,5,TAURANGA,0.0001954893,"[1.0, 1.0, 1.0, 1.0]","[0.21162617, 0.4436744, 0.51384429, 0.60034023]","[0.00010943, 0.00011063, 0.00011063, 0.00011063]","[2.31572e-05, 4.90837e-05, 5.68466e-05, 6.64156e-05]"
4979,Bulker,60935.0,5,NELSON,0.0002107143,"[1.0, 1.0, 1.0, 1.0]","[0.23810632, 0.47339383, 0.57086064, 0.60816544]","[8.382e-05, 0.00012132, 0.00012132, 0.00010536]","[1.99572e-05, 5.74344e-05, 6.92595e-05, 6.40791e-05]"
4988,Bulker,63560.0,7,WELLINGTON,0.0001847887,"[1.0, 1.0, 1.0, 1.0, 1.0, 1.0]","[0.03329543, 0.0916577, 0.25337213, 0.46747777, 0.62638192, 0.68564748]","[8.967e-05, 8.967e-05, 7.916e-05, 8.967e-05, 9.156e-05, 7.916e-05]","[2.9854e-06, 8.2185e-06, 2.00565e-05, 4.19164e-05, 5.73499e-05, 5.42747e-05]"
4992,Bulker,55183.0,6,WELLINGTON,0.0002368702,"[1.0, 1.0, 1.0, 1.0, 0.999994]","[0.10562756, 0.28113086, 0.48692061, 0.6128908, 0.90833533]","[8.967e-05, 8.382e-05, 8.498e-05, 0.00010863, 0.00010558]","[9.4711e-06, 2.35634e-05, 4.13765e-05, 6.65758e-05, 9.59035e-05]"
4996,Bulker,38872.0,6,NEW PLYMOUTH,0.0001772857,"[0.999999, 1.0, 1.0, 1.0, 1.0]","[0.09768524, 0.26965508, 0.4445519, 0.55616069, 0.68337109]","[8.776e-05, 8.967e-05, 8.967e-05, 8.382e-05, 8.498e-05]","[8.5728e-06, 2.41786e-05, 3.98608e-05, 4.66153e-05, 5.807e-05]"
4997,Bulker,38872.0,7,NAPIER,0.0001770776,"[1.0, 1.0, 1.0, 1.0, 1.0, 1.0]","[0.04449112, 0.11089436, 0.23447657, 0.40584064, 0.53130116, 0.70274074]","[8.906e-05, 8.906e-05, 8.906e-05, 8.906e-05, 8.906e-05, 8.382e-05]","[3.9626e-06, 9.8767e-06, 2.08834e-05, 3.61458e-05, 4.73198e-05, 5.89011e-05]"
4999,Bulker,38896.0,6,NAPIER,0.0002773798,"[0.999983, 0.999998, 1.0, 1.0, 1.0]","[0.17182068, 0.38228516, 0.67312119, 0.81866875, 0.85061791]","[0.00010558, 0.00014047, 8.776e-05, 8.776e-05, 8.776e-05]","[1.81409e-05, 5.37003e-05, 5.90727e-05, 7.18459e-05, 7.46497e-05]"
5000,Bulker,38896.0,5,AUCKLAND,0.0001696493,"[1.0, 1.0, 1.0, 1.0]","[0.19527945, 0.34904621, 0.4377771, 0.68942853]","[0.00012123, 4.768e-05, 0.00012123, 0.00011063]","[2.36736e-05, 1.66424e-05, 5.30714e-05, 7.62715e-05]"
5001,Bulker,38894.0,7,AUCKLAND,0.0003455505,"[1.0, 1.0, 1.0, 0.999965, 1.0, 1.0]","[0.04507964, 0.11779577, 0.31866711, 0.716612, 0.84895765, 0.88124708]","[9.871e-05, 9.871e-05, 0.0001061, 0.00013371, 0.00011553, 0.00011553]","[4.4498e-06, 1.16276e-05, 3.38107e-05, 9.58136e-05, 9.80814e-05, 0.0001018118]"
5002,Bulker,38894.0,6,NEW PLYMOUTH,0.000170535,"[1.0, 1.0, 1.0, 1.0, 1.0]","[0.10029037, 0.22289446, 0.40439259, 0.63052603, 0.65410183]","[8.967e-05, 8.967e-05, 8.382e-05, 8.382e-05, 8.382e-05]","[8.9925e-06, 1.99858e-05, 3.38947e-05, 5.28484e-05, 5.48244e-05]"
5008,Bulker,38863.0,6,TAURANGA,0.0002767315,"[1.0, 1.0, 1.0, 1.0, 1.0]","[0.09640332, 0.22081562, 0.39504326, 0.64819286, 0.77781448]","[0.00011623, 0.00011063, 0.00011174, 0.00013992, 0.00013665]","[1.12048e-05, 2.44288e-05, 4.41404e-05, 9.06981e-05, 0.0001062866]"
5009,Bulker,38852.0,6,NEW PLYMOUTH,0.0001660474,"[1.0, 1.0, 1.0, 1.0, 1.0]","[0.08573716, 0.20702386, 0.38615644, 0.56165092, 0.77332265]","[8.906e-05, 8.906e-05, 8.906e-05, 8.382e-05, 7.567e-05]","[7.6361e-06, 1.84384e-05, 3.43927e-05, 4.70755e-05, 5.85149e-05]"
5010,Bulker,38852.0,7,TAURANGA,0.0003289018,"[1.0, 1.0, 1.0, 1.0, 1.0, 1.0]","[0.03659728, 0.14171179, 0.32562391, 0.59229159, 0.67960722, 0.72674794]","[9.704e-05, 0.00013195, 0.00013195, 0.00013195, 0.00013195, 0.00013195]","[3.5515e-06, 1.86992e-05, 4.29668e-05, 7.81541e-05, 8.96756e-05, 9.58959e-05]"
5011,Bulker,38852.0,5,PORT CHALMERS,0.0002749907,"[0.999833, 1.0, 1.0, 0.999833]","[0.24613151, 0.48537273, 0.67084829, 0.92242373]","[0.00010558, 0.00013117, 0.00013117, 0.00010558]","[2.59828e-05, 6.36655e-05, 8.7994e-05, 9.73753e-05]"
5013,Bulker,38852.0,6,NEW PLYMOUTH,0.0002528501,"[1.0, 1.0, 1.0, 1.0, 0.999995]","[0.11416301, 0.24324878, 0.49775839, 0.58842025, 0.89343302]","[8.967e-05, 8.967e-05, 8.776e-05, 8.776e-05, 0.00014047]","[1.02364e-05, 2.18109e-05, 4.3683e-05, 5.16394e-05, 0.0001255018]"
5016,Bulker,38859.0,6,NELSON,0.0003074587,"[1.0, 1.0, 0.999986, 0.999848, 0.999991]","[0.13157455, 0.28793451, 0.61502612, 0.76011837, 0.90748742]","[9.156e-05, 7.916e-05, 0.00010558, 0.00010558, 0.00014047]","[1.20466e-05, 2.27924e-05, 6.49349e-05, 8.02428e-05, 0.0001274755]"
5018,Bulker,38859.0,5,TAURANGA,0.0003297191,"[1.0, 0.999989, 0.999968, 0.999999]","[0.22376875, 0.58761891, 0.80330027, 0.89472944]","[0.00011924, 0.00013371, 0.00013371, 0.00013088]","[2.66833e-05, 7.85687e-05, 0.0001074045, 0.0001171009]"
5019,Bulker,38859.0,6,NEW PLYMOUTH,0.0002746478,"[1.0, 1.0, 1.0, 1.0, 0.999975]","[0.09454944, 0.21913961, 0.47237616, 0.7199972, 0.86879283]","[8.382e-05, 8.498e-05, 0.00013117, 0.00013117, 0.00010558]","[7.9248e-06, 1.86216e-05, 6.19608e-05, 9.44408e-05, 9.17268e-05]"
5025,Bulker,63498.0,6,NEW PLYMOUTH,0.0001962719,"[1.0, 1.0, 1.0, 1.0, 0.999975]","[0.0908303, 0.24315237, 0.40140616, 0.50433151, 0.87718853]","[8.288e-05, 8.358e-05, 8.358e-05, 8.382e-05, 0.00010558]","[7.5283e-06, 2.03228e-05, 3.35497e-05, 4.22712e-05, 9.26132e-05]"
5030,Bulker,39777.0,6,TAURANGA,0.0003398429,"[1.0, 0.999999, 0.999999, 0.999968, 0.999999]","[0.11435207, 0.34339126, 0.55452612, 0.70471062, 0.88641026]","[0.0001061, 0.00013088, 0.00013088, 0.00013371, 0.00013088]","[1.21328e-05, 4.49426e-05, 7.25756e-05, 9.42226e-05, 0.0001160121]"
5031,Bulker,39777.0,6,TAURANGA,0.0002723009,"[1.0, 1.0, 1.0, 1.0, 0.999989]","[0.10227724, 0.22639304, 0.36286994, 0.52198598, 0.90053427]","[0.00013195, 0.00013195, 0.00013195, 0.00011623, 0.00013371]","[1.34957e-05, 2.9873e-05, 4.78815e-05, 6.06694e-05, 0.0001204076]"
5032,Bulker,39777.0,7,GISBORNE,0.0003209035,"[1.0, 1.0, 0.99999, 0.999997, 1.0, 0.999966]","[0.03994121, 0.10326925, 0.30679791, 0.52066687, 0.68047475, 0.92130231]","[0.00011063, 0.00011063, 0.00013371, 0.00013088, 0.00013088, 0.00011601]","[4.4187e-06, 1.14247e-05, 4.1021e-05, 6.8144e-05, 8.90596e-05, 0.000106874]"
5033,Bulker,39777.0,5,NEW PLYMOUTH,0.0001757604,"[1.0, 1.0, 1.0, 1.0]","[0.2542441, 0.45026128, 0.62727218, 0.63916537]","[9.354e-05, 9.354e-05, 8.676e-05, 8.676e-05]","[2.37821e-05, 4.21176e-05, 5.44201e-05, 5.54519e-05]"
5036,Bulker,39777.0,5,AUCKLAND,0.0002888501,"[1.0, 0.999965, 0.999889, 0.999903]","[0.17617983, 0.51218501, 0.69719508, 0.91896364]","[0.00011688, 0.00013371, 0.00013371, 0.00011601]","[2.05918e-05, 6.8481e-05, 9.32104e-05, 0.000106596]"
5040,Bulker,39742.0,7,NEW PLYMOUTH,0.0003891521,"[1.0, 1.0, 0.999975, 0.999996, 0.999999, 0.999995]","[0.04868529, 0.15770852, 0.37889658, 0.65699935, 0.79154668, 0.90235218]","[0.00010536, 8.776e-05, 0.00010558, 0.00014047, 0.00014047, 0.00014047]","[5.1297e-06, 1.38404e-05, 4.00038e-05, 9.22898e-05, 0.0001111902, 0.0001267547]"
5041,Bulker,39742.0,5,AUCKLAND,0.0003101675,"[0.999997, 1.0, 1.0, 0.999913]","[0.24947297, 0.48718488, 0.63176928, 0.90489739]","[0.00013088, 0.00013992, 0.00013992, 0.00013371]","[3.26506e-05, 6.81691e-05, 8.84e-05, 0.0001209818]"
5044,Bulker,39742.0,6,TAURANGA,0.0003291157,"[1.0, 1.0, 1.0, 0.999961, 0.999968]","[0.1255877, 0.28866257, 0.48610772, 0.80718993, 0.90965301]","[0.00011063, 0.00011063, 0.00011063, 0.00013371, 0.00013371]","[1.38938e-05, 3.19347e-05, 5.37781e-05, 0.0001079238, 0.0001216242]"
5047,Bulker,39790.0,6,NAPIER,0.0002163392,"[1.0, 1.0, 1.0, 1.0, 1.0]","[0.09226253, 0.21790828, 0.39047792, 0.49117926, 0.65540054]","[0.00013077, 0.00012369, 0.00012369, 0.00013077, 9.888e-05]","[1.20656e-05, 2.69534e-05, 4.82988e-05, 6.42338e-05, 6.48052e-05]"
5048,Bulker,39790.0,5,GISBORNE,0.0002692779,"[1.0, 1.0, 1.0, 0.999998]","[0.26186851, 0.47563734, 0.57837146, 0.89886983]","[9.871e-05, 9.871e-05, 0.00013195, 0.00013371]","[2.58491e-05, 4.69502e-05, 7.63173e-05, 0.000120186]"
5050,RoRo,23786.0,7,AUCKLAND,0.0003572534,"[1.0, 1.0, 1.0, 1.0, 1.0, 1.0]","[0.25841048, 0.3940598, 0.48032218, 0.61149508, 0.66713105, 0.70672822]","[9.591e-05, 0.00010419, 0.00012152, 0.00011482, 0.00011482, 0.00012209]","[2.47837e-05, 4.10574e-05, 5.83667e-05, 7.02116e-05, 7.65997e-05, 8.62861e-05]"
5051,RoRo,23786.0,7,AUCKLAND,0.0003443785,"[1.0, 1.0, 1.0, 1.0, 1.0, 1.0]","[0.29489544, 0.36901154, 0.46923571, 0.54322248, 0.61411096, 0.67243437]","[0.00010419, 0.00012152, 0.00011482, 0.00011482, 0.00011482, 0.00012209]","[3.07254e-05, 4.48407e-05, 5.38774e-05, 6.23725e-05, 7.05119e-05, 8.20991e-05]"
5052,RoRo,23786.0,7,AUCKLAND,0.0003868984,"[1.0, 1.0, 1.0, 1.0, 1.0, 1.0]","[0.32410772, 0.43110493, 0.50137418, 0.564493, 0.62220528, 0.86213584]","[0.00012152, 0.00011482, 0.00011482, 0.00011482, 0.00012209, 0.00011567]","[3.93842e-05, 4.94993e-05, 5.75675e-05, 6.48148e-05, 7.59665e-05, 9.97273e-05]"
5054,RoRo,23786.0,5,AUCKLAND,0.0002986573,"[1.0, 0.999998, 0.999913, 0.999965]","[0.2793439, 0.4935424, 0.62175737, 0.83222639]","[0.00014211, 0.00013088, 0.00013371, 0.00013371]","[3.96968e-05, 6.45941e-05, 8.31269e-05, 0.0001112717]"
5055,RoRo,23786.0,7,AUCKLAND,0.000353767,"[1.0, 1.0, 1.0, 1.0, 1.0, 1.0]","[0.28937043, 0.39893861, 0.48617669, 0.59457781, 0.65683862, 0.6909756]","[0.00010419, 0.00010419, 0.00012152, 0.00011482, 0.00011482, 0.00011482]","[3.01497e-05, 4.15657e-05, 5.90781e-05, 6.82691e-05, 7.54179e-05, 7.93375e-05]"
5068,Tanker,49994.0,7,NEW PLYMOUTH,0.0002462845,"[1.0, 1.0, 1.0, 1.0, 0.999993, 0.999861]","[0.00294513, 0.01467583, 0.06633698, 0.34548059, 0.76312596, 0.85399922]","[8.382e-05, 8.382e-05, 8.382e-05, 0.00012132, 0.00014047, 0.00010558]","[2.468e-07, 1.2301e-06, 5.5601e-06, 4.19153e-05, 0.0001071972, 9.01546e-05]"
5071,Tanker,49993.0,7,NEW PLYMOUTH,0.0002779411,"[1.0, 1.0, 1.0, 0.999995, 0.999993, 0.999975]","[0.00372273, 0.0179547, 0.09267828, 0.4683499, 0.73972467, 0.89732844]","[0.00010536, 0.00010536, 0.00012132, 0.00014047, 0.00014047, 0.00010558]","[3.922e-07, 1.8918e-06, 1.12442e-05, 6.57898e-05, 0.00010391, 9.47396e-05]"
5072,Tanker,49993.0,7,NEW PLYMOUTH,0.0002115252,"[1.0, 1.0, 1.0, 1.0, 1.0, 1.0]","[0.00435628, 0.02086289, 0.0924806, 0.40295688, 0.82223915, 0.86843141]","[0.00012132, 0.00012132, 0.00012132, 0.00012132, 8.776e-05, 8.776e-05]","[5.285e-07, 2.5312e-06, 1.12202e-05, 4.88886e-05, 7.21592e-05, 7.6213e-05]"
5106,Container,35225.0,7,TAURANGA,0.0003093214,"[1.0, 0.854803, 1.0, 0.999493, 0.999989, 0.999999]","[0.25847945, 0.28614677, 0.39390012, 0.46391893, 0.51556515, 0.57794402]","[0.00012152, 0.00013909, 0.00011567, 0.00011601, 0.00013371, 0.00013088]","[3.14093e-05, 3.40211e-05, 4.55643e-05, 5.37907e-05, 6.89346e-05, 7.56405e-05]"
5107,Container,35225.0,7,TAURANGA,0.0002917851,"[1.0, 0.854803, 1.0, 0.999948, 0.999493, 0.999999]","[0.25154898, 0.28301706, 0.38181618, 0.43817176, 0.48856317, 0.580391]","[0.00012152, 0.00013909, 0.00011567, 0.00011601, 0.00011601, 0.00013088]","[3.05672e-05, 3.3649e-05, 4.41665e-05, 5.08284e-05, 5.66481e-05, 7.59608e-05]"
5108,Container,35225.0,7,TAURANGA,0.0002952131,"[1.0, 0.854803, 1.0, 1.0, 0.999493, 0.999989]","[0.27356553, 0.30445066, 0.33198752, 0.43294101, 0.52482644, 0.57407039]","[0.00012152, 0.00013909, 0.00011482, 0.00011567, 0.00011601, 0.00013371]","[3.32425e-05, 3.61973e-05, 3.81186e-05, 5.00803e-05, 6.08528e-05, 7.67571e-05]"
5109,Container,35225.0,7,TAURANGA,0.0003384204,"[1.0, 1.0, 0.999493, 0.999989, 0.999965, 0.999999]","[0.28719005, 0.37204862, 0.4422962, 0.48415571, 0.52011552, 0.5715786]","[0.00012209, 0.00011567, 0.00011601, 0.00013371, 0.00013371, 0.00013088]","[3.50637e-05, 4.30366e-05, 5.12835e-05, 6.47349e-05, 6.95413e-05, 7.48074e-05]"
5110,Container,35225.0,7,TAURANGA,0.0003371469,"[0.854803, 1.0, 0.999493, 0.999989, 0.999965, 0.999999]","[0.27019089, 0.37245525, 0.44371535, 0.48934258, 0.52613101, 0.57124528]","[0.00013909, 0.00011567, 0.00011601, 0.00013371, 0.00013371, 0.00013088]","[3.2124e-05, 4.30837e-05, 5.14481e-05, 6.54284e-05, 7.03456e-05, 7.47638e-05]"
5111,Container,35225.0,7,TAURANGA,0.000304985,"[1.0, 0.854803, 1.0, 0.999493, 0.999965, 0.999999]","[0.25197115, 0.28297114, 0.38260201, 0.45345978, 0.52023329, 0.56822569]","[0.00012152, 0.00013909, 0.00011567, 0.00011601, 0.00013371, 0.00013088]","[3.06185e-05, 3.36435e-05, 4.42574e-05, 5.25779e-05, 6.9557e-05, 7.43686e-05]"
5112,Container,35225.0,7,AUCKLAND,0.0003366223,"[1.0, 1.0, 0.998457, 0.999965, 0.999902, 0.999998]","[0.26658584, 0.37018316, 0.43973647, 0.48389745, 0.53577603, 0.58050225]","[0.00011482, 0.00011567, 0.00011601, 0.00013371, 0.00013371, 0.00013088]","[3.06093e-05, 4.28208e-05, 5.09339e-05, 6.46988e-05, 7.16306e-05, 7.59752e-05]"
5113,Container,35225.0,7,TAURANGA,0.0003236108,"[1.0, 1.0, 0.999493, 0.999989, 0.999965, 0.999999]","[0.26356109, 0.3450913, 0.41834343, 0.46713017, 0.50250232, 0.56086787]","[0.00012209, 0.00011567, 0.00011601, 0.00013371, 0.00013371, 0.00013088]","[3.21788e-05, 3.99183e-05, 4.85063e-05, 6.24585e-05, 6.71863e-05, 7.34056e-05]"
5114,Container,35225.0,7,TAURANGA,0.0003301521,"[1.0, 1.0, 0.999493, 0.999989, 0.999965, 0.999999]","[0.27376356, 0.35856069, 0.42438808, 0.47950564, 0.51981209, 0.5689696]","[0.00011482, 0.00011567, 0.00011601, 0.00013371, 0.00013371, 0.00013088]","[3.14334e-05, 4.14764e-05, 4.92071e-05, 6.41132e-05, 6.95007e-05, 7.4466e-05]"
5115,Container,35225.0,7,TAURANGA,0.0002848264,"[0.854803, 1.0, 1.0, 1.0, 0.999493, 0.999999]","[0.2668092, 0.28838003, 0.32002415, 0.42159641, 0.50029165, 0.56676439]","[0.00013909, 0.00011482, 0.00012209, 0.00011567, 0.00011601, 0.00013088]","[3.17219e-05, 3.31117e-05, 3.90725e-05, 4.8768e-05, 5.8008e-05, 7.41773e-05]"
5119,Tanker,49999.0,7,NEW PLYMOUTH,0.0002751999,"[1.0, 1.0, 1.0, 0.999861, 0.99986, 0.999973]","[0.00430645, 0.02151734, 0.11200297, 0.51023731, 0.80045745, 0.85819408]","[0.00010536, 0.00010536, 0.00012132, 0.00010558, 0.00010558, 0.00014047]","[4.537e-07, 2.2672e-06, 1.35887e-05, 5.38645e-05, 8.45022e-05, 0.000120549]"
5120,Tanker,49999.0,7,NEW PLYMOUTH,0.0002056379,"[1.0, 1.0, 1.0, 0.999999, 1.0, 1.0]","[0.00388955, 0.01958908, 0.11675227, 0.51371316, 0.80748097, 0.8325808]","[0.00010536, 0.00010536, 0.00012132, 8.776e-05, 8.776e-05, 8.776e-05]","[4.098e-07, 2.064e-06, 1.41649e-05, 4.50831e-05, 7.08641e-05, 7.30668e-05]"
5131,Container,117175.0,7,TAURANGA,0.0004301024,"[1.0, 1.0, 1.0, 1.0, 1.0, 1.0]","[0.46643485, 0.48633475, 0.51322116, 0.56533489, 0.6154977, 0.68544867]","[0.00012209, 0.00012209, 0.00012209, 0.0001346, 0.0001346, 0.0001346]","[5.69481e-05, 5.93777e-05, 6.26604e-05, 7.60914e-05, 8.28431e-05, 9.22582e-05]"
5132,Container,117175.0,7,TAURANGA,0.000469287,"[1.0, 1.0, 1.0, 1.0, 1.0, 1.0]","[0.48415715, 0.51701993, 0.5779582, 0.62192855, 0.68325175, 0.69601668]","[0.00012209, 0.00012209, 0.0001346, 0.0001346, 0.0001346, 0.0001346]","[5.91119e-05, 6.31242e-05, 7.77905e-05, 8.37087e-05, 9.19625e-05, 9.36806e-05]"
5133,Container,117175.0,7,TAURANGA,0.0004447046,"[1.0, 1.0, 1.0, 1.0, 1.0, 1.0]","[0.49488895, 0.50455999, 0.53042896, 0.58329729, 0.64203661, 0.69152453]","[0.00012209, 0.00012209, 0.00012209, 0.0001346, 0.0001346, 0.0001346]","[6.04222e-05, 6.16029e-05, 6.47613e-05, 7.85091e-05, 8.64151e-05, 9.3076e-05]"
5136,General Cargo,37735.0,5,TAURANGA,0.0002794924,"[1.0, 1.0, 1.0, 1.0]","[0.44956746, 0.55727271, 0.6155504, 0.85615005]","[9.871e-05, 9.871e-05, 0.00013195, 0.00011553]","[4.43768e-05, 5.50084e-05, 8.12232e-05, 9.89123e-05]"
5141,Bulker,37599.0,6,TAURANGA,0.0002067872,"[1.0, 1.0, 1.0, 1.0, 1.0]","[0.09449678, 0.21392447, 0.36404578, 0.48548853, 0.65063314]","[0.0001114, 0.00011688, 0.00011688, 0.00011688, 0.00011063]","[1.0527e-05, 2.50034e-05, 4.25495e-05, 5.67437e-05, 7.19795e-05]"
5142,Bulker,37599.0,5,AUCKLAND,0.0002436206,"[1.0, 1.0, 1.0, 1.0]","[0.31229948, 0.52869126, 0.6259397, 0.73538631]","[0.00011063, 0.00011063, 0.00011063, 0.00011063]","[3.45497e-05, 5.84891e-05, 6.92477e-05, 8.13558e-05]"
5147,Bulker,60280.0,5,WELLINGTON,0.0001981865,"[1.0, 1.0, 1.0, 0.999994]","[0.2295705, 0.44101846, 0.56271559, 0.90828234]","[7.916e-05, 8.382e-05, 8.382e-05, 0.00010558]","[1.81724e-05, 3.69645e-05, 4.71647e-05, 9.58979e-05]"
5152,Container,117176.0,7,TAURANGA,0.000408894,"[1.0, 1.0, 1.0, 1.0, 1.0, 1.0]","[0.30756063, 0.47711505, 0.50544349, 0.55535844, 0.60444817, 0.68584967]","[0.00013195, 0.00012209, 0.00012209, 0.0001346, 0.0001346, 0.0001346]","[4.05833e-05, 5.82521e-05, 6.17108e-05, 7.47486e-05, 8.13559e-05, 9.23122e-05]"
5153,Container,117176.0,7,TAURANGA,0.0004350676,"[1.0, 1.0, 1.0, 1.0, 1.0, 1.0]","[0.44332495, 0.48643781, 0.53296249, 0.58378592, 0.63788074, 0.68447934]","[0.00012209, 0.00012209, 0.00012209, 0.0001346, 0.0001346, 0.0001346]","[5.41266e-05, 5.93903e-05, 6.50706e-05, 7.85749e-05, 8.58558e-05, 9.21277e-05]"
5156,Tanker,5250.0,6,NEW PLYMOUTH,9.47204e-05,"[1.0, 1.0, 1.0, 1.0, 1.0]","[0.02882417, 0.06339069, 0.17454974, 0.32612719, 0.53723873]","[8.382e-05, 8.382e-05, 8.382e-05, 8.382e-05, 8.382e-05]","[2.4159e-06, 5.3132e-06, 1.46301e-05, 2.73348e-05, 4.50294e-05]"
5157,Tanker,5250.0,7,NEW PLYMOUTH,0.0001193755,"[1.0, 1.0, 1.0, 1.0, 1.0, 0.999982]","[0.00994457, 0.02190781, 0.05732588, 0.12569166, 0.31103488, 0.73167949]","[8.382e-05, 8.382e-05, 7.916e-05, 7.916e-05, 0.00012132, 8.814e-05]","[8.335e-07, 1.8362e-06, 4.5378e-06, 9.9495e-06, 3.77362e-05, 6.44864e-05]"
5168,Bulker,37679.0,7,NELSON,0.0002592521,"[1.0, 1.0, 1.0, 1.0, 1.0, 0.999864]","[0.05195957, 0.13316012, 0.28038481, 0.51279837, 0.64342645, 0.92157053]","[0.00010536, 0.00010536, 0.00010536, 0.00010536, 9.156e-05, 0.00010558]","[5.4747e-06, 1.40304e-05, 2.95427e-05, 5.40308e-05, 5.89105e-05, 9.72882e-05]"
5177,Bulker,34443.0,7,NAPIER,0.0002590972,"[1.0, 1.0, 1.0, 1.0, 1.0, 0.999996]","[0.05357333, 0.13106448, 0.2712274, 0.44553629, 0.61751401, 0.88934461]","[0.00012132, 0.00010536, 0.00012132, 0.00010536, 0.00010536, 0.00010558]","[6.4998e-06, 1.38096e-05, 3.29066e-05, 4.69438e-05, 6.50642e-05, 9.38986e-05]"
5180,Bulker,34443.0,5,PORT CHALMERS,0.0001989321,"[1.0, 1.0, 1.0, 1.0]","[0.26011908, 0.46747151, 0.71770672, 0.74124766]","[0.00010536, 0.00010536, 8.382e-05, 8.382e-05]","[2.74074e-05, 4.9255e-05, 6.01555e-05, 6.21286e-05]"
5182,Bulker,34443.0,7,TIMARU,0.0001846599,"[1.0, 1.0, 1.0, 1.0, 1.0, 1.0]","[0.03776446, 0.09234363, 0.21840646, 0.44508469, 0.57415516, 0.69804585]","[0.00012132, 0.00010536, 0.00010536, 8.967e-05, 8.382e-05, 8.498e-05]","[4.5818e-06, 9.7298e-06, 2.30123e-05, 3.99085e-05, 4.81236e-05, 5.9317e-05]"
5183,Bulker,34443.0,7,TAURANGA,0.0002387099,"[1.0, 1.0, 1.0, 1.0, 1.0, 1.0]","[0.03848134, 0.10157449, 0.22252023, 0.49290989, 0.6363341, 0.66545862]","[0.0001061, 0.00011063, 0.00011174, 0.00011063, 0.00011063, 0.00011063]","[4.0829e-06, 1.12372e-05, 2.48634e-05, 5.45306e-05, 7.03976e-05, 7.36197e-05]"
5188,Bulker,34443.0,7,GISBORNE,0.0002621307,"[1.0, 1.0, 1.0, 1.0, 1.0, 1.0]","[0.04494904, 0.11685895, 0.28983801, 0.48244141, 0.6560902, 0.68486253]","[0.0001067, 0.0001067, 0.00011623, 0.00011623, 9.871e-05, 0.00013195]","[4.7959e-06, 1.24685e-05, 3.36873e-05, 5.60732e-05, 6.47627e-05, 9.03691e-05]"
5189,Bulker,34443.0,5,AUCKLAND,0.0003023422,"[0.999998, 0.999889, 0.999965, 0.999913]","[0.25579541, 0.45399549, 0.64605589, 0.91116724]","[0.00013088, 0.00013371, 0.00013371, 0.00013371]","[3.34781e-05, 6.06962e-05, 8.638e-05, 0.00012182]"
5193,Bulker,34443.0,6,TAURANGA,0.0003094399,"[1.0, 1.0, 1.0, 1.0, 0.999989]","[0.08913325, 0.22459173, 0.47005785, 0.78331206, 0.89597256]","[0.00011637, 0.00011924, 0.00013195, 0.00011553, 0.00013371]","[1.03728e-05, 2.67814e-05, 6.20251e-05, 9.04972e-05, 0.0001197977]"
5194,Bulker,34443.0,5,AUCKLAND,0.000248097,"[1.0, 1.0, 1.0, 1.0]","[0.28876304, 0.49420937, 0.62504579, 0.66960286]","[9.871e-05, 9.871e-05, 0.00013195, 0.00013195]","[2.85038e-05, 4.87834e-05, 8.24761e-05, 8.83555e-05]"
5195,Bulker,34443.0,5,NEW PLYMOUTH,0.000146464,"[1.0, 1.0, 1.0, 1.0]","[0.18078743, 0.3281102, 0.45942389, 0.64515663]","[0.00012132, 0.00010536, 8.382e-05, 7.976e-05]","[2.1934e-05, 3.45712e-05, 3.85072e-05, 5.14594e-05]"
5196,Bulker,34443.0,5,NEW PLYMOUTH,0.0001614414,"[1.0, 1.0, 1.0, 1.0]","[0.18844867, 0.42200733, 0.60029986, 0.69872096]","[8.906e-05, 8.288e-05, 8.382e-05, 8.498e-05]","[1.6784e-05, 3.49774e-05, 5.03149e-05, 5.93744e-05]"
5199,Bulker,34398.0,7,AUCKLAND,0.0002571274,"[1.0, 1.0, 1.0, 1.0, 1.0, 1.0]","[0.03796643, 0.10075683, 0.23250028, 0.46893536, 0.55506529, 0.72931183]","[0.0001061, 9.871e-05, 0.00013195, 0.00013195, 0.00013195, 0.0001061]","[4.0283e-06, 9.9457e-06, 3.06789e-05, 6.1877e-05, 7.3242e-05, 7.73804e-05]"
5201,Bulker,34398.0,6,AUCKLAND,0.000287294,"[1.0, 1.0, 1.0, 1.0, 1.0]","[0.11438306, 0.28644904, 0.48933195, 0.60199627, 0.69634929]","[0.00011924, 0.00013195, 0.00013195, 0.00013195, 0.00013195]","[1.36396e-05, 3.77976e-05, 6.45684e-05, 7.94347e-05, 9.18848e-05]"
5202,Bulker,34398.0,6,AUCKLAND,0.0002488571,"[1.0, 1.0, 1.0, 1.0, 1.0]","[0.11422071, 0.24359498, 0.46090876, 0.61421641, 0.65945235]","[9.871e-05, 9.871e-05, 9.871e-05, 0.00013195, 0.00013195]","[1.12747e-05, 2.40453e-05, 4.54963e-05, 8.10472e-05, 8.70161e-05]"
5204,Bulker,34370.0,6,TAURANGA,0.0002467586,"[1.0, 1.0, 1.0, 1.0, 1.0]","[0.11273493, 0.29597031, 0.49344616, 0.62925265, 0.68920218]","[0.00011063, 0.00013195, 0.00013195, 9.871e-05, 9.871e-05]","[1.24719e-05, 3.90539e-05, 6.51113e-05, 6.21136e-05, 6.80312e-05]"
5209,Bulker,63166.0,6,NAPIER,0.0002472431,"[1.0, 1.0, 1.0, 1.0, 1.0]","[0.09960365, 0.26441029, 0.47483346, 0.64202611, 0.65696469]","[8.382e-05, 8.967e-05, 0.00012132, 0.00012132, 0.00012132]","[8.3484e-06, 2.37084e-05, 5.7609e-05, 7.78936e-05, 7.9706e-05]"
5213,Tanker,49901.0,5,TAURANGA,0.0001624534,"[1.0, 1.0, 1.0, 1.0]","[0.06212805, 0.26443688, 0.41879183, 0.68091577]","[0.00013195, 0.00011553, 0.00011553, 0.00011063]","[8.1979e-06, 3.05508e-05, 4.83836e-05, 7.53297e-05]"
5217,RoRo,23959.0,7,AUCKLAND,0.000337379,"[1.0, 1.0, 1.0, 1.0, 1.0, 1.0]","[0.25100333, 0.30606364, 0.44911635, 0.52699034, 0.63752399, 0.86419338]","[9.591e-05, 9.591e-05, 0.00010419, 0.00012152, 0.00011482, 0.00011567]","[2.40733e-05, 2.93541e-05, 4.67938e-05, 6.40376e-05, 7.32002e-05, 9.99653e-05]"
5218,RoRo,23959.0,7,AUCKLAND,0.0003507204,"[1.0, 1.0, 1.0, 1.0, 1.0, 1.0]","[0.27191665, 0.36686383, 0.43919869, 0.54428913, 0.59927585, 0.81980915]","[0.00012152, 0.00010419, 0.00012152, 0.00011482, 0.00011482, 0.00011567]","[3.30422e-05, 3.82238e-05, 5.33696e-05, 6.2495e-05, 6.88086e-05, 9.48312e-05]"
5219,RoRo,23959.0,7,AUCKLAND,0.0003140653,"[1.0, 1.0, 1.0, 1.0, 1.0, 1.0]","[0.23512844, 0.28793113, 0.42761715, 0.52156762, 0.6304669, 0.68486488]","[9.591e-05, 9.591e-05, 0.00010419, 0.00012152, 0.00011482, 0.00012209]","[2.25508e-05, 2.7615e-05, 4.45538e-05, 6.33787e-05, 7.23899e-05, 8.36168e-05]"
5220,RoRo,23959.0,6,AUCKLAND,0.0002639949,"[1.0, 1.0, 1.0, 1.0, 1.0]","[0.27526717, 0.33371244, 0.42058762, 0.53523953, 0.69654326]","[0.00010419, 0.00012152, 0.00011482, 0.00011482, 0.00012209]","[2.86803e-05, 4.05513e-05, 4.82917e-05, 6.14559e-05, 8.50426e-05]"
5222,General Cargo,37675.0,7,TAURANGA,0.0003168036,"[1.0, 1.0, 1.0, 1.0, 1.0, 1.0]","[0.2476292, 0.32571011, 0.39933858, 0.46680055, 0.57888615, 0.73161771]","[0.00011688, 0.00011688, 0.00011688, 0.00011688, 0.00011688, 0.00011063]","[2.89428e-05, 3.80689e-05, 4.66745e-05, 5.45595e-05, 6.766e-05, 8.09388e-05]"
5229,Container,117627.0,7,TAURANGA,0.0004172253,"[1.0, 1.0, 1.0, 1.0, 1.0, 1.0]","[0.45712975, 0.47250082, 0.49839348, 0.55133346, 0.6007256, 0.65295643]","[0.00012209, 0.00012209, 0.00012209, 0.0001346, 0.0001346, 0.0001346]","[5.5812e-05, 5.76887e-05, 6.085e-05, 7.42069e-05, 8.08549e-05, 8.78849e-05]"
5230,Container,117627.0,7,TAURANGA,0.0004353653,"[1.0, 1.0, 1.0, 1.0, 1.0, 1.0]","[0.48474717, 0.49560709, 0.52266662, 0.57782153, 0.62429873, 0.66968697]","[0.00012209, 0.00012209, 0.00012209, 0.0001346, 0.0001346, 0.0001346]","[5.91839e-05, 6.05098e-05, 6.38136e-05, 7.77721e-05, 8.40277e-05, 9.01367e-05]"
5231,Container,117627.0,7,TAURANGA,0.0004320602,"[1.0, 1.0, 1.0, 1.0, 1.0, 1.0]","[0.33428607, 0.50812886, 0.53939167, 0.59091681, 0.65015299, 0.69163641]","[0.00013195, 0.00012209, 0.00012209, 0.0001346, 0.0001346, 0.0001346]","[4.41098e-05, 6.20386e-05, 6.58556e-05, 7.95346e-05, 8.75075e-05, 9.3091e-05]"
5232,Tanker,49999.0,7,NEW PLYMOUTH,0.0002174825,"[1.0, 1.0, 1.0, 0.999999, 1.0, 1.0]","[0.00490548, 0.02362802, 0.12105103, 0.53430875, 0.85672437, 0.88571652]","[0.00010536, 0.00010536, 0.00012132, 8.776e-05, 8.776e-05, 8.776e-05]","[5.169e-07, 2.4896e-06, 1.46865e-05, 4.68906e-05, 7.51856e-05, 7.773e-05]"
5235,Bulker,40481.0,6,TIMARU,0.0001800174,"[1.0, 1.0, 1.0, 1.0, 1.0]","[0.10687152, 0.24250319, 0.40044522, 0.64585162, 0.70528713]","[8.906e-05, 8.906e-05, 8.906e-05, 8.382e-05, 8.382e-05]","[9.5184e-06, 2.15983e-05, 3.56653e-05, 5.41329e-05, 5.91146e-05]"
5236,Bulker,40481.0,7,LYTTELTON,0.0002682751,"[1.0, 1.0, 1.0, 1.0, 1.0, 0.999915]","[0.03892853, 0.1213119, 0.30206771, 0.65608639, 0.79006404, 0.90796424]","[0.00010536, 7.916e-05, 0.00010536, 8.776e-05, 8.776e-05, 0.00010558]","[4.1017e-06, 9.6029e-06, 3.18273e-05, 5.75778e-05, 6.93356e-05, 9.58567e-05]"
5238,Bulker,40481.0,6,NAPIER,0.0002558149,"[1.0, 1.0, 1.0, 0.999982, 0.999904]","[0.11609568, 0.27151079, 0.43643935, 0.72857352, 0.89573684]","[0.00012132, 0.00012132, 0.00012132, 0.00010558, 8.814e-05]","[1.40853e-05, 3.2941e-05, 5.29509e-05, 7.6923e-05, 7.89394e-05]"
5241,Bulker,40481.0,5,LYTTELTON,0.0002357405,"[1.0, 1.0, 0.999915, 0.999998]","[0.23362536, 0.41694161, 0.74719627, 0.88438869]","[0.00012132, 0.00012132, 0.00010558, 8.814e-05]","[2.83445e-05, 5.05853e-05, 7.88839e-05, 7.79467e-05]"
5244,Bulker,40481.0,6,NAPIER,0.0002910086,"[0.999981, 1.0, 1.0, 0.999982, 0.999996]","[0.15845915, 0.35733978, 0.56936312, 0.69620061, 0.87022053]","[8.814e-05, 8.776e-05, 8.776e-05, 0.00010558, 0.00014047]","[1.39658e-05, 3.13599e-05, 4.9967e-05, 7.3505e-05, 0.0001222412]"
5251,Bulker,40481.0,7,AUCKLAND,0.0003604015,"[0.999889, 0.998067, 0.999889, 0.999701, 0.998457, 0.998219]","[0.04693961, 0.13643145, 0.31233482, 0.72130473, 0.90758809, 0.93130639]","[0.00013371, 0.00011601, 0.00013371, 0.00011601, 0.00011601, 0.00011601]","[6.2755e-06, 1.57964e-05, 4.17571e-05, 8.36515e-05, 0.0001051243, 0.0001078458]"
5255,Bulker,40481.0,6,NEW PLYMOUTH,0.000241192,"[0.99986, 0.999931, 0.99986, 0.999598, 0.99967]","[0.10321696, 0.28028631, 0.54880537, 0.76689002, 0.9092969]","[0.00010558, 8.814e-05, 0.00010558, 8.814e-05, 8.814e-05]","[1.08964e-05, 2.47017e-05, 5.7936e-05, 6.75638e-05, 8.01157e-05]"
5257,Bulker,40481.0,7,GISBORNE,0.0003493704,"[1.0, 1.0, 1.0, 1.0, 0.99999, 0.999883]","[0.04985575, 0.1277386, 0.30426777, 0.56018224, 0.77343548, 0.90748768]","[0.00013992, 0.00013992, 0.00013992, 0.00013088, 0.00013371, 0.00011601]","[6.976e-06, 1.78738e-05, 4.25745e-05, 7.33159e-05, 0.0001034137, 0.0001052628]"
5258,Bulker,40481.0,5,GISBORNE,0.0002037414,"[1.0, 1.0, 1.0, 1.0]","[0.31045722, 0.50810686, 0.5917172, 0.65391126]","[9.871e-05, 9.871e-05, 9.871e-05, 9.871e-05]","[3.06453e-05, 5.01553e-05, 5.84085e-05, 6.45476e-05]"
5259,Bulker,40481.0,5,TIMARU,0.0002203885,"[1.0, 1.0, 1.0, 0.999978]","[0.19364008, 0.34063317, 0.49859659, 0.866104]","[0.00012132, 8.967e-05, 8.967e-05, 0.00014047]","[2.34933e-05, 3.05429e-05, 4.47067e-05, 0.0001216608]"
5260,General Cargo,5200.0,6,NAPIER,0.0001335497,"[1.0, 1.0, 1.0, 1.0, 1.0]","[0.10386482, 0.15826963, 0.20129063, 0.31730521, 0.38561651]","[8.776e-05, 8.967e-05, 8.967e-05, 0.00013117, 0.00013117]","[9.1151e-06, 1.41913e-05, 1.80487e-05, 4.16204e-05, 5.05806e-05]"
5262,General Cargo,5488.0,5,TIMARU,0.0001342953,"[1.0, 1.0, 1.0, 1.0]","[0.16001772, 0.21512844, 0.32857636, 0.41747513]","[0.00012132, 7.916e-05, 0.00013117, 0.00013117]","[1.94141e-05, 1.70292e-05, 4.30988e-05, 5.47595e-05]"
5266,General Cargo,36880.0,6,NEW PLYMOUTH,0.0002676514,"[1.0, 1.0, 1.0, 1.0, 1.0]","[0.23305454, 0.29060647, 0.37938384, 0.42222468, 0.878621]","[0.00010536, 0.00010536, 0.00012132, 0.00012132, 0.00013117]","[2.45557e-05, 3.06197e-05, 4.60286e-05, 5.12263e-05, 0.0001152472]"
5270,General Cargo,36974.0,6,NEW PLYMOUTH,0.0002673316,"[1.0, 1.0, 1.0, 0.999975, 0.99987]","[0.26796039, 0.32648551, 0.40590128, 0.65083887, 0.88323839]","[0.00010536, 0.00010536, 0.00010536, 0.00010558, 0.00010558]","[2.82336e-05, 3.44e-05, 4.27677e-05, 6.87153e-05, 9.32421e-05]"
5271,General Cargo,36974.0,6,NEW PLYMOUTH,0.0002845146,"[1.0, 1.0, 1.0, 0.999999, 0.99986]","[0.28780526, 0.42088198, 0.47631126, 0.7829788, 0.90457191]","[8.967e-05, 0.00010536, 0.00010536, 8.776e-05, 0.00010558]","[2.58061e-05, 4.43461e-05, 5.01864e-05, 6.87137e-05, 9.54934e-05]"
5273,Bulker,63271.0,7,WELLINGTON,0.0001908039,"[1.0, 1.0, 1.0, 1.0, 1.0, 0.999947]","[0.03339602, 0.1054753, 0.25332026, 0.45286176, 0.52104488, 0.90923654]","[0.00010536, 8.382e-05, 8.382e-05, 7.916e-05, 7.916e-05, 8.814e-05]","[3.5188e-06, 8.8406e-06, 2.12324e-05, 3.58478e-05, 4.12451e-05, 8.01326e-05]"
5275,Bulker,63800.0,5,NELSON,0.0001772464,"[1.0, 1.0, 1.0, 1.0]","[0.23972681, 0.47699623, 0.69589499, 0.74729768]","[0.00010536, 7.916e-05, 7.916e-05, 7.916e-05]","[2.52587e-05, 3.77582e-05, 5.50859e-05, 5.91549e-05]"
5279,Bulker,35947.0,5,NEW PLYMOUTH,0.0001491201,"[1.0, 1.0, 1.0, 1.0]","[0.20512426, 0.37739416, 0.52889202, 0.64148016]","[8.382e-05, 8.967e-05, 8.382e-05, 8.382e-05]","[1.71928e-05, 3.38391e-05, 4.43298e-05, 5.37665e-05]"
5284,General Cargo,36170.0,5,NAPIER,0.000257493,"[1.0, 1.0, 1.0, 1.0]","[0.46178465, 0.53581218, 0.61164797, 0.6801928]","[0.00012132, 0.00012132, 0.00012132, 9.156e-05]","[5.60259e-05, 6.50072e-05, 7.4208e-05, 6.22767e-05]"
5289,Bulker,36170.0,7,NEW PLYMOUTH,0.000175876,"[1.0, 1.0, 1.0, 1.0, 1.0, 1.0]","[0.0405527, 0.10415604, 0.2399948, 0.4211696, 0.50857446, 0.70174502]","[8.906e-05, 8.906e-05, 8.906e-05, 8.906e-05, 8.906e-05, 8.382e-05]","[3.6118e-06, 9.2766e-06, 2.13749e-05, 3.75111e-05, 4.52957e-05, 5.88177e-05]"
5292,Tanker,12494.0,7,TAURANGA,0.0002768223,"[1.0, 1.0, 1.0, 0.999999, 0.999965, 0.999961]","[0.01530568, 0.04413288, 0.11852909, 0.36030979, 0.66582656, 0.90483593]","[0.00011063, 0.00011063, 0.00011063, 0.00013088, 0.00013371, 0.00013371]","[1.6933e-06, 4.8824e-06, 1.31129e-05, 4.71568e-05, 8.90234e-05, 0.0001209794]"
5295,Bulker,37705.0,7,NAPIER,0.000384554,"[1.0, 0.999996, 0.999999, 0.999997, 1.0, 1.0]","[0.04997173, 0.16726816, 0.38702411, 0.63663958, 0.76187565, 0.85192997]","[8.776e-05, 0.00010558, 0.00014047, 0.00014047, 0.00014047, 0.00013117]","[4.3855e-06, 1.76605e-05, 5.43661e-05, 8.94298e-05, 0.0001070223, 0.0001117462]"
5308,Bulker,38860.0,6,TAURANGA,0.0002258759,"[1.0, 1.0, 1.0, 1.0, 1.0]","[0.09306884, 0.2081022, 0.4528356, 0.56310032, 0.69271688]","[9.871e-05, 0.00013195, 0.00010943, 0.00011063, 0.00011174]","[9.1868e-06, 2.74595e-05, 4.95516e-05, 6.22958e-05, 7.74011e-05]"
5312,Tanker,16298.0,7,TAURANGA,0.0002617725,"[1.0, 0.999999, 0.999999, 0.999965, 1.0, 1.0]","[0.0121401, 0.05196369, 0.14696126, 0.38169609, 0.72185719, 0.86545445]","[0.00011063, 0.00013088, 0.00013088, 0.00013371, 0.00011553, 0.00011553]","[1.3431e-06, 6.8009e-06, 1.92341e-05, 5.10341e-05, 8.33973e-05, 9.99873e-05]"
5313,Tanker,16298.0,7,TAURANGA,0.0002684454,"[1.0, 1.0, 1.0, 1.0, 1.0, 0.999961]","[0.0187281, 0.0561364, 0.15581414, 0.37517872, 0.66071982, 0.91351952]","[0.00011553, 0.00011553, 0.00011553, 0.00011553, 0.00011553, 0.00013371]","[2.1637e-06, 6.4855e-06, 1.80014e-05, 4.3345e-05, 7.6334e-05, 0.0001221404]"
5316,Bulker,37786.0,5,TAURANGA,0.0003019169,"[1.0, 1.0, 0.999999, 0.999989]","[0.19929808, 0.53517832, 0.6681365, 0.90620996]","[0.00011688, 0.00013088, 0.00013088, 0.00013371]","[2.32939e-05, 7.00435e-05, 8.74448e-05, 0.0001211665]"
5317,Bulker,37786.0,6,AUCKLAND,0.0002911934,"[1.0, 1.0, 1.0, 1.0, 1.0]","[0.10797023, 0.22769082, 0.53871233, 0.63989691, 0.69278014]","[0.00013195, 0.00013195, 0.00013195, 0.00013195, 0.00013195]","[1.42469e-05, 3.00443e-05, 7.10842e-05, 8.44357e-05, 9.14138e-05]"
5326,Bulker,37790.0,7,NEW PLYMOUTH,0.0002087273,"[1.0, 1.0, 1.0, 1.0, 1.0, 1.0]","[0.03821723, 0.09703913, 0.2217074, 0.36464351, 0.51383528, 0.5339556]","[0.00011797, 0.00011797, 0.00011797, 0.00011797, 0.00011797, 0.00011797]","[4.5087e-06, 1.14481e-05, 2.61558e-05, 4.30186e-05, 6.06195e-05, 6.29932e-05]"
5329,Passenger,578.0,7,AUCKLAND,1.77582e-05,"[1.0, 1.0, 1.0, 1.0, 1.0, 0.999862]","[0.01054443, 0.01369891, 0.01792875, 0.02296587, 0.03687932, 0.06183004]","[0.00010377, 0.00010377, 0.00010377, 0.00010377, 0.00010377, 0.00011601]","[1.0942e-06, 1.4216e-06, 1.8605e-06, 2.3832e-06, 3.8271e-06, 7.1717e-06]"
5336,Container,30156.0,7,TAURANGA,0.0002671878,"[0.854803, 1.0, 1.0, 0.999948, 0.999493, 0.999989]","[0.2352739, 0.25499512, 0.34081158, 0.39842463, 0.43824852, 0.53592043]","[0.00013909, 0.00012209, 0.00011567, 0.00011601, 0.00011601, 0.00013371]","[2.79726e-05, 3.1133e-05, 3.94233e-05, 4.62177e-05, 5.08142e-05, 7.16562e-05]"
5337,Container,30156.0,7,TAURANGA,0.0003010921,"[1.0, 1.0, 1.0, 0.999493, 0.999965, 0.999989]","[0.26247885, 0.28468921, 0.37690589, 0.4486927, 0.49792944, 0.55370701]","[0.00011482, 0.00012209, 0.00011567, 0.00011601, 0.00013371, 0.00013371]","[3.01377e-05, 3.47584e-05, 4.35985e-05, 5.20252e-05, 6.65749e-05, 7.40344e-05]"
5338,Container,30156.0,7,TAURANGA,0.0002784907,"[1.0, 0.854803, 1.0, 1.0, 0.999493, 0.999989]","[0.26027036, 0.28974195, 0.31288097, 0.40389704, 0.48000313, 0.53752164]","[0.00012152, 0.00013909, 0.00012209, 0.00011567, 0.00011601, 0.00013371]","[3.1627e-05, 3.44485e-05, 3.82004e-05, 4.67207e-05, 5.56556e-05, 7.18703e-05]"
5339,Container,30156.0,7,TAURANGA,0.000252655,"[1.0, 1.0, 1.0, 1.0, 0.999493, 0.999989]","[0.22023936, 0.2439127, 0.28705677, 0.38304735, 0.45492842, 0.50850194]","[0.00010419, 0.00012152, 0.00012209, 0.00011567, 0.00011601, 0.00013371]","[2.29469e-05, 2.96392e-05, 3.50474e-05, 4.43089e-05, 5.27482e-05, 6.79902e-05]"
5341,Container,30156.0,7,TAURANGA,0.0002782418,"[1.0, 0.854803, 1.0, 1.0, 0.999493, 0.999989]","[0.24737741, 0.27961836, 0.30757826, 0.40798215, 0.49482078, 0.54483647]","[0.00012152, 0.00013909, 0.00012209, 0.00011567, 0.00011601, 0.00013371]","[3.00603e-05, 3.32449e-05, 3.7553e-05, 4.71932e-05, 5.73737e-05, 7.28484e-05]"
5342,Container,30156.0,7,TAURANGA,0.0003136131,"[1.0, 1.0, 0.999493, 0.999989, 0.999965, 0.999999]","[0.23207611, 0.34671029, 0.41753213, 0.45823196, 0.49128076, 0.53469368]","[0.00012152, 0.00011567, 0.00011601, 0.00013371, 0.00013371, 0.00013088]","[2.82009e-05, 4.01056e-05, 4.84122e-05, 6.12687e-05, 6.5686e-05, 6.998e-05]"
5343,Container,30156.0,7,TAURANGA,0.0002930013,"[1.0, 1.0, 1.0, 0.999493, 0.999989, 0.999965]","[0.25831153, 0.27364393, 0.35494074, 0.42311952, 0.49559707, 0.55035803]","[0.00011482, 0.00012209, 0.00011567, 0.00011601, 0.00013371, 0.00013371]","[2.96592e-05, 3.34098e-05, 4.10577e-05, 4.906e-05, 6.62647e-05, 7.35848e-05]"
5345,Container,30156.0,7,TAURANGA,0.000296954,"[1.0, 1.0, 0.999493, 0.999989, 0.999965, 0.999999]","[0.24252308, 0.31478534, 0.38279761, 0.42576066, 0.47040674, 0.51009349]","[0.00012209, 0.00011567, 0.00011601, 0.00013371, 0.00013371, 0.00013088]","[2.96102e-05, 3.64127e-05, 4.43848e-05, 5.69271e-05, 6.2895e-05, 6.67603e-05]"
5346,Container,30156.0,7,TAURANGA,0.0002951136,"[0.854803, 1.0, 0.999948, 0.999493, 0.999989, 0.999965]","[0.22221796, 0.31535056, 0.39467144, 0.4369927, 0.48710002, 0.52856671]","[0.00013909, 0.00011567, 0.00011601, 0.00011601, 0.00013371, 0.00013371]","[2.64203e-05, 3.64781e-05, 4.57823e-05, 5.06686e-05, 6.51286e-05, 7.06712e-05]"
5348,Bulker,63132.0,6,NELSON,0.0002106813,"[1.0, 1.0, 1.0, 1.0, 0.999986]","[0.09884954, 0.26414887, 0.46694602, 0.56434374, 0.88253367]","[8.382e-05, 8.382e-05, 8.382e-05, 8.498e-05, 0.00010558]","[8.2852e-06, 2.214e-05, 3.91377e-05, 4.79556e-05, 9.31785e-05]"
5351,General Cargo,63242.0,6,TAURANGA,0.0003157132,"[1.0, 1.0, 1.0, 1.0, 1.0]","[0.31668338, 0.3942861, 0.44988264, 0.4729269, 0.5468622]","[0.0001448, 0.0001448, 0.0001448, 0.0001448, 0.0001448]","[4.58552e-05, 5.70919e-05, 6.51422e-05, 6.84789e-05, 7.91846e-05]"
5356,Container,23512.0,7,TAURANGA,0.0002521876,"[1.0, 1.0, 1.0, 1.0, 1.0, 0.999989]","[0.27608055, 0.29810185, 0.32941478, 0.34561927, 0.36841894, 0.48126283]","[9.871e-05, 0.00013195, 0.00011623, 0.00011623, 0.00011623, 0.00013371]","[2.72519e-05, 3.93352e-05, 3.82872e-05, 4.01707e-05, 4.28206e-05, 6.43481e-05]"
5367,Tanker,50239.0,7,TAURANGA,0.0001701162,"[1.0, 1.0, 1.0, 1.0, 1.0, 1.0]","[0.00307933, 0.01474473, 0.06918199, 0.23627403, 0.56065579, 0.65620415]","[9.704e-05, 9.704e-05, 9.704e-05, 9.704e-05, 0.00013195, 9.871e-05]","[2.988e-07, 1.4309e-06, 6.7136e-06, 2.29286e-05, 7.39797e-05, 6.4774e-05]"
5381,Bulker,37806.0,5,GISBORNE,0.0002164162,"[1.0, 0.999997, 1.0, 1.0]","[0.20910961, 0.38941895, 0.47798745, 0.56279815]","[0.00011553, 0.00013088, 0.00013088, 0.00013992]","[2.41588e-05, 5.09665e-05, 6.25584e-05, 7.87493e-05]"
5382,Bulker,37806.0,7,GISBORNE,0.0003063749,"[1.0, 1.0, 1.0, 1.0, 1.0, 0.999998]","[0.03749136, 0.09892, 0.26629436, 0.46406977, 0.56091711, 0.88709703]","[0.00011623, 0.00013195, 0.00013195, 0.00013195, 0.00013195, 0.00013371]","[4.3575e-06, 1.30527e-05, 3.51381e-05, 6.1235e-05, 7.40142e-05, 0.0001186119]"
5385,Bulker,37806.0,6,PORT CHALMERS,0.0002331576,"[1.0, 1.0, 1.0, 1.0, 0.999996]","[0.0971072, 0.24615008, 0.44693085, 0.59580306, 0.87713657]","[0.00012132, 0.00010536, 8.967e-05, 0.00010536, 0.00010558]","[1.17815e-05, 2.59355e-05, 4.00741e-05, 6.27766e-05, 9.26097e-05]"
5389,Bulker,61241.0,5,WELLINGTON,0.0002246438,"[1.0, 1.0, 1.0, 0.999944]","[0.22473006, 0.44286872, 0.52926931, 0.91240163]","[8.382e-05, 0.00012132, 0.00010536, 0.00010558]","[1.8836e-05, 5.37309e-05, 5.57663e-05, 9.63279e-05]"
5390,Bulker,61241.0,5,LYTTELTON,0.0001827282,"[1.0, 1.0, 1.0, 1.0]","[0.20094364, 0.34872368, 0.55503269, 0.71085747]","[0.00012369, 0.00012369, 0.00010536, 7.916e-05]","[2.4855e-05, 4.31342e-05, 5.84808e-05, 5.62703e-05]"
5392,General Cargo,37806.0,5,AUCKLAND,0.0002108503,"[1.0, 1.0, 1.0, 1.0]","[0.28552761, 0.34038158, 0.60382848, 0.68602143]","[9.704e-05, 9.704e-05, 9.871e-05, 0.00013195]","[2.77083e-05, 3.30315e-05, 5.9604e-05, 9.0522e-05]"
5393,General Cargo,37806.0,5,TAURANGA,0.0002092836,"[1.0, 1.0, 1.0, 1.0]","[0.31615665, 0.50141017, 0.55088741, 0.69951847]","[9.871e-05, 9.871e-05, 9.871e-05, 0.0001061]","[3.12078e-05, 4.94942e-05, 5.43781e-05, 7.42193e-05]"
5400,Tanker,19980.0,7,TAURANGA,0.0002597978,"[1.0, 1.0, 1.0, 1.0, 1.0, 0.999948]","[0.01290248, 0.04123429, 0.12713613, 0.32985581, 0.64758087, 0.92177474]","[0.00013195, 0.00013195, 0.00013195, 0.00013195, 0.00013195, 0.00011601]","[1.7025e-06, 5.441e-06, 1.67759e-05, 4.35252e-05, 8.54497e-05, 0.0001069269]"
5405,Bulker,34407.0,7,TAURANGA,0.0002956334,"[1.0, 1.0, 1.0, 1.0, 0.999999, 1.0]","[0.03669292, 0.09185254, 0.22678419, 0.3777383, 0.73005099, 0.83732984]","[9.871e-05, 0.00013195, 0.00013195, 9.871e-05, 0.00013088, 0.00013992]","[3.622e-06, 1.21201e-05, 2.99247e-05, 3.72866e-05, 9.55481e-05, 0.000117163]"
5408,Bulker,34391.0,7,TAURANGA,0.0003299333,"[1.0, 1.0, 1.0, 1.0, 1.0, 1.0]","[0.03971485, 0.09541348, 0.29107914, 0.49364523, 0.67046328, 0.79016599]","[0.00011688, 0.00011688, 0.00013992, 0.00013992, 0.00013992, 0.00013992]","[4.6419e-06, 1.11519e-05, 4.07291e-05, 6.90731e-05, 9.38143e-05, 0.0001105636]"
5410,Bulker,34391.0,5,TAURANGA,0.0002723832,"[1.0, 1.0, 1.0, 1.0]","[0.20191439, 0.37192168, 0.6816188, 0.79277785]","[0.00013195, 0.0001061, 0.00013992, 0.00013992]","[2.6643e-05, 3.94611e-05, 9.53752e-05, 0.0001109291]"
5411,Bulker,34391.0,6,GISBORNE,0.0002575124,"[1.0, 1.0, 1.0, 1.0, 1.0]","[0.09818771, 0.21106341, 0.39434818, 0.55493802, 0.86477386]","[9.871e-05, 0.00013195, 0.00013195, 9.871e-05, 0.00013088]","[9.6921e-06, 2.78503e-05, 5.20351e-05, 5.4778e-05, 0.0001131805]"
5412,Bulker,34391.0,7,TAURANGA,0.0003879335,"[1.0, 1.0, 0.999989, 0.999961, 0.999999, 0.999998]","[0.05325024, 0.1689295, 0.37350116, 0.63099102, 0.84114774, 0.90077128]","[0.00011623, 0.00011553, 0.00013371, 0.00013371, 0.00013088, 0.00013088]","[6.1892e-06, 1.95167e-05, 4.99397e-05, 8.43654e-05, 0.0001100883, 0.0001178915]"
5413,Bulker,34391.0,6,TAURANGA,0.0002949241,"[1.0, 1.0, 1.0, 0.999999, 1.0]","[0.09109383, 0.21795921, 0.40039408, 0.72443789, 0.85644752]","[0.00013195, 0.00013195, 9.871e-05, 0.00013088, 0.00013992]","[1.202e-05, 2.87602e-05, 3.95229e-05, 9.48134e-05, 0.0001198381]"
5414,Bulker,34391.0,5,LYTTELTON,0.000233297,"[1.0, 1.0, 1.0, 1.0]","[0.26751602, 0.48876833, 0.62866838, 0.85618349]","[9.156e-05, 8.967e-05, 8.382e-05, 0.00013117]","[2.44931e-05, 4.38254e-05, 5.26927e-05, 0.0001123041]"
5416,Bulker,81676.0,6,LYTTELTON,0.0002412657,"[1.0, 1.0, 1.0, 1.0, 1.0]","[0.08063587, 0.20830459, 0.46118651, 0.6512276, 0.66990681]","[0.00012369, 0.00012369, 0.00012132, 0.00012132, 0.00010536]","[9.974e-06, 2.57655e-05, 5.59533e-05, 7.901e-05, 7.05845e-05]"
5420,Bulker,34552.0,6,TAURANGA,0.0002551115,"[1.0, 1.0, 1.0, 1.0, 1.0]","[0.13541598, 0.27922614, 0.50302916, 0.61970606, 0.72239829]","[0.00011623, 0.00011623, 0.00011623, 0.00011063, 0.00011063]","[1.57391e-05, 3.24539e-05, 5.84661e-05, 6.85581e-05, 7.99189e-05]"
5421,Bulker,34552.0,5,AUCKLAND,0.0002188746,"[1.0, 1.0, 1.0, 1.0]","[0.18825431, 0.46873887, 0.60004826, 0.72665487]","[0.00011063, 0.00010943, 0.00011063, 0.00011063]","[2.08266e-05, 5.12919e-05, 6.63833e-05, 8.03898e-05]"
5422,Bulker,34552.0,7,TAURANGA,0.0003507432,"[1.0, 1.0, 1.0, 1.0, 1.0, 0.999961]","[0.0522159, 0.15233801, 0.38764117, 0.62832447, 0.75613543, 0.91932064]","[0.0001061, 0.00011553, 0.00011553, 0.00011553, 0.00011553, 0.00013371]","[5.5401e-06, 1.75998e-05, 4.47848e-05, 7.25913e-05, 8.73575e-05, 0.000122916]"
5423,Bulker,34552.0,5,PORT CHALMERS,0.0001830054,"[1.0, 1.0, 1.0, 0.9999]","[0.19437951, 0.35041407, 0.41285977, 0.92020975]","[8.967e-05, 8.967e-05, 8.967e-05, 0.00010558]","[1.7429e-05, 3.14199e-05, 3.70191e-05, 9.71481e-05]"
5424,Bulker,34552.0,7,WELLINGTON,0.0002406479,"[1.0, 1.0, 1.0, 1.0, 1.0, 0.999944]","[0.03813687, 0.09814635, 0.22265173, 0.42658013, 0.54861689, 0.77548215]","[8.967e-05, 8.967e-05, 8.382e-05, 0.00013117, 0.00013117, 0.00010558]","[3.4195e-06, 8.8003e-06, 1.86618e-05, 5.59538e-05, 7.19611e-05, 8.18725e-05]"
5425,Bulker,34552.0,6,TAURANGA,0.0002719887,"[1.0, 1.0, 1.0, 1.0, 1.0]","[0.14372538, 0.29740619, 0.51694744, 0.60414557, 0.66739137]","[0.00013195, 0.00013195, 0.00013195, 0.00013195, 9.871e-05]","[1.89649e-05, 3.92434e-05, 6.82123e-05, 7.97183e-05, 6.58783e-05]"
5427,Bulker,34529.0,5,GISBORNE,0.0003450305,"[1.0, 1.0, 1.0, 1.0]","[0.30994278, 0.55719186, 0.84369561, 0.86582684]","[0.00013992, 0.00013992, 0.00013088, 0.00013088]","[4.33686e-05, 7.79648e-05, 0.0001104218, 0.0001133183]"
5431,Bulker,34529.0,5,TAURANGA,0.0002246023,"[1.0, 1.0, 1.0, 1.0]","[0.17986685, 0.47005542, 0.6479743, 0.68485121]","[0.00013992, 0.00011063, 0.00011063, 0.00011063]","[2.51678e-05, 5.20022e-05, 7.16854e-05, 7.57651e-05]"
5443,Bulker,34484.0,7,NELSON,0.0003349807,"[1.0, 1.0, 1.0, 1.0, 1.0, 0.999991]","[0.04079113, 0.11391891, 0.24904611, 0.44741475, 0.86238314, 0.90833192]","[0.00012132, 0.00010536, 0.00012132, 0.00010536, 0.00013117, 0.00014047]","[4.949e-06, 1.2003e-05, 3.02154e-05, 4.71417e-05, 0.0001131173, 0.0001275941]"
5447,Bulker,34484.0,5,TAURANGA,0.0002321008,"[1.0, 1.0, 1.0, 1.0]","[0.17889424, 0.31627957, 0.44592842, 0.87733876]","[0.00013195, 0.00013195, 9.871e-05, 0.00013992]","[2.36055e-05, 4.17338e-05, 4.40176e-05, 0.0001227612]"
5451,Bulker,34387.0,5,TAURANGA,0.0002236446,"[1.0, 1.0, 1.0, 1.0]","[0.24735409, 0.48059746, 0.56909892, 0.71182686]","[9.871e-05, 0.00011623, 0.00011924, 0.0001061]","[2.44163e-05, 5.58589e-05, 6.78622e-05, 7.55252e-05]"
5452,Bulker,34387.0,5,AUCKLAND,0.0001727088,"[1.0, 1.0, 1.0, 1.0]","[0.1859466, 0.34315853, 0.60872553, 0.63290882]","[9.871e-05, 9.871e-05, 9.704e-05, 9.704e-05]","[1.83548e-05, 3.38732e-05, 5.90723e-05, 6.14191e-05]"
5453,Bulker,34387.0,6,GISBORNE,0.0003581452,"[0.999991, 1.0, 1.0, 1.0, 1.0]","[0.13409288, 0.32447737, 0.57631457, 0.71759623, 0.892024]","[0.00013371, 0.00013088, 0.00013992, 0.00013992, 0.00013088]","[1.79292e-05, 4.24672e-05, 8.06406e-05, 0.0001004093, 0.0001167469]"
5454,Bulker,34387.0,7,GISBORNE,0.0002927533,"[1.0, 1.0, 1.0, 1.0, 1.0, 0.999998]","[0.03589193, 0.08629957, 0.20818197, 0.34776446, 0.71003087, 0.90192801]","[0.00011688, 0.00011688, 0.00011688, 0.00011688, 0.00013088, 0.00013371]","[4.195e-06, 1.00867e-05, 2.43322e-05, 4.06466e-05, 9.29279e-05, 0.0001205949]"
5456,Bulker,34387.0,6,AUCKLAND,0.0002592551,"[1.0, 1.0, 1.0, 1.0, 0.999998]","[0.09564802, 0.20202243, 0.34286951, 0.70804556, 0.88109728]","[9.704e-05, 9.704e-05, 9.704e-05, 0.00011553, 0.00013088]","[9.2819e-06, 1.96048e-05, 3.32729e-05, 8.18016e-05, 0.0001153167]"
5458,Tanker,12341.0,7,NEW PLYMOUTH,0.0002422503,"[1.0, 1.0, 1.0, 0.999995, 0.999861, 0.999975]","[0.01537767, 0.04629838, 0.13754075, 0.35984993, 0.69025508, 0.90588848]","[8.382e-05, 8.382e-05, 0.00013117, 0.00014047, 0.00010558, 0.00010558]","[1.2889e-06, 3.8806e-06, 1.8041e-05, 5.05486e-05, 7.28685e-05, 9.56434e-05]"
5460,Tanker,12365.0,7,TAURANGA,0.0002142286,"[1.0, 1.0, 1.0, 1.0, 1.0, 0.999999]","[0.01243843, 0.03819716, 0.10544962, 0.24246015, 0.53272798, 0.84926672]","[9.871e-05, 0.00011623, 0.00011063, 0.00011063, 0.00011063, 0.00013088]","[1.2278e-06, 4.4396e-06, 1.16659e-05, 2.68234e-05, 5.89357e-05, 0.0001111508]"
5467,Bulker,57381.0,6,LYTTELTON,0.0002233251,"[1.0, 1.0, 1.0, 1.0, 0.999885]","[0.11329028, 0.26238274, 0.51751235, 0.60041326, 0.90894866]","[8.967e-05, 8.967e-05, 8.382e-05, 8.382e-05, 0.00010558]","[1.01582e-05, 2.35266e-05, 4.3376e-05, 5.03244e-05, 9.59578e-05]"
5469,Bulker,57381.0,5,NAPIER,0.0002367337,"[1.0, 1.0, 1.0, 0.999983]","[0.28894282, 0.4660571, 0.54316699, 0.90321018]","[0.00012132, 0.00010536, 0.00010536, 0.00010558]","[3.50559e-05, 4.91059e-05, 5.72306e-05, 9.53613e-05]"
5472,Bulker,37658.0,7,LYTTELTON,0.0001740392,"[1.0, 1.0, 1.0, 1.0, 1.0, 1.0]","[0.03469117, 0.09336218, 0.21666636, 0.40824387, 0.5390291, 0.70595699]","[8.358e-05, 8.906e-05, 8.906e-05, 8.906e-05, 8.906e-05, 8.382e-05]","[2.8995e-06, 8.3152e-06, 1.92972e-05, 3.63599e-05, 4.80081e-05, 5.91707e-05]"
5474,Bulker,37658.0,7,TAURANGA,0.0003283483,"[1.0, 1.0, 1.0, 1.0, 1.0, 0.999968]","[0.03895263, 0.10015989, 0.21460168, 0.58038628, 0.73658143, 0.81847074]","[0.00011688, 0.00011688, 0.00011688, 0.00013992, 0.00013088, 0.00013371]","[4.5528e-06, 1.17066e-05, 2.50826e-05, 8.12103e-05, 9.64028e-05, 0.0001094328]"
5479,General Cargo,37945.0,7,WELLINGTON,0.0004455874,"[1.0, 0.999949, 0.999998, 0.999982, 1.0, 1.0]","[0.21789702, 0.44602041, 0.58621669, 0.67076771, 0.72236901, 0.7699892]","[8.967e-05, 0.00010558, 0.00014047, 0.00014047, 0.00014047, 0.00013117]","[1.95377e-05, 4.70894e-05, 8.23469e-05, 9.42225e-05, 0.0001014727, 0.0001009981]"
5484,Bulker,38002.0,5,NELSON,0.0001712611,"[0.999999, 0.999864, 0.999986, 1.0]","[0.1824634, 0.32862997, 0.40880262, 0.63798904]","[8.776e-05, 0.00010558, 0.00010558, 0.00012132]","[1.60129e-05, 3.46928e-05, 4.31617e-05, 7.74038e-05]"
5485,Bulker,38002.0,7,WELLINGTON,0.0002786058,"[1.0, 1.0, 1.0, 1.0, 1.0, 0.999949]","[0.04137006, 0.13490314, 0.28585205, 0.68554864, 0.82143367, 0.92531058]","[0.00010536, 0.00010536, 0.00010536, 8.776e-05, 8.776e-05, 0.00010558]","[4.3589e-06, 1.4214e-05, 3.01187e-05, 6.01634e-05, 7.20885e-05, 9.76913e-05]"
5493,Bulker,36184.0,5,NAPIER,0.0001870777,"[1.0, 1.0, 1.0, 1.0]","[0.21755865, 0.56040891, 0.6787314, 0.71329503]","[8.382e-05, 8.967e-05, 9.156e-05, 7.916e-05]","[1.8235e-05, 5.02491e-05, 6.21429e-05, 5.64633e-05]"
5497,Container,26974.0,7,TAURANGA,0.0002969726,"[1.0, 1.0, 0.999493, 0.999989, 0.999965, 0.999999]","[0.22772274, 0.32618359, 0.38942129, 0.42897458, 0.46729269, 0.50900095]","[0.00012152, 0.00011567, 0.00011601, 0.00013371, 0.00013371, 0.00013088]","[2.76719e-05, 3.77312e-05, 4.51528e-05, 5.73568e-05, 6.24787e-05, 6.66173e-05]"
5498,Container,26974.0,7,TAURANGA,0.0002851412,"[0.854803, 1.0, 0.999493, 0.999989, 0.999965, 0.999999]","[0.23067459, 0.31386761, 0.3743136, 0.40781056, 0.44664212, 0.4874478]","[0.00013909, 0.00011567, 0.00011601, 0.00013371, 0.00013371, 0.00013088]","[2.74258e-05, 3.63065e-05, 4.34011e-05, 5.45271e-05, 5.97176e-05, 6.37965e-05]"
5499,Container,26974.0,7,TAURANGA,0.0002711425,"[0.854803, 1.0, 1.0, 0.999493, 0.999989, 0.999965]","[0.23794746, 0.25694136, 0.33786987, 0.40324784, 0.45407023, 0.49982925]","[0.00013909, 0.00011482, 0.00011567, 0.00011601, 0.00013371, 0.00013371]","[2.82905e-05, 2.95019e-05, 3.9083e-05, 4.67559e-05, 6.07123e-05, 6.68289e-05]"
5500,Container,26974.0,7,TAURANGA,0.0002550951,"[0.854803, 1.0, 1.0, 1.0, 0.999493, 0.999989]","[0.24103732, 0.2630779, 0.28608775, 0.37352344, 0.44573652, 0.49689723]","[0.00013909, 0.00011482, 0.00012209, 0.00011567, 0.00011601, 0.00013371]","[2.86578e-05, 3.02065e-05, 3.49291e-05, 4.32072e-05, 5.16824e-05, 6.64386e-05]"
5502,Container,26974.0,7,TAURANGA,0.000295309,"[1.0, 1.0, 0.999493, 0.999989, 0.999965, 0.999999]","[0.24433425, 0.32674251, 0.38870899, 0.42811352, 0.46169111, 0.50010424]","[0.00011482, 0.00011567, 0.00011601, 0.00013371, 0.00013371, 0.00013088]","[2.80543e-05, 3.77959e-05, 4.50702e-05, 5.72417e-05, 6.17297e-05, 6.54529e-05]"
5503,Container,26974.0,7,TAURANGA,0.0002707117,"[0.854803, 1.0, 1.0, 0.999493, 0.999989, 0.999965]","[0.2261197, 0.24205871, 0.31845154, 0.38029277, 0.48501705, 0.52566189]","[0.00013909, 0.00011482, 0.00011567, 0.00011601, 0.00013371, 0.00013371]","[2.68842e-05, 2.77931e-05, 3.68368e-05, 4.40943e-05, 6.48501e-05, 7.02828e-05]"
5505,Container,26974.0,7,TAURANGA,0.0002819785,"[0.854803, 1.0, 0.999493, 0.999989, 0.999965, 0.999999]","[0.20748642, 0.29646883, 0.35645007, 0.41758705, 0.45503699, 0.49698005]","[0.00013909, 0.00011567, 0.00011601, 0.00013371, 0.00013371, 0.00013088]","[2.46688e-05, 3.4294e-05, 4.13298e-05, 5.58342e-05, 6.084e-05, 6.50441e-05]"
5506,Container,26974.0,7,TAURANGA,0.0002914613,"[1.0, 1.0, 0.999493, 0.999989, 0.999965, 0.999999]","[0.23855197, 0.30862617, 0.36878219, 0.42333227, 0.46043557, 0.50234722]","[0.00012209, 0.00011567, 0.00011601, 0.00013371, 0.00013371, 0.00013088]","[2.91254e-05, 3.57002e-05, 4.27597e-05, 5.66024e-05, 6.15619e-05, 6.57465e-05]"
5508,Container,26871.0,7,TAURANGA,0.0002807452,"[1.0, 0.854803, 1.0, 0.999989, 0.999965, 0.999999]","[0.226301, 0.25239174, 0.34095221, 0.4237527, 0.45868334, 0.50309705]","[0.00012152, 0.00013909, 0.00011567, 0.00013371, 0.00013371, 0.00013088]","[2.74991e-05, 3.00078e-05, 3.94396e-05, 5.66586e-05, 6.13276e-05, 6.58446e-05]"
5509,Container,26871.0,7,TAURANGA,0.0002580053,"[1.0, 0.854803, 1.0, 0.999493, 0.999989, 0.999999]","[0.18258186, 0.24188553, 0.34077357, 0.40610785, 0.44438111, 0.50305512]","[9.591e-05, 0.00013909, 0.00011567, 0.00011601, 0.00013371, 0.00013088]","[1.75111e-05, 2.87587e-05, 3.94189e-05, 4.70876e-05, 5.94168e-05, 6.58392e-05]"
5510,Container,26871.0,7,TAURANGA,0.0002523748,"[0.854803, 1.0, 1.0, 1.0, 0.999493, 0.999999]","[0.24046928, 0.26423312, 0.28284945, 0.36605449, 0.43598215, 0.50461281]","[0.00013909, 0.00011482, 0.00012209, 0.00011567, 0.00011601, 0.00013088]","[2.85903e-05, 3.03391e-05, 3.45338e-05, 4.23433e-05, 5.05514e-05, 6.6043e-05]"
5511,Container,26871.0,7,TAURANGA,0.0002702193,"[1.0, 0.854803, 1.0, 0.999493, 0.999965, 0.999999]","[0.22130255, 0.24483069, 0.34308078, 0.4121348, 0.45861125, 0.50014585]","[0.00012152, 0.00013909, 0.00011567, 0.00011601, 0.00013371, 0.00013088]","[2.68918e-05, 2.91088e-05, 3.96858e-05, 4.77864e-05, 6.13179e-05, 6.54584e-05]"
5512,Container,26871.0,7,TAURANGA,0.0002952557,"[1.0, 1.0, 0.999493, 0.999989, 0.999965, 0.999999]","[0.2432333, 0.3243045, 0.3881393, 0.42631006, 0.46089981, 0.50597289]","[0.00011482, 0.00011567, 0.00011601, 0.00013371, 0.00013371, 0.00013088]","[2.79279e-05, 3.75138e-05, 4.50041e-05, 5.70006e-05, 6.16239e-05, 6.6221e-05]"
5513,Container,26871.0,7,TAURANGA,0.0002695749,"[1.0, 0.854803, 1.0, 0.999493, 0.999965, 0.999999]","[0.21823333, 0.24409029, 0.33726967, 0.40114007, 0.46437654, 0.50772997]","[0.00012152, 0.00013909, 0.00011567, 0.00011601, 0.00013371, 0.00013088]","[2.65188e-05, 2.90208e-05, 3.90136e-05, 4.65116e-05, 6.20888e-05, 6.6451e-05]"
5514,Container,26871.0,7,TAURANGA,0.0002659336,"[0.854803, 1.0, 1.0, 0.999493, 0.999965, 0.999999]","[0.22060629, 0.24726014, 0.32176806, 0.37839003, 0.46539886, 0.50600662]","[0.00013909, 0.00012209, 0.00011567, 0.00011601, 0.00013371, 0.00013088]","[2.62287e-05, 3.01886e-05, 3.72204e-05, 4.38737e-05, 6.22255e-05, 6.62254e-05]"
5515,Container,26871.0,7,AUCKLAND,0.0002858475,"[0.643148, 1.0, 0.998457, 0.999965, 0.999902, 0.999998]","[0.22986126, 0.31864623, 0.37952152, 0.42063064, 0.45939868, 0.51070889]","[0.00013909, 0.00011567, 0.00011601, 0.00013371, 0.00013371, 0.00013088]","[2.05622e-05, 3.68593e-05, 4.39593e-05, 5.62398e-05, 6.14194e-05, 6.68408e-05]"
5516,Container,26871.0,7,TAURANGA,0.0002783584,"[1.0, 1.0, 1.0, 0.999493, 0.999989, 0.999965]","[0.24537274, 0.26165779, 0.34055245, 0.41572428, 0.46883888, 0.50849214]","[0.00011482, 0.00012209, 0.00011567, 0.00011601, 0.00013371, 0.00013371]","[2.81736e-05, 3.19464e-05, 3.93933e-05, 4.82026e-05, 6.2687e-05, 6.79872e-05]"
5517,Container,26871.0,7,TAURANGA,0.0002826441,"[1.0, 1.0, 0.999493, 0.999989, 0.999965, 0.999999]","[0.21905288, 0.29814215, 0.36451671, 0.40970022, 0.45371336, 0.49916319]","[0.00011482, 0.00011567, 0.00011601, 0.00013371, 0.00013371, 0.00013088]","[2.51515e-05, 3.44875e-05, 4.22651e-05, 5.47797e-05, 6.06631e-05, 6.53298e-05]"
5518,Container,26871.0,7,TAURANGA,0.0002849573,"[1.0, 1.0, 1.0, 0.999493, 0.999989, 0.999965]","[0.25173462, 0.27193403, 0.36401669, 0.42901551, 0.46779806, 0.51222625]","[0.00011482, 0.00012209, 0.00011567, 0.00011601, 0.00013371, 0.00013371]","[2.8904e-05, 3.32011e-05, 4.21075e-05, 4.97437e-05, 6.25478e-05, 6.84865e-05]"
5522,Tanker,36681.0,7,NAPIER,0.0002248677,"[0.999982, 0.999999, 0.999999, 1.0, 0.999996, 0.999982]","[0.00492259, 0.0223411, 0.08650655, 0.36825304, 0.79951953, 0.8883702]","[0.00010558, 0.00014047, 0.00014047, 8.382e-05, 0.00010558, 0.00010558]","[5.197e-07, 3.1383e-06, 1.21518e-05, 3.08656e-05, 8.44147e-05, 9.37944e-05]"
5527,Container,23524.0,7,TAURANGA,0.0002011711,"[1.0, 1.0, 1.0, 1.0, 1.0, 1.0]","[0.21248237, 0.23865331, 0.26132032, 0.28843904, 0.31737444, 0.38078352]","[0.00011623, 0.00013195, 9.871e-05, 0.00013195, 0.00011623, 0.00011623]","[2.46964e-05, 3.14908e-05, 2.5795e-05, 3.80601e-05, 3.68878e-05, 4.42577e-05]"
5528,Container,23524.0,7,AUCKLAND,0.0002476984,"[1.0, 1.0, 1.0, 1.0, 1.0, 0.999965]","[0.25700811, 0.2828658, 0.30860238, 0.33742797, 0.36309229, 0.47678836]","[0.00013195, 9.871e-05, 0.00013195, 0.00011623, 0.00011623, 0.00013371]","[3.39128e-05, 2.79217e-05, 4.07207e-05, 3.92186e-05, 4.22015e-05, 6.37483e-05]"
5529,Bulker,37721.0,7,TAURANGA,0.0002460325,"[1.0, 1.0, 1.0, 1.0, 1.0, 1.0]","[0.04364035, 0.11733218, 0.28166492, 0.49231002, 0.58793226, 0.69850174]","[0.00013195, 9.871e-05, 0.00011063, 0.00011063, 0.00011063, 0.00011174]","[5.7584e-06, 1.15819e-05, 3.11606e-05, 5.44642e-05, 6.50429e-05, 7.80475e-05]"
5530,Bulker,61302.0,5,LYTTELTON,0.0002251245,"[1.0, 1.0, 1.0, 1.0]","[0.21531414, 0.49672365, 0.58224936, 0.62016172]","[0.00011466, 0.00011797, 0.00011797, 0.00011797]","[2.46882e-05, 5.86007e-05, 6.86906e-05, 7.31633e-05]"
5532,Tanker,22346.0,6,TAURANGA,0.0002266542,"[1.0, 1.0, 1.0, 1.0, 1.0]","[0.03343377, 0.10330044, 0.2864787, 0.54455619, 0.62428514]","[0.00011661, 0.00011661, 0.0001448, 0.0001448, 0.0001448]","[3.8986e-06, 1.20455e-05, 4.14816e-05, 7.88507e-05, 9.03953e-05]"
5541,Bulker,35513.0,6,AUCKLAND,0.0003620666,"[1.0, 1.0, 1.0, 1.0, 1.0]","[0.13409702, 0.34130239, 0.58954673, 0.73488933, 0.86811094]","[0.00011637, 0.00011637, 0.00013992, 0.00013992, 0.00013992]","[1.56054e-05, 3.97186e-05, 8.24921e-05, 0.0001028291, 0.0001214701]"
5574,General Cargo,5250.0,7,NAPIER,0.0001081312,"[1.0, 1.0, 1.0, 1.0, 1.0, 1.0]","[0.07293791, 0.10902193, 0.14040028, 0.20134562, 0.29274705, 0.35501017]","[8.776e-05, 8.498e-05, 8.382e-05, 0.00013117, 8.382e-05, 8.382e-05]","[6.401e-06, 9.2642e-06, 1.17678e-05, 2.64102e-05, 2.4537e-05, 2.97556e-05]"
5577,Bulker,63948.0,5,TAURANGA,0.0002054608,"[1.0, 1.0, 1.0, 1.0]","[0.21133823, 0.35694123, 0.40034278, 0.45043117]","[0.0001448, 0.0001448, 0.0001448, 0.0001448]","[3.06014e-05, 5.16844e-05, 5.79689e-05, 6.52216e-05]"
5578,General Cargo,16565.0,6,TAURANGA,0.0002628795,"[1.0, 1.0, 1.0, 1.0, 1.0]","[0.21563678, 0.3025456, 0.47296696, 0.55027271, 0.70056399]","[9.591e-05, 9.591e-05, 0.00011482, 0.00012209, 0.00013092]","[2.06814e-05, 2.90166e-05, 5.43058e-05, 6.71841e-05, 9.17176e-05]"
5582,Bulker,33412.0,7,NEW PLYMOUTH,0.0002322727,"[1.0, 1.0, 1.0, 1.0, 1.0, 0.99986]","[0.04938066, 0.11796764, 0.24353638, 0.41743775, 0.60970743, 0.91790238]","[0.00010536, 0.00010536, 0.00010536, 8.967e-05, 8.967e-05, 0.00010558]","[5.203e-06, 1.24296e-05, 2.56601e-05, 3.74296e-05, 5.46694e-05, 9.69006e-05]"
5586,Bulker,37347.0,7,NEW PLYMOUTH,0.0001831658,"[1.0, 1.0, 1.0, 1.0, 1.0, 1.0]","[0.03972798, 0.1029685, 0.2288039, 0.45773699, 0.6660524, 0.68559529]","[8.382e-05, 8.498e-05, 8.498e-05, 8.382e-05, 8.382e-05, 8.382e-05]","[3.3299e-06, 8.7498e-06, 1.94428e-05, 3.83658e-05, 5.58261e-05, 5.74641e-05]"
5587,Bulker,37347.0,7,NEW PLYMOUTH,0.0001879981,"[1.0, 1.0, 1.0, 1.0, 1.0, 1.0]","[0.04552603, 0.10893767, 0.23870385, 0.48385208, 0.58728678, 0.66850631]","[0.00010536, 0.00010536, 0.00010536, 8.382e-05, 8.382e-05, 8.498e-05]","[4.7968e-06, 1.14782e-05, 2.5151e-05, 4.05547e-05, 4.92242e-05, 5.68069e-05]"
5599,General Cargo,28000.0,5,WELLINGTON,0.0003121383,"[1.0, 1.0, 0.999997, 0.999998]","[0.34966136, 0.44350679, 0.73761435, 0.88976062]","[0.00010536, 0.00010536, 0.00014047, 0.00014047]","[3.6842e-05, 4.67299e-05, 0.0001036139, 0.0001249862]"
5601,Bulker,37657.0,7,GISBORNE,0.0003275056,"[1.0, 1.0, 1.0, 1.0, 0.99999, 0.999998]","[0.0494539, 0.12527598, 0.2754983, 0.46268362, 0.75803135, 0.82041691]","[9.871e-05, 0.00013195, 0.00013195, 0.00013195, 0.00013371, 0.00013088]","[4.8816e-06, 1.65304e-05, 3.63526e-05, 6.10521e-05, 0.0001013541, 0.0001073749]"
5602,Bulker,37657.0,5,NEW PLYMOUTH,0.0002764428,"[0.999986, 0.99986, 1.0, 1.0]","[0.37410986, 0.68710302, 0.83700017, 0.88799192]","[0.00014047, 0.00010558, 8.776e-05, 8.776e-05]","[5.25512e-05, 7.25357e-05, 7.34547e-05, 7.79297e-05]"
5606,Bulker,37657.0,5,TAURANGA,0.0002256265,"[1.0, 1.0, 1.0, 1.0]","[0.2244657, 0.42334746, 0.5804582, 0.74649405]","[9.871e-05, 0.00013195, 0.00011063, 0.00011174]","[2.2157e-05, 5.58616e-05, 6.42161e-05, 8.34099e-05]"
5607,Bulker,37657.0,6,GISBORNE,0.0003057383,"[1.0, 1.0, 0.99999, 1.0, 0.999966]","[0.12360422, 0.26729854, 0.4804859, 0.65541476, 0.90220128]","[0.00011553, 0.00011553, 0.00013371, 0.00013992, 0.00011601]","[1.42802e-05, 3.08814e-05, 6.42443e-05, 9.17086e-05, 0.0001046582]"
5608,Bulker,37657.0,6,GISBORNE,0.0002847897,"[1.0, 1.0, 1.0, 1.0, 0.999979]","[0.090229, 0.23459744, 0.42975161, 0.72973551, 0.9047536]","[0.00013088, 0.00013992, 0.00013992, 0.00010291, 0.00011601]","[1.18091e-05, 3.28259e-05, 6.01328e-05, 7.50961e-05, 0.0001049557]"
5614,Bulker,37657.0,6,LYTTELTON,0.0003165033,"[1.0, 1.0, 1.0, 0.999885, 0.999988]","[0.10189407, 0.2896183, 0.48246429, 0.78157244, 0.90155493]","[0.00012132, 8.776e-05, 8.776e-05, 0.00014047, 0.00014047]","[1.23623e-05, 2.54167e-05, 4.23408e-05, 0.0001097765, 0.0001266418]"
5615,Bulker,37657.0,6,NEW PLYMOUTH,0.0002008616,"[0.999975, 0.99987, 0.999995, 1.0, 1.0]","[0.08426083, 0.20244191, 0.34044503, 0.4580949, 0.8286139]","[0.00010558, 0.00010558, 0.00014047, 0.00013117, 7.567e-05]","[8.8962e-06, 2.13715e-05, 4.78228e-05, 6.00875e-05, 6.26986e-05]"
5616,Bulker,37657.0,6,PORT CHALMERS,0.0002965181,"[1.0, 1.0, 0.999996, 0.999833, 0.999967]","[0.09480568, 0.23311382, 0.57459037, 0.78743167, 0.88660182]","[9.156e-05, 8.382e-05, 0.00010558, 0.00010558, 0.00014047]","[8.6802e-06, 1.95387e-05, 6.06663e-05, 8.31249e-05, 0.0001245387]"
5620,Bulker,34439.0,5,GISBORNE,0.0002600595,"[1.0, 1.0, 1.0, 0.999998]","[0.20692603, 0.42716226, 0.53488509, 0.79153686]","[0.00013195, 0.00013195, 0.00013195, 0.00013371]","[2.73043e-05, 5.6365e-05, 7.05792e-05, 0.0001058348]"
5622,Bulker,34439.0,6,GISBORNE,0.0002902231,"[1.0, 1.0, 1.0, 1.0, 1.0]","[0.11668429, 0.26639998, 0.5038089, 0.66998474, 0.6884675]","[0.00011623, 0.00011623, 0.00013195, 0.00013195, 0.00013195]","[1.3562e-05, 3.09632e-05, 6.64786e-05, 8.84059e-05, 9.08447e-05]"
5625,Bulker,34439.0,6,LYTTELTON,0.0001913852,"[1.0, 1.0, 1.0, 1.0, 1.0]","[0.08725941, 0.22095449, 0.38289682, 0.51847581, 0.84152]","[8.382e-05, 9.156e-05, 9.156e-05, 0.00010536, 8.814e-05]","[7.3138e-06, 2.023e-05, 3.5057e-05, 5.4629e-05, 7.41685e-05]"
5626,Bulker,34439.0,7,WELLINGTON,0.0003814735,"[1.0, 1.0, 1.0, 1.0, 0.999958, 0.99996]","[0.04577277, 0.11651822, 0.37962654, 0.6343812, 0.85898223, 0.88515236]","[0.00012132, 0.00010536, 0.00013117, 0.00010863, 0.00014047, 0.00014047]","[5.5534e-06, 1.22769e-05, 4.9795e-05, 6.89102e-05, 0.0001206579, 0.0001243342]"
5627,Bulker,34439.0,6,NAPIER,0.0003853382,"[0.999982, 0.999999, 1.0, 1.0, 1.0]","[0.14707335, 0.40391396, 0.66508162, 0.82098337, 0.85398172]","[0.00010558, 0.00014047, 0.00014047, 0.00013117, 0.00013117]","[1.5528e-05, 5.67386e-05, 9.34254e-05, 0.000107687, 0.0001120153]"
5628,Bulker,34439.0,6,NELSON,0.0002673208,"[1.0, 1.0, 1.0, 1.0, 0.999892]","[0.09385183, 0.26734039, 0.54838132, 0.73453937, 0.91424762]","[0.00010536, 7.917e-05, 7.917e-05, 8.776e-05, 0.00014047]","[9.8887e-06, 2.11655e-05, 4.34157e-05, 6.44628e-05, 0.0001284124]"
5630,Tanker,21193.0,7,TIMARU,0.000183372,"[1.0, 1.0, 1.0, 1.0, 1.0, 1.0]","[0.00933714, 0.03282302, 0.09820064, 0.30526649, 0.52548058, 0.58332751]","[0.00011797, 0.00011797, 0.00011797, 0.00011797, 0.00011797, 0.00011797]","[1.1015e-06, 3.8723e-06, 1.15852e-05, 3.60137e-05, 6.19933e-05, 6.88178e-05]"
5635,Bulker,38176.0,6,NAPIER,0.0002501191,"[1.0, 1.0, 1.0, 1.0, 1.0]","[0.12003776, 0.28610467, 0.47426694, 0.60188151, 0.64186061]","[0.00012132, 0.00012132, 0.00010536, 0.00012132, 0.00012132]","[1.45635e-05, 3.47116e-05, 4.9971e-05, 7.30231e-05, 7.78735e-05]"
5640,Bulker,38195.0,6,PORT CHALMERS,0.0002329495,"[1.0, 1.0, 1.0, 1.0, 1.0]","[0.1030341, 0.2507236, 0.45128749, 0.61955912, 0.6645352]","[0.00012132, 0.00012132, 0.00012132, 0.00010536, 0.00010536]","[1.25006e-05, 3.0419e-05, 5.47523e-05, 6.52796e-05, 7.00185e-05]"
5642,Bulker,38195.0,5,NEW PLYMOUTH,0.000215522,"[1.0, 1.0, 1.0, 0.999996]","[0.19186071, 0.40471582, 0.57587389, 0.8244676]","[0.00010536, 8.382e-05, 7.916e-05, 0.00014047]","[2.02153e-05, 3.39218e-05, 4.55852e-05, 0.0001158143]"
5643,Bulker,38195.0,5,NAPIER,0.000204911,"[1.0, 1.0, 1.0, 1.0]","[0.20776543, 0.34817002, 0.61940052, 0.67288841]","[0.00012369, 0.00012369, 0.00010536, 0.00010536]","[2.56988e-05, 4.30657e-05, 6.52629e-05, 7.08987e-05]"
5660,RoRo,15425.0,7,AUCKLAND,0.0003819666,"[1.0, 1.0, 1.0, 1.0, 1.0, 0.999862]","[0.28030119, 0.34743199, 0.42988863, 0.51351884, 0.58769821, 0.83767489]","[0.00013195, 0.00013195, 0.00013195, 0.00013195, 0.00013195, 0.00011601]","[3.69863e-05, 4.58444e-05, 5.67247e-05, 6.77599e-05, 7.7548e-05, 9.71629e-05]"
5662,RoRo,15495.0,7,AUCKLAND,0.0003807079,"[1.0, 1.0, 1.0, 1.0, 1.0, 0.999862]","[0.28253696, 0.35247027, 0.42316298, 0.5104295, 0.58662535, 0.83093145]","[0.00013195, 0.00013195, 0.00013195, 0.00013195, 0.00013195, 0.00011601]","[3.72813e-05, 4.65092e-05, 5.58372e-05, 6.73523e-05, 7.74065e-05, 9.63807e-05]"
5663,RoRo,15495.0,7,AUCKLAND,0.000359269,"[1.0, 1.0, 1.0, 1.0, 1.0, 0.999913]","[0.21844583, 0.28202238, 0.37354083, 0.49378821, 0.60097399, 0.81860142]","[0.00011063, 0.00011063, 0.00011063, 0.00013992, 0.00013992, 0.00013371]","[2.41667e-05, 3.12001e-05, 4.13248e-05, 6.90931e-05, 8.4091e-05, 0.0001094443]"
5665,RoRo,15506.0,7,AUCKLAND,0.0004017355,"[1.0, 1.0, 1.0, 1.0, 1.0, 0.999862]","[0.30452431, 0.37366451, 0.4606714, 0.54433, 0.62627076, 0.83681753]","[0.00013195, 0.00013195, 0.00013195, 0.00013195, 0.00013195, 0.00011601]","[4.01826e-05, 4.93058e-05, 6.07866e-05, 7.18255e-05, 8.26378e-05, 9.70634e-05]"
5666,RoRo,15506.0,7,AUCKLAND,0.0003263246,"[1.0, 1.0, 1.0, 1.0, 1.0, 0.999998]","[0.14181033, 0.18483546, 0.3590686, 0.44776173, 0.63970084, 0.82199232]","[0.0001225, 0.0001225, 0.00011063, 0.00011063, 0.00013992, 0.00013088]","[1.73722e-05, 2.26429e-05, 3.97237e-05, 4.95359e-05, 8.95099e-05, 0.0001075811]"
5667,RoRo,15506.0,7,AUCKLAND,0.0003970894,"[1.0, 1.0, 1.0, 1.0, 1.0, 1.0]","[0.30408236, 0.37821831, 0.45918313, 0.54748032, 0.62519166, 0.69567972]","[0.00013195, 0.00013195, 0.00013195, 0.00013195, 0.00013195, 0.00013195]","[4.01243e-05, 4.99067e-05, 6.05902e-05, 7.22412e-05, 8.24954e-05, 9.17964e-05]"
5668,RoRo,15506.0,7,AUCKLAND,0.0003847485,"[1.0, 1.0, 1.0, 1.0, 1.0, 0.999998]","[0.24451561, 0.31617229, 0.39509443, 0.55883178, 0.67998754, 0.80783356]","[0.00011063, 0.00011063, 0.00011063, 0.00013992, 0.00013992, 0.00013088]","[2.70508e-05, 3.49781e-05, 4.37093e-05, 7.81943e-05, 9.5147e-05, 0.000105728]"
5671,RoRo,15465.0,7,AUCKLAND,0.0003980654,"[1.0, 1.0, 1.0, 1.0, 1.0, 1.0]","[0.25642739, 0.33081941, 0.41901081, 0.57882583, 0.6688828, 0.80201223]","[0.00011063, 0.00011063, 0.00011063, 0.00013992, 0.00013992, 0.00013992]","[2.83686e-05, 3.65985e-05, 4.63552e-05, 8.0992e-05, 9.35931e-05, 0.0001122212]"
5672,RoRo,15465.0,7,AUCKLAND,0.0004112049,"[1.0, 1.0, 1.0, 1.0, 1.0, 0.999913]","[0.26697469, 0.3520894, 0.44134966, 0.58617834, 0.71829952, 0.83345707]","[0.00011063, 0.00011063, 0.00011063, 0.00013992, 0.00013992, 0.00013371]","[2.95354e-05, 3.89516e-05, 4.88265e-05, 8.20208e-05, 0.0001005078, 0.0001114304]"
5674,Container,36917.0,7,LYTTELTON,0.0002560874,"[1.0, 1.0, 1.0, 1.0, 0.999891, 0.999988]","[0.31188041, 0.32804042, 0.35896308, 0.40492271, 0.53312401, 0.58495762]","[8.382e-05, 8.382e-05, 8.382e-05, 8.382e-05, 0.00010558, 0.00014047]","[2.61407e-05, 2.74951e-05, 3.0087e-05, 3.39391e-05, 5.62823e-05, 8.21693e-05]"
5677,Bulker,38584.0,6,TAURANGA,0.0002653625,"[1.0, 1.0, 1.0, 1.0, 1.0]","[0.13398102, 0.29686741, 0.50746906, 0.61259745, 0.76434019]","[0.00013195, 0.00013195, 0.00011623, 0.0001061, 0.00011063]","[1.76791e-05, 3.91723e-05, 5.89821e-05, 6.49969e-05, 8.45589e-05]"
5678,Bulker,38584.0,6,NAPIER,0.0002221146,"[1.0, 1.0, 1.0, 1.0, 1.0]","[0.12904197, 0.29001391, 0.49521178, 0.63705925, 0.69137311]","[0.00012132, 0.00012132, 0.00010536, 8.967e-05, 8.967e-05]","[1.5656e-05, 3.51859e-05, 5.21778e-05, 5.71219e-05, 6.1992e-05]"
5680,Bulker,38584.0,7,TIMARU,0.0001849767,"[1.0, 1.0, 1.0, 1.0, 1.0, 1.0]","[0.03805431, 0.09543389, 0.24540807, 0.46902263, 0.55917782, 0.7118885]","[8.906e-05, 8.906e-05, 8.906e-05, 8.906e-05, 8.906e-05, 8.382e-05]","[3.3893e-06, 8.4997e-06, 2.1857e-05, 4.17731e-05, 4.98026e-05, 5.96679e-05]"
5681,Bulker,38584.0,5,NAPIER,0.000173496,"[1.0, 1.0, 1.0, 1.0]","[0.25965057, 0.47074369, 0.55919555, 0.69975455]","[8.906e-05, 8.906e-05, 8.906e-05, 8.382e-05]","[2.31255e-05, 4.19263e-05, 4.98042e-05, 5.86508e-05]"
5682,Bulker,38584.0,7,TAURANGA,0.0002381375,"[1.0, 1.0, 1.0, 1.0, 1.0, 1.0]","[0.04092998, 0.12345733, 0.26216208, 0.42169645, 0.52896237, 0.70005784]","[0.00011063, 0.00011688, 0.00011688, 0.00011688, 0.00011688, 0.00011063]","[4.5281e-06, 1.44296e-05, 3.06414e-05, 4.92877e-05, 6.18249e-05, 7.74474e-05]"
5683,Bulker,38584.0,6,TIMARU,0.0001843206,"[1.0, 1.0, 1.0, 1.0, 1.0]","[0.0934756, 0.27755624, 0.4726428, 0.66253633, 0.69553961]","[8.906e-05, 8.288e-05, 8.288e-05, 8.382e-05, 8.382e-05]","[8.3253e-06, 2.30048e-05, 3.91742e-05, 5.55314e-05, 5.82976e-05]"
5684,Bulker,38584.0,5,TAURANGA,0.0002412468,"[1.0, 1.0, 1.0, 1.0]","[0.27185075, 0.51034887, 0.58972355, 0.73951012]","[0.00011623, 0.00011623, 0.00011623, 0.00011063]","[3.15967e-05, 5.93169e-05, 6.85424e-05, 8.1812e-05]"
5686,Bulker,38582.0,5,TAURANGA,0.0002740593,"[1.0, 1.0, 1.0, 1.0]","[0.23901493, 0.45067788, 0.59069075, 0.61250348]","[0.0001448, 0.0001448, 0.0001448, 0.0001448]","[3.46089e-05, 6.52573e-05, 8.55309e-05, 8.86894e-05]"
5687,Bulker,38582.0,5,TAURANGA,0.0002312375,"[1.0, 1.0, 1.0, 1.0]","[0.24672718, 0.44934576, 0.53151221, 0.70034959]","[9.871e-05, 9.871e-05, 0.00013195, 0.00013195]","[2.43545e-05, 4.4355e-05, 7.01342e-05, 9.24126e-05]"
5692,Bulker,38559.0,7,NAPIER,0.0001731962,"[1.0, 1.0, 1.0, 1.0, 1.0, 1.0]","[0.04423941, 0.11128033, 0.23772818, 0.38833262, 0.51521664, 0.69141919]","[8.358e-05, 8.906e-05, 8.906e-05, 8.906e-05, 8.906e-05, 8.382e-05]","[3.6975e-06, 9.9111e-06, 2.1173e-05, 3.45865e-05, 4.58873e-05, 5.79522e-05]"
5694,Bulker,38559.0,5,NEW PLYMOUTH,0.0002801596,"[1.0, 0.999999, 1.0, 0.999999]","[0.18805155, 0.46889568, 0.7050606, 0.88087989]","[0.00012132, 8.776e-05, 0.00013117, 0.00014047]","[2.28153e-05, 4.115e-05, 9.24816e-05, 0.000123739]"
5695,Bulker,38559.0,5,NAPIER,0.0001841967,"[1.0, 1.0, 1.0, 1.0]","[0.22680092, 0.40910183, 0.51010361, 0.68387806]","[0.00012132, 0.00012132, 8.967e-05, 8.967e-05]","[2.75166e-05, 4.96342e-05, 4.57385e-05, 6.132e-05]"
5698,Bulker,38559.0,5,TAURANGA,0.0002462594,"[1.0, 1.0, 1.0, 1.0]","[0.26333458, 0.46148819, 0.63356506, 0.6906533]","[9.871e-05, 9.871e-05, 0.00013195, 0.00013195]","[2.59938e-05, 4.55535e-05, 8.36002e-05, 9.11332e-05]"
5700,Bulker,38559.0,5,TAURANGA,0.0002301984,"[1.0, 1.0, 1.0, 1.0]","[0.23448885, 0.49871877, 0.60726723, 0.72512058]","[0.00011553, 0.00011174, 0.00011063, 0.00011063]","[2.70909e-05, 5.57246e-05, 6.7182e-05, 8.02201e-05]"
5704,Bulker,38593.0,6,AUCKLAND,0.0002643991,"[1.0, 1.0, 1.0, 1.0, 1.0]","[0.10364773, 0.28247904, 0.45400132, 0.57118985, 0.73799567]","[9.871e-05, 0.00013195, 0.00013195, 0.00013195, 0.00011063]","[1.02311e-05, 3.72737e-05, 5.99064e-05, 7.53697e-05, 8.16444e-05]"
5708,Bulker,38593.0,7,TIMARU,0.0001715708,"[1.0, 1.0, 1.0, 1.0, 1.0, 1.0]","[0.04455808, 0.10808414, 0.22860573, 0.39047583, 0.50852304, 0.68671633]","[8.906e-05, 8.906e-05, 8.906e-05, 8.906e-05, 8.906e-05, 8.382e-05]","[3.9685e-06, 9.6264e-06, 2.03606e-05, 3.47774e-05, 4.52911e-05, 5.7558e-05]"
5710,Bulker,38593.0,6,TAURANGA,0.0002648287,"[1.0, 1.0, 1.0, 1.0, 1.0]","[0.09929849, 0.30040872, 0.51522363, 0.62123108, 0.70278754]","[9.704e-05, 9.871e-05, 9.871e-05, 0.00013195, 0.00013195]","[9.6362e-06, 2.96534e-05, 5.08578e-05, 8.19728e-05, 9.27343e-05]"
5711,General Cargo,38592.0,5,TAURANGA,0.0002444069,"[1.0, 1.0, 1.0, 1.0]","[0.35587879, 0.53032961, 0.59727924, 0.71875719]","[0.00011063, 0.00011063, 0.00011063, 0.00011174]","[3.93709e-05, 5.86704e-05, 6.6077e-05, 8.03107e-05]"
5714,General Cargo,38575.0,5,LYTTELTON,0.0001805923,"[1.0, 1.0, 1.0, 1.0]","[0.31971641, 0.39829002, 0.5730588, 0.66984031]","[0.00010536, 0.00010536, 8.382e-05, 8.498e-05]","[3.36868e-05, 4.19657e-05, 4.80317e-05, 5.69202e-05]"
5715,General Cargo,38575.0,6,GISBORNE,0.0003601224,"[1.0, 1.0, 1.0, 0.999998, 1.0]","[0.33244148, 0.45105696, 0.57063414, 0.7164253, 0.89821938]","[0.00010943, 0.00011063, 0.0001061, 0.00013371, 0.00013088]","[3.63775e-05, 4.99004e-05, 6.05446e-05, 9.57918e-05, 0.0001175578]"
5719,Tanker,12972.0,7,TAURANGA,0.0001800734,"[1.0, 1.0, 1.0, 1.0, 1.0, 1.0]","[0.01040426, 0.03270702, 0.09946902, 0.26481739, 0.51905489, 0.63572578]","[0.00011482, 0.00011482, 0.00010419, 0.00012152, 0.00011482, 0.00011482]","[1.1946e-06, 3.7554e-06, 1.03638e-05, 3.21795e-05, 5.95976e-05, 7.29937e-05]"
5724,RoRo,22438.0,7,AUCKLAND,0.0003075038,"[1.0, 1.0, 1.0, 1.0, 1.0, 1.0]","[0.21948238, 0.34331564, 0.41793681, 0.51486404, 0.59540434, 0.63103635]","[9.591e-05, 0.00010419, 0.00012152, 0.00011482, 0.00011482, 0.00011482]","[2.10502e-05, 3.57703e-05, 5.07859e-05, 5.91164e-05, 6.8364e-05, 7.24553e-05]"
5728,Bulker,38607.0,5,AUCKLAND,0.0002850219,"[1.0, 0.999999, 0.999889, 0.999998]","[0.22486244, 0.49108189, 0.62499937, 0.87933239]","[0.00013195, 0.00011553, 0.00013371, 0.00013088]","[2.96711e-05, 5.67354e-05, 8.35583e-05, 0.0001150857]"
5731,Tanker,12342.0,7,TAURANGA,0.0002662496,"[1.0, 1.0, 1.0, 1.0, 0.999999, 0.999965]","[0.01588072, 0.04346791, 0.11197904, 0.29471136, 0.70671381, 0.90442134]","[0.00011623, 0.00011623, 0.00011924, 0.00011063, 0.00013088, 0.00013371]","[1.8458e-06, 5.0522e-06, 1.33529e-05, 3.26039e-05, 9.24937e-05, 0.0001209243]"
5741,Bulker,37534.0,7,TAURANGA,0.0002872707,"[1.0, 1.0, 1.0, 1.0, 1.0, 1.0]","[0.05027382, 0.15721213, 0.34277978, 0.55176622, 0.67052264, 0.73533726]","[0.00013195, 0.00013195, 0.00011623, 0.00011623, 0.00011623, 0.0001061]","[6.6337e-06, 2.07445e-05, 3.98406e-05, 6.41307e-05, 7.79335e-05, 7.80197e-05]"
5744,RoRo,18160.0,7,AUCKLAND,0.0003211265,"[1.0, 1.0, 1.0, 1.0, 1.0, 0.999998]","[0.21756706, 0.28582542, 0.35640228, 0.43179432, 0.4939095, 0.80548938]","[0.00013982, 0.00012123, 0.00012123, 0.00012123, 0.00011161, 0.00013088]","[3.04195e-05, 3.46504e-05, 4.32064e-05, 5.23462e-05, 5.51239e-05, 0.0001054212]"
5745,RoRo,18160.0,7,AUCKLAND,0.0003518968,"[1.0, 1.0, 1.0, 1.0, 1.0, 0.999998]","[0.19079636, 0.23677019, 0.31307723, 0.50020655, 0.70182316, 0.83669395]","[9.591e-05, 9.591e-05, 0.00013982, 0.00011886, 0.00013992, 0.00013088]","[1.8299e-05, 2.27082e-05, 4.37734e-05, 5.94566e-05, 9.82023e-05, 0.0001095052]"
5754,RoRo,15853.0,5,AUCKLAND,0.0001927894,"[1.0, 1.0, 1.0, 0.999998]","[0.23341393, 0.27371492, 0.31348317, 0.75619293]","[0.00012123, 0.00011161, 0.00011161, 0.00013088]","[2.82966e-05, 3.05486e-05, 3.4987e-05, 9.89694e-05]"
5756,RoRo,15853.0,6,AUCKLAND,0.0002999243,"[0.999998, 1.0, 1.0, 0.999965, 0.999913]","[0.19374034, 0.30717975, 0.37621324, 0.66013434, 0.82825539]","[0.00013088, 0.00011063, 0.00011063, 0.00013371, 0.00013371]","[2.53564e-05, 3.39833e-05, 4.16205e-05, 8.82624e-05, 0.000110735]"
5757,RoRo,15853.0,7,AUCKLAND,0.0003026675,"[0.999913, 0.999998, 1.0, 1.0, 1.0, 0.999965]","[0.14439865, 0.2316567, 0.35346655, 0.42162901, 0.51431526, 0.82593952]","[0.00013371, 0.00013088, 0.00011063, 0.00011063, 0.00011063, 0.00013371]","[1.93056e-05, 3.03189e-05, 3.9104e-05, 4.66448e-05, 5.68987e-05, 0.0001104311]"
5761,Bulker,63479.0,5,NELSON,0.0002026335,"[1.0, 1.0, 1.0, 1.0]","[0.32657942, 0.52432621, 0.64428742, 0.73079911]","[9.156e-05, 8.967e-05, 0.00010536, 7.916e-05]","[2.99008e-05, 4.70137e-05, 6.78851e-05, 5.78489e-05]"
5771,Container,21361.0,7,AUCKLAND,0.0002201724,"[1.0, 1.0, 1.0, 1.0, 1.0, 1.0]","[0.26067795, 0.27792643, 0.29944652, 0.32018521, 0.35445896, 0.37914196]","[9.871e-05, 9.871e-05, 0.00013195, 0.00013195, 0.00011623, 0.00011623]","[2.57315e-05, 2.74341e-05, 3.95126e-05, 4.22491e-05, 4.11981e-05, 4.40669e-05]"
5773,Container,21475.0,7,AUCKLAND,0.0002262991,"[1.0, 1.0, 1.0, 1.0, 1.0, 1.0]","[0.19970671, 0.29157647, 0.31572214, 0.33499241, 0.36714325, 0.3939809]","[0.00011623, 9.871e-05, 0.00013195, 0.00013195, 0.00011623, 0.00011623]","[2.32115e-05, 2.87815e-05, 4.16602e-05, 4.4203e-05, 4.26723e-05, 4.57916e-05]"
5777,Bulker,37949.0,6,TAURANGA,0.0002887617,"[1.0, 1.0, 1.0, 1.0, 1.0]","[0.11124662, 0.28469346, 0.54325737, 0.64884317, 0.6902734]","[0.00011063, 9.871e-05, 0.00013195, 0.00013195, 0.00013195]","[1.23072e-05, 2.81021e-05, 7.1684e-05, 8.56162e-05, 9.1083e-05]"
5788,Bulker,39875.0,6,AUCKLAND,0.0002299411,"[1.0, 1.0, 1.0, 1.0, 1.0]","[0.10275748, 0.22549349, 0.38023951, 0.48698272, 0.85540203]","[9.871e-05, 9.871e-05, 9.871e-05, 9.871e-05, 0.00013088]","[1.01432e-05, 2.22585e-05, 3.75335e-05, 4.80701e-05, 0.0001119539]"
5795,Tanker,50159.0,5,TAURANGA,0.0002174553,"[1.0, 1.0, 1.0, 1.0]","[0.10339991, 0.35816955, 0.65086387, 0.69964422]","[0.00013195, 0.00013195, 9.871e-05, 0.00013195]","[1.36438e-05, 4.72612e-05, 6.42468e-05, 9.23195e-05]"
5799,Tanker,49995.0,5,TAURANGA,0.0001961922,"[1.0, 0.999989, 1.0, 1.0]","[0.07003057, 0.25496576, 0.62017761, 0.70332701]","[0.00011553, 0.00013371, 9.871e-05, 0.00013195]","[8.0907e-06, 3.40907e-05, 6.12178e-05, 9.28055e-05]"
5803,Bulker,36833.0,7,LYTTELTON,0.0003247834,"[1.0, 1.0, 0.999915, 0.999885, 0.999983, 0.999988]","[0.0496725, 0.12108457, 0.30470036, 0.53962186, 0.69320405, 0.87794788]","[8.776e-05, 8.776e-05, 0.00010558, 0.00010558, 0.00014047, 0.00014047]","[4.3592e-06, 1.06263e-05, 3.21682e-05, 5.69679e-05, 9.73742e-05, 0.0001233257]"
5804,Bulker,36833.0,5,AUCKLAND,0.0002636467,"[1.0, 1.0, 1.0, 1.0]","[0.27128748, 0.45193738, 0.6415806, 0.70177457]","[9.871e-05, 0.00013195, 0.00013195, 0.00013195]","[2.67788e-05, 5.96341e-05, 8.46579e-05, 9.26006e-05]"
5805,Tanker,19946.0,7,TAURANGA,0.0002418612,"[1.0, 1.0, 1.0, 1.0, 1.0, 1.0]","[0.0152245, 0.04931107, 0.1477715, 0.36632309, 0.63167624, 0.71508135]","[0.00013195, 0.00013195, 0.00013195, 9.871e-05, 0.00013195, 0.00013195]","[2.0089e-06, 6.5067e-06, 1.94988e-05, 3.61598e-05, 8.3351e-05, 9.43565e-05]"
5807,Bulker,37679.0,5,AUCKLAND,0.0002166724,"[1.0, 1.0, 1.0, 1.0]","[0.21492719, 0.38038051, 0.55121636, 0.6974257]","[0.00013195, 0.00013195, 0.00011063, 0.00011063]","[2.83601e-05, 5.0192e-05, 6.09811e-05, 7.71562e-05]"
5813,Bulker,37520.0,5,AUCKLAND,0.0002454141,"[1.0, 1.0, 1.0, 1.0]","[0.2891663, 0.52607195, 0.60665987, 0.75561923]","[0.00011623, 0.00011623, 0.00011623, 0.0001061]","[3.36092e-05, 6.11443e-05, 7.05109e-05, 8.01716e-05]"
5814,Bulker,37520.0,6,AUCKLAND,0.0002503121,"[1.0, 1.0, 1.0, 1.0, 1.0]","[0.12471957, 0.29222254, 0.47107536, 0.68339904, 0.73450435]","[9.871e-05, 9.871e-05, 9.871e-05, 0.00013195, 9.871e-05]","[1.23111e-05, 2.88453e-05, 4.64999e-05, 9.01759e-05, 7.2503e-05]"
5819,Tanker,49951.0,6,TAURANGA,0.0001838621,"[0.999921, 0.999493, 1.0, 1.0, 1.0]","[0.01417887, 0.06792758, 0.25486731, 0.59122009, 0.71027717]","[0.00011601, 0.00011601, 0.00010291, 0.00013195, 9.871e-05]","[1.6447e-06, 7.8761e-06, 2.6228e-05, 7.80127e-05, 7.01115e-05]"
5830,Bulker,37005.0,6,TIMARU,0.0002165431,"[1.0, 1.0, 1.0, 1.0, 1.0]","[0.0966446, 0.29732937, 0.55584915, 0.65548547, 0.70665719]","[0.00012369, 0.00010536, 0.00010536, 8.967e-05, 7.916e-05]","[1.19541e-05, 3.1328e-05, 5.85669e-05, 5.87741e-05, 5.59378e-05]"
5832,Bulker,37005.0,5,PORT CHALMERS,0.0001632422,"[1.0, 1.0, 1.0, 1.0]","[0.1951782, 0.31428012, 0.48437941, 0.68226672]","[7.916e-05, 7.916e-05, 0.00010536, 0.00010536]","[1.545e-05, 2.48779e-05, 5.10365e-05, 7.18868e-05]"
5835,Bulker,37155.0,5,TAURANGA,0.0002873288,"[0.999961, 0.999995, 1.0, 1.0]","[0.22579225, 0.42964588, 0.6104931, 0.88260616]","[0.00013371, 0.00013088, 0.00013992, 0.00013088]","[3.01891e-05, 5.62313e-05, 8.5423e-05, 0.0001155144]"
5836,Bulker,37155.0,6,TAURANGA,0.0003166901,"[1.0, 1.0, 0.999989, 0.999961, 0.999995]","[0.08919762, 0.20038422, 0.55086897, 0.72545358, 0.84681937]","[9.871e-05, 0.00013195, 0.00013371, 0.00013371, 0.00013088]","[8.8047e-06, 2.64411e-05, 7.36549e-05, 9.69954e-05, 0.0001108301]"
5841,Bulker,37105.0,7,GISBORNE,0.0003800734,"[1.0, 1.0, 0.999998, 0.999991, 1.0, 1.0]","[0.04845028, 0.13005273, 0.36734334, 0.64275075, 0.83996727, 0.8816505]","[0.00011063, 0.00011063, 0.00013371, 0.00013371, 0.00013088, 0.00013088]","[5.3601e-06, 1.43877e-05, 4.91167e-05, 8.59403e-05, 0.0001099338, 0.0001153893]"
5844,Bulker,37130.0,7,LYTTELTON,0.0002457464,"[1.0, 1.0, 1.0, 1.0, 1.0, 1.0]","[0.03588657, 0.08684808, 0.19771063, 0.48162219, 0.57208128, 0.86861854]","[0.00012132, 0.00012132, 0.00012132, 0.00012369, 0.00012369, 8.814e-05]","[4.3539e-06, 1.05368e-05, 2.39872e-05, 5.95726e-05, 7.07616e-05, 7.65569e-05]"
5845,Bulker,37130.0,6,NAPIER,0.000236948,"[1.0, 1.0, 1.0, 1.0, 1.0]","[0.09666712, 0.21136196, 0.37558375, 0.60801108, 0.64973358]","[0.00010536, 0.00012132, 0.00012132, 0.00012369, 0.00012369]","[1.01853e-05, 2.56434e-05, 4.55676e-05, 7.52058e-05, 8.03665e-05]"
5846,Bulker,37130.0,6,NEW PLYMOUTH,0.0002267353,"[1.0, 1.0, 1.0, 1.0, 0.99986]","[0.1114674, 0.24780319, 0.45083165, 0.62587447, 0.91170888]","[0.00010536, 8.967e-05, 8.967e-05, 8.967e-05, 0.00010558]","[1.17447e-05, 2.22193e-05, 4.04238e-05, 5.61191e-05, 9.62468e-05]"
5854,Tanker,22292.0,7,TAURANGA,0.0001894391,"[1.0, 1.0, 1.0, 1.0, 1.0, 1.0]","[0.01071431, 0.0393325, 0.13260179, 0.33443715, 0.56403431, 0.67260271]","[0.00011063, 0.00011623, 0.00013195, 0.00013195, 9.871e-05, 9.871e-05]","[1.1853e-06, 4.5715e-06, 1.74971e-05, 4.41297e-05, 5.56759e-05, 6.63927e-05]"
5859,Bulker,37516.0,7,TAURANGA,0.0002485954,"[1.0, 1.0, 1.0, 1.0, 1.0, 1.0]","[0.04179461, 0.11452336, 0.27783486, 0.50084372, 0.61742278, 0.66475657]","[0.00011174, 0.00013665, 0.00011174, 0.00011063, 0.00011063, 0.00011063]","[4.6699e-06, 1.56494e-05, 3.1044e-05, 5.54083e-05, 6.83055e-05, 7.3542e-05]"
5861,Bulker,37516.0,7,AUCKLAND,0.0003117142,"[1.0, 1.0, 1.0, 1.0, 1.0, 1.0]","[0.05082109, 0.1291588, 0.30937968, 0.49965158, 0.668865, 0.70473434]","[0.00013195, 0.00013195, 0.00013195, 0.00013195, 0.00013195, 0.00013195]","[6.706e-06, 1.70428e-05, 4.08233e-05, 6.59301e-05, 8.82582e-05, 9.29912e-05]"
5864,Tanker,16297.0,7,TAURANGA,0.0002787275,"[1.0, 1.0, 1.0, 0.999989, 0.999961, 0.999999]","[0.01299712, 0.0420383, 0.12113465, 0.36541576, 0.7219411, 0.87011816]","[0.00011063, 0.00011063, 0.00011063, 0.00013371, 0.00013371, 0.00013088]","[1.4379e-06, 4.6507e-06, 1.34011e-05, 4.88586e-05, 9.65257e-05, 0.0001138799]"
5865,Tanker,16297.0,6,TAURANGA,0.0001966363,"[1.0, 1.0, 1.0, 1.0, 1.0]","[0.03488255, 0.1043977, 0.29336246, 0.58239673, 0.8309855]","[0.00011063, 0.0001061, 0.00013195, 9.871e-05, 0.00010291]","[3.8591e-06, 1.10767e-05, 3.87098e-05, 5.74884e-05, 8.55155e-05]"
5869,Bulker,38645.0,6,LYTTELTON,0.0001700372,"[1.0, 1.0, 1.0, 1.0, 1.0]","[0.10627643, 0.23706191, 0.39069438, 0.64055869, 0.66239561]","[8.288e-05, 8.288e-05, 8.288e-05, 8.382e-05, 8.382e-05]","[8.8086e-06, 1.96485e-05, 3.23821e-05, 5.36893e-05, 5.55196e-05]"
5870,Bulker,38645.0,5,TAURANGA,0.0001959413,"[1.0, 1.0, 1.0, 1.0]","[0.18174417, 0.4069638, 0.52454587, 0.64572345]","[0.00011688, 0.00010943, 0.00011063, 0.00011174]","[2.12422e-05, 4.45321e-05, 5.80305e-05, 7.21503e-05]"
5871,Bulker,38648.0,7,TAURANGA,0.000324246,"[1.0, 1.0, 1.0, 1.0, 0.999994, 0.999994]","[0.03938078, 0.09708068, 0.25122779, 0.47101441, 0.87056936, 0.89572906]","[9.871e-05, 9.871e-05, 0.00013195, 9.871e-05, 0.00013088, 0.00013088]","[3.8873e-06, 9.5828e-06, 3.315e-05, 4.64939e-05, 0.0001139383, 0.0001172312]"
5873,Bulker,38648.0,5,TAURANGA,0.0002229374,"[1.0, 1.0, 1.0, 1.0]","[0.2412205, 0.40644444, 0.56785754, 0.65537853]","[0.00012152, 0.00012152, 0.00012152, 0.00011482]","[2.93121e-05, 4.93894e-05, 6.90037e-05, 7.52502e-05]"
5876,Bulker,38671.0,7,NAPIER,0.0002740111,"[1.0, 1.0, 1.0, 1.0, 0.999996, 0.999982]","[0.04667627, 0.11873685, 0.28363613, 0.5349108, 0.82522161, 0.89613223]","[0.00012132, 0.00012132, 0.00010536, 7.916e-05, 0.00010558, 0.00010558]","[5.663e-06, 1.44057e-05, 2.98852e-05, 4.23427e-05, 8.71284e-05, 9.46139e-05]"
5883,Bulker,38652.0,5,NEW PLYMOUTH,0.0002745487,"[1.0, 1.0, 1.0, 0.999995]","[0.26111318, 0.43895911, 0.59293415, 0.90526675]","[0.00012132, 0.00012132, 0.00010536, 0.00014047]","[3.16795e-05, 5.32566e-05, 6.24743e-05, 0.0001271641]"
5886,Tanker,50068.0,7,TAURANGA,0.0001614598,"[1.0, 1.0, 1.0, 1.0, 1.0, 1.0]","[0.00331089, 0.01596606, 0.07150035, 0.24598027, 0.39209894, 0.69838599]","[0.00011553, 0.00011553, 0.00011553, 0.00011553, 0.00011553, 0.00011063]","[3.825e-07, 1.8446e-06, 8.2605e-06, 2.84185e-05, 4.52998e-05, 7.72624e-05]"
5891,Bulker,38929.0,5,NAPIER,0.000208355,"[1.0, 1.0, 1.0, 1.0]","[0.17671804, 0.39565402, 0.53441123, 0.66794425]","[0.00011797, 0.00013061, 0.00013061, 9.888e-05]","[2.08482e-05, 5.16768e-05, 6.98e-05, 6.60455e-05]"
5895,RoRo,15853.0,7,AUCKLAND,0.0002915942,"[1.0, 1.0, 1.0, 1.0, 1.0, 0.999998]","[0.18455864, 0.24114093, 0.31033095, 0.38067401, 0.44100097, 0.81924912]","[9.591e-05, 0.00013982, 0.00012123, 0.00012123, 0.00011161, 0.00013088]","[1.77007e-05, 3.37155e-05, 3.76212e-05, 4.61489e-05, 4.92189e-05, 0.0001072221]"
5897,Bulker,34442.0,6,NEW PLYMOUTH,0.0002821188,"[1.0, 1.0, 0.999995, 1.0, 0.999999]","[0.08867592, 0.18581091, 0.36426651, 0.61482525, 0.89870196]","[8.776e-05, 8.776e-05, 0.00014047, 0.00013117, 0.00014047]","[7.7821e-06, 1.63067e-05, 5.1169e-05, 8.06456e-05, 0.0001262425]"
5900,Bulker,34442.0,5,NELSON,0.0002324007,"[1.0, 1.0, 1.0, 0.999986]","[0.21845893, 0.4120673, 0.57599739, 0.9102186]","[0.00010536, 0.00010536, 0.00012132, 0.00010558]","[2.30179e-05, 4.34173e-05, 6.98827e-05, 9.61015e-05]"
5903,Bulker,34447.0,7,TIMARU,0.000185748,"[1.0, 1.0, 1.0, 1.0, 1.0, 1.0]","[0.04049248, 0.10479945, 0.28442399, 0.46288114, 0.63298719, 0.67144121]","[0.00012369, 8.382e-05, 8.382e-05, 8.382e-05, 8.382e-05, 8.382e-05]","[5.0086e-06, 8.7839e-06, 2.38394e-05, 3.8797e-05, 5.30547e-05, 5.62777e-05]"
5905,Bulker,34447.0,6,TAURANGA,0.0002770632,"[1.0, 1.0, 1.0, 1.0, 0.999999]","[0.09634405, 0.21775911, 0.4384777, 0.54257514, 0.89115478]","[9.871e-05, 9.871e-05, 0.00013195, 0.00013195, 0.00013088]","[9.5101e-06, 2.1495e-05, 5.78581e-05, 7.15939e-05, 0.0001166331]"
5927,Bulker,61588.0,5,NELSON,0.0002626616,"[1.0, 1.0, 1.0, 1.0]","[0.33971882, 0.57007429, 0.65856122, 0.68720337]","[0.00012132, 0.00012132, 0.00012132, 0.00010536]","[4.12163e-05, 6.91641e-05, 7.98997e-05, 7.2407e-05]"
5937,Tanker,17764.0,6,PORT CHALMERS,0.0001384296,"[1.0, 1.0, 1.0, 1.0, 1.0]","[0.02906429, 0.08861595, 0.29478241, 0.49727099, 0.62401717]","[8.676e-05, 8.676e-05, 9.354e-05, 9.354e-05, 8.676e-05]","[2.5215e-06, 7.688e-06, 2.7574e-05, 4.65149e-05, 5.41377e-05]"
5938,Tanker,17764.0,5,TAURANGA,0.0001807971,"[1.0, 1.0, 1.0, 1.0]","[0.10491908, 0.262985, 0.53682873, 0.64213242]","[0.00012142, 0.00012142, 9.704e-05, 0.00013088]","[1.27394e-05, 3.19319e-05, 5.20952e-05, 8.40415e-05]"
5943,Bulker,45429.0,5,AUCKLAND,0.000194989,"[1.0, 1.0, 1.0, 1.0]","[0.18792135, 0.30820695, 0.65258596, 0.68226757]","[0.00013195, 0.00013195, 9.704e-05, 9.704e-05]","[2.47966e-05, 4.06686e-05, 6.33286e-05, 6.6209e-05]"
5949,Bulker,37692.0,5,GISBORNE,0.000267705,"[1.0, 1.0, 1.0, 0.999997]","[0.24493837, 0.41349931, 0.54676864, 0.89275542]","[9.871e-05, 0.00013195, 0.00013195, 0.00013088]","[2.41779e-05, 5.45621e-05, 7.21473e-05, 0.0001168424]"
5954,General Cargo,37644.0,5,NELSON,0.0001843631,"[1.0, 1.0, 1.0, 1.0]","[0.37004097, 0.46140723, 0.63297632, 0.73533236]","[8.382e-05, 8.382e-05, 8.382e-05, 8.382e-05]","[3.10155e-05, 3.86735e-05, 5.30537e-05, 6.16328e-05]"
5956,Bulker,37655.0,5,LYTTELTON,0.0002306165,"[1.0, 1.0, 1.0, 1.0]","[0.25398334, 0.49766006, 0.59123473, 0.69041139]","[8.901e-05, 0.00011797, 0.00011797, 0.00011525]","[2.26069e-05, 5.87112e-05, 6.97506e-05, 7.95668e-05]"
5957,Bulker,37655.0,7,NAPIER,0.0002894858,"[0.999999, 1.0, 1.0, 0.999982, 1.0, 0.999999]","[0.04725067, 0.13734035, 0.29635211, 0.557645, 0.69309546, 0.89068216]","[0.00014047, 8.776e-05, 8.776e-05, 0.00010558, 8.776e-05, 0.00014047]","[6.6374e-06, 1.20529e-05, 2.60077e-05, 5.88763e-05, 6.08257e-05, 0.0001251159]"
5966,Container,35066.0,7,TAURANGA,0.0003102027,"[1.0, 1.0, 1.0, 0.999493, 0.999989, 0.999999]","[0.27625038, 0.29721368, 0.38765187, 0.45979183, 0.51497875, 0.57477474]","[0.00011482, 0.00012209, 0.00011567, 0.00011601, 0.00013371, 0.00013088]","[3.17189e-05, 3.62875e-05, 4.48415e-05, 5.33121e-05, 6.88562e-05, 7.52257e-05]"
5967,Container,35066.0,7,NELSON,0.0002867904,"[1.0, 1.0, 0.999936, 0.999986, 0.999847, 0.999991]","[0.29197691, 0.38171447, 0.44718464, 0.48858329, 0.52870984, 0.57765581]","[8.676e-05, 8.787e-05, 8.814e-05, 0.00010558, 0.00010558, 0.00014047]","[2.5331e-05, 3.35394e-05, 3.94107e-05, 5.1585e-05, 5.58138e-05, 8.11438e-05]"
5968,Container,35066.0,7,TAURANGA,0.0002585939,"[1.0, 1.0, 1.0, 1.0, 0.999965, 0.999999]","[0.20153535, 0.26784347, 0.29256141, 0.32911026, 0.4984398, 0.54556387]","[9.591e-05, 0.00010419, 0.00012152, 0.00011482, 0.00013371, 0.00013088]","[1.93289e-05, 2.79068e-05, 3.55508e-05, 3.77883e-05, 6.66432e-05, 7.14026e-05]"
5969,Container,35066.0,7,TAURANGA,0.0003256092,"[0.854803, 1.0, 0.999493, 0.999989, 0.999965, 0.999999]","[0.26167492, 0.35469558, 0.42254018, 0.47033323, 0.50758988, 0.56361884]","[0.00013909, 0.00011567, 0.00011601, 0.00013371, 0.00013371, 0.00013088]","[3.11115e-05, 4.10293e-05, 4.89929e-05, 6.28868e-05, 6.78666e-05, 7.37657e-05]"
5970,Container,35066.0,7,TAURANGA,0.0003349263,"[1.0, 1.0, 0.999493, 0.999989, 0.999965, 0.999999]","[0.28552467, 0.37311676, 0.44181552, 0.48390761, 0.51917507, 0.56298982]","[0.00011482, 0.00011567, 0.00011601, 0.00013371, 0.00013371, 0.00013088]","[3.27838e-05, 4.31602e-05, 5.12278e-05, 6.47018e-05, 6.94155e-05, 7.36833e-05]"
5972,Container,35066.0,7,AUCKLAND,0.0003311857,"[1.0, 1.0, 0.998457, 0.999965, 0.999902, 0.999998]","[0.27689949, 0.35810413, 0.42598444, 0.47743909, 0.5163492, 0.56380674]","[0.00012209, 0.00011567, 0.00011601, 0.00013371, 0.00013371, 0.00013088]","[3.38073e-05, 4.14236e-05, 4.9341e-05, 6.38353e-05, 6.90334e-05, 7.37902e-05]"
5973,Container,35066.0,7,TAURANGA,0.000313256,"[1.0, 1.0, 0.999493, 0.999989, 0.999965, 0.999999]","[0.2547294, 0.33846723, 0.41522649, 0.45392141, 0.49121931, 0.53775956]","[0.00011482, 0.00011567, 0.00011601, 0.00013371, 0.00013371, 0.00013088]","[2.92479e-05, 3.91521e-05, 4.81449e-05, 6.06924e-05, 6.56778e-05, 7.03812e-05]"
5974,Container,35066.0,7,TAURANGA,0.0003289456,"[0.854803, 1.0, 0.999493, 0.999989, 0.999965, 0.999999]","[0.25575403, 0.35065367, 0.41741535, 0.48558379, 0.52538262, 0.56885176]","[0.00013909, 0.00011567, 0.00011601, 0.00013371, 0.00013371, 0.00013088]","[3.04076e-05, 4.05618e-05, 4.83986e-05, 6.49259e-05, 7.02455e-05, 7.44505e-05]"
5975,Container,35031.0,7,TAURANGA,0.0003075402,"[0.854803, 1.0, 1.0, 0.999493, 0.999989, 0.999965]","[0.25975293, 0.28422728, 0.37260631, 0.44476601, 0.5294676, 0.57238044]","[0.00013909, 0.00012209, 0.00011567, 0.00011601, 0.00013371, 0.00013371]","[3.0883e-05, 3.4702e-05, 4.31011e-05, 5.15699e-05, 7.07934e-05, 7.65293e-05]"
5976,Container,35031.0,7,TAURANGA,0.0003347883,"[1.0, 1.0, 0.999493, 0.999989, 0.999965, 0.999999]","[0.28165267, 0.36899078, 0.43873254, 0.48337489, 0.52435817, 0.56695912]","[0.00011482, 0.00011567, 0.00011601, 0.00013371, 0.00013371, 0.00013088]","[3.23392e-05, 4.26829e-05, 5.08703e-05, 6.46305e-05, 7.01085e-05, 7.42028e-05]"
5977,Container,35031.0,7,TAURANGA,0.0002831272,"[1.0, 1.0, 0.854803, 1.0, 0.999493, 0.999989]","[0.25658496, 0.28111369, 0.31147827, 0.42647574, 0.51146914, 0.57287194]","[0.00010419, 0.00012152, 0.00013909, 0.00011567, 0.00011601, 0.00013371]","[2.67338e-05, 3.41597e-05, 3.70328e-05, 4.93325e-05, 5.9304e-05, 7.65969e-05]"
5979,Container,35031.0,7,TAURANGA,0.0003113936,"[0.854803, 1.0, 1.0, 0.999493, 0.999999, 0.999989]","[0.26806786, 0.28969881, 0.38045151, 0.46129187, 0.52712195, 0.58118098]","[0.00013909, 0.00012209, 0.00011567, 0.00011601, 0.00013088, 0.00013371]","[3.18716e-05, 3.537e-05, 4.40086e-05, 5.34861e-05, 6.8989e-05, 7.77079e-05]"
5980,Container,35031.0,7,TAURANGA,0.00031006,"[0.854803, 1.0, 1.0, 0.999493, 0.999989, 0.999999]","[0.26752823, 0.29569503, 0.38647853, 0.45810697, 0.51352779, 0.57843655]","[0.00013909, 0.00012209, 0.00011567, 0.00011601, 0.00013371, 0.00013088]","[3.18074e-05, 3.61021e-05, 4.47058e-05, 5.31168e-05, 6.86622e-05, 7.5705e-05]"
5981,Container,35031.0,7,TAURANGA,0.0003128038,"[0.854803, 1.0, 0.999493, 0.999989, 0.999965, 0.999999]","[0.23053472, 0.31717461, 0.37790611, 0.45289858, 0.52093787, 0.57091797]","[0.00013909, 0.00011567, 0.00011601, 0.00013371, 0.00013371, 0.00013088]","[2.74091e-05, 3.66891e-05, 4.38176e-05, 6.05556e-05, 6.96512e-05, 7.4721e-05]"
5983,Container,35031.0,7,TAURANGA,0.0003107851,"[1.0, 1.0, 0.999493, 0.999989, 0.999965, 0.999999]","[0.25298535, 0.32972163, 0.39188383, 0.45719231, 0.49658911, 0.53998725]","[0.00011482, 0.00011567, 0.00011601, 0.00013371, 0.00013371, 0.00013088]","[2.90477e-05, 3.81405e-05, 4.54383e-05, 6.11297e-05, 6.63957e-05, 7.06728e-05]"
5984,Container,35031.0,7,TAURANGA,0.0003034352,"[1.0, 1.0, 1.0, 0.999493, 0.999989, 0.999999]","[0.26309956, 0.28357136, 0.36906939, 0.43866359, 0.51880207, 0.57855225]","[0.00011482, 0.00012209, 0.00011567, 0.00011601, 0.00013371, 0.00013088]","[3.0209e-05, 3.46219e-05, 4.2692e-05, 5.08623e-05, 6.93674e-05, 7.57201e-05]"
5986,Container,35036.0,7,TAURANGA,0.0002900039,"[1.0, 1.0, 1.0, 1.0, 0.999493, 0.999989]","[0.27940294, 0.29345334, 0.31581786, 0.4183232, 0.51361247, 0.58158722]","[0.00011482, 0.00011482, 0.00012209, 0.00011567, 0.00011601, 0.00013371]","[3.20809e-05, 3.36942e-05, 3.85589e-05, 4.83894e-05, 5.95526e-05, 7.77622e-05]"
5987,Container,35036.0,7,TAURANGA,0.0002863082,"[1.0, 1.0, 0.854803, 1.0, 0.999493, 0.999989]","[0.2587118, 0.28296927, 0.31367374, 0.42534147, 0.51574218, 0.58864755]","[0.00010419, 0.00012152, 0.00013909, 0.00011567, 0.00011601, 0.00013371]","[2.69554e-05, 3.43852e-05, 3.72938e-05, 4.92013e-05, 5.97995e-05, 7.87062e-05]"
5988,Container,35036.0,7,TAURANGA,0.000308277,"[1.0, 1.0, 1.0, 0.999493, 0.999989, 0.999999]","[0.27701557, 0.29295143, 0.38098857, 0.4602904, 0.51288359, 0.57095056]","[0.00011482, 0.00012209, 0.00011567, 0.00011601, 0.00013371, 0.00013088]","[3.18068e-05, 3.57671e-05, 4.40707e-05, 5.33699e-05, 6.8576e-05, 7.47252e-05]"
5989,Container,35036.0,7,TAURANGA,0.0003407265,"[0.854803, 1.0, 0.999493, 0.999989, 0.999965, 0.999999]","[0.28510737, 0.38267808, 0.44783876, 0.4900038, 0.52520819, 0.57263258]","[0.00013909, 0.00011567, 0.00011601, 0.00013371, 0.00013371, 0.00013088]","[3.38975e-05, 4.42662e-05, 5.19262e-05, 6.55169e-05, 7.02222e-05, 7.49454e-05]"
5990,Container,35036.0,7,TAURANGA,0.0003287502,"[1.0, 1.0, 0.999493, 0.999989, 0.999965, 0.999999]","[0.26578171, 0.35253695, 0.42876499, 0.47940102, 0.51455222, 0.57218419]","[0.00011482, 0.00011567, 0.00011601, 0.00013371, 0.00013371, 0.00013088]","[3.05169e-05, 4.07796e-05, 4.97146e-05, 6.40992e-05, 6.87974e-05, 7.48867e-05]"
5991,Container,35036.0,7,TAURANGA,0.0003031725,"[1.0, 1.0, 1.0, 0.999493, 0.999989, 0.999999]","[0.23986938, 0.26601253, 0.38762391, 0.46922227, 0.5257754, 0.58335891]","[0.00010419, 0.00012152, 0.00011567, 0.00011601, 0.00013371, 0.00013088]","[2.49922e-05, 3.23247e-05, 4.48383e-05, 5.44056e-05, 7.02998e-05, 7.63492e-05]"
5992,Container,35036.0,7,TAURANGA,0.0003337823,"[0.854803, 1.0, 0.999493, 0.999989, 0.999965, 0.999999]","[0.2684858, 0.36951927, 0.43984438, 0.47918434, 0.51562484, 0.57421427]","[0.00013909, 0.00011567, 0.00011601, 0.00013371, 0.00013371, 0.00013088]","[3.19213e-05, 4.2744e-05, 5.09993e-05, 6.40702e-05, 6.89409e-05, 7.51524e-05]"
5993,Container,35036.0,7,TAURANGA,0.0002524161,"[1.0, 0.854803, 1.0, 1.0, 0.999493, 0.999989]","[0.21875546, 0.24921901, 0.26887434, 0.35817202, 0.43298669, 0.57970979]","[0.00010419, 0.00013909, 0.00011482, 0.00011567, 0.00011601, 0.00013371]","[2.27923e-05, 2.96306e-05, 3.0872e-05, 4.14315e-05, 5.02041e-05, 7.75112e-05]"
5994,Container,35036.0,7,TAURANGA,0.0003200186,"[1.0, 1.0, 0.999493, 0.999989, 0.999965, 0.999999]","[0.25368625, 0.32802139, 0.39019376, 0.47566864, 0.51315791, 0.56304109]","[0.00012209, 0.00011567, 0.00011601, 0.00013371, 0.00013371, 0.00013088]","[3.09731e-05, 3.79438e-05, 4.52424e-05, 6.36001e-05, 6.8611e-05, 7.369e-05]"
5995,Container,35036.0,7,TAURANGA,0.0003216672,"[1.0, 1.0, 0.999493, 0.999989, 0.999965, 0.999999]","[0.24991276, 0.33400235, 0.40380575, 0.47587217, 0.51612352, 0.57246558]","[0.00011482, 0.00011567, 0.00011601, 0.00013371, 0.00013371, 0.00013088]","[2.86949e-05, 3.86356e-05, 4.68206e-05, 6.36274e-05, 6.90075e-05, 7.49235e-05]"
5996,Container,35036.0,7,TAURANGA,0.0003199168,"[0.854803, 1.0, 0.999493, 0.999989, 0.999965, 0.999999]","[0.24085141, 0.33716794, 0.39977607, 0.46847059, 0.51570386, 0.5683018]","[0.00013909, 0.00011567, 0.00011601, 0.00013371, 0.00013371, 0.00013088]","[2.86357e-05, 3.90018e-05, 4.63534e-05, 6.26377e-05, 6.89514e-05, 7.43785e-05]"
5999,Tanker,19956.0,7,TAURANGA,0.0002579019,"[1.0, 1.0, 1.0, 1.0, 1.0, 1.0]","[0.01445552, 0.05167667, 0.15193623, 0.37256006, 0.65345965, 0.72645218]","[0.0001061, 9.871e-05, 0.00013195, 0.00013195, 0.00013195, 0.00013195]","[1.5337e-06, 5.101e-06, 2.00483e-05, 4.91601e-05, 8.62254e-05, 9.58569e-05]"
6009,Bulker,37739.0,5,LYTTELTON,0.0002070781,"[1.0, 1.0, 1.0, 1.0]","[0.25886156, 0.44497741, 0.6002366, 0.62413769]","[8.901e-05, 8.901e-05, 0.00011797, 0.00011797]","[2.30411e-05, 3.96072e-05, 7.08126e-05, 7.36323e-05]"
6015,Bulker,37717.0,5,GISBORNE,0.0002303106,"[1.0, 1.0, 1.0, 1.0]","[0.20147286, 0.40346276, 0.54368207, 0.66935373]","[0.00012209, 0.00012209, 0.00012209, 0.0001346]","[2.45983e-05, 4.92597e-05, 6.63794e-05, 9.00919e-05]"
6016,Bulker,37717.0,6,TAURANGA,0.0002927156,"[1.0, 0.999989, 0.999999, 1.0, 0.999948]","[0.09312141, 0.26004494, 0.47640307, 0.76285829, 0.92448578]","[0.0001061, 0.00013371, 0.00013088, 0.00010291, 0.00011601]","[9.8802e-06, 3.47698e-05, 6.2351e-05, 7.85047e-05, 0.0001072414]"
6018,Bulker,37717.0,6,WELLINGTON,0.0003066085,"[1.0, 1.0, 0.999994, 0.999944, 0.999997]","[0.10211927, 0.23922897, 0.59513574, 0.80697591, 0.91225632]","[8.382e-05, 9.156e-05, 0.00010558, 0.00010558, 0.00014047]","[8.5593e-06, 2.19032e-05, 6.28354e-05, 8.51975e-05, 0.0001281461]"
6019,Bulker,37717.0,5,NAPIER,0.0002227447,"[1.0, 1.0, 1.0, 1.0]","[0.23603856, 0.39429988, 0.60286295, 0.63068887]","[0.00012132, 0.00010536, 0.00012369, 0.00012369]","[2.86373e-05, 4.15453e-05, 7.4569e-05, 7.80109e-05]"
6021,Bulker,37717.0,6,TAURANGA,0.0002558134,"[1.0, 1.0, 1.0, 1.0, 0.999999]","[0.11328476, 0.24382054, 0.41930402, 0.6445388, 0.80022745]","[9.871e-05, 9.871e-05, 9.871e-05, 0.00011553, 0.00013088]","[1.11823e-05, 2.40675e-05, 4.13895e-05, 7.44646e-05, 0.0001047327]"
6022,Bulker,37717.0,5,NEW PLYMOUTH,0.0002440937,"[1.0, 1.0, 1.0, 1.0]","[0.29586789, 0.492218, 0.60526213, 0.6187364]","[0.00012132, 0.00012132, 0.00012132, 0.00012132]","[3.58961e-05, 5.97182e-05, 7.34332e-05, 7.5068e-05]"
6023,Bulker,37732.0,7,PORT CHALMERS,0.0003175027,"[1.0, 1.0, 1.0, 0.999996, 0.999833, 0.999967]","[0.0427864, 0.11558057, 0.31498718, 0.58109589, 0.81661151, 0.9010217]","[0.00012132, 9.156e-05, 8.776e-05, 0.00010558, 0.00010558, 0.00014047]","[5.191e-06, 1.05823e-05, 2.76431e-05, 6.13532e-05, 8.62053e-05, 0.0001265642]"
6024,Bulker,37732.0,7,AUCKLAND,0.0003137874,"[1.0, 1.0, 1.0, 1.0, 1.0, 1.0]","[0.05211143, 0.14136899, 0.31685814, 0.5273905, 0.6431898, 0.69740828]","[0.00013195, 0.00013195, 0.00013195, 0.00013195, 0.00013195, 0.00013195]","[6.8762e-06, 1.86539e-05, 4.18101e-05, 6.95903e-05, 8.48703e-05, 9.20245e-05]"
6026,Tanker,49904.0,5,TAURANGA,0.0002021557,"[0.999961, 1.0, 1.0, 1.0]","[0.0737311, 0.35119088, 0.64888122, 0.70930121]","[0.00013371, 9.871e-05, 9.871e-05, 0.00013195]","[9.8581e-06, 3.46661e-05, 6.40511e-05, 9.35938e-05]"
6030,Tanker,12689.0,5,LYTTELTON,0.0001434495,"[0.999991, 0.999995, 1.0, 1.0]","[0.09434294, 0.23673668, 0.56191291, 0.69332192]","[0.00014047, 0.00010558, 8.382e-05, 8.382e-05]","[1.32524e-05, 2.4995e-05, 4.70975e-05, 5.81117e-05]"
6032,Container,21475.0,7,TAURANGA,0.0002217062,"[1.0, 1.0, 1.0, 1.0, 1.0, 0.999989]","[0.23103689, 0.25130553, 0.27679556, 0.29185833, 0.31765209, 0.46928523]","[9.871e-05, 0.00013195, 0.00011623, 0.00011623, 0.00011623, 0.00013371]","[2.28057e-05, 3.31603e-05, 3.21714e-05, 3.39221e-05, 3.69201e-05, 6.27466e-05]"
6033,Container,21475.0,6,TAURANGA,0.0001925348,"[1.0, 1.0, 1.0, 1.0, 1.0]","[0.27072134, 0.29818349, 0.33344433, 0.36046335, 0.38432713]","[9.871e-05, 0.00013195, 0.00011623, 0.00011623, 0.00011924]","[2.67229e-05, 3.93459e-05, 3.87556e-05, 4.1896e-05, 4.58291e-05]"
6036,Container,21475.0,6,AUCKLAND,0.0001819924,"[1.0, 1.0, 1.0, 1.0, 1.0]","[0.23324013, 0.27953702, 0.30911409, 0.34062848, 0.37217373]","[0.00013195, 9.871e-05, 0.00013195, 0.00011623, 0.00011623]","[3.07765e-05, 2.75931e-05, 4.07883e-05, 3.95906e-05, 4.3257e-05]"
6037,Container,21475.0,7,TAURANGA,0.0002316949,"[1.0, 1.0, 1.0, 1.0, 1.0, 0.999989]","[0.23897277, 0.26295663, 0.28450174, 0.31522855, 0.33966536, 0.45300466]","[0.00013195, 9.871e-05, 0.00013195, 0.00011623, 0.00011623, 0.00013371]","[3.1533e-05, 2.59565e-05, 3.75406e-05, 3.66384e-05, 3.94786e-05, 6.05698e-05]"
6038,Container,21475.0,7,TAURANGA,0.0002490929,"[1.0, 1.0, 1.0, 0.999989, 0.999965, 0.999999]","[0.22945651, 0.25658321, 0.30950008, 0.36302133, 0.40319176, 0.45955215]","[0.00011623, 0.00011623, 9.704e-05, 0.00013371, 0.00013371, 0.00013088]","[2.66693e-05, 2.98222e-05, 3.00347e-05, 4.85384e-05, 5.39082e-05, 6.01455e-05]"
6040,Container,21475.0,6,AUCKLAND,0.0002090798,"[1.0, 1.0, 1.0, 1.0, 0.999965]","[0.26862421, 0.29765517, 0.32917373, 0.36061783, 0.47217629]","[9.871e-05, 0.00013195, 0.00011623, 0.00011623, 0.00013371]","[2.65159e-05, 3.92762e-05, 3.82592e-05, 4.19139e-05, 6.31317e-05]"
6044,Container,21475.0,7,AUCKLAND,0.0002226136,"[1.0, 1.0, 1.0, 1.0, 1.0, 1.0]","[0.24033953, 0.27956614, 0.30019185, 0.32272504, 0.35284421, 0.37769138]","[0.00011623, 9.871e-05, 0.00013195, 0.00013195, 0.00011623, 0.00011623]","[2.79342e-05, 2.7596e-05, 3.96109e-05, 4.25843e-05, 4.10104e-05, 4.38983e-05]"
6045,Container,21475.0,7,AUCKLAND,0.0002207798,"[1.0, 1.0, 1.0, 1.0, 1.0, 1.0]","[0.25163869, 0.27424459, 0.29114301, 0.3063344, 0.33598575, 0.3603626]","[9.871e-05, 0.00013195, 0.00013195, 0.00013195, 0.00011623, 0.00011623]","[2.48393e-05, 3.61872e-05, 3.84169e-05, 4.04215e-05, 3.9051e-05, 4.18842e-05]"
6046,Container,21475.0,7,LYTTELTON,0.0002263775,"[1.0, 1.0, 1.0, 0.999995, 0.999891, 0.999988]","[0.24161403, 0.27019739, 0.28431694, 0.37734957, 0.42872304, 0.47069128]","[0.00010536, 8.967e-05, 8.967e-05, 0.00010558, 0.00010558, 0.00014047]","[2.54576e-05, 2.42273e-05, 2.54933e-05, 3.98412e-05, 4.52606e-05, 6.61182e-05]"
6048,Container,26868.0,7,TAURANGA,0.0002481404,"[1.0, 0.854803, 1.0, 1.0, 0.999493, 0.999989]","[0.21777904, 0.24545686, 0.26870321, 0.36536077, 0.44029779, 0.51120325]","[0.00012152, 0.00013909, 0.00011482, 0.00011567, 0.00011601, 0.00013371]","[2.64636e-05, 2.91833e-05, 3.08524e-05, 4.2263e-05, 5.10518e-05, 6.83514e-05]"
6049,Container,26868.0,7,TAURANGA,0.0002612077,"[1.0, 0.854803, 1.0, 1.0, 0.999493, 0.999989]","[0.24208442, 0.26963031, 0.28930006, 0.37811118, 0.45132204, 0.52709225]","[0.00012152, 0.00013909, 0.00011482, 0.00011567, 0.00011601, 0.00013371]","[2.94171e-05, 3.20574e-05, 3.32173e-05, 4.37379e-05, 5.23301e-05, 7.04758e-05]"
6050,Container,26868.0,7,TAURANGA,0.0003003878,"[1.0, 1.0, 0.999493, 0.999989, 0.999965, 0.999999]","[0.24877722, 0.32309599, 0.38243603, 0.42774844, 0.47276087, 0.51904154]","[0.00012209, 0.00011567, 0.00011601, 0.00013371, 0.00013371, 0.00013088]","[3.03738e-05, 3.7374e-05, 4.43429e-05, 5.71929e-05, 6.32098e-05, 6.79314e-05]"
6051,Container,26868.0,7,TAURANGA,0.0002760226,"[1.0, 0.854803, 1.0, 0.999493, 0.999965, 0.999999]","[0.23109869, 0.25846801, 0.34910735, 0.41011034, 0.45726796, 0.52085269]","[0.00012152, 0.00013909, 0.00011567, 0.00011601, 0.00013371, 0.00013088]","[2.80821e-05, 3.07302e-05, 4.03829e-05, 4.75516e-05, 6.11383e-05, 6.81685e-05]"
6052,Container,26868.0,7,TAURANGA,0.0002893247,"[1.0, 1.0, 0.999493, 0.999989, 0.999965, 0.999999]","[0.23214114, 0.30415141, 0.36298681, 0.4216167, 0.45915288, 0.50415088]","[0.00012209, 0.00011567, 0.00011601, 0.00013371, 0.00013371, 0.00013088]","[2.83427e-05, 3.51826e-05, 4.20877e-05, 5.6373e-05, 6.13904e-05, 6.59826e-05]"
6053,Container,26868.0,7,TAURANGA,0.0002956961,"[1.0, 1.0, 0.999493, 0.999989, 0.999965, 0.999999]","[0.2456101, 0.32203407, 0.38592565, 0.42822586, 0.46388598, 0.50621371]","[0.00011482, 0.00011567, 0.00011601, 0.00013371, 0.00013371, 0.00013088]","[2.82008e-05, 3.72512e-05, 4.47475e-05, 5.72567e-05, 6.20232e-05, 6.62525e-05]"
6054,Container,26868.0,7,TAURANGA,0.0002653886,"[1.0, 0.854803, 1.0, 1.0, 0.999493, 0.999989]","[0.2264476, 0.25457371, 0.2865951, 0.402309, 0.48024146, 0.52668831]","[0.00012152, 0.00013909, 0.00012209, 0.00011567, 0.00011601, 0.00013371]","[2.7517e-05, 3.02672e-05, 3.49911e-05, 4.6537e-05, 5.56832e-05, 7.04218e-05]"
6055,Container,26868.0,7,TAURANGA,0.0002837883,"[1.0, 1.0, 0.999493, 0.999989, 0.999965, 0.999999]","[0.21782986, 0.28668278, 0.34253121, 0.41994391, 0.46513015, 0.51645712]","[0.00011482, 0.00011567, 0.00011601, 0.00013371, 0.00013371, 0.00013088]","[2.50111e-05, 3.3162e-05, 3.9716e-05, 5.61494e-05, 6.21895e-05, 6.75932e-05]"
6056,Container,26868.0,7,AUCKLAND,0.0002909189,"[0.643148, 1.0, 0.998457, 0.999965, 0.999902, 0.999998]","[0.2306243, 0.32473762, 0.38319901, 0.42922096, 0.46936759, 0.52134773]","[0.00013909, 0.00011567, 0.00011601, 0.00013371, 0.00013371, 0.00013088]","[2.06305e-05, 3.75639e-05, 4.43852e-05, 5.73884e-05, 6.27522e-05, 6.82332e-05]"
6057,Container,26868.0,7,TAURANGA,0.0002846978,"[0.854803, 1.0, 0.999493, 0.999989, 0.999965, 0.999999]","[0.21057728, 0.2977009, 0.35381793, 0.42266609, 0.45986682, 0.50607452]","[0.00013909, 0.00011567, 0.00011601, 0.00013371, 0.00013371, 0.00013088]","[2.50363e-05, 3.44365e-05, 4.10246e-05, 5.65133e-05, 6.14858e-05, 6.62343e-05]"
6058,Container,26868.0,7,TAURANGA,0.0002960124,"[1.0, 1.0, 0.999493, 0.999989, 0.999965, 0.999999]","[0.23946989, 0.32678281, 0.38797388, 0.42427646, 0.46917293, 0.50663995]","[0.00011482, 0.00011567, 0.00011601, 0.00013371, 0.00013371, 0.00013088]","[2.74958e-05, 3.78005e-05, 4.4985e-05, 5.67287e-05, 6.27301e-05, 6.63083e-05]"
6060,Bulker,36880.0,6,LYTTELTON,0.000221655,"[1.0, 1.0, 1.0, 1.0, 1.0]","[0.10417639, 0.25470119, 0.46283953, 0.56315883, 0.58222808]","[8.901e-05, 8.901e-05, 0.00011797, 0.00011797, 0.00011797]","[9.2727e-06, 2.26708e-05, 5.46033e-05, 6.64384e-05, 6.86881e-05]"
6061,Bulker,36880.0,6,AUCKLAND,0.0002797093,"[1.0, 1.0, 1.0, 1.0, 1.0]","[0.08627648, 0.2311274, 0.47548849, 0.68300186, 0.71626766]","[0.00011063, 9.871e-05, 0.00013195, 0.00013195, 0.00013195]","[9.5448e-06, 2.28146e-05, 6.27417e-05, 9.01235e-05, 9.4513e-05]"
6065,Bulker,36861.0,5,GISBORNE,0.0003645979,"[1.0, 0.999991, 1.0, 1.0]","[0.3501362, 0.63531682, 0.8348029, 0.8944529]","[0.00013088, 0.00013371, 0.00013992, 0.00013088]","[4.58254e-05, 8.49464e-05, 0.0001168094, 0.0001170648]"
6068,Bulker,37637.0,5,TAURANGA,0.0002445163,"[1.0, 1.0, 1.0, 0.999968]","[0.20529547, 0.38783309, 0.47116264, 0.90516082]","[0.00013665, 0.00011174, 0.00011063, 0.00013371]","[2.80532e-05, 4.33347e-05, 5.21247e-05, 0.0001210236]"
6069,Bulker,37685.0,6,AUCKLAND,0.0002637229,"[1.0, 1.0, 1.0, 1.0, 1.0]","[0.08978461, 0.26230775, 0.50228606, 0.60486096, 0.73652093]","[0.00011688, 0.00011063, 0.00013195, 0.00013195, 0.0001061]","[1.0494e-05, 2.90191e-05, 6.62777e-05, 7.98127e-05, 7.81453e-05]"
6071,Bulker,37685.0,6,GISBORNE,0.0002862571,"[0.999991, 1.0, 1.0, 1.0, 0.999979]","[0.10170799, 0.23963858, 0.42742737, 0.74753735, 0.90159251]","[0.00013371, 0.00013088, 0.00013992, 0.00010291, 0.00011601]","[1.35991e-05, 3.13636e-05, 5.98076e-05, 7.6928e-05, 0.000104589]"
6073,Container,23261.0,7,AUCKLAND,0.0002325066,"[1.0, 1.0, 1.0, 1.0, 1.0, 0.999902]","[0.21393329, 0.22980888, 0.26422563, 0.3241096, 0.34574978, 0.48621303]","[0.00013195, 0.00013195, 0.00013195, 0.00011063, 0.00011063, 0.00013371]","[2.82289e-05, 3.03238e-05, 3.48651e-05, 3.58562e-05, 3.82503e-05, 6.50043e-05]"
6084,Container,23261.0,7,AUCKLAND,0.0002192956,"[1.0, 1.0, 1.0, 1.0, 1.0, 0.999998]","[0.19301322, 0.22368913, 0.26894549, 0.31002998, 0.33496637, 0.47154846]","[0.00013195, 0.00013195, 0.00011623, 0.00011063, 0.00011063, 0.00013088]","[2.54685e-05, 2.95163e-05, 3.1259e-05, 3.42986e-05, 3.70573e-05, 6.17155e-05]"
6099,Tanker,49857.0,5,TAURANGA,0.0002065065,"[1.0, 1.0, 1.0, 1.0]","[0.08790091, 0.36170735, 0.62805331, 0.72225646]","[0.00013195, 0.00011267, 0.00013195, 9.871e-05]","[1.15987e-05, 4.07553e-05, 8.2873e-05, 7.1294e-05]"
6104,Bulker,64723.0,5,TAURANGA,0.0002685989,"[1.0, 1.0, 1.0, 1.0]","[0.2510859, 0.46754761, 0.55864908, 0.57788812]","[0.0001448, 0.0001448, 0.0001448, 0.0001448]","[3.63568e-05, 6.77e-05, 8.08913e-05, 8.36771e-05]"
6109,Bulker,37739.0,6,LYTTELTON,0.0002423023,"[1.0, 1.0, 1.0, 1.0, 0.999995]","[0.10134083, 0.22251609, 0.37509125, 0.61113614, 0.88208434]","[0.00012132, 0.00012132, 0.00012132, 0.00010536, 0.00010558]","[1.22951e-05, 2.69967e-05, 4.55078e-05, 6.43922e-05, 9.31319e-05]"
6113,Container,23429.0,7,AUCKLAND,0.0002323551,"[1.0, 1.0, 1.0, 1.0, 1.0, 0.999998]","[0.21720329, 0.24501291, 0.28401496, 0.30787732, 0.33719697, 0.4781334]","[0.00011063, 0.00011623, 0.00013195, 0.00013195, 0.00011623, 0.00013088]","[2.40292e-05, 2.84774e-05, 3.74764e-05, 4.06251e-05, 3.91917e-05, 6.25774e-05]"
6119,Tanker,12493.0,7,TAURANGA,0.0002584445,"[1.0, 1.0, 1.0, 1.0, 1.0, 0.999961]","[0.01647833, 0.04636369, 0.12968318, 0.29804139, 0.61257058, 0.90064223]","[0.00011063, 0.00011063, 0.0001061, 0.0001061, 0.00013992, 0.00013371]","[1.823e-06, 5.1292e-06, 1.37595e-05, 3.16223e-05, 8.57137e-05, 0.0001204186]"
6128,Bulker,37710.0,5,PORT CHALMERS,0.0002200452,"[1.0, 1.0, 1.0, 1.0]","[0.23789949, 0.4194524, 0.51536112, 0.88632851]","[0.00012132, 0.00012132, 0.00012132, 8.776e-05]","[2.88631e-05, 5.08899e-05, 6.2526e-05, 7.77837e-05]"
6148,Tanker,21117.0,7,TAURANGA,0.0002444787,"[1.0, 1.0, 1.0, 1.0, 1.0, 1.0]","[0.01488979, 0.04814572, 0.14329742, 0.35938223, 0.61634602, 0.86963738]","[0.00013195, 0.00013195, 0.00013195, 9.871e-05, 0.00013195, 0.00011553]","[1.9647e-06, 6.3529e-06, 1.89084e-05, 3.54746e-05, 8.13282e-05, 0.0001004705]"
6159,General Cargo,36898.0,6,TAURANGA,0.0004328383,"[1.0, 1.0, 1.0, 1.0, 0.999999]","[0.28404648, 0.51461198, 0.66866881, 0.86548576, 0.89080173]","[0.00013195, 0.00013992, 0.00013992, 0.00013088, 0.00013088]","[3.74805e-05, 7.20069e-05, 9.35632e-05, 0.0001132737, 0.0001165869]"
6161,Bulker,36898.0,7,NEW PLYMOUTH,0.0002727827,"[1.0, 1.0, 1.0, 1.0, 1.0, 0.999995]","[0.03751441, 0.09891041, 0.22777561, 0.48919482, 0.71372394, 0.88570795]","[0.00012132, 0.00012132, 0.00012132, 8.498e-05, 8.776e-05, 0.00014047]","[4.5514e-06, 1.20003e-05, 2.76348e-05, 4.15697e-05, 6.2636e-05, 0.0001244167]"
6162,Bulker,36898.0,6,TAURANGA,0.0002918648,"[1.0, 1.0, 1.0, 1.0, 1.0]","[0.11718621, 0.25315541, 0.42365654, 0.64158927, 0.87318339]","[0.00011063, 0.00011063, 0.00011063, 0.00013992, 0.00013088]","[1.29643e-05, 2.80066e-05, 4.68691e-05, 8.97741e-05, 0.0001142811]"
6164,Bulker,36898.0,7,WELLINGTON,0.0002544898,"[1.0, 1.0, 1.0, 1.0, 1.0, 1.0]","[0.03651436, 0.09557829, 0.20126521, 0.41557376, 0.48488523, 0.86694072]","[8.967e-05, 0.00012132, 0.00012132, 0.00012132, 0.00010536, 0.00013117]","[3.2741e-06, 1.1596e-05, 2.44184e-05, 5.04194e-05, 5.10898e-05, 0.0001137151]"
6167,Bulker,36908.0,5,TAURANGA,0.0002109407,"[1.0, 1.0, 1.0, 1.0]","[0.19589601, 0.39083425, 0.53159216, 0.72536788]","[0.00011688, 0.00011688, 0.00011688, 0.00011063]","[2.28962e-05, 4.56806e-05, 6.21323e-05, 8.02474e-05]"
6169,Bulker,36908.0,7,LYTTELTON,0.0001695149,"[1.0, 1.0, 1.0, 1.0, 1.0, 1.0]","[0.03939264, 0.09980084, 0.22318615, 0.37159872, 0.51960622, 0.69051471]","[8.906e-05, 8.906e-05, 8.906e-05, 8.906e-05, 8.906e-05, 8.382e-05]","[3.5085e-06, 8.8887e-06, 1.98779e-05, 3.30961e-05, 4.62782e-05, 5.78764e-05]"
6170,Bulker,36908.0,6,NEW PLYMOUTH,0.0001661603,"[1.0, 1.0, 1.0, 1.0, 1.0]","[0.10024181, 0.22643423, 0.38813725, 0.50804832, 0.68313143]","[8.906e-05, 8.906e-05, 8.906e-05, 8.906e-05, 8.382e-05]","[8.9279e-06, 2.01672e-05, 3.45691e-05, 4.52488e-05, 5.72576e-05]"
6171,Bulker,36908.0,5,NELSON,0.0002645866,"[1.0, 1.0, 1.0, 0.999933]","[0.22173845, 0.58832397, 0.70930745, 0.90676859]","[0.00010536, 8.776e-05, 8.776e-05, 0.00014047]","[2.33634e-05, 5.1631e-05, 6.22484e-05, 0.0001273672]"
6175,Bulker,36888.0,7,AUCKLAND,0.0002554349,"[1.0, 1.0, 1.0, 1.0, 1.0, 1.0]","[0.04505403, 0.1060892, 0.23091075, 0.51096992, 0.64896191, 0.75113014]","[0.00011688, 0.00011688, 0.00011688, 0.00010943, 0.00011063, 0.00011063]","[5.2659e-06, 1.23997e-05, 2.69888e-05, 5.5913e-05, 7.17946e-05, 8.30975e-05]"
6176,Bulker,36888.0,5,TAURANGA,0.0002326726,"[1.0, 1.0, 1.0, 1.0]","[0.26139397, 0.45573402, 0.57481451, 0.69671674]","[0.00013195, 0.00013195, 0.0001061, 0.00011063]","[3.44915e-05, 6.01351e-05, 6.09881e-05, 7.70778e-05]"
6180,Bulker,36888.0,5,LYTTELTON,0.0003049757,"[1.0, 1.0, 0.999988, 0.999991]","[0.22011824, 0.39959525, 0.7710191, 0.89006598]","[0.00010536, 0.00012132, 0.00014047, 0.00014047]","[2.31927e-05, 4.84808e-05, 0.0001083054, 0.0001250283]"
6182,Bulker,36888.0,7,TIMARU,0.0001727224,"[1.0, 1.0, 1.0, 1.0, 1.0, 1.0]","[0.04330118, 0.10679391, 0.226157, 0.36328212, 0.53573519, 0.70574496]","[8.906e-05, 8.906e-05, 8.906e-05, 8.906e-05, 8.906e-05, 8.382e-05]","[3.8566e-06, 9.5115e-06, 2.01425e-05, 3.23554e-05, 4.77148e-05, 5.91529e-05]"
6183,Bulker,36888.0,5,AUCKLAND,0.0002051501,"[1.0, 1.0, 1.0, 1.0]","[0.18705818, 0.38034018, 0.58315146, 0.71037092]","[0.00011063, 0.00011553, 0.00011174, 0.0001061]","[2.06942e-05, 4.39413e-05, 6.51587e-05, 7.53707e-05]"
6187,Bulker,37731.0,7,AUCKLAND,0.0002465847,"[1.0, 1.0, 1.0, 1.0, 1.0, 1.0]","[0.04058729, 0.10974221, 0.23728994, 0.48909913, 0.62778766, 0.740367]","[0.0001114, 0.00011688, 0.00011688, 0.00010943, 0.00011063, 0.0001061]","[4.5214e-06, 1.28266e-05, 2.77344e-05, 5.35198e-05, 6.94521e-05, 7.85533e-05]"
6203,Tanker,19999.0,6,NEW PLYMOUTH,0.0002029435,"[1.0, 1.0, 1.0, 1.0, 1.0]","[0.03418616, 0.14233386, 0.36278406, 0.60143197, 0.67701046]","[0.00012369, 0.00010536, 0.00010536, 0.00010536, 0.00012132]","[4.2285e-06, 1.4997e-05, 3.82246e-05, 6.33697e-05, 8.21381e-05]"
6220,General Cargo,14034.0,5,AUCKLAND,0.0002414838,"[1.0, 1.0, 1.0, 0.999991]","[0.32509585, 0.40111488, 0.57277038, 0.80617211]","[0.0001061, 0.0001061, 0.00010291, 0.00013088]","[3.44928e-05, 4.25585e-05, 5.8943e-05, 0.0001055098]"
6222,Bulker,81981.0,5,LYTTELTON,0.0002250966,"[0.999915, 1.0, 1.0, 1.0]","[0.24639912, 0.57181918, 0.63121162, 0.68661378]","[0.00010558, 0.00010536, 0.00010536, 0.00010536]","[2.60132e-05, 6.02495e-05, 6.65074e-05, 7.23448e-05]"
6224,Bulker,80992.0,6,LYTTELTON,0.0002134076,"[1.0, 1.0, 1.0, 1.0, 1.0]","[0.12858976, 0.35495152, 0.61682823, 0.6542335, 0.71818721]","[8.382e-05, 8.967e-05, 8.967e-05, 8.967e-05, 7.916e-05]","[1.07779e-05, 3.18267e-05, 5.53079e-05, 5.86619e-05, 5.68505e-05]"
6226,Tanker,50290.0,7,TAURANGA,0.0001764786,"[1.0, 1.0, 1.0, 1.0, 1.0, 1.0]","[0.0036281, 0.01860235, 0.08790296, 0.31778995, 0.53653538, 0.69816487]","[0.00010291, 0.00010291, 0.00010291, 0.00010291, 0.00010291, 0.00011063]","[3.734e-07, 1.9143e-06, 9.046e-06, 3.27033e-05, 5.52141e-05, 7.7238e-05]"
6228,Tanker,50290.0,5,LYTTELTON,0.0001236884,"[1.0, 1.0, 0.99999, 1.0]","[0.07313353, 0.25219834, 0.44102293, 0.66991797]","[8.814e-05, 8.814e-05, 8.814e-05, 8.382e-05]","[6.4457e-06, 2.22279e-05, 3.88698e-05, 5.61501e-05]"
6235,Passenger,36644.0,5,NEW PLYMOUTH,0.000294236,"[1.0, 1.0, 1.0, 1.0]","[0.51611211, 0.57037672, 0.64294383, 0.69602839]","[0.00012132, 0.00012132, 0.00012132, 0.00012132]","[6.26171e-05, 6.92008e-05, 7.8005e-05, 8.44454e-05]"
6237,Passenger,36644.0,5,AUCKLAND,0.0002466201,"[1.0, 1.0, 1.0, 1.0]","[0.38084203, 0.42531651, 0.47544221, 0.85856047]","[9.871e-05, 9.871e-05, 9.871e-05, 0.00013992]","[3.75929e-05, 4.1983e-05, 4.69309e-05, 0.0001201337]"
6240,Passenger,36644.0,7,GISBORNE,0.000474859,"[1.0, 1.0, 1.0, 1.0, 0.999991, 1.0]","[0.38465728, 0.53035657, 0.62958205, 0.6831193, 0.78653173, 0.88664125]","[0.0001061, 0.00011553, 0.00011553, 0.00011553, 0.00013371, 0.00013088]","[4.08123e-05, 6.12729e-05, 7.27366e-05, 7.89218e-05, 0.0001051649, 0.0001160425]"
6241,Passenger,36644.0,7,GISBORNE,0.0003876469,"[1.0, 1.0, 1.0, 1.0, 1.0, 0.999998]","[0.24855453, 0.32204229, 0.38134574, 0.59894609, 0.6513823, 0.89887931]","[0.00013195, 0.00013195, 0.00013195, 0.00011553, 0.00011553, 0.00013088]","[3.27973e-05, 4.24942e-05, 5.03194e-05, 6.91972e-05, 7.52552e-05, 0.000117644]"
6242,Bulker,36644.0,7,AUCKLAND,0.0002716321,"[1.0, 1.0, 1.0, 1.0, 1.0, 1.0]","[0.05352645, 0.13264804, 0.28475521, 0.50315264, 0.62934709, 0.70074014]","[9.871e-05, 9.871e-05, 9.871e-05, 9.871e-05, 0.00013195, 0.00013195]","[5.2836e-06, 1.30937e-05, 2.81082e-05, 4.96662e-05, 8.30437e-05, 9.24641e-05]"
6246,Bulker,36644.0,5,WELLINGTON,0.0002417522,"[1.0, 1.0, 1.0, 0.999994]","[0.28100599, 0.48545547, 0.59848887, 0.88529458]","[0.00012132, 0.00010536, 0.00010536, 0.00010558]","[3.4093e-05, 5.11499e-05, 6.30596e-05, 9.34708e-05]"
6248,Bulker,36644.0,6,AUCKLAND,0.0002514092,"[1.0, 1.0, 1.0, 1.0, 1.0]","[0.09000782, 0.21653864, 0.34941238, 0.54347243, 0.70605075]","[0.00013195, 0.00013195, 0.00013195, 0.00013195, 0.00013195]","[1.18767e-05, 2.85727e-05, 4.61057e-05, 7.17123e-05, 9.31649e-05]"
6253,Bulker,36644.0,7,NAPIER,0.000323155,"[1.0, 1.0, 1.0, 1.0, 0.999982, 0.999996]","[0.05424166, 0.13525605, 0.39179725, 0.64844062, 0.81829486, 0.89370772]","[0.00010536, 0.00010536, 8.776e-05, 8.776e-05, 0.00010558, 0.00014047]","[5.7152e-06, 1.42512e-05, 3.43839e-05, 5.69068e-05, 8.63958e-05, 0.0001255405]"
6254,Bulker,36644.0,6,TAURANGA,0.0002500478,"[1.0, 1.0, 1.0, 1.0, 1.0]","[0.09429125, 0.22403776, 0.51003954, 0.62722634, 0.67057046]","[0.00011623, 0.00011623, 9.871e-05, 0.00013195, 0.00011924]","[1.09593e-05, 2.60395e-05, 5.0346e-05, 8.27638e-05, 7.99621e-05]"
6259,Bulker,63449.0,6,WELLINGTON,0.0002257084,"[1.0, 1.0, 1.0, 1.0, 0.999944]","[0.08817473, 0.25607061, 0.43339185, 0.50557694, 0.83669138]","[8.382e-05, 0.00012132, 0.00010536, 0.00010536, 0.00010558]","[7.3905e-06, 3.10677e-05, 4.56642e-05, 5.32699e-05, 8.83347e-05]"
6264,Bulker,37717.0,6,AUCKLAND,0.0003132638,"[1.0, 1.0, 1.0, 0.999965, 1.0]","[0.10403335, 0.23202948, 0.45077078, 0.80574677, 0.88065945]","[0.00013195, 0.00013195, 0.00013195, 0.00013371, 0.00011553]","[1.37274e-05, 3.06168e-05, 5.94802e-05, 0.0001077313, 0.0001017439]"
6269,Bulker,37717.0,6,AUCKLAND,0.0002422035,"[1.0, 1.0, 1.0, 1.0, 1.0]","[0.11276941, 0.27835919, 0.46806855, 0.60497512, 0.72533794]","[0.00011063, 0.00011063, 0.00011063, 0.00011063, 0.00011063]","[1.24757e-05, 3.07949e-05, 5.17824e-05, 6.69284e-05, 8.02441e-05]"
6271,General Cargo,63566.0,6,AUCKLAND,0.0003746794,"[1.0, 1.0, 1.0, 1.0, 1.0]","[0.3823704, 0.49190123, 0.53031289, 0.58778278, 0.59561642]","[0.0001448, 0.0001448, 0.0001448, 0.0001448, 0.0001448]","[5.53665e-05, 7.12264e-05, 7.67883e-05, 8.51098e-05, 8.62441e-05]"
6273,Tanker,49669.0,7,NEW PLYMOUTH,0.0002517118,"[1.0, 1.0, 1.0, 1.0, 0.999973, 1.0]","[0.00362243, 0.01801965, 0.08980399, 0.32299663, 0.70877021, 0.77185518]","[0.00010536, 0.00010536, 0.00010536, 0.00012132, 0.00014047, 0.00013117]","[3.817e-07, 1.8986e-06, 9.4622e-06, 3.91875e-05, 9.95597e-05, 0.0001012429]"
6274,Tanker,49669.0,7,NEW PLYMOUTH,0.0001940965,"[1.0, 1.0, 1.0, 1.0, 0.999999, 1.0]","[0.00459743, 0.02235244, 0.09902751, 0.37347469, 0.7518438, 0.79159266]","[0.00012132, 0.00010536, 0.00010536, 0.00012132, 8.776e-05, 8.776e-05]","[5.578e-07, 2.3552e-06, 1.0434e-05, 4.53117e-05, 6.59813e-05, 6.94697e-05]"
6276,Tanker,49669.0,5,NEW PLYMOUTH,0.0002255789,"[1.0, 1.0, 0.999861, 0.999993]","[0.05990663, 0.31751733, 0.68893577, 0.76906227]","[0.00010536, 0.00012132, 0.00010558, 0.00014047]","[6.312e-06, 3.85227e-05, 7.27293e-05, 0.0001080311]"
6277,Tanker,49669.0,7,NEW PLYMOUTH,0.0002630303,"[1.0, 1.0, 1.0, 1.0, 0.999973, 0.999861]","[0.004412, 0.02119808, 0.09765713, 0.3577179, 0.81627554, 0.87151982]","[0.00010536, 0.00010536, 0.00010536, 0.00012132, 0.00014047, 0.00010558]","[4.649e-07, 2.2335e-06, 1.02896e-05, 4.34e-05, 0.0001146608, 9.20042e-05]"
6278,Tanker,49765.0,7,NEW PLYMOUTH,0.0001963679,"[1.0, 1.0, 1.0, 1.0, 1.0, 0.999975]","[0.00370089, 0.01810252, 0.08574659, 0.30189257, 0.53379322, 0.83801719]","[0.00010536, 0.00010536, 0.00010536, 0.00010536, 0.00012132, 0.00010558]","[3.899e-07, 1.9074e-06, 9.0347e-06, 3.18088e-05, 6.47623e-05, 8.84775e-05]"
6280,Tanker,49765.0,7,NEW PLYMOUTH,0.0002076022,"[1.0, 1.0, 1.0, 1.0, 0.999861, 0.999975]","[0.00354844, 0.01714979, 0.08172126, 0.31701761, 0.67205831, 0.82795898]","[0.00010536, 0.00010536, 0.00010536, 0.00012132, 0.00010558, 0.00010558]","[3.739e-07, 1.807e-06, 8.6105e-06, 3.84621e-05, 7.09475e-05, 8.74156e-05]"
6285,Tanker,49849.0,7,NEW PLYMOUTH,0.0002933772,"[1.0, 1.0, 1.0, 1.0, 0.999973, 0.999993]","[0.00404451, 0.02002253, 0.09212379, 0.35190324, 0.81032326, 0.87458278]","[0.00010536, 0.00012132, 0.00012132, 0.00012132, 0.00014047, 0.00014047]","[4.261e-07, 2.4292e-06, 1.11769e-05, 4.26946e-05, 0.0001138247, 0.0001228537]"
6286,Tanker,49849.0,7,NEW PLYMOUTH,0.0001857526,"[1.0, 1.0, 1.0, 0.999999, 1.0, 1.0]","[0.00454241, 0.02267417, 0.10891966, 0.46919459, 0.73847496, 0.76276903]","[0.00010536, 0.00010536, 9.156e-05, 8.776e-05, 8.776e-05, 8.776e-05]","[4.786e-07, 2.3891e-06, 9.9724e-06, 4.11762e-05, 6.48081e-05, 6.69402e-05]"
6288,Tanker,49760.0,7,NEW PLYMOUTH,0.0002003214,"[1.0, 1.0, 1.0, 1.0, 1.0, 1.0]","[0.00444266, 0.02180623, 0.09827658, 0.37230554, 0.78990784, 0.82785549]","[0.00012132, 0.00010536, 0.00010536, 0.00012132, 8.776e-05, 8.776e-05]","[5.39e-07, 2.2976e-06, 1.03549e-05, 4.51699e-05, 6.93219e-05, 7.26521e-05]"
6289,Tanker,49760.0,7,NEW PLYMOUTH,0.0001951641,"[1.0, 1.0, 1.0, 1.0, 1.0, 0.999999]","[0.00417009, 0.01987271, 0.10789354, 0.47167855, 0.75207041, 0.82223147]","[0.00010536, 0.00010536, 0.00012132, 8.776e-05, 8.776e-05, 8.776e-05]","[4.394e-07, 2.0939e-06, 1.30902e-05, 4.13942e-05, 6.60013e-05, 7.21585e-05]"
6294,Other,37686.0,5,TAURANGA,0.0002360564,"[1.0, 1.0, 1.0, 1.0]","[0.36848503, 0.47598567, 0.58775293, 0.64758134]","[0.00011623, 9.871e-05, 0.00013195, 0.0001061]","[4.28283e-05, 4.69846e-05, 7.75552e-05, 6.87087e-05]"
6297,Other,37686.0,7,NAPIER,0.0003190678,"[1.0, 1.0, 1.0, 1.0, 1.0, 0.999982]","[0.29160261, 0.33597953, 0.5016508, 0.53101624, 0.57568885, 0.83441934]","[8.967e-05, 0.00010536, 0.00010536, 0.00010536, 0.00010536, 0.00010558]","[2.61466e-05, 3.54004e-05, 5.28563e-05, 5.59503e-05, 6.06573e-05, 8.80982e-05]"
6303,General Cargo,38227.0,5,TAURANGA,0.0003333671,"[1.0, 1.0, 0.999994, 0.999994]","[0.32375981, 0.46897266, 0.83358209, 0.90162851]","[0.0001225, 0.00014211, 0.00013088, 0.00013088]","[3.96616e-05, 6.66444e-05, 0.0001090975, 0.0001180033]"
6305,General Cargo,38227.0,5,WELLINGTON,0.0002275372,"[1.0, 1.0, 1.0, 1.0]","[0.32356104, 0.51996902, 0.56938151, 0.70915155]","[0.00012132, 0.00012132, 0.00012132, 7.916e-05]","[3.92559e-05, 6.30851e-05, 6.908e-05, 5.61353e-05]"
6309,General Cargo,38209.0,5,GISBORNE,0.0002221832,"[1.0, 1.0, 1.0, 1.0]","[0.30040067, 0.41627595, 0.54911616, 0.75491852]","[0.00011688, 0.00011688, 0.00011063, 0.00010291]","[3.51107e-05, 4.86542e-05, 6.07487e-05, 7.76876e-05]"
6313,General Cargo,38241.0,7,AUCKLAND,0.0003690414,"[1.0, 1.0, 1.0, 1.0, 1.0, 1.0]","[0.26589678, 0.35853651, 0.4701448, 0.60348107, 0.65767205, 0.71721699]","[9.871e-05, 9.871e-05, 9.871e-05, 0.00013195, 0.00013195, 0.00013195]","[2.62467e-05, 3.53912e-05, 4.6408e-05, 7.96306e-05, 8.67812e-05, 9.46383e-05]"
6314,General Cargo,38241.0,5,WELLINGTON,0.0001720634,"[1.0, 1.0, 1.0, 1.0]","[0.35714683, 0.40924518, 0.54423968, 0.7691634]","[8.906e-05, 8.906e-05, 8.382e-05, 7.567e-05]","[3.18089e-05, 3.6449e-05, 4.56162e-05, 5.82002e-05]"
6327,Tanker,49772.0,6,TAURANGA,0.0002230069,"[1.0, 1.0, 1.0, 1.0, 1.0]","[0.0146075, 0.09995471, 0.39186348, 0.67061012, 0.70978607]","[0.00011688, 0.00011063, 0.00013195, 0.00013195, 9.871e-05]","[1.7073e-06, 1.1058e-05, 5.17072e-05, 8.84884e-05, 7.0063e-05]"
6328,Tanker,49772.0,6,TAURANGA,0.0002420251,"[1.0, 1.0, 1.0, 1.0, 0.999989]","[0.0167828, 0.07650335, 0.34912158, 0.57551364, 0.9039481]","[0.00011553, 0.00011553, 9.871e-05, 0.00013195, 0.00013371]","[1.9389e-06, 8.8386e-06, 3.44618e-05, 7.59402e-05, 0.000120864]"
6331,Container,21202.0,7,AUCKLAND,0.0002244081,"[1.0, 1.0, 1.0, 1.0, 1.0, 1.0]","[0.23908189, 0.27643685, 0.29927493, 0.33144703, 0.3583181, 0.38521125]","[0.00013195, 9.871e-05, 0.00013195, 0.00011623, 0.00011623, 0.00011924]","[3.15474e-05, 2.72871e-05, 3.949e-05, 3.85234e-05, 4.16466e-05, 4.59345e-05]"
6332,Container,21202.0,6,TAURANGA,0.0001851085,"[1.0, 1.0, 1.0, 1.0, 1.0]","[0.24278435, 0.28133971, 0.31343205, 0.34524273, 0.37710558]","[0.00013195, 9.871e-05, 0.00013195, 0.00011623, 0.00011623]","[3.20359e-05, 2.77711e-05, 4.1358e-05, 4.01269e-05, 4.38303e-05]"
6335,Container,21206.0,7,AUCKLAND,0.0002015275,"[1.0, 1.0, 1.0, 1.0, 1.0, 1.0]","[0.22291391, 0.2434305, 0.26402599, 0.30484234, 0.34472647, 0.378837]","[9.871e-05, 9.871e-05, 0.00013195, 0.00011623, 0.00011623, 0.00011924]","[2.20038e-05, 2.4029e-05, 3.48388e-05, 3.54312e-05, 4.00669e-05, 4.51744e-05]"
6336,Container,21206.0,7,AUCKLAND,0.0002384621,"[1.0, 1.0, 1.0, 1.0, 1.0, 0.999965]","[0.24717286, 0.26886969, 0.29130057, 0.32776831, 0.35027138, 0.46435036]","[0.00013195, 9.871e-05, 0.00013195, 0.00011623, 0.00011623, 0.00013371]","[3.2615e-05, 2.65401e-05, 3.84377e-05, 3.80959e-05, 4.07114e-05, 6.20853e-05]"
6346,Bulker,63851.0,5,LYTTELTON,0.0002718767,"[1.0, 1.0, 1.0, 1.0]","[0.34514609, 0.61695852, 0.67249169, 0.69840345]","[0.00012132, 0.00012132, 0.00012132, 0.00010536]","[4.18747e-05, 7.48523e-05, 8.15899e-05, 7.3587e-05]"
6348,Tanker,21028.0,7,NEW PLYMOUTH,0.0002224142,"[1.0, 1.0, 0.999999, 0.999999, 0.999999, 0.999975]","[0.01301724, 0.04743813, 0.17691824, 0.4470685, 0.78916881, 0.88361305]","[8.382e-05, 8.498e-05, 8.776e-05, 8.776e-05, 8.776e-05, 0.00010558]","[1.0911e-06, 4.0311e-06, 1.55262e-05, 3.92344e-05, 6.9257e-05, 9.32915e-05]"
6350,Bulker,37440.0,6,TAURANGA,0.0003229239,"[1.0, 1.0, 1.0, 0.999997, 0.999968]","[0.10057327, 0.22795677, 0.49642605, 0.74007841, 0.89970106]","[0.00011063, 0.00011063, 0.00013992, 0.00013088, 0.00013371]","[1.11264e-05, 2.52189e-05, 6.94622e-05, 9.68602e-05, 0.0001202936]"
6359,Bulker,37650.0,6,TAURANGA,0.0003135859,"[0.999989, 0.999968, 0.999999, 1.0, 0.999921]","[0.10805692, 0.25686005, 0.50157537, 0.67376468, 0.90440684]","[0.00013371, 0.00013371, 0.00013088, 0.00013992, 0.00011601]","[1.44479e-05, 3.43432e-05, 6.56455e-05, 9.42762e-05, 0.0001049094]"
6361,Bulker,37705.0,6,TIMARU,0.00017479,"[1.0, 1.0, 1.0, 1.0, 1.0]","[0.10441705, 0.25409437, 0.42790061, 0.58599574, 0.66553263]","[8.382e-05, 8.967e-05, 8.967e-05, 8.382e-05, 8.382e-05]","[8.7519e-06, 2.27834e-05, 3.83677e-05, 4.9116e-05, 5.57825e-05]"
6368,Bulker,63340.0,5,NELSON,0.0002074431,"[1.0, 1.0, 1.0, 1.0]","[0.26121733, 0.58656351, 0.66873129, 0.67628998]","[0.00013117, 8.967e-05, 8.967e-05, 8.967e-05]","[3.42634e-05, 5.25942e-05, 5.99618e-05, 6.06396e-05]"
6372,Bulker,34431.0,5,TAURANGA,0.0002937406,"[1.0, 1.0, 1.0, 1.0]","[0.19682896, 0.34900807, 0.73517055, 0.84958085]","[0.00013195, 0.00013195, 0.00013992, 0.00013992]","[2.5972e-05, 4.60524e-05, 0.0001028684, 0.0001188772]"
6382,Tanker,49999.0,7,TAURANGA,0.0002297101,"[1.0, 1.0, 1.0, 1.0, 1.0, 1.0]","[0.00336872, 0.01720144, 0.07973623, 0.36555777, 0.63521482, 0.65911429]","[0.0001067, 0.0001067, 0.0001067, 0.00013195, 0.00013195, 0.00013195]","[3.594e-07, 1.8353e-06, 8.5076e-06, 4.82361e-05, 8.38179e-05, 8.69715e-05]"
6385,Bulker,38180.0,7,LYTTELTON,0.0002276262,"[1.0, 1.0, 1.0, 1.0, 1.0, 1.0]","[0.04179967, 0.10675447, 0.23141544, 0.40651096, 0.50797445, 0.65020509]","[0.00011797, 0.00011797, 0.00011797, 0.00011797, 0.00011797, 0.00011525]","[4.9313e-06, 1.25943e-05, 2.73011e-05, 4.79579e-05, 5.9928e-05, 7.49332e-05]"
6388,Bulker,38180.0,7,AUCKLAND,0.000266924,"[1.0, 1.0, 1.0, 1.0, 1.0, 1.0]","[0.03594487, 0.12984885, 0.27972853, 0.44746845, 0.67678372, 0.7404967]","[9.704e-05, 0.00013195, 0.00013195, 0.00013195, 0.0001061, 0.0001061]","[3.4882e-06, 1.71338e-05, 3.69108e-05, 5.90444e-05, 7.18071e-05, 7.85671e-05]"
6390,General Cargo,38131.0,5,AUCKLAND,0.0002396979,"[1.0, 1.0, 1.0, 1.0]","[0.43378366, 0.5093778, 0.55089146, 0.69677557]","[9.871e-05, 9.871e-05, 0.00013195, 0.0001061]","[4.28188e-05, 5.02807e-05, 7.26913e-05, 7.39283e-05]"
6397,General Cargo,63477.0,6,WELLINGTON,0.000303818,"[1.0, 1.0, 1.0, 1.0, 0.999998]","[0.28242544, 0.38661074, 0.42129012, 0.4407417, 0.87722501]","[0.00011797, 0.00011797, 0.00011797, 0.00011797, 0.00014047]","[3.3319e-05, 4.56102e-05, 4.97015e-05, 5.19963e-05, 0.0001232253]"
6404,Bulker,37609.0,5,AUCKLAND,0.0003313261,"[0.999965, 0.999998, 1.0, 1.0]","[0.2798232, 0.54339364, 0.73305064, 0.85947433]","[0.00013371, 0.00013088, 0.00013992, 0.00013992]","[3.74134e-05, 7.11186e-05, 0.0001025718, 0.0001202616]"
6405,Bulker,37609.0,7,NELSON,0.0002472848,"[1.0, 1.0, 1.0, 1.0, 1.0, 0.999986]","[0.04122377, 0.10311039, 0.25764024, 0.47922916, 0.56780456, 0.87449446]","[0.00012132, 0.00012132, 0.00010536, 0.00010536, 0.00010536, 0.00010558]","[5.0015e-06, 1.25098e-05, 2.71462e-05, 5.04938e-05, 5.98265e-05, 9.23298e-05]"
6413,Tanker,12699.0,7,TAURANGA,0.0002436926,"[1.0, 1.0, 1.0, 0.999999, 0.999961, 1.0]","[0.01323481, 0.03769209, 0.10629211, 0.31960944, 0.64110753, 0.85493172]","[0.00011063, 0.00011063, 0.00011063, 0.00013088, 0.00013371, 0.00011553]","[1.4642e-06, 4.1699e-06, 1.17591e-05, 4.183e-05, 8.57181e-05, 9.87716e-05]"
6418,Bulker,37655.0,6,GISBORNE,0.0003487937,"[1.0, 1.0, 1.0, 1.0, 0.99999]","[0.14087945, 0.31012225, 0.5428281, 0.71760257, 0.90323941]","[0.00013992, 0.00013992, 0.00013088, 0.00013088, 0.00013371]","[1.97125e-05, 4.33937e-05, 7.10447e-05, 9.39189e-05, 0.0001207694]"
6428,Bulker,33963.0,6,LYTTELTON,0.0002419295,"[1.0, 1.0, 1.0, 1.0, 0.999988]","[0.09590757, 0.20208922, 0.42744428, 0.53198978, 0.64035685]","[8.776e-05, 8.776e-05, 0.00013117, 0.00013117, 0.00014047]","[8.4168e-06, 1.77352e-05, 5.60671e-05, 6.97802e-05, 8.99512e-05]"
6429,Bulker,33963.0,6,AUCKLAND,0.0002493392,"[1.0, 1.0, 1.0, 1.0, 1.0]","[0.11477212, 0.25605563, 0.4550957, 0.59999885, 0.6719388]","[9.871e-05, 9.871e-05, 9.871e-05, 0.00013195, 0.00013195]","[1.13292e-05, 2.52753e-05, 4.49225e-05, 7.91711e-05, 8.86637e-05]"
6432,Bulker,33963.0,6,WELLINGTON,0.000203719,"[1.0, 1.0, 1.0, 1.0, 0.999994]","[0.08483407, 0.19093537, 0.31627186, 0.41059683, 0.88736725]","[0.00012132, 0.00012132, 0.00010536, 0.00010536, 0.00010558]","[1.02925e-05, 2.31652e-05, 3.33239e-05, 4.32624e-05, 9.36896e-05]"
6433,Bulker,33963.0,5,AUCKLAND,0.0002663387,"[1.0, 1.0, 1.0, 1.0]","[0.27209347, 0.47221782, 0.5913125, 0.683021]","[0.00013195, 0.00013195, 0.00013195, 0.00013195]","[3.59033e-05, 6.23101e-05, 7.80249e-05, 9.01261e-05]"
6435,Bulker,33963.0,6,TAURANGA,0.0002863589,"[1.0, 1.0, 0.999999, 1.0, 0.999948]","[0.10343686, 0.21884763, 0.45049744, 0.74405642, 0.91174371]","[0.00013992, 0.00013992, 0.00013088, 0.00010291, 0.00011601]","[1.44734e-05, 3.06222e-05, 5.89605e-05, 7.65698e-05, 0.0001057633]"
6437,Bulker,34491.0,7,GISBORNE,0.000344863,"[1.0, 1.0, 0.999999, 1.0, 1.0, 1.0]","[0.05411674, 0.14476392, 0.34906231, 0.65755354, 0.82848293, 0.87409862]","[0.00011637, 0.00013992, 0.00013088, 0.00011553, 0.00011553, 0.00011553]","[6.2978e-06, 2.0256e-05, 4.56848e-05, 7.59682e-05, 9.57159e-05, 0.000100986]"
6439,Bulker,34491.0,7,WELLINGTON,0.000249639,"[1.0, 1.0, 1.0, 1.0, 0.999994, 0.999949]","[0.03938168, 0.10154332, 0.21431253, 0.44868324, 0.77020121, 0.88226565]","[0.00012132, 0.00012132, 0.00010536, 7.916e-05, 0.00010558, 0.00010558]","[4.778e-06, 1.23197e-05, 2.2581e-05, 3.5517e-05, 8.13191e-05, 9.31468e-05]"
6449,Tanker,12707.0,5,NEW PLYMOUTH,0.0002906644,"[0.999961, 0.999962, 1.0, 0.999996]","[0.1579448, 0.36794314, 0.69791647, 0.8918443]","[0.00014047, 0.00014047, 0.00013117, 0.00014047]","[2.2186e-05, 5.16838e-05, 9.15445e-05, 0.0001252788]"
6451,Tanker,50018.0,6,TAURANGA,0.000176509,"[1.0, 1.0, 1.0, 1.0, 1.0]","[0.01638225, 0.0813053, 0.27954044, 0.52243482, 0.68357083]","[0.00011063, 0.0001061, 0.0001061, 0.00011637, 0.00011063]","[1.8124e-06, 8.6265e-06, 2.96594e-05, 6.07977e-05, 7.56234e-05]"
6453,Bulker,37687.0,5,NEW PLYMOUTH,0.000184935,"[1.0, 1.0, 1.0, 1.0]","[0.19708505, 0.38088515, 0.47862899, 0.51109015]","[0.00011797, 0.00011797, 0.00011797, 0.00011797]","[2.3251e-05, 4.49347e-05, 5.6466e-05, 6.02956e-05]"
6455,Bulker,37687.0,7,NAPIER,0.0001587882,"[1.0, 1.0, 1.0, 1.0, 1.0, 1.0]","[0.03592929, 0.0868496, 0.19298674, 0.31509722, 0.47038519, 0.83503279]","[8.906e-05, 8.906e-05, 8.906e-05, 8.906e-05, 8.382e-05, 7.567e-05]","[3.2e-06, 7.7352e-06, 1.71882e-05, 2.80638e-05, 3.9426e-05, 6.31843e-05]"
6456,Tanker,49853.0,5,TAURANGA,0.0002048987,"[1.0, 1.0, 1.0, 1.0]","[0.07180567, 0.32931587, 0.66045702, 0.70545779]","[0.00011637, 0.00011623, 9.871e-05, 0.00013195]","[8.3563e-06, 3.82757e-05, 6.51938e-05, 9.30866e-05]"
6457,General Cargo,20202.0,7,TAURANGA,0.0003545535,"[1.0, 1.0, 1.0, 0.999999, 0.999961, 0.999989]","[0.15374031, 0.2137047, 0.27632608, 0.55895922, 0.68268383, 0.85953327]","[0.00011688, 0.00011688, 0.00011688, 0.00013088, 0.00013371, 0.00013371]","[1.79691e-05, 2.49777e-05, 3.22969e-05, 7.31558e-05, 9.12769e-05, 0.0001149255]"
6473,Tanker,12488.0,7,TIMARU,0.0002509664,"[1.0, 1.0, 1.0, 0.999861, 0.999993, 0.999973]","[0.0134744, 0.04044967, 0.11946713, 0.37155299, 0.67927788, 0.89360488]","[8.288e-05, 8.382e-05, 8.382e-05, 0.00010558, 0.00010558, 0.00014047]","[1.1168e-06, 3.3903e-06, 1.00133e-05, 3.92239e-05, 7.17192e-05, 0.0001255231]"
6475,Bulker,64640.0,5,WELLINGTON,0.0001788788,"[1.0, 1.0, 1.0, 1.0]","[0.24829624, 0.53589854, 0.65975397, 0.69036604]","[8.382e-05, 8.382e-05, 8.382e-05, 8.382e-05]","[2.08113e-05, 4.4917e-05, 5.52981e-05, 5.78639e-05]"
6485,Reefer,12374.0,5,AUCKLAND,0.0002359932,"[1.0, 1.0, 1.0, 1.0]","[0.33441549, 0.44325505, 0.52721569, 0.68309085]","[0.0001061, 0.00013195, 0.00013195, 0.0001061]","[3.54817e-05, 5.84884e-05, 6.95672e-05, 7.24763e-05]"
6486,Reefer,12374.0,6,AUCKLAND,0.0002824204,"[1.0, 1.0, 1.0, 1.0, 1.0]","[0.28137995, 0.37954277, 0.45800996, 0.53465629, 0.67418386]","[0.0001061, 0.00013195, 0.00013195, 0.00013195, 0.0001061]","[2.98546e-05, 5.00815e-05, 6.04354e-05, 7.0549e-05, 7.15313e-05]"
6487,Reefer,12374.0,7,AUCKLAND,0.0003175268,"[1.0, 1.0, 1.0, 1.0, 1.0, 1.0]","[0.21562588, 0.31631975, 0.39022159, 0.4690141, 0.57322205, 0.68972033]","[0.00013195, 0.00013195, 0.00013195, 0.00013195, 0.0001061, 0.0001061]","[2.84523e-05, 4.17391e-05, 5.14906e-05, 6.18874e-05, 6.08192e-05, 7.31797e-05]"
6488,Reefer,12374.0,7,AUCKLAND,0.0002853131,"[1.0, 1.0, 1.0, 1.0, 1.0, 1.0]","[0.23142015, 0.28746584, 0.35996253, 0.45206224, 0.53256915, 0.68036961]","[0.00013195, 0.00013195, 0.00013195, 9.871e-05, 9.871e-05, 0.0001061]","[3.05364e-05, 3.79317e-05, 4.74978e-05, 4.46231e-05, 5.25699e-05, 7.21876e-05]"
6489,Reefer,12374.0,7,AUCKLAND,0.0003026765,"[1.0, 1.0, 1.0, 1.0, 1.0, 1.0]","[0.2424742, 0.30684818, 0.39302722, 0.51034502, 0.607479, 0.6864462]","[0.00013195, 0.00013195, 9.871e-05, 0.0001061, 0.0001061, 0.0001061]","[3.1995e-05, 4.04893e-05, 3.87957e-05, 5.41479e-05, 6.44538e-05, 7.28323e-05]"
6490,Reefer,12374.0,6,AUCKLAND,0.00027281,"[1.0, 1.0, 1.0, 1.0, 1.0]","[0.280777, 0.35234239, 0.42641959, 0.57643216, 0.6773882]","[0.00013195, 0.00013195, 0.00013195, 0.0001061, 0.0001061]","[3.70491e-05, 4.64923e-05, 5.6267e-05, 6.11598e-05, 7.18712e-05]"
6491,Reefer,12374.0,5,AUCKLAND,0.0002357303,"[1.0, 1.0, 1.0, 1.0]","[0.34471428, 0.42645947, 0.57374044, 0.6891458]","[0.00013195, 0.00013195, 0.0001061, 0.0001061]","[4.54858e-05, 5.62722e-05, 6.08742e-05, 7.31187e-05]"
6492,Reefer,12374.0,7,AUCKLAND,0.0002940603,"[1.0, 1.0, 1.0, 1.0, 1.0, 1.0]","[0.21541515, 0.27894624, 0.37381224, 0.45389323, 0.57572873, 0.67238843]","[0.0001061, 0.0001061, 0.00013195, 0.00013195, 0.0001061, 0.0001061]","[2.28557e-05, 2.95963e-05, 4.93253e-05, 5.98922e-05, 6.10851e-05, 7.13408e-05]"
6493,Reefer,12374.0,6,LYTTELTON,0.0002059895,"[1.0, 1.0, 1.0, 1.0, 1.0]","[0.26872194, 0.34301471, 0.45121343, 0.53782892, 0.67424004]","[7.916e-05, 7.916e-05, 0.00010536, 0.00010536, 7.916e-05]","[2.12716e-05, 2.71525e-05, 4.7542e-05, 5.66682e-05, 5.33717e-05]"
6495,Reefer,12374.0,5,AUCKLAND,0.0002278383,"[1.0, 1.0, 1.0, 1.0]","[0.34359411, 0.43115406, 0.53419127, 0.68706428]","[0.00013195, 0.00013195, 9.871e-05, 0.0001061]","[4.5338e-05, 5.68917e-05, 5.27301e-05, 7.28979e-05]"
6497,Reefer,12374.0,5,AUCKLAND,0.0002652751,"[1.0, 1.0, 1.0, 1.0]","[0.35820444, 0.45146982, 0.54411313, 0.65679888]","[0.00013195, 0.00013195, 0.00013195, 0.00013195]","[4.72658e-05, 5.95724e-05, 7.17969e-05, 8.6666e-05]"
6501,Reefer,12374.0,5,AUCKLAND,0.000228529,"[1.0, 1.0, 1.0, 1.0]","[0.34863915, 0.42821005, 0.53929713, 0.68621171]","[0.00013195, 0.00013195, 9.871e-05, 0.0001061]","[4.60037e-05, 5.65032e-05, 5.32341e-05, 7.28074e-05]"
6509,Bulker,37707.0,7,GISBORNE,0.0002955152,"[1.0, 1.0, 1.0, 1.0, 1.0, 1.0]","[0.03660892, 0.09184301, 0.22201936, 0.37050826, 0.69859093, 0.86743247]","[0.00011688, 0.00011688, 0.00011688, 0.00011688, 0.00013992, 0.00013088]","[4.2788e-06, 1.07346e-05, 2.59495e-05, 4.33049e-05, 9.775e-05, 0.0001135284]"
6510,Bulker,37707.0,7,PORT CHALMERS,0.0003575996,"[1.0, 1.0, 1.0, 0.999996, 0.999772, 0.999973]","[0.05021389, 0.15153556, 0.33083305, 0.61658396, 0.8564246, 0.89672957]","[7.916e-05, 8.776e-05, 8.776e-05, 0.00010558, 0.00014047, 0.00014047]","[3.9748e-06, 1.32987e-05, 2.90337e-05, 6.51001e-05, 0.0001202763, 0.0001259621]"
6511,Bulker,37707.0,7,PORT CHALMERS,0.0003089595,"[1.0, 0.999996, 0.9999, 0.999833, 0.999994, 1.0]","[0.04092919, 0.13625948, 0.31156575, 0.56166176, 0.70174427, 0.76702623]","[7.916e-05, 0.00010558, 0.00010558, 0.00010558, 0.00014047, 0.00013117]","[3.2399e-06, 1.43865e-05, 3.28925e-05, 5.92916e-05, 9.85749e-05, 0.0001006095]"
6512,Bulker,37707.0,5,GISBORNE,0.0003282097,"[1.0, 1.0, 1.0, 0.99999]","[0.27936895, 0.67541363, 0.80391504, 0.90104421]","[0.00013195, 0.00011553, 0.00011553, 0.00013371]","[3.68633e-05, 7.80316e-05, 9.28775e-05, 0.0001204759]"
6519,Bulker,63400.0,5,TAURANGA,0.000263844,"[1.0, 1.0, 1.0, 1.0]","[0.21131348, 0.47199615, 0.57173292, 0.60512716]","[0.00011886, 0.0001448, 0.0001448, 0.0001448]","[2.51176e-05, 6.83442e-05, 8.27859e-05, 8.76213e-05]"
6521,Tanker,52825.0,6,NEW PLYMOUTH,0.0001431378,"[1.0, 0.999999, 1.0, 1.0, 1.0]","[0.01453743, 0.09187275, 0.32273948, 0.51064234, 0.71801367]","[0.00012132, 8.776e-05, 8.776e-05, 8.776e-05, 8.382e-05]","[1.7637e-06, 8.0627e-06, 2.83234e-05, 4.48137e-05, 6.01813e-05]"
6526,Bulker,61087.0,5,TAURANGA,0.0001795651,"[1.0, 1.0, 1.0, 1.0]","[0.20220523, 0.34242908, 0.43208724, 0.45737576]","[0.00013982, 0.00013982, 0.00012123, 0.00011161]","[2.82716e-05, 4.78772e-05, 5.23817e-05, 5.10465e-05]"
6531,Bulker,37520.0,7,NAPIER,0.0003559994,"[1.0, 1.0, 0.999996, 0.999982, 0.999997, 0.999999]","[0.06044227, 0.15427554, 0.35001793, 0.61415637, 0.78173693, 0.89407314]","[8.776e-05, 8.776e-05, 0.00010558, 0.00010558, 0.00014047, 0.00014047]","[5.3044e-06, 1.35391e-05, 3.69555e-05, 6.48428e-05, 0.0001098119, 0.0001255923]"
6532,Bulker,37520.0,6,WELLINGTON,0.000385258,"[1.0, 0.999994, 0.999982, 0.999998, 1.0]","[0.15781691, 0.35599734, 0.62782713, 0.859147, 0.88985119]","[8.776e-05, 0.00010558, 0.00014047, 0.00014047, 0.00014047]","[1.38499e-05, 3.75868e-05, 8.81906e-05, 0.0001206859, 0.0001249992]"
6535,Bulker,37520.0,5,NAPIER,0.0002022416,"[1.0, 1.0, 1.0, 0.999996]","[0.19166183, 0.36862006, 0.46783146, 0.88962876]","[0.00010536, 0.00010536, 0.00010536, 0.00010558]","[2.01944e-05, 3.88395e-05, 4.92929e-05, 9.39286e-05]"
6536,Bulker,37520.0,6,AUCKLAND,0.0002727831,"[1.0, 1.0, 1.0, 1.0, 1.0]","[0.11438088, 0.25914077, 0.48755486, 0.62326498, 0.67725368]","[9.871e-05, 9.871e-05, 0.00013195, 0.00013195, 0.00013195]","[1.12905e-05, 2.55798e-05, 6.43339e-05, 8.22411e-05, 8.93651e-05]"
6537,Bulker,37520.0,5,AUCKLAND,0.0002467187,"[1.0, 1.0, 1.0, 1.0]","[0.27297866, 0.49047036, 0.61128805, 0.68751771]","[9.871e-05, 9.871e-05, 0.00013195, 0.00013195]","[2.69457e-05, 4.84144e-05, 8.06607e-05, 9.07194e-05]"
6546,General Cargo,17961.0,7,AUCKLAND,0.0004778848,"[1.0, 1.0, 1.0, 0.999998, 0.999913, 0.999965]","[0.30523871, 0.39493595, 0.52644557, 0.65275432, 0.76400617, 0.88828618]","[0.00013992, 0.00013992, 0.00013992, 0.00013088, 0.00013371, 0.00013371]","[4.27104e-05, 5.52612e-05, 7.36627e-05, 8.54315e-05, 0.0001021451, 0.0001187671]"
6550,Bulker,38114.0,6,TAURANGA,0.0003312267,"[1.0, 0.999998, 1.0, 0.999968, 0.999999]","[0.12009238, 0.28920195, 0.51150319, 0.74149694, 0.8668834]","[0.00011553, 0.00013088, 0.00013088, 0.00013371, 0.00013088]","[1.38745e-05, 3.78503e-05, 6.69449e-05, 9.91411e-05, 0.0001134565]"
6552,Bulker,38114.0,6,NEW PLYMOUTH,0.0001736465,"[1.0, 1.0, 1.0, 1.0, 1.0]","[0.10881314, 0.25044791, 0.46196003, 0.59348147, 0.70606889]","[8.382e-05, 8.382e-05, 7.916e-05, 7.916e-05, 8.498e-05]","[9.1203e-06, 2.09916e-05, 3.6568e-05, 4.6979e-05, 5.99988e-05]"
6555,Bulker,37391.0,6,TAURANGA,0.0003256999,"[1.0, 1.0, 1.0, 1.0, 0.999968]","[0.14648978, 0.30452834, 0.49429822, 0.60393464, 0.9073206]","[0.00013195, 0.00013195, 0.00013195, 0.00013195, 0.00013371]","[1.93296e-05, 4.01832e-05, 6.52237e-05, 7.96905e-05, 0.0001213124]"
6556,Bulker,63125.0,5,TAURANGA,0.0002029959,"[1.0, 1.0, 1.0, 1.0]","[0.21526937, 0.40561499, 0.4386111, 0.67601952]","[0.00013982, 0.00012123, 0.00011161, 0.00011063]","[3.00982e-05, 4.91725e-05, 4.89522e-05, 7.4788e-05]"
6559,Bulker,37987.0,7,TAURANGA,0.0002481164,"[1.0, 1.0, 1.0, 1.0, 1.0, 1.0]","[0.0441463, 0.11318099, 0.2501103, 0.42326317, 0.61442619, 0.63399819]","[0.00012152, 0.00011482, 0.00012152, 0.00012152, 0.00011482, 0.00012209]","[5.3645e-06, 1.29954e-05, 3.03923e-05, 5.14332e-05, 7.05481e-05, 7.74063e-05]"
6560,Bulker,37987.0,6,TAURANGA,0.0003644766,"[1.0, 0.999989, 0.999968, 0.999999, 0.999999]","[0.12241333, 0.32269334, 0.59609009, 0.82216444, 0.89355936]","[0.00013992, 0.00013371, 0.00013371, 0.00013088, 0.00013088]","[1.71286e-05, 4.31463e-05, 7.96996e-05, 0.0001076037, 0.0001169478]"
6561,Bulker,37987.0,5,NEW PLYMOUTH,0.0001573382,"[1.0, 1.0, 1.0, 1.0]","[0.17644724, 0.29609298, 0.44942018, 0.52779315]","[8.901e-05, 8.901e-05, 0.00011797, 0.00011797]","[1.57055e-05, 2.63551e-05, 5.30201e-05, 6.22661e-05]"
6565,Reefer,12354.0,7,AUCKLAND,0.0003076426,"[1.0, 1.0, 1.0, 1.0, 1.0, 1.0]","[0.22839032, 0.31190689, 0.38697511, 0.50439503, 0.61058033, 0.6873721]","[0.0001061, 0.00013195, 0.00013195, 0.0001061, 0.0001061, 0.0001061]","[2.42323e-05, 4.11568e-05, 5.10622e-05, 5.35166e-05, 6.47829e-05, 7.29305e-05]"
6566,Reefer,12354.0,7,AUCKLAND,0.0002980896,"[1.0, 1.0, 1.0, 1.0, 1.0, 1.0]","[0.21923812, 0.28298046, 0.37919134, 0.46103752, 0.58531811, 0.67735292]","[0.0001061, 0.0001061, 0.00013195, 0.00013195, 0.0001061, 0.0001061]","[2.32613e-05, 3.00244e-05, 5.00351e-05, 6.08349e-05, 6.21026e-05, 7.18675e-05]"
6567,Reefer,12354.0,6,TAURANGA,0.0003141675,"[1.0, 1.0, 1.0, 1.0, 1.0]","[0.29455434, 0.36621363, 0.48240737, 0.57869663, 0.65934205]","[0.00013195, 0.00013195, 0.00013195, 0.00013195, 0.00013195]","[3.88671e-05, 4.83227e-05, 6.36547e-05, 7.63602e-05, 8.70016e-05]"
6568,Reefer,12354.0,6,NELSON,0.0002373532,"[1.0, 1.0, 1.0, 1.0, 1.0]","[0.27200305, 0.33751412, 0.46277887, 0.54570138, 0.63489467]","[0.00010536, 0.00010536, 0.00010536, 0.00010536, 0.00010536]","[2.86595e-05, 3.55621e-05, 4.87605e-05, 5.74976e-05, 6.68955e-05]"
6571,Reefer,12354.0,5,AUCKLAND,0.0002155559,"[1.0, 1.0, 1.0, 1.0]","[0.28047651, 0.36913094, 0.56427871, 0.65961683]","[0.00013195, 0.00013195, 0.0001061, 0.0001061]","[3.70095e-05, 4.87076e-05, 5.98703e-05, 6.99857e-05]"
6572,Reefer,12354.0,6,AUCKLAND,0.0002795254,"[1.0, 1.0, 1.0, 1.0, 1.0]","[0.28805228, 0.38693793, 0.47235358, 0.59201548, 0.68609592]","[0.0001061, 0.00013195, 0.00013195, 0.0001061, 0.0001061]","[3.05625e-05, 5.10573e-05, 6.23281e-05, 6.28132e-05, 7.27951e-05]"
6573,Reefer,12354.0,5,AUCKLAND,0.0002456474,"[1.0, 1.0, 1.0, 1.0]","[0.32882004, 0.43065276, 0.55209547, 0.68430868]","[0.00013195, 0.00013195, 0.00013195, 0.0001061]","[4.33885e-05, 5.68255e-05, 7.28502e-05, 7.26055e-05]"
6574,Reefer,12354.0,5,AUCKLAND,0.0002302622,"[1.0, 1.0, 1.0, 1.0]","[0.35827335, 0.43759741, 0.53413285, 0.68369878]","[0.00013195, 0.00013195, 9.871e-05, 0.0001061]","[4.72749e-05, 5.77419e-05, 5.27243e-05, 7.25408e-05]"
6575,Reefer,12354.0,5,TAURANGA,0.0002617695,"[1.0, 1.0, 1.0, 1.0]","[0.36499529, 0.44346773, 0.53176432, 0.64378669]","[0.00013195, 0.00013195, 0.00013195, 0.00013195]","[4.81619e-05, 5.85165e-05, 7.01674e-05, 8.4949e-05]"
6576,Reefer,12354.0,7,AUCKLAND,0.0002694634,"[1.0, 1.0, 1.0, 1.0, 1.0, 1.0]","[0.15670022, 0.19970865, 0.29359509, 0.39059667, 0.57067458, 0.6751551]","[0.00013195, 0.00013195, 0.00013195, 0.00013195, 0.0001061, 0.0001061]","[2.06769e-05, 2.6352e-05, 3.87405e-05, 5.15401e-05, 6.05489e-05, 7.16343e-05]"
6578,Reefer,12354.0,5,AUCKLAND,0.0002363999,"[1.0, 1.0, 1.0, 1.0]","[0.33444011, 0.4472102, 0.52924675, 0.67945597]","[0.0001061, 0.00013195, 0.00013195, 0.0001061]","[3.54843e-05, 5.90103e-05, 6.98352e-05, 7.20906e-05]"
6579,Reefer,12354.0,5,AUCKLAND,0.0002401354,"[1.0, 1.0, 1.0, 1.0]","[0.34339493, 0.45489777, 0.53884473, 0.68421745]","[0.0001061, 0.00013195, 0.00013195, 0.0001061]","[3.64344e-05, 6.00247e-05, 7.11017e-05, 7.25958e-05]"
6580,Reefer,12354.0,6,AUCKLAND,0.0002554664,"[1.0, 1.0, 1.0, 1.0, 1.0]","[0.29023416, 0.36217289, 0.4532954, 0.53403765, 0.67809277]","[0.00013195, 0.00013195, 9.871e-05, 9.871e-05, 0.0001061]","[3.8297e-05, 4.77895e-05, 4.47448e-05, 5.27149e-05, 7.1946e-05]"
6582,Reefer,12354.0,5,AUCKLAND,0.0002299245,"[1.0, 1.0, 1.0, 1.0]","[0.35060586, 0.43428488, 0.54192053, 0.68692545]","[0.00013195, 0.00013195, 9.871e-05, 0.0001061]","[4.62632e-05, 5.73048e-05, 5.3493e-05, 7.28832e-05]"
6584,Reefer,12354.0,6,AUCKLAND,0.0002662297,"[1.0, 1.0, 1.0, 1.0, 1.0]","[0.22807935, 0.33878688, 0.44671337, 0.52917362, 0.67337953]","[0.00013195, 0.0001061, 0.00013195, 0.00013195, 0.0001061]","[3.00956e-05, 3.59455e-05, 5.89448e-05, 6.98256e-05, 7.14459e-05]"
6585,Reefer,12354.0,7,AUCKLAND,0.0002969584,"[1.0, 1.0, 1.0, 1.0, 1.0, 1.0]","[0.20502156, 0.28025602, 0.34884259, 0.43749846, 0.57985612, 0.68782477]","[0.0001061, 0.00013195, 0.00013195, 0.00013195, 0.0001061, 0.0001061]","[2.17529e-05, 3.69804e-05, 4.60305e-05, 5.77288e-05, 6.1523e-05, 7.29786e-05]"
6588,Bulker,37636.0,6,GISBORNE,0.0003237284,"[1.0, 0.999998, 1.0, 1.0, 1.0]","[0.1466984, 0.35910172, 0.62171056, 0.72980966, 0.86911834]","[0.00013088, 0.00013371, 0.00011553, 0.00011553, 0.00011553]","[1.91997e-05, 4.80148e-05, 7.18272e-05, 8.4316e-05, 0.0001004106]"
6591,Bulker,37636.0,6,GISBORNE,0.000303111,"[1.0, 1.0, 1.0, 1.0, 0.999998]","[0.09708644, 0.20357913, 0.38583286, 0.78670235, 0.89705093]","[0.00011688, 0.00011688, 0.00011688, 0.00013088, 0.00013371]","[1.13474e-05, 2.37942e-05, 4.5096e-05, 0.0001029626, 0.0001199428]"
6593,Bulker,37704.0,6,NEW PLYMOUTH,0.0004314545,"[1.0, 1.0, 0.999999, 0.999996, 0.999986]","[0.18557883, 0.40713044, 0.73803365, 0.87377552, 0.90671604]","[0.00013117, 0.00013117, 0.00014047, 0.00014047, 0.00014047]","[2.43421e-05, 5.34026e-05, 0.0001036731, 0.0001227407, 0.0001273665]"
6595,Bulker,37704.0,7,GISBORNE,0.0003785479,"[1.0, 1.0, 1.0, 1.0, 1.0, 0.99999]","[0.03976681, 0.11945298, 0.37261973, 0.65284298, 0.78282063, 0.90314158]","[9.871e-05, 0.00011623, 0.00013992, 0.00013088, 0.00013088, 0.00013371]","[3.9254e-06, 1.38838e-05, 5.21387e-05, 8.54433e-05, 0.0001024545, 0.0001207563]"
6597,Bulker,37704.0,5,NEW PLYMOUTH,0.0002335362,"[1.0, 1.0, 1.0, 1.0]","[0.32621617, 0.533389, 0.6601032, 0.69693768]","[0.00010536, 0.00010536, 0.00010536, 0.00010536]","[3.43717e-05, 5.62004e-05, 6.95516e-05, 7.34326e-05]"
6598,Bulker,37704.0,6,PORT CHALMERS,0.0003112427,"[1.0, 1.0, 1.0, 0.999772, 0.9999]","[0.09597839, 0.21078819, 0.55978607, 0.813128, 0.91249201]","[8.906e-05, 8.906e-05, 0.00013117, 0.00014047, 0.00010558]","[8.5482e-06, 1.87737e-05, 7.34262e-05, 0.0001141958, 9.63333e-05]"
6601,Tanker,49812.0,5,NEW PLYMOUTH,0.0001663564,"[1.0, 1.0, 1.0, 0.999975]","[0.06517729, 0.23307003, 0.57864201, 0.78349416]","[0.00010536, 0.00012132, 8.382e-05, 0.00010558]","[6.8674e-06, 2.82772e-05, 4.84996e-05, 8.2721e-05]"
6602,Tanker,49812.0,5,LYTTELTON,0.0001203326,"[1.0, 0.99999, 1.0, 1.0]","[0.06585129, 0.23220454, 0.46125675, 0.6866195]","[8.814e-05, 8.814e-05, 7.917e-05, 8.382e-05]","[5.8039e-06, 2.04655e-05, 3.6518e-05, 5.75499e-05]"
6607,General Cargo,14011.0,5,TAURANGA,0.0001647237,"[1.0, 1.0, 1.0, 1.0]","[0.21365028, 0.27491036, 0.4317189, 0.55416092]","[9.591e-05, 0.00012123, 0.0001448, 8.735e-05]","[2.04908e-05, 3.33272e-05, 6.25121e-05, 4.84033e-05]"
6613,Bulker,64229.0,5,LYTTELTON,0.0002232993,"[1.0, 1.0, 1.0, 1.0]","[0.28432199, 0.48004439, 0.54146808, 0.58709615]","[0.00011797, 0.00011797, 0.00011797, 0.00011797]","[3.35428e-05, 5.6633e-05, 6.38794e-05, 6.92624e-05]"
6616,Bulker,37555.0,5,PORT CHALMERS,0.0002313155,"[1.0, 1.0, 1.0, 0.999994]","[0.19672915, 0.36458355, 0.42142387, 0.88734832]","[0.00012132, 0.00010536, 0.00010536, 0.00014047]","[2.38681e-05, 3.84142e-05, 4.44032e-05, 0.000124647]"
6618,Bulker,37555.0,7,GISBORNE,0.0004021047,"[1.0, 0.999998, 0.99999, 1.0, 1.0, 1.0]","[0.06660612, 0.17111131, 0.39275546, 0.6646817, 0.81087668, 0.84777273]","[0.00011553, 0.00013371, 0.00013371, 0.00013088, 0.00013992, 0.00013992]","[7.6951e-06, 2.28789e-05, 5.25141e-05, 8.69927e-05, 0.0001134616, 0.0001186242]"
6621,Bulker,63666.0,7,WELLINGTON,0.0003793083,"[0.999949, 0.999997, 0.999998, 1.0, 1.0, 1.0]","[0.05372608, 0.16083722, 0.38164271, 0.6263876, 0.76027284, 0.83690058]","[0.00010558, 0.00014047, 0.00014047, 0.00014047, 0.00013117, 0.00013117]","[5.6722e-06, 2.25931e-05, 5.361e-05, 8.79899e-05, 9.97237e-05, 0.0001097748]"
6629,Bulker,42446.0,5,GISBORNE,0.0002973275,"[1.0, 1.0, 1.0, 0.999991]","[0.25575066, 0.46089483, 0.67326451, 0.89929713]","[0.00013992, 0.00013665, 0.00011637, 0.00013371]","[3.57858e-05, 6.29802e-05, 7.83503e-05, 0.0001202424]"
6631,Bulker,42446.0,7,WELLINGTON,0.0002744059,"[1.0, 1.0, 1.0, 1.0, 1.0, 0.999949]","[0.04293599, 0.11241178, 0.26139867, 0.66347608, 0.77895126, 0.92147148]","[0.00012132, 0.00012132, 0.00012132, 8.776e-05, 8.776e-05, 0.00010558]","[5.2092e-06, 1.36383e-05, 3.17141e-05, 5.82263e-05, 6.83603e-05, 9.7286e-05]"
6632,Bulker,42446.0,7,TIMARU,0.0002418386,"[1.0, 1.0, 1.0, 1.0, 1.0, 0.999861]","[0.04579489, 0.12816411, 0.29226011, 0.48099246, 0.54696297, 0.77345191]","[0.00012132, 0.00012132, 0.00010536, 0.00010536, 0.00010536, 0.00010558]","[5.5561e-06, 1.55495e-05, 3.07939e-05, 5.06796e-05, 5.76306e-05, 8.16514e-05]"
6633,Bulker,42446.0,6,PORT CHALMERS,0.0002826562,"[0.999996, 0.9999, 0.999973, 1.0, 0.999833]","[0.11431423, 0.28104409, 0.51291656, 0.64652801, 0.79660862]","[0.00010558, 0.00010558, 0.00014047, 0.00013117, 0.00010558]","[1.20695e-05, 2.96703e-05, 7.20485e-05, 8.48039e-05, 8.40937e-05]"
6636,Bulker,42446.0,7,LYTTELTON,0.0003892877,"[1.0, 1.0, 0.999915, 0.999885, 0.999988, 0.999991]","[0.06349515, 0.16240121, 0.37635482, 0.67328859, 0.80951591, 0.86499335]","[8.776e-05, 8.776e-05, 0.00010558, 0.00014047, 0.00014047, 0.00014047]","[5.5723e-06, 1.42522e-05, 3.9733e-05, 9.45674e-05, 0.0001137131, 0.0001215063]"
6643,Bulker,42446.0,7,LYTTELTON,0.0002697035,"[1.0, 1.0, 1.0, 1.0, 1.0, 0.999915]","[0.04714044, 0.13028061, 0.29793896, 0.69390234, 0.81086717, 0.90358648]","[0.00010536, 0.00010536, 7.916e-05, 8.776e-05, 8.776e-05, 0.00010558]","[4.9669e-06, 1.3727e-05, 2.35844e-05, 6.08965e-05, 7.11612e-05, 9.53945e-05]"
6646,Bulker,42446.0,6,GISBORNE,0.0003769833,"[1.0, 0.99999, 1.0, 1.0, 1.0]","[0.12154982, 0.38608306, 0.67319197, 0.79766171, 0.84891168]","[0.00011623, 0.00013371, 0.00013088, 0.00013088, 0.00013992]","[1.41275e-05, 5.1622e-05, 8.81065e-05, 0.0001043969, 0.0001187836]"
6647,Bulker,42446.0,6,NAPIER,0.0003862189,"[0.999982, 0.999999, 0.999999, 1.0, 1.0]","[0.14646945, 0.38512315, 0.63356492, 0.8096188, 0.86899597]","[0.00010558, 0.00014047, 0.00014047, 0.00014047, 0.00013117]","[1.54643e-05, 5.4099e-05, 8.89982e-05, 0.0001137289, 0.0001139847]"
6650,Bulker,42446.0,6,NAPIER,0.0002511559,"[1.0, 1.0, 1.0, 1.0, 0.999982]","[0.0992528, 0.23675402, 0.59646888, 0.70337448, 0.91247756]","[0.00012132, 0.00012132, 8.776e-05, 8.776e-05, 0.00010558]","[1.20418e-05, 2.87241e-05, 5.23458e-05, 6.17277e-05, 9.63396e-05]"
6652,Bulker,42446.0,5,PORT CHALMERS,0.0002602061,"[1.0, 1.0, 1.0, 0.9999]","[0.30567096, 0.67133112, 0.78805667, 0.90052701]","[0.00012132, 8.776e-05, 8.776e-05, 0.00010558]","[3.70854e-05, 5.89156e-05, 6.91594e-05, 9.50701e-05]"
6656,Bulker,42446.0,5,TIMARU,0.0001777083,"[1.0, 1.0, 1.0, 1.0]","[0.20919893, 0.368518, 0.49595137, 0.61755213]","[0.00012132, 0.00012132, 0.00010536, 8.967e-05]","[2.5381e-05, 4.47103e-05, 5.22557e-05, 5.53728e-05]"
6660,Bulker,42446.0,6,LYTTELTON,0.000259114,"[1.0, 1.0, 1.0, 0.999995, 0.999915]","[0.13179222, 0.3576057, 0.58650665, 0.70892705, 0.86197835]","[7.916e-05, 8.776e-05, 8.776e-05, 0.00010558, 0.00010558]","[1.04325e-05, 3.13833e-05, 5.14715e-05, 7.48497e-05, 9.10018e-05]"
6670,Other,40020.0,5,LYTTELTON,0.0002310873,"[1.0, 1.0, 1.0, 0.999988]","[0.32845346, 0.43579165, 0.64338561, 0.8303679]","[8.906e-05, 8.382e-05, 7.567e-05, 0.00014047]","[2.92534e-05, 3.65264e-05, 4.8683e-05, 0.0001166421]"
6671,Other,40020.0,5,TAURANGA,0.0003212685,"[1.0, 0.999999, 1.0, 1.0]","[0.3797836, 0.59535233, 0.67055909, 0.78087795]","[0.0001061, 0.00013088, 0.00013992, 0.00013992]","[4.02952e-05, 7.79189e-05, 9.38277e-05, 0.000109264]"
6674,Bulker,37590.0,5,GISBORNE,0.0003213531,"[1.0, 1.0, 1.0, 0.99999]","[0.25995711, 0.68396732, 0.81731586, 0.91456263]","[9.871e-05, 0.00011553, 0.00011553, 0.00013371]","[2.56604e-05, 7.90198e-05, 9.44258e-05, 0.0001222834]"
6675,Bulker,37590.0,5,AUCKLAND,0.0002170911,"[1.0, 1.0, 1.0, 1.0]","[0.2569306, 0.4262523, 0.54533027, 0.72632987]","[9.871e-05, 9.871e-05, 9.871e-05, 0.00013195]","[2.53616e-05, 4.20754e-05, 5.38296e-05, 9.58408e-05]"
6678,Bulker,37590.0,5,NEW PLYMOUTH,0.0001790867,"[1.0, 1.0, 1.0, 1.0]","[0.2246573, 0.39021346, 0.48212734, 0.66596533]","[0.00010536, 0.00010536, 0.00012132, 8.382e-05]","[2.36709e-05, 4.11147e-05, 5.8494e-05, 5.58188e-05]"
6679,Bulker,37590.0,5,AUCKLAND,0.0001763333,"[1.0, 1.0, 1.0, 1.0]","[0.22808899, 0.41875269, 0.52889785, 0.64144874]","[9.704e-05, 9.704e-05, 9.704e-05, 9.704e-05]","[2.21343e-05, 4.06368e-05, 5.13256e-05, 6.22478e-05]"
6680,Bulker,37590.0,6,AUCKLAND,0.0002506784,"[1.0, 1.0, 1.0, 1.0, 1.0]","[0.11644294, 0.27581952, 0.48143022, 0.61898094, 0.67652605]","[9.871e-05, 9.871e-05, 0.00013195, 0.00013195, 9.871e-05]","[1.14941e-05, 2.72262e-05, 6.35257e-05, 8.16758e-05, 6.67799e-05]"
6682,Bulker,37590.0,5,NEW PLYMOUTH,0.0001887548,"[1.0, 1.0, 1.0, 1.0]","[0.22005393, 0.39346307, 0.47613131, 0.67488746]","[0.00012132, 0.00012132, 0.00012132, 8.382e-05]","[2.6698e-05, 4.77368e-05, 5.77665e-05, 5.65666e-05]"
6695,Bulker,37923.0,5,TAURANGA,0.0003022864,"[1.0, 1.0, 0.999968, 0.999999]","[0.21337515, 0.36688624, 0.82379938, 0.88330546]","[0.00013195, 0.00013195, 0.00013371, 0.00013088]","[2.81553e-05, 4.84114e-05, 0.0001101453, 0.0001156058]"
6700,Bulker,37534.0,7,GISBORNE,0.0002947446,"[1.0, 1.0, 1.0, 1.0, 1.0, 0.999991]","[0.03951434, 0.09978587, 0.2320748, 0.42557309, 0.51674576, 0.90819059]","[0.00013195, 0.00013195, 0.00013195, 0.00013195, 0.00013195, 0.00013371]","[5.214e-06, 1.3167e-05, 3.06228e-05, 5.61553e-05, 6.81857e-05, 0.0001214315]"
6701,Bulker,37534.0,7,NAPIER,0.0003420103,"[0.999982, 0.999996, 0.999996, 1.0, 0.999999, 0.999983]","[0.0522853, 0.13456233, 0.34854178, 0.61772489, 0.75574201, 0.88696388]","[0.00010558, 0.00014047, 0.00010558, 0.00013117, 0.00014047, 0.00010558]","[5.5203e-06, 1.89022e-05, 3.67997e-05, 8.10259e-05, 0.0001061606, 9.3646e-05]"
6702,Bulker,37534.0,7,GISBORNE,0.0002373277,"[1.0, 1.0, 1.0, 1.0, 1.0, 1.0]","[0.04190811, 0.10183937, 0.23231608, 0.44459522, 0.62043288, 0.65916854]","[9.871e-05, 9.871e-05, 9.871e-05, 0.00013195, 0.00011063, 0.00011063]","[4.1368e-06, 1.00526e-05, 2.29319e-05, 5.86653e-05, 6.86385e-05, 7.29238e-05]"
6703,Bulker,37534.0,6,TAURANGA,0.0002330288,"[1.0, 1.0, 1.0, 1.0, 1.0]","[0.10234448, 0.21884473, 0.39197754, 0.55453346, 0.74678644]","[0.00011924, 0.00011623, 0.00013195, 0.00011623, 0.0001061]","[1.22041e-05, 2.54359e-05, 5.17223e-05, 6.44523e-05, 7.92344e-05]"
6704,Bulker,37534.0,5,TAURANGA,0.0002732817,"[1.0, 0.999989, 0.999997, 0.999999]","[0.22610757, 0.51265087, 0.6432519, 0.73797695]","[0.0001061, 0.00013371, 0.00013088, 0.00013088]","[2.39901e-05, 6.85449e-05, 8.41877e-05, 9.65854e-05]"
6706,Bulker,37534.0,6,PORT CHALMERS,0.0002632901,"[1.0, 1.0, 1.0, 1.0, 0.999967]","[0.0972463, 0.22938671, 0.37765931, 0.56095013, 0.88838415]","[0.00012132, 0.00012132, 0.00010536, 0.00010536, 0.00014047]","[1.17984e-05, 2.78303e-05, 3.97919e-05, 5.91043e-05, 0.0001247891]"
6710,RoRo,11783.0,7,AUCKLAND,0.0002833403,"[1.0, 1.0, 1.0, 1.0, 1.0, 1.0]","[0.16932474, 0.21301974, 0.26300548, 0.44220505, 0.52091582, 0.61278304]","[0.00011688, 0.00011688, 0.00011688, 0.00013195, 0.00013195, 0.00013195]","[1.97906e-05, 2.48977e-05, 3.074e-05, 5.83499e-05, 6.87359e-05, 8.0858e-05]"
6712,Tanker,49999.0,5,TAURANGA,0.0001788461,"[1.0, 1.0, 1.0, 1.0]","[0.05920047, 0.30855954, 0.58144909, 0.65976823]","[0.00011063, 9.871e-05, 0.00013195, 9.871e-05]","[6.5493e-06, 3.04579e-05, 7.67234e-05, 6.51258e-05]"
6723,Tanker,50301.0,5,TAURANGA,0.0001881002,"[1.0, 1.0, 1.0, 1.0]","[0.07075973, 0.27076249, 0.62342492, 0.67076149]","[0.00013195, 0.0001061, 9.871e-05, 0.00013195]","[9.3369e-06, 2.8728e-05, 6.15383e-05, 8.85084e-05]"
6734,Tanker,50301.0,5,LYTTELTON,0.0001513417,"[1.0, 1.0, 1.0, 1.0]","[0.06302374, 0.22994538, 0.48950709, 0.69689188]","[8.967e-05, 0.00012132, 0.00012132, 8.382e-05]","[5.651e-06, 2.78981e-05, 5.93893e-05, 5.84109e-05]"
6742,General Cargo,2159.0,5,AUCKLAND,3.65513e-05,"[0.648288, 0.999965, 0.648288, 0.643148]","[0.05168116, 0.08164525, 0.10599537, 0.12763802]","[0.00013909, 0.00013371, 0.00013909, 0.00013909]","[4.6601e-06, 1.09163e-05, 9.5576e-06, 1.14178e-05]"
6743,General Cargo,2159.0,5,AUCKLAND,4.29656e-05,"[0.648288, 0.999965, 0.643148, 0.648288]","[0.06187011, 0.0932755, 0.12455568, 0.15275698]","[0.00013909, 0.00013371, 0.00013909, 0.00013909]","[5.5788e-06, 1.24713e-05, 1.11421e-05, 1.37741e-05]"
6749,Tanker,19959.0,7,TAURANGA,0.0002525785,"[1.0, 1.0, 1.0, 1.0, 1.0, 1.0]","[0.01308193, 0.0416272, 0.13280033, 0.33256427, 0.5690381, 0.65794065]","[0.00011661, 0.0001448, 0.0001448, 0.0001448, 0.0001448, 0.0001448]","[1.5254e-06, 6.0275e-06, 1.92292e-05, 4.81547e-05, 8.23957e-05, 9.52686e-05]"
6761,Tanker,49999.0,5,NEW PLYMOUTH,0.0002249093,"[1.0, 1.0, 1.0, 0.999993]","[0.08938627, 0.31452321, 0.55288079, 0.82073226]","[0.00010536, 0.00010536, 0.00012132, 0.00014047]","[9.4182e-06, 3.31396e-05, 6.70781e-05, 0.0001152892]"
6763,Bulker,40020.0,7,WELLINGTON,0.0002679263,"[1.0, 1.0, 1.0, 1.0, 1.0, 0.999998]","[0.04026854, 0.10443802, 0.24495178, 0.49940265, 0.74405763, 0.8976198]","[8.906e-05, 8.906e-05, 8.906e-05, 8.382e-05, 8.776e-05, 0.00014047]","[3.5865e-06, 9.3017e-06, 2.18164e-05, 4.18581e-05, 6.52981e-05, 0.0001260902]"
6766,Reefer,12313.0,7,AUCKLAND,0.0002979665,"[1.0, 1.0, 1.0, 1.0, 1.0, 1.0]","[0.20931095, 0.29040201, 0.35886532, 0.47535349, 0.58640037, 0.684782]","[0.0001061, 0.00013195, 0.00013195, 0.00011623, 0.0001061, 0.0001061]","[2.2208e-05, 3.83192e-05, 4.7353e-05, 5.52494e-05, 6.22174e-05, 7.26557e-05]"
6767,Reefer,12313.0,7,AUCKLAND,0.0002974143,"[1.0, 1.0, 1.0, 1.0, 1.0, 1.0]","[0.21331976, 0.29533995, 0.36581584, 0.43952856, 0.54150351, 0.68555281]","[0.0001061, 0.00013195, 0.00013195, 9.871e-05, 0.00013195, 0.0001061]","[2.26333e-05, 3.89707e-05, 4.82702e-05, 4.33859e-05, 7.14525e-05, 7.27375e-05]"
6768,Reefer,12313.0,5,AUCKLAND,0.0002494072,"[1.0, 1.0, 1.0, 1.0]","[0.3598728, 0.44228545, 0.54057197, 0.68099766]","[0.00013195, 0.00013195, 0.00013195, 0.0001061]","[4.7486e-05, 5.83605e-05, 7.13296e-05, 7.22542e-05]"
6769,Reefer,12313.0,6,AUCKLAND,0.0002720659,"[1.0, 1.0, 1.0, 1.0, 1.0]","[0.27175556, 0.34231755, 0.43122801, 0.57950166, 0.6850103]","[0.00013195, 0.00013195, 0.00013195, 0.0001061, 0.0001061]","[3.58587e-05, 4.51695e-05, 5.69014e-05, 6.14854e-05, 7.268e-05]"
6771,Reefer,12313.0,6,AUCKLAND,0.0002843175,"[1.0, 1.0, 1.0, 1.0, 1.0]","[0.30101523, 0.37517333, 0.46021251, 0.58230263, 0.68441118]","[0.00013195, 0.00013195, 0.00013195, 0.0001061, 0.0001061]","[3.97196e-05, 4.95049e-05, 6.0726e-05, 6.17826e-05, 7.26164e-05]"
6772,Reefer,12313.0,6,AUCKLAND,0.0002503443,"[1.0, 1.0, 1.0, 1.0, 1.0]","[0.25541072, 0.32537961, 0.41017094, 0.56982124, 0.68601]","[0.00013195, 0.00013195, 9.871e-05, 0.0001061, 0.0001061]","[3.3702e-05, 4.29345e-05, 4.0488e-05, 6.04583e-05, 7.2786e-05]"
6774,Reefer,12313.0,5,AUCKLAND,0.000249327,"[1.0, 1.0, 1.0, 1.0]","[0.34722568, 0.45637031, 0.54117094, 0.67770847]","[0.00013195, 0.00013195, 0.00013195, 0.0001061]","[4.58172e-05, 6.0219e-05, 7.14086e-05, 7.19052e-05]"
6775,Reefer,12313.0,5,AUCKLAND,0.0002432858,"[1.0, 1.0, 1.0, 1.0]","[0.34509392, 0.43883451, 0.51715007, 0.67509305]","[0.00013195, 0.00013195, 0.00013195, 0.0001061]","[4.55359e-05, 5.79051e-05, 6.8239e-05, 7.16277e-05]"
6776,Reefer,12313.0,5,AUCKLAND,0.0002276067,"[1.0, 1.0, 1.0, 1.0]","[0.3533314, 0.43070715, 0.52642155, 0.68055516]","[0.00013195, 0.00013195, 9.871e-05, 0.0001061]","[4.66228e-05, 5.68327e-05, 5.19631e-05, 7.22073e-05]"
6777,Reefer,12313.0,5,AUCKLAND,0.000250678,"[1.0, 1.0, 1.0, 1.0]","[0.36701288, 0.44535653, 0.53594001, 0.68603858]","[0.00013195, 0.00013195, 0.00013195, 0.0001061]","[4.84281e-05, 5.87657e-05, 7.07184e-05, 7.27891e-05]"
6779,Reefer,12313.0,5,AUCKLAND,0.0002353486,"[1.0, 1.0, 1.0, 1.0]","[0.33571596, 0.44222556, 0.5230884, 0.68212792]","[0.0001061, 0.00013195, 0.00013195, 0.0001061]","[3.56196e-05, 5.83526e-05, 6.90226e-05, 7.23741e-05]"
6781,Reefer,12313.0,5,AUCKLAND,0.0002522003,"[1.0, 1.0, 1.0, 1.0]","[0.37111242, 0.45210555, 0.54188282, 0.67950678]","[0.00013195, 0.00013195, 0.00013195, 0.0001061]","[4.89691e-05, 5.96563e-05, 7.15026e-05, 7.2096e-05]"
6782,Reefer,12313.0,5,AUCKLAND,0.000240742,"[1.0, 1.0, 1.0, 1.0]","[0.35197279, 0.4510904, 0.53907783, 0.67993727]","[0.00013195, 0.00013195, 0.00011623, 0.0001061]","[4.64436e-05, 5.95223e-05, 6.2656e-05, 7.21417e-05]"
6790,Tanker,49999.0,7,NEW PLYMOUTH,0.0002050466,"[1.0, 1.0, 1.0, 1.0, 1.0, 1.0]","[0.00397567, 0.01978516, 0.11192462, 0.49546526, 0.80058957, 0.85731489]","[0.00010536, 0.00010536, 0.00012132, 8.776e-05, 8.776e-05, 8.776e-05]","[4.189e-07, 2.0847e-06, 1.35792e-05, 4.34818e-05, 7.02593e-05, 7.52375e-05]"
6793,Tanker,49999.0,7,NEW PLYMOUTH,0.0002728675,"[1.0, 1.0, 1.0, 1.0, 0.999993, 0.999973]","[0.00378806, 0.02218034, 0.12868988, 0.43197645, 0.76874019, 0.80168996]","[0.00010536, 0.00012132, 8.776e-05, 8.776e-05, 0.00014047, 0.00014047]","[3.991e-07, 2.691e-06, 1.12938e-05, 3.791e-05, 0.0001079858, 0.000112612]"
6797,Tanker,49999.0,7,NEW PLYMOUTH,0.0002105294,"[1.0, 1.0, 1.0, 1.0, 0.999861, 0.999975]","[0.00357735, 0.01820863, 0.08596267, 0.32723247, 0.69925812, 0.81143581]","[0.00010536, 0.00010536, 0.00010536, 0.00012132, 0.00010558, 0.00010558]","[3.769e-07, 1.9185e-06, 9.0574e-06, 3.97014e-05, 7.3819e-05, 8.56711e-05]"
6805,Bulker,40054.0,5,TIMARU,0.0001694691,"[1.0, 1.0, 1.0, 1.0]","[0.1911691, 0.38673583, 0.59557479, 0.69042909]","[0.00010536, 0.00010536, 8.382e-05, 8.498e-05]","[2.01425e-05, 4.07483e-05, 4.99189e-05, 5.86698e-05]"
6806,Bulker,40054.0,7,TAURANGA,0.0002663587,"[1.0, 1.0, 1.0, 1.0, 1.0, 1.0]","[0.04460641, 0.1168556, 0.27074855, 0.52745161, 0.70657005, 0.72685713]","[9.871e-05, 0.00011623, 0.00011623, 0.00011063, 0.00011063, 0.00011063]","[4.4031e-06, 1.35819e-05, 3.14686e-05, 5.8352e-05, 7.81678e-05, 8.04122e-05]"
6814,General Cargo,61629.0,6,NAPIER,0.0002219546,"[1.0, 1.0, 1.0, 1.0, 1.0]","[0.27804289, 0.33693153, 0.4741448, 0.67556054, 0.71884575]","[8.967e-05, 8.967e-05, 0.00010536, 8.382e-05, 8.382e-05]","[2.49307e-05, 3.0211e-05, 4.99581e-05, 5.6623e-05, 6.0251e-05]"
6820,Container,24646.0,7,TAURANGA,0.0002264202,"[1.0, 1.0, 1.0, 1.0, 1.0, 0.999989]","[0.22024352, 0.26342342, 0.27696227, 0.3046082, 0.33700033, 0.49218498]","[0.00011063, 0.00011623, 0.00011623, 0.00013195, 9.871e-05, 0.00013371]","[2.43655e-05, 3.06172e-05, 3.21908e-05, 4.01937e-05, 3.32653e-05, 6.58085e-05]"
6821,Container,24646.0,5,AUCKLAND,0.0001658347,"[1.0, 1.0, 1.0, 1.0]","[0.31189713, 0.33959286, 0.37355929, 0.4029099]","[9.871e-05, 0.00013195, 0.00011623, 0.00011623]","[3.07874e-05, 4.481e-05, 4.34181e-05, 4.68294e-05]"
6823,Container,24615.0,7,TAURANGA,0.0002100086,"[1.0, 1.0, 1.0, 1.0, 1.0, 0.999989]","[0.22206133, 0.23963433, 0.25745898, 0.28520634, 0.30534679, 0.40730747]","[0.00013195, 9.871e-05, 0.00013195, 0.00011623, 0.00011623, 0.00013371]","[2.93015e-05, 2.36543e-05, 3.39723e-05, 3.3149e-05, 3.54899e-05, 5.44598e-05]"
6824,Container,24615.0,7,AUCKLAND,0.0002165265,"[1.0, 1.0, 1.0, 1.0, 1.0, 1.0]","[0.2205546, 0.27755786, 0.29794469, 0.32108206, 0.34833755, 0.37494088]","[0.0001061, 9.871e-05, 0.00013195, 0.00013195, 0.00011623, 0.00011623]","[2.3401e-05, 2.73978e-05, 3.93144e-05, 4.23675e-05, 4.04866e-05, 4.35787e-05]"
6827,Bulker,37694.0,5,TAURANGA,0.0003146134,"[1.0, 1.0, 1.0, 0.999961]","[0.24232893, 0.65524406, 0.7798317, 0.90264498]","[0.00011623, 0.00011553, 0.00011553, 0.00013371]","[2.81654e-05, 7.57013e-05, 9.00951e-05, 0.0001206864]"
6833,Bulker,37722.0,6,TIMARU,0.0001719777,"[1.0, 1.0, 1.0, 1.0, 1.0]","[0.08874293, 0.19225011, 0.33825975, 0.51329632, 0.72602734]","[0.00010536, 0.00010536, 0.00010536, 8.776e-05, 8.498e-05]","[9.3504e-06, 2.02564e-05, 3.56406e-05, 4.50466e-05, 6.16948e-05]"
6838,Tanker,19971.0,7,TAURANGA,0.0002241586,"[1.0, 1.0, 1.0, 1.0, 1.0, 1.0]","[0.00917588, 0.03589317, 0.11239814, 0.34204187, 0.59524232, 0.7008599]","[0.00011063, 9.871e-05, 0.00013195, 9.871e-05, 0.00013195, 0.00013195]","[1.0151e-06, 3.543e-06, 1.48312e-05, 3.3763e-05, 7.85435e-05, 9.24799e-05]"
6841,Bulker,42965.0,6,LYTTELTON,0.0002430495,"[1.0, 1.0, 1.0, 1.0, 1.0]","[0.10145019, 0.32279224, 0.54533572, 0.64731008, 0.85879495]","[7.916e-05, 0.00010536, 0.00010536, 0.00010536, 8.776e-05]","[8.0306e-06, 3.40109e-05, 5.74591e-05, 6.82036e-05, 7.53674e-05]"
6845,Bulker,40020.0,5,AUCKLAND,0.0002066434,"[1.0, 1.0, 1.0, 1.0]","[0.27752915, 0.45269463, 0.57397022, 0.73441304]","[9.871e-05, 9.871e-05, 9.871e-05, 0.0001061]","[2.73949e-05, 4.46855e-05, 5.66566e-05, 7.79216e-05]"
6847,Bulker,40020.0,6,PORT CHALMERS,0.0003766739,"[1.0, 1.0, 1.0, 0.999772, 0.999973]","[0.12049158, 0.26202741, 0.69777631, 0.8682871, 0.91969148]","[8.906e-05, 8.906e-05, 0.00013117, 0.00014047, 0.00014047]","[1.07315e-05, 2.33372e-05, 9.15261e-05, 0.0001219423, 0.0001291875]"
6848,Bulker,40020.0,6,NEW PLYMOUTH,0.000333546,"[1.0, 1.0, 1.0, 1.0, 0.999996]","[0.10032492, 0.22526367, 0.58299098, 0.80138086, 0.8756326]","[8.906e-05, 8.906e-05, 0.00013117, 0.00013117, 0.00014047]","[8.9353e-06, 2.00629e-05, 7.64699e-05, 0.0001051157, 0.0001230015]"
6856,Container,24663.0,7,AUCKLAND,0.0002489783,"[1.0, 1.0, 1.0, 1.0, 1.0, 0.999965]","[0.26679348, 0.28736646, 0.31974892, 0.33498726, 0.36991646, 0.49106014]","[9.871e-05, 0.00013195, 0.00011623, 0.00011623, 0.00011623, 0.00013371]","[2.63352e-05, 3.79186e-05, 3.71638e-05, 3.89349e-05, 4.29947e-05, 6.56565e-05]"
6857,Container,24663.0,6,AUCKLAND,0.0001930083,"[1.0, 1.0, 1.0, 1.0, 1.0]","[0.25738263, 0.30068826, 0.3268754, 0.35876571, 0.38329309]","[0.00013195, 9.871e-05, 0.00013195, 0.00011623, 0.00011623]","[3.39622e-05, 2.9681e-05, 4.31319e-05, 4.16986e-05, 4.45494e-05]"
6862,Bulker,85187.0,5,LYTTELTON,0.0002303751,"[1.0, 1.0, 1.0, 1.0]","[0.20427868, 0.60024738, 0.70444571, 0.71179405]","[8.776e-05, 0.00010536, 0.00010536, 0.00010536]","[1.79274e-05, 6.32449e-05, 7.42237e-05, 7.49979e-05]"
6864,Bulker,85267.0,5,LYTTELTON,0.0001906255,"[1.0, 1.0, 1.0, 1.0]","[0.24730434, 0.53951006, 0.69675987, 0.70576356]","[8.967e-05, 7.916e-05, 8.967e-05, 8.967e-05]","[2.21746e-05, 4.27067e-05, 6.2475e-05, 6.32823e-05]"
6866,Tanker,12402.0,5,TIMARU,0.0002301193,"[1.0, 1.0, 0.999861, 0.999973]","[0.1076535, 0.2694222, 0.69645788, 0.88992771]","[8.382e-05, 8.382e-05, 0.00010558, 0.00014047]","[9.0231e-06, 2.2582e-05, 7.35233e-05, 0.0001250066]"
6868,General Cargo,61642.0,7,WELLINGTON,0.0003015058,"[1.0, 1.0, 1.0, 1.0, 0.999994, 0.999944]","[0.21297832, 0.2866656, 0.35794053, 0.41392868, 0.70366052, 0.88349014]","[0.00010536, 0.00010536, 0.00010536, 0.00010536, 0.00010558, 0.00010558]","[2.24404e-05, 3.02044e-05, 3.77143e-05, 4.36135e-05, 7.42936e-05, 9.32756e-05]"
6870,General Cargo,61642.0,5,NELSON,0.0002309898,"[1.0, 1.0, 1.0, 1.0]","[0.39886873, 0.47061385, 0.54019356, 0.78171362]","[0.00012132, 0.00012132, 0.00010536, 8.776e-05]","[4.83926e-05, 5.70971e-05, 5.69173e-05, 6.86027e-05]"
6877,Bulker,40037.0,5,TAURANGA,0.000328157,"[1.0, 1.0, 1.0, 0.999968]","[0.2428369, 0.59724431, 0.72799153, 0.90722298]","[0.00011063, 0.00013088, 0.00013992, 0.00013371]","[2.6865e-05, 7.81666e-05, 0.0001018639, 0.0001212993]"
6883,Bulker,40058.0,7,TAURANGA,0.0002329577,"[1.0, 1.0, 1.0, 1.0, 1.0, 1.0]","[0.03670124, 0.09745552, 0.23189146, 0.39758533, 0.65769633, 0.68041638]","[0.00011623, 0.00011063, 0.00011174, 0.00011063, 0.00011063, 0.00011063]","[4.2657e-06, 1.07815e-05, 2.59105e-05, 4.39849e-05, 7.27609e-05, 7.52744e-05]"
6893,Bulker,82000.0,7,LYTTELTON,0.00025681,"[1.0, 1.0, 1.0, 1.0, 1.0, 1.0]","[0.02837222, 0.09222138, 0.36399817, 0.60349926, 0.64280683, 0.68571033]","[0.00012369, 0.00012369, 0.00010536, 0.00010536, 0.00010536, 0.00010536]","[3.5094e-06, 1.1407e-05, 3.83525e-05, 6.35875e-05, 6.77291e-05, 7.22496e-05]"
6918,Bulker,37672.0,5,NAPIER,0.0001779478,"[1.0, 1.0, 1.0, 1.0]","[0.1895327, 0.35393903, 0.5569923, 0.68757505]","[8.967e-05, 8.967e-05, 0.00012132, 8.967e-05]","[1.69945e-05, 3.1736e-05, 6.75769e-05, 6.16514e-05]"
6923,Tanker,49999.0,6,TAURANGA,0.0002127678,"[0.999989, 0.999964, 1.0, 1.0, 1.0]","[0.01743613, 0.08319141, 0.38470253, 0.60595885, 0.69505915]","[0.00013371, 0.00013371, 0.00013195, 0.00013195, 9.871e-05]","[2.3313e-06, 1.1123e-05, 5.07623e-05, 7.99576e-05, 6.86093e-05]"
6930,Bulker,40020.0,5,TAURANGA,0.0001962479,"[1.0, 1.0, 1.0, 1.0]","[0.22917569, 0.40795454, 0.53721622, 0.69124081]","[9.871e-05, 9.871e-05, 9.871e-05, 0.00011623]","[2.2622e-05, 4.02692e-05, 5.30287e-05, 8.03416e-05]"
6932,Container,24480.0,7,AUCKLAND,0.0002762545,"[1.0, 1.0, 1.0, 0.999965, 0.999998, 0.999902]","[0.25222777, 0.27252947, 0.29815736, 0.39181837, 0.44387857, 0.49069291]","[9.871e-05, 0.00013195, 0.00013195, 0.00013371, 0.00013088, 0.00013371]","[2.48974e-05, 3.59608e-05, 3.93425e-05, 5.23875e-05, 5.80941e-05, 6.56033e-05]"
6933,Container,24480.0,7,AUCKLAND,0.0002702137,"[1.0, 1.0, 1.0, 0.999965, 0.999902, 0.999998]","[0.24119509, 0.27615646, 0.29467424, 0.38668859, 0.42852861, 0.4819515]","[0.00013195, 0.00011623, 0.00011623, 0.00013371, 0.00013371, 0.00013088]","[3.18262e-05, 3.20971e-05, 3.42494e-05, 5.17017e-05, 5.72922e-05, 6.30771e-05]"
6940,General Cargo,40297.0,5,TAURANGA,0.0002868735,"[1.0, 1.0, 1.0, 1.0]","[0.48957573, 0.61353771, 0.71402951, 0.75080627]","[0.00011637, 0.00011063, 0.00011063, 0.00011063]","[5.69738e-05, 6.78757e-05, 7.89931e-05, 8.30617e-05]"
6942,General Cargo,40297.0,6,TAURANGA,0.0003192308,"[1.0, 1.0, 1.0, 0.999961, 0.999968]","[0.24020108, 0.33647672, 0.44442871, 0.66351832, 0.87615176]","[0.0001114, 0.0001114, 0.00011063, 0.00013371, 0.00013371]","[2.67585e-05, 3.74836e-05, 4.91671e-05, 8.87144e-05, 0.000117145]"
6943,General Cargo,40297.0,6,TAURANGA,0.0003148528,"[1.0, 1.0, 1.0, 1.0, 0.999968]","[0.25732016, 0.32769988, 0.3668022, 0.72301223, 0.90763228]","[9.704e-05, 9.704e-05, 9.704e-05, 0.00013992, 0.00013371]","[2.4971e-05, 3.18008e-05, 3.55954e-05, 0.0001011672, 0.0001213541]"
6950,Container,34960.0,7,TAURANGA,0.0003159484,"[1.0, 1.0, 0.999493, 0.999989, 0.999965, 0.999999]","[0.25667424, 0.34106272, 0.40506547, 0.46168871, 0.49926058, 0.54718779]","[0.00011482, 0.00011567, 0.00011601, 0.00013371, 0.00013371, 0.00013088]","[2.94712e-05, 3.94523e-05, 4.69667e-05, 6.17309e-05, 6.67529e-05, 7.16152e-05]"
6951,Container,34960.0,7,TAURANGA,0.0003315237,"[1.0, 1.0, 0.999493, 0.999989, 0.999965, 0.999999]","[0.2660414, 0.34929291, 0.41517114, 0.48287353, 0.52548928, 0.57855988]","[0.00012209, 0.00011567, 0.00011601, 0.00013371, 0.00013371, 0.00013088]","[3.24816e-05, 4.04044e-05, 4.81384e-05, 6.45635e-05, 7.02598e-05, 7.57211e-05]"
6953,Container,35022.0,7,AUCKLAND,0.0002734946,"[1.0, 1.0, 1.0, 1.0, 1.0, 0.999965]","[0.23626845, 0.27353116, 0.33376061, 0.40191057, 0.44036308, 0.56690085]","[9.704e-05, 9.704e-05, 0.00013195, 0.00013195, 0.00011623, 0.00013371]","[2.29281e-05, 2.65442e-05, 4.40404e-05, 5.30329e-05, 5.11825e-05, 7.57967e-05]"
6954,Bulker,37743.0,5,NELSON,0.0002625751,"[1.0, 1.0, 1.0, 0.999999]","[0.17880775, 0.45987241, 0.54530034, 0.81425969]","[9.156e-05, 0.00013117, 0.00013117, 0.00014047]","[1.63712e-05, 6.03207e-05, 7.15261e-05, 0.0001143806]"
6955,Bulker,37743.0,7,TAURANGA,0.0004072622,"[0.999961, 0.999999, 0.999997, 1.0, 0.999999, 0.999968]","[0.07442734, 0.19140032, 0.40912745, 0.67948219, 0.82389338, 0.91260609]","[0.00013371, 0.00013088, 0.00013088, 0.00013088, 0.00013088, 0.00013371]","[9.9512e-06, 2.50502e-05, 5.35459e-05, 8.89298e-05, 0.00010783, 0.0001220191]"
6962,Container,45095.0,7,AUCKLAND,0.0003633698,"[1.0, 1.0, 1.0, 0.999965, 0.999902, 0.999998]","[0.29491491, 0.36286872, 0.40271036, 0.52071111, 0.56705631, 0.63183152]","[0.00011623, 0.00013195, 0.00013195, 0.00013371, 0.00013371, 0.00013088]","[3.42774e-05, 4.78813e-05, 5.31385e-05, 6.9621e-05, 7.58127e-05, 8.26931e-05]"
6967,Bulker,39703.0,6,TAURANGA,0.0003641884,"[1.0, 0.999989, 0.999961, 0.999968, 0.999999]","[0.10628162, 0.36214315, 0.64351558, 0.77374508, 0.87903954]","[0.0001061, 0.00013371, 0.00013371, 0.00013371, 0.00013088]","[1.12765e-05, 4.8421e-05, 8.604e-05, 0.0001034528, 0.0001150474]"
6974,Container,11793.0,7,TAURANGA,0.0001694631,"[1.0, 1.0, 1.0, 1.0, 0.999989, 0.999965]","[0.12321491, 0.13580888, 0.17007356, 0.19709981, 0.30734266, 0.34219637]","[0.00013195, 0.00013195, 0.00013195, 0.00013195, 0.00013371, 0.00013371]","[1.62585e-05, 1.79203e-05, 2.24416e-05, 2.60077e-05, 4.10938e-05, 4.57529e-05]"
7020,Container,11817.0,7,AUCKLAND,0.0001647681,"[1.0, 1.0, 1.0, 0.999998, 0.999965, 0.998457]","[0.12603239, 0.13806017, 0.1836063, 0.24654149, 0.30479914, 0.34864743]","[0.00013195, 0.00013195, 0.00011063, 0.00011553, 0.00013371, 0.00011601]","[1.66302e-05, 1.82173e-05, 2.03124e-05, 2.84833e-05, 4.07527e-05, 4.03832e-05]"
7029,Bulker,63926.0,6,TAURANGA,0.0002833678,"[1.0, 1.0, 1.0, 1.0, 1.0]","[0.08361617, 0.23798202, 0.45251198, 0.56343221, 0.6196503]","[0.0001448, 0.0001448, 0.0001448, 0.0001448, 0.0001448]","[1.21075e-05, 3.44594e-05, 6.55229e-05, 8.15839e-05, 8.97242e-05]"
7038,Container,34965.0,7,AUCKLAND,0.0002886394,"[0.643148, 1.0, 1.0, 1.0, 0.999902, 0.999998]","[0.26795605, 0.30156569, 0.31632434, 0.41874316, 0.5225348, 0.57655706]","[0.00013909, 0.00011482, 0.00011482, 0.00011567, 0.00013371, 0.00013088]","[2.397e-05, 3.46256e-05, 3.63202e-05, 4.8438e-05, 6.98604e-05, 7.54589e-05]"
7039,Container,34965.0,7,TAURANGA,0.0003237511,"[1.0, 1.0, 0.999493, 0.999989, 0.999965, 0.999999]","[0.2654466, 0.3519494, 0.42641043, 0.47106918, 0.50780999, 0.55227676]","[0.00011482, 0.00011567, 0.00011601, 0.00013371, 0.00013371, 0.00013088]","[3.04785e-05, 4.07117e-05, 4.94416e-05, 6.29852e-05, 6.7896e-05, 7.22812e-05]"
7040,Container,34965.0,7,TAURANGA,0.0003318585,"[1.0, 1.0, 0.999493, 0.999989, 0.999965, 0.999999]","[0.26746952, 0.34878468, 0.42207192, 0.48113138, 0.52512545, 0.57627365]","[0.00012209, 0.00011567, 0.00011601, 0.00013371, 0.00013371, 0.00013088]","[3.2656e-05, 4.03456e-05, 4.89386e-05, 6.43306e-05, 7.02111e-05, 7.54219e-05]"
7041,Container,34965.0,7,TAURANGA,0.000304864,"[0.854803, 1.0, 1.0, 0.999493, 0.999989, 0.999999]","[0.26825742, 0.29235258, 0.38275051, 0.45281343, 0.50908086, 0.56995513]","[0.00013909, 0.00011482, 0.00011567, 0.00011601, 0.00013371, 0.00013088]","[3.18941e-05, 3.35678e-05, 4.42746e-05, 5.2503e-05, 6.80676e-05, 7.45949e-05]"
7047,Bulker,40565.0,6,TAURANGA,0.0003016228,"[1.0, 1.0, 1.0, 0.999968, 0.999999]","[0.1098349, 0.26427047, 0.43289595, 0.76779997, 0.89711884]","[0.00011623, 9.871e-05, 9.871e-05, 0.00013371, 0.00013088]","[1.27659e-05, 2.60862e-05, 4.27312e-05, 0.0001026579, 0.0001174136]"
7050,Bulker,40600.0,6,TAURANGA,0.0003263182,"[1.0, 1.0, 1.0, 0.999968, 0.999999]","[0.10587976, 0.27914205, 0.47994583, 0.79448569, 0.89803138]","[0.00011063, 9.871e-05, 0.00013195, 0.00013371, 0.00013088]","[1.17135e-05, 2.75541e-05, 6.33299e-05, 0.0001062259, 0.0001175331]"
7055,Bulker,42541.0,5,NEW PLYMOUTH,0.0001591438,"[1.0, 1.0, 1.0, 1.0]","[0.25551018, 0.45066887, 0.53780465, 0.64591214]","[8.382e-05, 8.382e-05, 8.382e-05, 8.498e-05]","[2.14159e-05, 3.77734e-05, 4.50768e-05, 5.48869e-05]"
7059,Bulker,42541.0,5,AUCKLAND,0.0002141933,"[1.0, 1.0, 1.0, 1.0]","[0.20697459, 0.40955731, 0.61684004, 0.72198558]","[0.00011623, 0.00011063, 0.00011063, 0.0001061]","[2.40563e-05, 4.53093e-05, 6.8241e-05, 7.66031e-05]"
7063,Bulker,42560.0,6,PORT CHALMERS,0.0001531362,"[1.0, 1.0, 1.0, 1.0, 1.0]","[0.08722265, 0.19654126, 0.33184296, 0.43592648, 0.72834281]","[8.358e-05, 8.358e-05, 8.906e-05, 8.906e-05, 8.382e-05]","[7.2901e-06, 1.6427e-05, 2.95553e-05, 3.88254e-05, 6.1047e-05]"
7064,Bulker,42564.0,7,WELLINGTON,0.000313387,"[1.0, 1.0, 1.0, 1.0, 0.999949, 0.999994]","[0.03779217, 0.09618447, 0.33650444, 0.58408769, 0.79525759, 0.86515196]","[8.906e-05, 8.906e-05, 0.00013117, 0.00014047, 0.00010558, 0.00010558]","[3.3659e-06, 8.5666e-06, 4.41387e-05, 8.2048e-05, 8.39607e-05, 9.13441e-05]"
7067,Tanker,5183.0,7,LYTTELTON,0.0001180824,"[1.0, 1.0, 1.0, 1.0, 0.99999, 0.999891]","[0.01307733, 0.03053364, 0.0719115, 0.15577857, 0.34631088, 0.63343943]","[8.814e-05, 7.567e-05, 7.567e-05, 7.567e-05, 8.814e-05, 0.00010558]","[1.1526e-06, 2.3104e-06, 5.4413e-06, 1.17873e-05, 3.05223e-05, 6.68727e-05]"
7070,Tanker,5155.0,7,NEW PLYMOUTH,0.0001455889,"[0.999993, 0.999993, 0.999598, 0.999861, 0.999982, 0.999986]","[0.01728502, 0.0400819, 0.09732629, 0.21582254, 0.470183, 0.73455195]","[0.00014047, 0.00014047, 8.814e-05, 0.00010558, 8.814e-05, 8.814e-05]","[2.428e-06, 5.6304e-06, 8.5745e-06, 2.27839e-05, 4.14395e-05, 6.47399e-05]"
7072,Container,13133.0,7,AUCKLAND,0.0001900262,"[1.0, 1.0, 1.0, 0.999998, 0.999991, 0.999902]","[0.15075734, 0.16328711, 0.18178872, 0.28760279, 0.31205763, 0.36643658]","[0.00013195, 0.00013195, 0.00011623, 0.00013088, 0.00013088, 0.00013371]","[1.98927e-05, 2.15461e-05, 2.1129e-05, 3.7641e-05, 4.08413e-05, 4.89908e-05]"
7073,Bulker,40236.0,7,WELLINGTON,0.0002678564,"[1.0, 1.0, 1.0, 1.0, 1.0, 1.0]","[0.05704454, 0.15072187, 0.32405604, 0.52840794, 0.61658276, 0.67064949]","[0.00010536, 0.00010536, 0.00010536, 0.00010536, 0.00012132, 0.00012132]","[6.0105e-06, 1.58808e-05, 3.41441e-05, 5.56755e-05, 7.48067e-05, 8.13663e-05]"
7074,Bulker,40236.0,6,NAPIER,0.0002657409,"[1.0, 1.0, 1.0, 1.0, 0.999999]","[0.12799332, 0.28361282, 0.46650926, 0.73413065, 0.88469825]","[8.776e-05, 8.776e-05, 8.776e-05, 8.776e-05, 0.00014047]","[1.12326e-05, 2.48897e-05, 4.09406e-05, 6.44269e-05, 0.0001242754]"
7076,Container,76521.0,6,TAURANGA,0.0003635046,"[1.0, 1.0, 1.0, 0.999989, 0.999965]","[0.4181756, 0.44663717, 0.52708312, 0.65678764, 0.77271329]","[0.00013195, 0.00013195, 0.00011063, 0.00013371, 0.00013371]","[5.51792e-05, 5.89347e-05, 5.83112e-05, 8.7817e-05, 0.0001033145]"
7077,Container,76521.0,5,TAURANGA,0.0002755858,"[1.0, 1.0, 1.0, 0.999965]","[0.49110066, 0.5125079, 0.55539727, 0.77141365]","[0.00011063, 0.00011063, 0.00011063, 0.00013371]","[5.43305e-05, 5.66987e-05, 6.14436e-05, 0.0001031407]"
