voyage_id,cluster,vessel_type,DWT,n_ports,ports,port_territories,latitudes,longitudes,ecoprovinces,transits_hours,dwells_hours,total_span_days,delta_t_hours,nz_dest_port
syn_05716,2,Container,8252.0,6,"['PAPEETE', 'LAUTOKA', 'NOUMEA', 'BRISBANE', 'BOTANY', 'AUCKLAND']","['French Polynesia', 'Fiji', 'New Caledonia', 'Australia', 'Australia', 'New Zealand']","[-17.5374, -17.6036, -22.2633, -27.3765, -33.9682, -36.8402]","[-149.5753, 177.4387, 166.4317, 153.1665, 151.2149, 174.7721]","['Southeast Polynesia', 'Tropical Southwestern Pacific', 'Tropical Southwestern Pacific', 'East Central Australian Shelf', 'East Central Australian Shelf', 'Northern New Zealand']","[0.0, 99.81639422928527, 131.9206789205649, 136.20100700045163, 34.826998359307964, 99.22090724777917]","[6.891396911137868, np.float64(122.30217690140941), 110.3575210499952, 17.94737849687638, 19.816641214976002, 0.0]",32.4709,772.4097,AUCKLAND
syn_05717,2,General Cargo,8378.0,7,"['SUVA', 'LAUTOKA', 'APIA', 'PAGO PAGO HARBOR', 'RAROTONGA', 'AITUTAKI', 'AUCKLAND']","['Fiji', 'Fiji', 'Samoa', 'American Samoa', 'Cook Islands', 'Cook Islands', 'New Zealand']","[-18.1339, -17.6036, -13.826, -14.2765, -21.2046, -18.8505, -36.8402]","[178.4235, 177.4387, -171.7622, -170.6854, -159.7843, -159.8111, 174.7721]","['Tropical Southwestern Pacific', 'Tropical Southwestern Pacific', 'Central Polynesia', 'Central Polynesia', 'Southeast Polynesia', 'Southeast Polynesia', 'Northern New Zealand']","[0.0, 10.592745930567624, 122.80426846856273, 17.52766725629702, 89.67492681310767, 15.391399438096743, 218.48862883929561]","[np.float64(48.74067754053583), np.float64(62.64061632919604), np.float64(12.580015734814301), np.float64(11.971949738339983), np.float64(24.54818389218547), np.float64(46.42178397801388), 0.0]",28.391,632.6422,AUCKLAND
syn_05718,2,Container,8252.0,6,"[""NUKU'ALOFA"", 'SUVA', 'PAGO PAGO HARBOR', 'APIA', ""NUKU'ALOFA"", 'TAURANGA']","['Tonga', 'Fiji', 'American Samoa', 'Samoa', 'Tonga', 'New Zealand']","[-21.1362, -18.1339, -14.2765, -13.826, -21.1362, -37.6444]","[-175.1806, 178.4235, -170.6854, -171.7622, -175.1806, 176.1819]","['Tropical Southwestern Pacific', 'Tropical Southwestern Pacific', 'Central Polynesia', 'Central Polynesia', 'Tropical Southwestern Pacific', 'Northern New Zealand']","[0.0, 37.440516607604884, 92.42168165573241, 5.918011952245987, 51.13185193719048, 112.25901201539232]","[np.float64(15.655079559311666), np.float64(38.433821578698044), np.float64(17.122474158079594), np.float64(88.44670916874132), np.float64(17.42280555774001), 0.0]",19.8438,460.5969,TAURANGA
syn_05719,2,Container,22968.0,7,"['PAPEETE', 'LAUTOKA', 'NOUMEA', 'BRISBANE', 'BOTANY', 'MELBOURNE', 'TAURANGA']","['French Polynesia', 'Fiji', 'New Caledonia', 'Australia', 'Australia', 'Australia', 'New Zealand']","[-17.5374, -17.6036, -22.2633, -27.3765, -33.9682, -37.844, -37.6444]","[-149.5753, 177.4387, 166.4317, 153.1665, 151.2149, 144.905, 176.1819]","['Southeast Polynesia', 'Tropical Southwestern Pacific', 'Tropical Southwestern Pacific', 'East Central Australian Shelf', 'East Central Australian Shelf', 'Southeast Australian Shelf', 'Northern New Zealand']","[0.0, 224.21774944371293, 51.067661895882765, 69.26068311526339, 39.8015780962475, 44.75724719218415, 115.87391538258379]","[30.774820332108977, np.float64(102.16504262356068), 48.12743746960059, 22.205933842824553, 51.13120796404237, 18.173359322631427, 0.0]",34.0649,786.7818,TAURANGA
syn_05720,2,Container,22968.0,7,"['SUVA', 'APIA', 'PAGO PAGO HARBOR', 'RAROTONGA', 'AITUTAKI', ""NUKU'ALOFA"", 'AUCKLAND']","['Fiji', 'Samoa', 'American Samoa', 'Cook Islands', 'Cook Islands', 'Tonga', 'New Zealand']","[-18.1339, -13.826, -14.2765, -21.2046, -18.8505, -21.1362, -36.8402]","[178.4235, -171.7622, -170.6854, -159.7843, -159.8111, -175.1806, 174.7721]","['Tropical Southwestern Pacific', 'Central Polynesia', 'Central Polynesia', 'Southeast Polynesia', 'Southeast Polynesia', 'Tropical Southwestern Pacific', 'Northern New Zealand']","[0.0, 61.062690338801, 17.500330018683634, 76.8210199627149, 10.084800932843947, 62.87564675071074, 105.376248242687]","[np.float64(23.36563349415864), np.float64(13.731685278838604), np.float64(11.805040759753627), np.float64(79.76003257625779), np.float64(33.984867298336944), np.float64(13.620262629554128), 0.0]",21.2495,486.6226,AUCKLAND
syn_05721,2,Container,22708.0,7,"['SUVA', 'LAUTOKA', 'SUVA', 'FUNAFUTI', 'TARAWA', 'LONDON', 'AUCKLAND']","['Fiji', 'Fiji', 'Fiji', 'Tuvalu', 'Kiribati', 'Kiribati', 'New Zealand']","[-18.1339, -17.6036, -18.1339, -8.5032, 1.3673, 2.0062, -36.8402]","[178.4235, 177.4387, 178.4235, 179.1946, 172.9355, -157.4881, 174.7721]","['Tropical Southwestern Pacific', 'Tropical Southwestern Pacific', 'Tropical Southwestern Pacific', 'Marshall, Gilbert and Ellis Islands', 'Marshall, Gilbert and Ellis Islands', 'Central Polynesia', 'Northern New Zealand']","[0.0, 13.949941346804525, 10.02211908674864, 62.851568626029405, 76.86422383474928, 214.3999938857513, 301.3311462287928]","[np.float64(19.465181496094996), np.float64(28.770941563187073), np.float64(14.291623520947674), 32.06014020198359, 42.00831130923014, 30.410055539050187, 0.0]",35.2677,826.9601,AUCKLAND
syn_05722,2,Container,22968.0,7,"['LAUTOKA', 'SUVA', 'APIA', 'RAROTONGA', 'AITUTAKI', 'NEIAFU', 'AUCKLAND']","['Fiji', 'Fiji', 'Samoa', 'Cook Islands', 'Cook Islands', 'Tonga', 'New Zealand']","[-17.6036, -18.1339, -13.826, -21.2046, -18.8505, -18.6529, -36.8402]","[177.4387, 178.4235, -171.7622, -159.7843, -159.8111, -173.9852, 174.7721]","['Tropical Southwestern Pacific', 'Tropical Southwestern Pacific', 'Central Polynesia', 'Southeast Polynesia', 'Southeast Polynesia', 'Tropical Southwestern Pacific', 'Northern New Zealand']","[0.0, 6.672302911032831, 74.49391486221644, 102.72606567342056, 6.321987992988926, 134.96543804570325, 137.3465814762351]","[np.float64(115.23489059159701), np.float64(82.29255502678103), np.float64(10.80713954713668), np.float64(93.18828378045576), np.float64(32.61985969613285), np.float64(6.171991853113537), 0.0]",33.4517,687.6061,AUCKLAND
syn_05723,2,General Cargo,20202.0,6,"['SUVA', 'LAUTOKA', 'APIA', 'PAGO PAGO HARBOR', ""NUKU'ALOFA"", 'TAURANGA']","['Fiji', 'Fiji', 'Samoa', 'American Samoa', 'Tonga', 'New Zealand']","[-18.1339, -17.6036, -13.826, -14.2765, -21.1362, -37.6444]","[178.4235, 177.4387, -171.7622, -170.6854, -175.1806, 176.1819]","['Tropical Southwestern Pacific', 'Tropical Southwestern Pacific', 'Central Polynesia', 'Central Polynesia', 'Tropical Southwestern Pacific', 'Northern New Zealand']","[0.0, 8.15877657163919, 170.5777705961009, 19.92184203967774, 65.78272890148376, 83.54371829974525]","[np.float64(58.7688213197387), np.float64(42.156253083894285), np.float64(30.897848042713786), np.float64(17.813303834397168), np.float64(13.972746879306253), 0.0]",21.3164,452.825,TAURANGA
syn_05724,2,General Cargo,8378.0,7,"['SUVA', 'APIA', 'RAROTONGA', 'AITUTAKI', 'NEIAFU', ""NUKU'ALOFA"", 'AUCKLAND']","['Fiji', 'Samoa', 'Cook Islands', 'Cook Islands', 'Tonga', 'Tonga', 'New Zealand']","[-18.1339, -13.826, -21.2046, -18.8505, -18.6529, -21.1362, -36.8402]","[178.4235, -171.7622, -159.7843, -159.8111, -173.9852, -175.1806, 174.7721]","['Tropical Southwestern Pacific', 'Central Polynesia', 'Southeast Polynesia', 'Southeast Polynesia', 'Tropical Southwestern Pacific', 'Tropical Southwestern Pacific', 'Northern New Zealand']","[0.0, 74.6617023037122, 92.28350655482997, 14.967635703911856, 166.7320287771541, 26.28101501137449, 102.00441617364397]","[np.float64(18.714757695459518), np.float64(68.3495055960802), np.float64(18.18843461773188), np.float64(90.23425733496032), np.float64(13.196680848156882), np.float64(41.33070584372287), 0.0]",30.2894,708.2299,AUCKLAND
syn_05725,2,Container,22708.0,7,"['SUVA', 'PAPEETE', 'NADI BAY', 'VUDA', 'MALAU', 'BOTANY', 'LYTTELTON']","['Fiji', 'French Polynesia', 'Fiji', 'Fiji', 'Fiji', 'Australia', 'New Zealand']","[-18.1339, -17.5374, -17.7162, -17.6861, -16.3591, -33.9682, -43.606]","[178.4235, -149.5753, 177.371, 177.3849, 179.3631, 151.2149, 172.7213]","['Tropical Southwestern Pacific', 'Southeast Polynesia', 'Tropical Southwestern Pacific', 'Tropical Southwestern Pacific', 'Tropical Southwestern Pacific', 'East Central Australian Shelf', 'Southern New Zealand']","[0.0, 271.48745576449653, 264.14000665905394, 57.711337833448475, 13.879811527619706, 207.0219508824127, 125.6061675780312]","[np.float64(10.55427094571996), 48.833707836729424, 45.971447330143874, 21.534172494691667, 20.452587637894048, 35.93696341759455, 0.0]",46.7971,1112.5756,LYTTELTON
syn_05726,2,Tanker,5183.0,7,"['SUVA', 'LAUTOKA', 'PAGO PAGO HARBOR', 'APIA', 'RAROTONGA', 'AITUTAKI', 'AUCKLAND']","['Fiji', 'Fiji', 'American Samoa', 'Samoa', 'Cook Islands', 'Cook Islands', 'New Zealand']","[-18.1339, -17.6036, -14.2765, -13.826, -21.2046, -18.8505, -36.8402]","[178.4235, 177.4387, -170.6854, -171.7622, -159.7843, -159.8111, 174.7721]","['Tropical Southwestern Pacific', 'Tropical Southwestern Pacific', 'Central Polynesia', 'Central Polynesia', 'Southeast Polynesia', 'Southeast Polynesia', 'Northern New Zealand']","[0.0, 6.448060157031156, 141.92327476725129, 7.30655668320872, 92.65899788915979, 8.092851117773472, 150.0729071044836]","[np.float64(38.14894798155086), np.float64(65.17674950199658), np.float64(45.76364038439702), np.float64(6.1590323953600565), np.float64(45.04845608105548), np.float64(100.04047494853194), 0.0]",29.4517,668.691,AUCKLAND
syn_05727,2,Container,22314.0,7,"['NADI BAY', 'VUDA', 'SUVA', 'PAGO PAGO HARBOR', 'APIA', ""NUKU'ALOFA"", 'TAURANGA']","['Fiji', 'Fiji', 'Fiji', 'American Samoa', 'Samoa', 'Tonga', 'New Zealand']","[-17.7162, -17.6861, -18.1339, -14.2765, -13.826, -21.1362, -37.6444]","[177.371, 177.3849, 178.4235, -170.6854, -171.7622, -175.1806, 176.1819]","['Tropical Southwestern Pacific', 'Tropical Southwestern Pacific', 'Tropical Southwestern Pacific', 'Central Polynesia', 'Central Polynesia', 'Tropical Southwestern Pacific', 'Northern New Zealand']","[0.0, 59.789383372251905, 5.819064644863813, 57.510567810372606, 11.09710654072611, 41.770579331342866, 128.86996930849497]","[72.71459888731195, 55.00797673835023, np.float64(14.666599358819465), np.float64(30.6080094005207), np.float64(7.155496019146669), np.float64(13.914253926295846), 0.0]",20.7885,426.209,TAURANGA
syn_05728,2,Container,8252.0,5,"['SUVA', 'APIA', 'RAROTONGA', 'AITUTAKI', 'AUCKLAND']","['Fiji', 'Samoa', 'Cook Islands', 'Cook Islands', 'New Zealand']","[-18.1339, -13.826, -21.2046, -18.8505, -36.8402]","[178.4235, -171.7622, -159.7843, -159.8111, 174.7721]","['Tropical Southwestern Pacific', 'Central Polynesia', 'Southeast Polynesia', 'Southeast Polynesia', 'Northern New Zealand']","[0.0, 59.65292387328931, 58.899919269161785, 6.43932691350749, 159.30601758105144]","[np.float64(69.76016051864539), np.float64(11.100799329376438), np.float64(115.41796640973851), np.float64(17.96878809907721), 0.0]",20.7727,428.7857,AUCKLAND
syn_05729,2,Container,22708.0,7,"['SUVA', 'LAUTOKA', 'APIA', 'PAGO PAGO HARBOR', 'RAROTONGA', 'AITUTAKI', 'AUCKLAND']","['Fiji', 'Fiji', 'Samoa', 'American Samoa', 'Cook Islands', 'Cook Islands', 'New Zealand']","[-18.1339, -17.6036, -13.826, -14.2765, -21.2046, -18.8505, -36.8402]","[178.4235, 177.4387, -171.7622, -170.6854, -159.7843, -159.8111, 174.7721]","['Tropical Southwestern Pacific', 'Tropical Southwestern Pacific', 'Central Polynesia', 'Central Polynesia', 'Southeast Polynesia', 'Southeast Polynesia', 'Northern New Zealand']","[0.0, 13.49925446288561, 70.36653446117785, 9.20520901670539, 84.79020828439933, 12.14749709780207, 266.8759785854964]","[np.float64(75.02763887268112), np.float64(99.56345603578013), np.float64(19.53981004890555), np.float64(97.67498802025239), np.float64(76.20288936858068), np.float64(17.861819869138486), 0.0]",35.1148,767.7276,AUCKLAND
syn_05730,2,Container,8252.0,6,"['SUVA', 'LAUTOKA', 'APIA', 'PAGO PAGO HARBOR', 'ALOFI', 'TAURANGA']","['Fiji', 'Fiji', 'Samoa', 'American Samoa', 'Niue', 'New Zealand']","[-18.1339, -17.6036, -13.826, -14.2765, -19.0532, -37.6444]","[178.4235, 177.4387, -171.7622, -170.6854, -169.9217, 176.1819]","['Tropical Southwestern Pacific', 'Tropical Southwestern Pacific', 'Central Polynesia', 'Central Polynesia', 'Tropical Southwestern Pacific', 'Northern New Zealand']","[0.0, 9.15702777356407, 75.92491869148466, 4.880941626565896, 59.87268129880504, 143.6665456588044]","[np.float64(7.048966070850004), np.float64(24.51904682873162), np.float64(8.250864358532125), np.float64(19.834016755651792), np.float64(78.32455428460749), 0.0]",17.9783,424.4306,TAURANGA
syn_05731,2,General Cargo,20202.0,5,"['SUVA', 'LAUTOKA', 'APIA', ""NUKU'ALOFA"", 'TAURANGA']","['Fiji', 'Fiji', 'Samoa', 'Tonga', 'New Zealand']","[-18.1339, -17.6036, -13.826, -21.1362, -37.6444]","[178.4235, 177.4387, -171.7622, -175.1806, 176.1819]","['Tropical Southwestern Pacific', 'Tropical Southwestern Pacific', 'Central Polynesia', 'Tropical Southwestern Pacific', 'Northern New Zealand']","[0.0, 11.500936516037253, 170.25887608222735, 45.536378101574144, 235.9547337344675]","[np.float64(26.160903685739118), np.float64(48.96458548138177), np.float64(8.266466874563319), np.float64(8.000033260106479), 0.0]",23.1101,528.482,TAURANGA
syn_05732,2,Container,8252.0,6,"['SUVA', 'APIA', 'PAGO PAGO HARBOR', 'RAROTONGA', 'AITUTAKI', 'AUCKLAND']","['Fiji', 'Samoa', 'American Samoa', 'Cook Islands', 'Cook Islands', 'New Zealand']","[-18.1339, -13.826, -14.2765, -21.2046, -18.8505, -36.8402]","[178.4235, -171.7622, -170.6854, -159.7843, -159.8111, 174.7721]","['Tropical Southwestern Pacific', 'Central Polynesia', 'Central Polynesia', 'Southeast Polynesia', 'Southeast Polynesia', 'Northern New Zealand']","[0.0, 56.11352429427941, 15.653655388942346, 45.88370777469071, 10.782012820768406, 326.9669151116793]","[np.float64(29.454328462557914), np.float64(13.587861333291585), np.float64(20.467153681437978), np.float64(70.38326885574693), np.float64(11.131571184990017), 0.0]",25.0177,570.9697,AUCKLAND
syn_05733,2,General Cargo,20202.0,7,"[""NUKU'ALOFA"", 'SUVA', 'APIA', 'PAGO PAGO HARBOR', 'ALOFI', 'RAROTONGA', 'AUCKLAND']","['Tonga', 'Fiji', 'Samoa', 'American Samoa', 'Niue', 'Cook Islands', 'New Zealand']","[-21.1362, -18.1339, -13.826, -14.2765, -19.0532, -21.2046, -36.8402]","[-175.1806, 178.4235, -171.7622, -170.6854, -169.9217, -159.7843, 174.7721]","['Tropical Southwestern Pacific', 'Tropical Southwestern Pacific', 'Central Polynesia', 'Central Polynesia', 'Tropical Southwestern Pacific', 'Southeast Polynesia', 'Northern New Zealand']","[0.0, 37.04549238533532, 69.52198766668697, 10.340490773096178, 20.83833554242344, 112.78032358188831, 195.2724977427048]","[np.float64(7.51099605259473), np.float64(32.03338629089272), np.float64(77.26998965464537), np.float64(39.08107747152801), np.float64(80.84409298068672), np.float64(46.922340872734836), 0.0]",30.3942,721.95,AUCKLAND
syn_05734,2,General Cargo,20202.0,5,"['SUVA', 'LAUTOKA', 'APIA', 'PAGO PAGO HARBOR', 'TAURANGA']","['Fiji', 'Fiji', 'Samoa', 'American Samoa', 'New Zealand']","[-18.1339, -17.6036, -13.826, -14.2765, -37.6444]","[178.4235, 177.4387, -171.7622, -170.6854, 176.1819]","['Tropical Southwestern Pacific', 'Tropical Southwestern Pacific', 'Central Polynesia', 'Central Polynesia', 'Northern New Zealand']","[0.0, 7.247774730826171, 123.76637911300263, 17.705600077892132, 406.29793788661306]","[np.float64(54.965046563747045), np.float64(80.31966496969099), np.float64(9.446416713572177), np.float64(24.697264645241642), 0.0]",30.1853,669.481,TAURANGA
syn_05735,2,Container,22968.0,6,"['SUVA', 'LAUTOKA', 'APIA', 'PAGO PAGO HARBOR', 'RAROTONGA', 'AUCKLAND']","['Fiji', 'Fiji', 'Samoa', 'American Samoa', 'Cook Islands', 'New Zealand']","[-18.1339, -17.6036, -13.826, -14.2765, -21.2046, -36.8402]","[178.4235, 177.4387, -171.7622, -170.6854, -159.7843, 174.7721]","['Tropical Southwestern Pacific', 'Tropical Southwestern Pacific', 'Central Polynesia', 'Central Polynesia', 'Southeast Polynesia', 'Northern New Zealand']","[0.0, 9.408999936671862, 58.71084313318935, 18.490948480145033, 166.74711051367217, 234.24603419524553]","[np.float64(81.18797281953518), np.float64(46.66065994607184), np.float64(13.100665999890044), np.float64(27.6449259916407), np.float64(80.44217062973156), 0.0]",30.6933,655.4524,AUCKLAND
syn_05736,2,General Cargo,20202.0,7,"['SUVA', 'LAUTOKA', 'APIA', 'PAGO PAGO HARBOR', 'ALOFI', 'NEIAFU', 'AUCKLAND']","['Fiji', 'Fiji', 'Samoa', 'American Samoa', 'Niue', 'Tonga', 'New Zealand']","[-18.1339, -17.6036, -13.826, -14.2765, -19.0532, -18.6529, -36.8402]","[178.4235, 177.4387, -171.7622, -170.6854, -169.9217, -173.9852, 174.7721]","['Tropical Southwestern Pacific', 'Tropical Southwestern Pacific', 'Central Polynesia', 'Central Polynesia', 'Tropical Southwestern Pacific', 'Tropical Southwestern Pacific', 'Northern New Zealand']","[0.0, 11.703523313616811, 90.6766153137309, 18.418167926822036, 56.109671180423376, 98.99829629489315, 191.8196096963487]","[np.float64(67.82446728140414), np.float64(89.13659643174994), np.float64(34.21496507488174), np.float64(16.420095299851685), np.float64(81.8300009541204), np.float64(13.89138245096101), 0.0]",32.1268,703.2189,AUCKLAND
syn_05737,2,Container,8252.0,5,"['SUVA', 'LAUTOKA', 'APIA', 'PAGO PAGO HARBOR', 'TAURANGA']","['Fiji', 'Fiji', 'Samoa', 'American Samoa', 'New Zealand']","[-18.1339, -17.6036, -13.826, -14.2765, -37.6444]","[178.4235, 177.4387, -171.7622, -170.6854, 176.1819]","['Tropical Southwestern Pacific', 'Tropical Southwestern Pacific', 'Central Polynesia', 'Central Polynesia', 'Northern New Zealand']","[0.0, 14.012732269728255, 63.805472200846296, 10.712156467920682, 124.84107959882056]","[np.float64(39.01786221716286), np.float64(68.99011507781852), np.float64(15.659931554419027), np.float64(7.675843687965314), 0.0]",14.3631,305.6973,TAURANGA
syn_05738,2,Container,22314.0,7,"['SUVA', 'LAUTOKA', 'APIA', 'PAGO PAGO HARBOR', 'RAROTONGA', 'AITUTAKI', 'AUCKLAND']","['Fiji', 'Fiji', 'Samoa', 'American Samoa', 'Cook Islands', 'Cook Islands', 'New Zealand']","[-18.1339, -17.6036, -13.826, -14.2765, -21.2046, -18.8505, -36.8402]","[178.4235, 177.4387, -171.7622, -170.6854, -159.7843, -159.8111, 174.7721]","['Tropical Southwestern Pacific', 'Tropical Southwestern Pacific', 'Central Polynesia', 'Central Polynesia', 'Southeast Polynesia', 'Southeast Polynesia', 'Northern New Zealand']","[0.0, 10.032368348019538, 78.06637341630447, 6.799871533267031, 55.14890850047866, 6.344121679554467, 157.75157278667268]","[np.float64(122.37399449521563), np.float64(86.9421756171281), np.float64(14.352752601237238), np.float64(14.427297295507111), np.float64(11.261058621128157), np.float64(57.784030556607995), 0.0]",25.8869,498.9105,AUCKLAND
syn_05739,2,General Cargo,20202.0,5,"['EBAYE', 'KWAJALEIN', 'APRA HARBOR', 'POHNPEI', 'AUCKLAND']","['Marshall Islands', 'Marshall Islands', 'Guam', 'Micronesia', 'New Zealand']","[8.7783, 8.7325, 13.4594, 6.9793, -36.8402]","[167.7331, 167.7351, 144.6655, 158.201, 174.7721]","['Marshall, Gilbert and Ellis Islands', 'Marshall, Gilbert and Ellis Islands', 'Tropical Northwestern Pacific', 'Tropical Northwestern Pacific', 'Northern New Zealand']","[0.0, 49.88233535267381, 201.3871111105062, 81.9767416133576, 404.39633006838903]","[77.35804423719586, 24.224435480788827, 19.82761880123065, 44.233456713731805, 0.0]",37.6369,825.928,AUCKLAND
syn_05740,2,General Cargo,20202.0,7,"['SUVA', 'LAUTOKA', 'SUVA', 'APIA', 'RAROTONGA', ""NUKU'ALOFA"", 'AUCKLAND']","['Fiji', 'Fiji', 'Fiji', 'Samoa', 'Cook Islands', 'Tonga', 'New Zealand']","[-18.1339, -17.6036, -18.1339, -13.826, -21.2046, -21.1362, -36.8402]","[178.4235, 177.4387, 178.4235, -171.7622, -159.7843, -175.1806, 174.7721]","['Tropical Southwestern Pacific', 'Tropical Southwestern Pacific', 'Tropical Southwestern Pacific', 'Central Polynesia', 'Southeast Polynesia', 'Tropical Southwestern Pacific', 'Northern New Zealand']","[0.0, 5.6615639636427115, 15.989827000401869, 65.31096169929747, 75.65713536717577, 90.68917097650436, 87.857049123343]","[np.float64(29.03165834758699), np.float64(90.54697237034202), np.float64(71.78132194510573), np.float64(7.666762151181908), np.float64(26.884685947783012), np.float64(31.601716724765552), 0.0]",24.945,569.6472,AUCKLAND
syn_05741,2,Container,22968.0,7,"['SUVA', 'LAUTOKA', 'PAGO PAGO HARBOR', 'APIA', 'ALOFI', 'RAROTONGA', 'AUCKLAND']","['Fiji', 'Fiji', 'American Samoa', 'Samoa', 'Niue', 'Cook Islands', 'New Zealand']","[-18.1339, -17.6036, -14.2765, -13.826, -19.0532, -21.2046, -36.8402]","[178.4235, 177.4387, -170.6854, -171.7622, -169.9217, -159.7843, 174.7721]","['Tropical Southwestern Pacific', 'Tropical Southwestern Pacific', 'Central Polynesia', 'Central Polynesia', 'Tropical Southwestern Pacific', 'Southeast Polynesia', 'Northern New Zealand']","[0.0, 16.501903591830192, 151.78842391595398, 9.56774334601396, 22.007818229497808, 111.1182028424797, 224.95736448923316]","[np.float64(18.215571157037378), np.float64(97.1969951205392), np.float64(58.88507622357625), np.float64(12.62660874959914), np.float64(31.107452039508928), np.float64(14.096767608939766), 0.0]",32.0029,749.8544,AUCKLAND
syn_05742,2,Container,8252.0,7,"['SUVA', 'LAUTOKA', 'APIA', 'PAGO PAGO HARBOR', 'ALOFI', 'NEIAFU', 'AUCKLAND']","['Fiji', 'Fiji', 'Samoa', 'American Samoa', 'Niue', 'Tonga', 'New Zealand']","[-18.1339, -17.6036, -13.826, -14.2765, -19.0532, -18.6529, -36.8402]","[178.4235, 177.4387, -171.7622, -170.6854, -169.9217, -173.9852, 174.7721]","['Tropical Southwestern Pacific', 'Tropical Southwestern Pacific', 'Central Polynesia', 'Central Polynesia', 'Tropical Southwestern Pacific', 'Tropical Southwestern Pacific', 'Northern New Zealand']","[0.0, 9.137236637979179, 68.1753103894444, 10.679392005765772, 29.61160680715705, 28.586397725892336, 76.91511916018766]","[np.float64(93.1587001899226), np.float64(21.66042605397046), np.float64(18.257789724925733), np.float64(25.343936599950215), np.float64(61.126062283026734), np.float64(14.567653618847517), 0.0]",19.0508,364.0609,AUCKLAND
syn_05743,2,General Cargo,5642.0,5,"['LAUTOKA', 'SUVA', 'APIA', 'RAROTONGA', 'AUCKLAND']","['Fiji', 'Fiji', 'Samoa', 'Cook Islands', 'New Zealand']","[-17.6036, -18.1339, -13.826, -21.2046, -36.8402]","[177.4387, 178.4235, -171.7622, -159.7843, 174.7721]","['Tropical Southwestern Pacific', 'Tropical Southwestern Pacific', 'Central Polynesia', 'Southeast Polynesia', 'Northern New Zealand']","[0.0, 14.608111673281643, 63.17194002462216, 103.53007859698972, 224.02821935869406]","[np.float64(50.6728368067176), np.float64(22.469425574552957), np.float64(20.137140747595197), np.float64(60.77137697671294), 0.0]",23.3079,508.7163,AUCKLAND
syn_05744,2,Container,22314.0,6,"['SUVA', 'LAUTOKA', 'APIA', 'PAGO PAGO HARBOR', 'RAROTONGA', 'AUCKLAND']","['Fiji', 'Fiji', 'Samoa', 'American Samoa', 'Cook Islands', 'New Zealand']","[-18.1339, -17.6036, -13.826, -14.2765, -21.2046, -36.8402]","[178.4235, 177.4387, -171.7622, -170.6854, -159.7843, 174.7721]","['Tropical Southwestern Pacific', 'Tropical Southwestern Pacific', 'Central Polynesia', 'Central Polynesia', 'Southeast Polynesia', 'Northern New Zealand']","[0.0, 18.467143052333398, 67.41441430261894, 10.914759972740564, 96.31063815532627, 118.4138853719014]","[np.float64(16.515664612262558), np.float64(27.751534587424505), np.float64(19.066250419036557), np.float64(14.982250650774446), np.float64(97.59840803147442), 0.0]",20.3098,470.9193,AUCKLAND
syn_05745,2,Container,22968.0,5,"['SUVA', 'APIA', 'RAROTONGA', 'ALOFI', 'AUCKLAND']","['Fiji', 'Samoa', 'Cook Islands', 'Niue', 'New Zealand']","[-18.1339, -13.826, -21.2046, -19.0532, -36.8402]","[178.4235, -171.7622, -159.7843, -169.9217, 174.7721]","['Tropical Southwestern Pacific', 'Central Polynesia', 'Southeast Polynesia', 'Tropical Southwestern Pacific', 'Northern New Zealand']","[0.0, 52.405018171741425, 142.8414777551438, 104.77338377802951, 297.39788009067513]","[np.float64(29.307700561291302), np.float64(11.918455799727512), np.float64(47.78567557352458), np.float64(69.88603928857373), 0.0]",31.5132,727.0079,AUCKLAND
syn_05746,2,General Cargo,8378.0,5,"['SUVA', 'LAUTOKA', 'SUVA', 'APIA', 'LYTTELTON']","['Fiji', 'Fiji', 'Fiji', 'Samoa', 'New Zealand']","[-18.1339, -17.6036, -18.1339, -13.826, -43.606]","[178.4235, 177.4387, 178.4235, -171.7622, 172.7213]","['Tropical Southwestern Pacific', 'Tropical Southwestern Pacific', 'Tropical Southwestern Pacific', 'Central Polynesia', 'Southern New Zealand']","[0.0, 18.818966157146082, 14.13928946881603, 88.71761944641166, 171.06808886367952]","[np.float64(26.446989476385337), np.float64(104.06111240936332), np.float64(17.27313718787829), np.float64(24.617177614590066), 0.0]",19.3809,438.6954,LYTTELTON
syn_05747,2,Container,22708.0,7,"['LAUTOKA', 'APIA', 'PAGO PAGO HARBOR', 'ALOFI', 'NEIAFU', ""NUKU'ALOFA"", 'AUCKLAND']","['Fiji', 'Samoa', 'American Samoa', 'Niue', 'Tonga', 'Tonga', 'New Zealand']","[-17.6036, -13.826, -14.2765, -19.0532, -18.6529, -21.1362, -36.8402]","[177.4387, -171.7622, -170.6854, -169.9217, -173.9852, -175.1806, 174.7721]","['Tropical Southwestern Pacific', 'Central Polynesia', 'Central Polynesia', 'Tropical Southwestern Pacific', 'Tropical Southwestern Pacific', 'Tropical Southwestern Pacific', 'Northern New Zealand']","[0.0, 60.560704661952805, 9.027573176792265, 45.22509728927767, 32.68422001452391, 12.997967760738158, 140.7688167016086]","[np.float64(16.727572244668256), np.float64(66.20470328309759), np.float64(8.444704159057034), np.float64(9.23014037403909), np.float64(14.663623456523837), np.float64(15.060565624089966), 0.0]",17.9832,414.8681,AUCKLAND
syn_05748,2,General Cargo,20202.0,5,"['PAGO PAGO HARBOR', 'APIA', 'RAROTONGA', 'AITUTAKI', 'AUCKLAND']","['American Samoa', 'Samoa', 'Cook Islands', 'Cook Islands', 'New Zealand']","[-14.2765, -13.826, -21.2046, -18.8505, -36.8402]","[-170.6854, -171.7622, -159.7843, -159.8111, 174.7721]","['Central Polynesia', 'Central Polynesia', 'Southeast Polynesia', 'Southeast Polynesia', 'Northern New Zealand']","[0.0, 8.24582176236454, 115.36675415035029, 14.31020795657863, 267.98156300191613]","[np.float64(46.769972243965434), np.float64(63.04301649969121), np.float64(14.47837293759286), np.float64(33.54341155399334), 0.0]",23.4891,516.9691,AUCKLAND
syn_05749,2,Container,22314.0,5,"['LAUTOKA', 'SUVA', 'APIA', 'RAROTONGA', 'AUCKLAND']","['Fiji', 'Fiji', 'Samoa', 'Cook Islands', 'New Zealand']","[-17.6036, -18.1339, -13.826, -21.2046, -36.8402]","[177.4387, 178.4235, -171.7622, -159.7843, 174.7721]","['Tropical Southwestern Pacific', 'Tropical Southwestern Pacific', 'Central Polynesia', 'Southeast Polynesia', 'Northern New Zealand']","[0.0, 9.472655791033322, 63.67749088528943, 116.03962214552696, 203.42174109882217]","[np.float64(126.68206165479096), np.float64(71.69727167186251), np.float64(15.10170953675151), np.float64(42.486007232194424), 0.0]",27.0241,521.8965,AUCKLAND
syn_05750,2,General Cargo,20202.0,6,"['SUVA', 'LAUTOKA', 'APIA', 'PAGO PAGO HARBOR', 'ALOFI', 'AUCKLAND']","['Fiji', 'Fiji', 'Samoa', 'American Samoa', 'Niue', 'New Zealand']","[-18.1339, -17.6036, -13.826, -14.2765, -19.0532, -36.8402]","[178.4235, 177.4387, -171.7622, -170.6854, -169.9217, 174.7721]","['Tropical Southwestern Pacific', 'Tropical Southwestern Pacific', 'Central Polynesia', 'Central Polynesia', 'Tropical Southwestern Pacific', 'Northern New Zealand']","[0.0, 7.741596805809852, 58.531231471865524, 14.026251573165768, 55.62685062868832, 103.18732066627437]","[np.float64(7.831171731092042), np.float64(36.94281279539281), np.float64(44.98348141556479), np.float64(13.266947065828399), np.float64(30.413828524913153), 0.0]",15.523,364.7203,AUCKLAND
syn_05751,2,General Cargo,8378.0,7,"['SUVA', 'LAUTOKA', 'APIA', 'PAGO PAGO HARBOR', 'RAROTONGA', 'AITUTAKI', 'AUCKLAND']","['Fiji', 'Fiji', 'Samoa', 'American Samoa', 'Cook Islands', 'Cook Islands', 'New Zealand']","[-18.1339, -17.6036, -13.826, -14.2765, -21.2046, -18.8505, -36.8402]","[178.4235, 177.4387, -171.7622, -170.6854, -159.7843, -159.8111, 174.7721]","['Tropical Southwestern Pacific', 'Tropical Southwestern Pacific', 'Central Polynesia', 'Central Polynesia', 'Southeast Polynesia', 'Southeast Polynesia', 'Northern New Zealand']","[0.0, 8.55577527247693, 153.82589880685563, 16.22811988271292, 101.57987712323343, 16.964870584563684, 168.36066715289178]","[np.float64(14.54873342929196), np.float64(28.50520464691295), np.float64(9.516210791568534), np.float64(97.23205454651401), np.float64(17.305490324228476), np.float64(20.939932054752582), 0.0]",27.2318,639.0141,AUCKLAND
syn_05752,2,General Cargo,20202.0,5,"['SUVA', 'APIA', 'PAGO PAGO HARBOR', 'RAROTONGA', 'AUCKLAND']","['Fiji', 'Samoa', 'American Samoa', 'Cook Islands', 'New Zealand']","[-18.1339, -13.826, -14.2765, -21.2046, -36.8402]","[178.4235, -171.7622, -170.6854, -159.7843, 174.7721]","['Tropical Southwestern Pacific', 'Central Polynesia', 'Central Polynesia', 'Southeast Polynesia', 'Northern New Zealand']","[0.0, 64.5298838856893, 16.768237333194143, 88.80105637824053, 184.73441178355384]","[np.float64(12.250110122661333), np.float64(6.496834999026314), np.float64(13.359949884413014), np.float64(25.79339544234687), 0.0]",17.1972,400.4838,AUCKLAND
syn_05753,2,Container,22968.0,7,"['LAUTOKA', 'SUVA', 'APIA', 'RAROTONGA', 'AITUTAKI', ""NUKU'ALOFA"", 'AUCKLAND']","['Fiji', 'Fiji', 'Samoa', 'Cook Islands', 'Cook Islands', 'Tonga', 'New Zealand']","[-17.6036, -18.1339, -13.826, -21.2046, -18.8505, -21.1362, -36.8402]","[177.4387, 178.4235, -171.7622, -159.7843, -159.8111, -175.1806, 174.7721]","['Tropical Southwestern Pacific', 'Tropical Southwestern Pacific', 'Central Polynesia', 'Southeast Polynesia', 'Southeast Polynesia', 'Tropical Southwestern Pacific', 'Northern New Zealand']","[0.0, 11.484972376389614, 62.95734735983172, 76.99306856310015, 5.317648032146206, 90.29789552374426, 106.89122207207735]","[np.float64(34.01715919002589), np.float64(51.12215557085937), np.float64(33.38953242783303), np.float64(40.05228289216803), np.float64(40.307904173326406), np.float64(16.506611397556764), 0.0]",23.7224,535.3206,AUCKLAND
syn_05754,2,Tanker,3854.0,6,"['SUVA', 'APIA', 'PAGO PAGO HARBOR', 'RAROTONGA', 'AITUTAKI', 'AUCKLAND']","['Fiji', 'Samoa', 'American Samoa', 'Cook Islands', 'Cook Islands', 'New Zealand']","[-18.1339, -13.826, -14.2765, -21.2046, -18.8505, -36.8402]","[178.4235, -171.7622, -170.6854, -159.7843, -159.8111, 174.7721]","['Tropical Southwestern Pacific', 'Central Polynesia', 'Central Polynesia', 'Southeast Polynesia', 'Southeast Polynesia', 'Northern New Zealand']","[0.0, 95.66521334832532, 7.226337546240367, 99.37052525734441, 7.252830160830234, 153.1488323001395]","[np.float64(31.788611007406228), np.float64(31.69682091417924), np.float64(65.52552595499314), np.float64(47.43244852445122), np.float64(52.214598872237936), 0.0]",24.6384,559.5331,AUCKLAND
syn_05755,2,Container,8252.0,5,"['SUVA', 'LAUTOKA', 'APIA', 'PAGO PAGO HARBOR', 'TAURANGA']","['Fiji', 'Fiji', 'Samoa', 'American Samoa', 'New Zealand']","[-18.1339, -17.6036, -13.826, -14.2765, -37.6444]","[178.4235, 177.4387, -171.7622, -170.6854, 176.1819]","['Tropical Southwestern Pacific', 'Tropical Southwestern Pacific', 'Central Polynesia', 'Central Polynesia', 'Northern New Zealand']","[0.0, 16.735445783944, 72.87141634173105, 7.728665446331271, 114.52956131969687]","[np.float64(26.91536033016368), np.float64(7.061149586307192), np.float64(9.54933068998922), np.float64(7.818409310822089), 0.0]",10.9671,236.294,TAURANGA
syn_05756,2,General Cargo,20202.0,7,"['SUVA', 'LAUTOKA', 'PAGO PAGO HARBOR', 'APIA', 'ALOFI', 'RAROTONGA', 'AUCKLAND']","['Fiji', 'Fiji', 'American Samoa', 'Samoa', 'Niue', 'Cook Islands', 'New Zealand']","[-18.1339, -17.6036, -14.2765, -13.826, -19.0532, -21.2046, -36.8402]","[178.4235, 177.4387, -170.6854, -171.7622, -169.9217, -159.7843, 174.7721]","['Tropical Southwestern Pacific', 'Tropical Southwestern Pacific', 'Central Polynesia', 'Central Polynesia', 'Tropical Southwestern Pacific', 'Southeast Polynesia', 'Northern New Zealand']","[0.0, 19.93874293532494, 74.24318721674672, 13.546951368768733, 40.08024599171821, 114.2525192268009, 230.3336248186941]","[np.float64(32.55039405209954), np.float64(73.55459389835063), np.float64(60.29990117300111), np.float64(15.807204197683154), np.float64(64.74854250532026), np.float64(14.79348720410541), 0.0]",31.4229,721.599,AUCKLAND
syn_05757,2,Container,8252.0,5,"['LAUTOKA', 'APIA', 'PAGO PAGO HARBOR', ""NUKU'ALOFA"", 'AUCKLAND']","['Fiji', 'Samoa', 'American Samoa', 'Tonga', 'New Zealand']","[-17.6036, -13.826, -14.2765, -21.1362, -36.8402]","[177.4387, -171.7622, -170.6854, -175.1806, 174.7721]","['Tropical Southwestern Pacific', 'Central Polynesia', 'Central Polynesia', 'Tropical Southwestern Pacific', 'Northern New Zealand']","[0.0, 77.27036465620115, 10.045200660335043, 40.387085459794854, 146.85180414120416]","[np.float64(39.09961065033724), np.float64(22.981389064077483), np.float64(30.388549140947024), np.float64(17.662729273565137), 0.0]",16.0286,345.5871,AUCKLAND
syn_05758,2,General Cargo,20202.0,7,"['LAUTOKA', 'APIA', 'PAGO PAGO HARBOR', 'ALOFI', 'NEIAFU', ""NUKU'ALOFA"", 'AUCKLAND']","['Fiji', 'Samoa', 'American Samoa', 'Niue', 'Tonga', 'Tonga', 'New Zealand']","[-17.6036, -13.826, -14.2765, -19.0532, -18.6529, -21.1362, -36.8402]","[177.4387, -171.7622, -170.6854, -169.9217, -173.9852, -175.1806, 174.7721]","['Tropical Southwestern Pacific', 'Central Polynesia', 'Central Polynesia', 'Tropical Southwestern Pacific', 'Tropical Southwestern Pacific', 'Tropical Southwestern Pacific', 'Northern New Zealand']","[0.0, 218.77492545326137, 14.229229483606705, 26.455103661039434, 59.673284270863256, 24.17404584268939, 95.0678643464524]","[np.float64(35.732702401743154), np.float64(28.453597577710187), np.float64(59.544335574354115), np.float64(34.36841134227605), np.float64(6.828596930142042), np.float64(15.886672871953289), 0.0]",25.7995,583.4561,AUCKLAND
syn_05759,2,General Cargo,8378.0,6,"['SUVA', 'LAUTOKA', 'APIA', 'PAGO PAGO HARBOR', 'RAROTONGA', 'AUCKLAND']","['Fiji', 'Fiji', 'Samoa', 'American Samoa', 'Cook Islands', 'New Zealand']","[-18.1339, -17.6036, -13.826, -14.2765, -21.2046, -36.8402]","[178.4235, 177.4387, -171.7622, -170.6854, -159.7843, 174.7721]","['Tropical Southwestern Pacific', 'Tropical Southwestern Pacific', 'Central Polynesia', 'Central Polynesia', 'Southeast Polynesia', 'Northern New Zealand']","[0.0, 9.274957212497304, 138.53383917950126, 8.308092592026643, 90.37824999217526, 237.55201287433397]","[np.float64(15.071868533649758), np.float64(20.590194977372573), np.float64(18.011780239902546), np.float64(8.473829519057627), np.float64(71.78344686179696), 0.0]",25.7491,602.9064,AUCKLAND
syn_05760,2,Container,22314.0,6,"['SUVA', 'LAUTOKA', 'APIA', 'PAGO PAGO HARBOR', ""NUKU'ALOFA"", 'TAURANGA']","['Fiji', 'Fiji', 'Samoa', 'American Samoa', 'Tonga', 'New Zealand']","[-18.1339, -17.6036, -13.826, -14.2765, -21.1362, -37.6444]","[178.4235, 177.4387, -171.7622, -170.6854, -175.1806, 176.1819]","['Tropical Southwestern Pacific', 'Tropical Southwestern Pacific', 'Central Polynesia', 'Central Polynesia', 'Tropical Southwestern Pacific', 'Northern New Zealand']","[0.0, 10.535191986180369, 48.14554870236066, 13.218933688396822, 32.868375759424744, 100.29950343120503]","[np.float64(20.56731236521884), np.float64(18.313190532572218), np.float64(11.414825148833451), np.float64(45.1539608179365), np.float64(11.110937065828958), 0.0]",12.9845,291.0605,TAURANGA
syn_05761,2,General Cargo,8378.0,6,"['SUVA', 'LAUTOKA', 'APIA', 'PAGO PAGO HARBOR', ""NUKU'ALOFA"", 'TAURANGA']","['Fiji', 'Fiji', 'Samoa', 'American Samoa', 'Tonga', 'New Zealand']","[-18.1339, -17.6036, -13.826, -14.2765, -21.1362, -37.6444]","[178.4235, 177.4387, -171.7622, -170.6854, -175.1806, 176.1819]","['Tropical Southwestern Pacific', 'Tropical Southwestern Pacific', 'Central Polynesia', 'Central Polynesia', 'Tropical Southwestern Pacific', 'Northern New Zealand']","[0.0, 8.297358454124597, 153.66925822040474, 14.843805226072554, 82.37672589604864, 174.98341165230957]","[np.float64(54.32584040628598), np.float64(25.410968453116407), np.float64(14.70448406589287), np.float64(10.896221581355906), np.float64(14.25443828860455), 0.0]",23.0734,499.4367,TAURANGA
syn_05762,2,General Cargo,8378.0,6,"[""NUKU'ALOFA"", 'LAUTOKA', 'SUVA', 'APIA', 'RAROTONGA', 'AUCKLAND']","['Tonga', 'Fiji', 'Fiji', 'Samoa', 'Cook Islands', 'New Zealand']","[-21.1362, -17.6036, -18.1339, -13.826, -21.2046, -36.8402]","[-175.1806, 177.4387, 178.4235, -171.7622, -159.7843, 174.7721]","['Tropical Southwestern Pacific', 'Tropical Southwestern Pacific', 'Tropical Southwestern Pacific', 'Central Polynesia', 'Southeast Polynesia', 'Northern New Zealand']","[0.0, 32.34012916172605, 13.322044848003328, 62.08751576871533, 81.34155087907934, 139.86600724824513]","[np.float64(20.29664027768641), np.float64(18.07786997943034), np.float64(33.598681596149824), np.float64(15.143688234697974), np.float64(10.206613460426988), 0.0]",17.7617,405.9841,AUCKLAND
syn_05763,2,General Cargo,8378.0,7,"['SUVA', 'LAUTOKA', 'APIA', 'PAGO PAGO HARBOR', 'NEIAFU', ""NUKU'ALOFA"", 'AUCKLAND']","['Fiji', 'Fiji', 'Samoa', 'American Samoa', 'Tonga', 'Tonga', 'New Zealand']","[-18.1339, -17.6036, -13.826, -14.2765, -18.6529, -21.1362, -36.8402]","[178.4235, 177.4387, -171.7622, -170.6854, -173.9852, -175.1806, 174.7721]","['Tropical Southwestern Pacific', 'Tropical Southwestern Pacific', 'Central Polynesia', 'Central Polynesia', 'Tropical Southwestern Pacific', 'Tropical Southwestern Pacific', 'Northern New Zealand']","[0.0, 7.708114820692148, 66.18764863574255, 18.037813562638075, 46.73032163191856, 49.88744481290396, 101.73021972548841]","[np.float64(34.180652271657955), np.float64(30.515603894852905), np.float64(9.309124956200042), np.float64(24.736672180429522), np.float64(11.291883622358903), np.float64(26.74641413818742), 0.0]",17.7942,392.8813,AUCKLAND
syn_05764,2,Container,22314.0,7,"['LAUTOKA', 'APIA', 'PAGO PAGO HARBOR', 'ALOFI', 'NEIAFU', ""NUKU'ALOFA"", 'AUCKLAND']","['Fiji', 'Samoa', 'American Samoa', 'Niue', 'Tonga', 'Tonga', 'New Zealand']","[-17.6036, -13.826, -14.2765, -19.0532, -18.6529, -21.1362, -36.8402]","[177.4387, -171.7622, -170.6854, -169.9217, -173.9852, -175.1806, 174.7721]","['Tropical Southwestern Pacific', 'Central Polynesia', 'Central Polynesia', 'Tropical Southwestern Pacific', 'Tropical Southwestern Pacific', 'Tropical Southwestern Pacific', 'Northern New Zealand']","[0.0, 55.63773145618317, 17.0255213084902, 16.27410485182329, 27.738814464035794, 41.89942137967208, 75.03130443790617]","[np.float64(82.47252048578711), np.float64(36.74246071755491), np.float64(75.04054170686769), np.float64(37.82128685538847), np.float64(8.779647613952672), np.float64(10.842983586060312), 0.0]",20.2211,402.8338,AUCKLAND
syn_05765,2,Container,8252.0,7,"['SUVA', 'LAUTOKA', 'APIA', 'PAGO PAGO HARBOR', 'ALOFI', 'NEIAFU', 'AUCKLAND']","['Fiji', 'Fiji', 'Samoa', 'American Samoa', 'Niue', 'Tonga', 'New Zealand']","[-18.1339, -17.6036, -13.826, -14.2765, -19.0532, -18.6529, -36.8402]","[178.4235, 177.4387, -171.7622, -170.6854, -169.9217, -173.9852, 174.7721]","['Tropical Southwestern Pacific', 'Tropical Southwestern Pacific', 'Central Polynesia', 'Central Polynesia', 'Tropical Southwestern Pacific', 'Tropical Southwestern Pacific', 'Northern New Zealand']","[0.0, 10.913434307146611, 54.43688552386201, 11.769472076203366, 57.65410508445768, 32.251590913667286, 83.00543380571855]","[np.float64(11.33377276320812), np.float64(17.97044900147056), np.float64(13.410032437922881), np.float64(8.346521308098204), np.float64(104.68999617409969), np.float64(7.8012576088868455), 0.0]",17.2326,402.2492,AUCKLAND
syn_05766,2,Container,22314.0,7,"['SUVA', 'PAGO PAGO HARBOR', 'APIA', 'RAROTONGA', 'AITUTAKI', ""NUKU'ALOFA"", 'AUCKLAND']","['Fiji', 'American Samoa', 'Samoa', 'Cook Islands', 'Cook Islands', 'Tonga', 'New Zealand']","[-18.1339, -14.2765, -13.826, -21.2046, -18.8505, -21.1362, -36.8402]","[178.4235, -170.6854, -171.7622, -159.7843, -159.8111, -175.1806, 174.7721]","['Tropical Southwestern Pacific', 'Central Polynesia', 'Central Polynesia', 'Southeast Polynesia', 'Southeast Polynesia', 'Tropical Southwestern Pacific', 'Northern New Zealand']","[0.0, 128.74361630345854, 5.217350670115726, 49.76088584384906, 3.937214253485028, 96.54864678815773, 117.97183170861477]","[np.float64(71.53134335403509), np.float64(78.34305204346457), np.float64(20.223381174656684), np.float64(14.183275576145427), np.float64(54.823624268616406), np.float64(10.905295706726621), 0.0]",27.1746,580.6582,AUCKLAND
syn_05767,2,Container,8252.0,6,"['SUVA', 'APIA', 'RAROTONGA', 'AITUTAKI', ""NUKU'ALOFA"", 'AUCKLAND']","['Fiji', 'Samoa', 'Cook Islands', 'Cook Islands', 'Tonga', 'New Zealand']","[-18.1339, -13.826, -21.2046, -18.8505, -21.1362, -36.8402]","[178.4235, -171.7622, -159.7843, -159.8111, -175.1806, 174.7721]","['Tropical Southwestern Pacific', 'Central Polynesia', 'Southeast Polynesia', 'Southeast Polynesia', 'Tropical Southwestern Pacific', 'Northern New Zealand']","[0.0, 56.24360480713445, 67.04691950475816, 8.312478273384441, 97.77689380117263, 77.41712037562155]","[np.float64(31.18687176489296), np.float64(14.320223157399326), np.float64(101.75361730344576), np.float64(69.2942110074412), np.float64(12.739443041325694), 0.0]",22.3371,504.9045,AUCKLAND
syn_05768,2,Container,22968.0,6,"['SUVA', 'APIA', 'PAGO PAGO HARBOR', 'ALOFI', ""NUKU'ALOFA"", 'AUCKLAND']","['Fiji', 'Samoa', 'American Samoa', 'Niue', 'Tonga', 'New Zealand']","[-18.1339, -13.826, -14.2765, -19.0532, -21.1362, -36.8402]","[178.4235, -171.7622, -170.6854, -169.9217, -175.1806, 174.7721]","['Tropical Southwestern Pacific', 'Central Polynesia', 'Central Polynesia', 'Tropical Southwestern Pacific', 'Tropical Southwestern Pacific', 'Northern New Zealand']","[0.0, 73.33215807058073, 11.749695084165348, 38.124666391285615, 28.067084937823587, 111.65035395567443]","[np.float64(60.44951795643833), np.float64(33.10806293262195), np.float64(21.49585600120578), np.float64(114.36606883037135), np.float64(20.932630120894263), 0.0]",21.3865,452.8266,AUCKLAND
syn_05769,2,Container,22708.0,7,"['LAUTOKA', 'SUVA', 'FUNAFUTI', 'TARAWA', 'LONDON', 'LAUTOKA', 'AUCKLAND']","['Fiji', 'Fiji', 'Tuvalu', 'Kiribati', 'Kiribati', 'Fiji', 'New Zealand']","[-17.6036, -18.1339, -8.5032, 1.3673, 2.0062, -17.6036, -36.8402]","[177.4387, 178.4235, 179.1946, 172.9355, -157.4881, 177.4387, 174.7721]","['Tropical Southwestern Pacific', 'Tropical Southwestern Pacific', 'Marshall, Gilbert and Ellis Islands', 'Marshall, Gilbert and Ellis Islands', 'Central Polynesia', 'Tropical Southwestern Pacific', 'Northern New Zealand']","[0.0, 6.912685279850521, 41.31421968109971, 134.8305034864725, 216.63665625868012, 217.62998677943543, 72.09708320614902]","[np.float64(28.550081945231984), np.float64(95.49117717514818), 35.46696356700611, 7.822554376680763, 21.1258288291073, np.float64(69.63722687349802), 0.0]",39.4798,918.9649,AUCKLAND
syn_05770,2,General Cargo,5642.0,7,"['SUVA', 'PAGO PAGO HARBOR', 'APIA', 'ALOFI', 'RAROTONGA', 'AITUTAKI', 'AUCKLAND']","['Fiji', 'American Samoa', 'Samoa', 'Niue', 'Cook Islands', 'Cook Islands', 'New Zealand']","[-18.1339, -14.2765, -13.826, -19.0532, -21.2046, -18.8505, -36.8402]","[178.4235, -170.6854, -171.7622, -169.9217, -159.7843, -159.8111, 174.7721]","['Tropical Southwestern Pacific', 'Central Polynesia', 'Central Polynesia', 'Tropical Southwestern Pacific', 'Southeast Polynesia', 'Southeast Polynesia', 'Northern New Zealand']","[0.0, 104.69999138444666, 7.1388262093090304, 24.48413494363539, 53.73054577131567, 18.189888154308765, 285.5302915705202]","[np.float64(50.82439892638561), np.float64(26.918412470451088), np.float64(39.050932768075135), np.float64(70.6524968405034), np.float64(25.659418082176032), np.float64(11.392543933209161), 0.0]",29.928,667.4475,AUCKLAND
syn_05771,2,Container,22708.0,5,"['SUVA', 'LAUTOKA', 'APIA', 'PAGO PAGO HARBOR', 'TAURANGA']","['Fiji', 'Fiji', 'Samoa', 'American Samoa', 'New Zealand']","[-18.1339, -17.6036, -13.826, -14.2765, -37.6444]","[178.4235, 177.4387, -171.7622, -170.6854, 176.1819]","['Tropical Southwestern Pacific', 'Tropical Southwestern Pacific', 'Central Polynesia', 'Central Polynesia', 'Northern New Zealand']","[0.0, 8.373657154197279, 73.07984265262589, 18.5629087787589, 112.19073918317821]","[np.float64(39.066598525909264), np.float64(29.647983652314565), np.float64(11.127382309150429), np.float64(13.096772168635834), 0.0]",12.7144,266.0793,TAURANGA
syn_05772,2,General Cargo,20202.0,6,"['SUVA', 'APIA', 'PAGO PAGO HARBOR', 'ALOFI', 'NEIAFU', 'AUCKLAND']","['Fiji', 'Samoa', 'American Samoa', 'Niue', 'Tonga', 'New Zealand']","[-18.1339, -13.826, -14.2765, -19.0532, -18.6529, -36.8402]","[178.4235, -171.7622, -170.6854, -169.9217, -173.9852, 174.7721]","['Tropical Southwestern Pacific', 'Central Polynesia', 'Central Polynesia', 'Tropical Southwestern Pacific', 'Tropical Southwestern Pacific', 'Northern New Zealand']","[0.0, 60.60800855792314, 12.309557638530046, 41.881791536550296, 39.24393336916915, 200.8500577938894]","[np.float64(30.998484649674513), np.float64(7.5437887312398075), np.float64(7.369895115668026), np.float64(15.879970297862018), np.float64(37.887071549497456), 0.0]",18.9405,423.5741,AUCKLAND
syn_05773,2,General Cargo,5642.0,7,"['SUVA', 'APIA', 'PAGO PAGO HARBOR', 'RAROTONGA', 'AITUTAKI', ""NUKU'ALOFA"", 'AUCKLAND']","['Fiji', 'Samoa', 'American Samoa', 'Cook Islands', 'Cook Islands', 'Tonga', 'New Zealand']","[-18.1339, -13.826, -14.2765, -21.2046, -18.8505, -21.1362, -36.8402]","[178.4235, -171.7622, -170.6854, -159.7843, -159.8111, -175.1806, 174.7721]","['Tropical Southwestern Pacific', 'Central Polynesia', 'Central Polynesia', 'Southeast Polynesia', 'Southeast Polynesia', 'Tropical Southwestern Pacific', 'Northern New Zealand']","[0.0, 70.10955693448284, 14.708320143645388, 64.47580035533362, 17.272182072394923, 100.90409374781511, 93.17326538024025]","[np.float64(21.09316728374892), np.float64(53.35623798934439), np.float64(30.483577843701063), np.float64(120.5112112414966), np.float64(72.72602488381375), np.float64(29.45582875534755), 0.0]",28.6779,667.1761,AUCKLAND
syn_05774,2,Container,22708.0,6,"['SUVA', 'LAUTOKA', 'PAGO PAGO HARBOR', 'APIA', 'RAROTONGA', 'AUCKLAND']","['Fiji', 'Fiji', 'American Samoa', 'Samoa', 'Cook Islands', 'New Zealand']","[-18.1339, -17.6036, -14.2765, -13.826, -21.2046, -36.8402]","[178.4235, 177.4387, -170.6854, -171.7622, -159.7843, 174.7721]","['Tropical Southwestern Pacific', 'Tropical Southwestern Pacific', 'Central Polynesia', 'Central Polynesia', 'Southeast Polynesia', 'Northern New Zealand']","[0.0, 18.855356232305855, 84.1174090052052, 8.401929784277616, 51.30001422886226, 160.81714900247988]","[np.float64(13.660907166573304), np.float64(44.96702170085896), np.float64(10.457763125501488), np.float64(12.633086666121407), np.float64(46.872472692576615), 0.0]",18.8368,438.4222,AUCKLAND
syn_05775,2,Container,22708.0,7,"['VILA', 'HONIARA', 'NAPA NAPA', 'LAE', 'NOUMEA', 'BOTANY', 'LYTTELTON']","['Vanuatu', 'Solomon Islands', 'Papua New Guinea', 'Papua New Guinea', 'New Caledonia', 'Australia', 'New Zealand']","[-17.754, -9.4274, -9.5056, -6.8146, -22.2633, -33.9682, -43.606]","[168.3044, 159.9603, 147.1542, 146.9681, 166.4317, 151.2149, 172.7213]","['Tropical Southwestern Pacific', 'Eastern Coral Triangle', 'Eastern Coral Triangle', 'Eastern Coral Triangle', 'Tropical Southwestern Pacific', 'East Central Australian Shelf', 'Southern New Zealand']","[0.0, 48.41952644027106, 72.90500038809776, 98.95500560316421, 189.35771507544746, 142.88226548034496, 96.13943826302459]","[16.482887104185554, 7.700260279294046, 20.692628345958312, 23.25028593818376, 8.23203288093099, 40.12127648161177, 0.0]",31.8808,748.6554,LYTTELTON
syn_05776,2,General Cargo,5642.0,7,"['SUVA', 'APIA', 'RAROTONGA', 'AITUTAKI', 'ALOFI', ""NUKU'ALOFA"", 'AUCKLAND']","['Fiji', 'Samoa', 'Cook Islands', 'Cook Islands', 'Niue', 'Tonga', 'New Zealand']","[-18.1339, -13.826, -21.2046, -18.8505, -19.0532, -21.1362, -36.8402]","[178.4235, -171.7622, -159.7843, -159.8111, -169.9217, -175.1806, 174.7721]","['Tropical Southwestern Pacific', 'Central Polynesia', 'Southeast Polynesia', 'Southeast Polynesia', 'Tropical Southwestern Pacific', 'Tropical Southwestern Pacific', 'Northern New Zealand']","[0.0, 103.37439219150804, 85.86385764272855, 15.31763126378868, 107.17490474080648, 30.734109999584412, 101.33969802204922]","[np.float64(19.468523630071516), np.float64(8.30264822687437), np.float64(8.256656372228573), np.float64(95.54585266047978), np.float64(94.34755532193923), np.float64(21.990723686392755), 0.0]",28.8215,672.248,AUCKLAND
syn_05777,2,Container,8252.0,5,"['SUVA', 'APIA', 'PAGO PAGO HARBOR', 'RAROTONGA', 'AUCKLAND']","['Fiji', 'Samoa', 'American Samoa', 'Cook Islands', 'New Zealand']","[-18.1339, -13.826, -14.2765, -21.2046, -36.8402]","[178.4235, -171.7622, -170.6854, -159.7843, 174.7721]","['Tropical Southwestern Pacific', 'Central Polynesia', 'Central Polynesia', 'Southeast Polynesia', 'Northern New Zealand']","[0.0, 66.97666970392922, 8.568872108697796, 67.16104595657002, 124.97737413589522]","[np.float64(55.74423699453456), np.float64(22.003661980825743), np.float64(45.597839410125054), np.float64(123.29428599629794), 0.0]",21.4302,458.5797,AUCKLAND
syn_05778,2,General Cargo,20202.0,6,"['VILA', 'NOUMEA', 'SUVA', 'FUNAFUTI', 'TARAWA', 'AUCKLAND']","['Vanuatu', 'New Caledonia', 'Fiji', 'Tuvalu', 'Kiribati', 'New Zealand']","[-17.754, -22.2633, -18.1339, -8.5032, 1.3673, -36.8402]","[168.3044, 166.4317, 178.4235, 179.1946, 172.9355, 174.7721]","['Tropical Southwestern Pacific', 'Tropical Southwestern Pacific', 'Tropical Southwestern Pacific', 'Marshall, Gilbert and Ellis Islands', 'Marshall, Gilbert and Ellis Islands', 'Northern New Zealand']","[0.0, 39.63887236076316, 116.14140190781343, 60.97259127152492, 77.43248001237689, 255.41432226667212]","[28.117303359407536, 12.628711571119554, np.float64(26.448981565707484), 59.98604295634379, 98.34772907882213, 0.0]",32.297,747.0111,AUCKLAND
syn_05779,2,General Cargo,8378.0,7,"['LAUTOKA', 'SUVA', 'PAGO PAGO HARBOR', 'APIA', 'RAROTONGA', 'AITUTAKI', 'AUCKLAND']","['Fiji', 'Fiji', 'American Samoa', 'Samoa', 'Cook Islands', 'Cook Islands', 'New Zealand']","[-17.6036, -18.1339, -14.2765, -13.826, -21.2046, -18.8505, -36.8402]","[177.4387, 178.4235, -170.6854, -171.7622, -159.7843, -159.8111, 174.7721]","['Tropical Southwestern Pacific', 'Tropical Southwestern Pacific', 'Central Polynesia', 'Central Polynesia', 'Southeast Polynesia', 'Southeast Polynesia', 'Northern New Zealand']","[0.0, 17.580601030477528, 85.1479205538213, 15.163559955047715, 67.96469142585856, 15.725323878995393, 136.31177156219096]","[np.float64(58.634422310239565), np.float64(57.760925855970925), np.float64(41.9756414100132), np.float64(6.657931056570657), np.float64(33.61556563147974), np.float64(50.99203894251403), 0.0]",24.4804,528.896,AUCKLAND
syn_05780,2,General Cargo,8378.0,6,"['SUVA', 'LAUTOKA', 'PAGO PAGO HARBOR', 'APIA', 'RAROTONGA', 'AUCKLAND']","['Fiji', 'Fiji', 'American Samoa', 'Samoa', 'Cook Islands', 'New Zealand']","[-18.1339, -17.6036, -14.2765, -13.826, -21.2046, -36.8402]","[178.4235, 177.4387, -170.6854, -171.7622, -159.7843, 174.7721]","['Tropical Southwestern Pacific', 'Tropical Southwestern Pacific', 'Central Polynesia', 'Central Polynesia', 'Southeast Polynesia', 'Northern New Zealand']","[0.0, 6.332056688740557, 108.93385876303131, 15.527772390217992, 66.19365212421103, 163.09898751966773]","[np.float64(12.243589854168782), np.float64(11.644733878197396), np.float64(27.827677190151118), np.float64(54.85083483303408), np.float64(20.836642705834304), 0.0]",20.3121,475.2462,AUCKLAND
syn_05781,2,Container,22314.0,7,"['SUVA', 'LAUTOKA', 'APIA', 'PAGO PAGO HARBOR', 'ALOFI', 'NEIAFU', 'AUCKLAND']","['Fiji', 'Fiji', 'Samoa', 'American Samoa', 'Niue', 'Tonga', 'New Zealand']","[-18.1339, -17.6036, -13.826, -14.2765, -19.0532, -18.6529, -36.8402]","[178.4235, 177.4387, -171.7622, -170.6854, -169.9217, -173.9852, 174.7721]","['Tropical Southwestern Pacific', 'Tropical Southwestern Pacific', 'Central Polynesia', 'Central Polynesia', 'Tropical Southwestern Pacific', 'Tropical Southwestern Pacific', 'Northern New Zealand']","[0.0, 8.582558076378954, 76.8341727021206, 11.746201202845777, 41.760395776993654, 32.433375182353494, 146.83421734053297]","[np.float64(10.81641778971313), np.float64(88.87146161209793), np.float64(17.757810442928204), np.float64(9.7332434242677), np.float64(103.07904180367328), np.float64(7.942766136702752), 0.0]",23.183,545.5752,AUCKLAND
syn_05782,2,General Cargo,20202.0,6,"['SUVA', 'LAUTOKA', 'APIA', 'PAGO PAGO HARBOR', 'ALOFI', 'AUCKLAND']","['Fiji', 'Fiji', 'Samoa', 'American Samoa', 'Niue', 'New Zealand']","[-18.1339, -17.6036, -13.826, -14.2765, -19.0532, -36.8402]","[178.4235, 177.4387, -171.7622, -170.6854, -169.9217, 174.7721]","['Tropical Southwestern Pacific', 'Tropical Southwestern Pacific', 'Central Polynesia', 'Central Polynesia', 'Tropical Southwestern Pacific', 'Northern New Zealand']","[0.0, 20.558122119737057, 91.63679295366306, 10.472962024066824, 31.962562110707953, 155.61960332125633]","[np.float64(21.44755059856247), np.float64(24.41113899595451), np.float64(9.281439997486462), np.float64(9.313764075172028), np.float64(53.114150829563755), 0.0]",17.8258,406.3705,AUCKLAND
syn_05783,2,Tanker,5183.0,5,"['PAGO PAGO HARBOR', 'RAROTONGA', 'AITUTAKI', ""NUKU'ALOFA"", 'AUCKLAND']","['American Samoa', 'Cook Islands', 'Cook Islands', 'Tonga', 'New Zealand']","[-14.2765, -21.2046, -18.8505, -21.1362, -36.8402]","[-170.6854, -159.7843, -159.8111, -175.1806, 174.7721]","['Central Polynesia', 'Southeast Polynesia', 'Southeast Polynesia', 'Tropical Southwestern Pacific', 'Northern New Zealand']","[0.0, 55.92522757671436, 5.39319206598107, 95.1536504912459, 168.59694514123248]","[np.float64(13.000811933272054), np.float64(34.29483886267112), np.float64(54.654628094835644), np.float64(11.511124177959925), 0.0]",18.2721,425.5296,AUCKLAND
syn_05784,2,General Cargo,20202.0,7,"['SUVA', 'MAT_Ã\x8aÂ»UTU', 'SIGAV_', 'SUVA', 'LUGANVILLE', 'VILA', 'AUCKLAND']","['Fiji', 'Wallis And Futuna', 'Wallis And Futuna', 'Fiji', 'Vanuatu', 'Vanuatu', 'New Zealand']","[-18.1339, -13.2857, -14.2964, -18.1339, -15.515, -17.754, -36.8402]","[178.4235, -176.1689, -178.1609, 178.4235, 167.1867, 168.3044, 174.7721]","['Tropical Southwestern Pacific', 'Central Polynesia', 'Central Polynesia', 'Tropical Southwestern Pacific', 'Tropical Southwestern Pacific', 'Tropical Southwestern Pacific', 'Northern New Zealand']","[0.0, 49.85154263653797, 57.90591243190758, 53.05905562588578, 137.7308176338519, 77.86859097233983, 176.44544325068503]","[np.float64(6.018815331349043), 33.92659678050881, 32.926348497290114, np.float64(14.3695930521762), 11.244397989307345, 36.97781533428365, 0.0]",28.6802,682.3061,AUCKLAND
syn_05785,2,Container,22968.0,5,"['SUVA', 'LAUTOKA', 'APIA', 'PAGO PAGO HARBOR', 'TAURANGA']","['Fiji', 'Fiji', 'Samoa', 'American Samoa', 'New Zealand']","[-18.1339, -17.6036, -13.826, -14.2765, -37.6444]","[178.4235, 177.4387, -171.7622, -170.6854, 176.1819]","['Tropical Southwestern Pacific', 'Tropical Southwestern Pacific', 'Central Polynesia', 'Central Polynesia', 'Northern New Zealand']","[0.0, 10.094445872324716, 67.3126601345175, 6.568097779904072, 143.6264464395729]","[np.float64(57.397930769692245), np.float64(24.74471007892294), np.float64(10.867209994087474), np.float64(41.8141796436058), 0.0]",15.1011,305.0277,TAURANGA
syn_05786,2,General Cargo,8378.0,7,"['SUVA', 'APIA', 'PAGO PAGO HARBOR', 'ALOFI', 'NEIAFU', ""NUKU'ALOFA"", 'AUCKLAND']","['Fiji', 'Samoa', 'American Samoa', 'Niue', 'Tonga', 'Tonga', 'New Zealand']","[-18.1339, -13.826, -14.2765, -19.0532, -18.6529, -21.1362, -36.8402]","[178.4235, -171.7622, -170.6854, -169.9217, -173.9852, -175.1806, 174.7721]","['Tropical Southwestern Pacific', 'Central Polynesia', 'Central Polynesia', 'Tropical Southwestern Pacific', 'Tropical Southwestern Pacific', 'Tropical Southwestern Pacific', 'Northern New Zealand']","[0.0, 64.9017254266442, 7.663407036139348, 21.82796536168965, 59.37604240527566, 30.482683543722576, 94.68883033411186]","[np.float64(20.238111653447113), np.float64(9.221412207776892), np.float64(11.1872663209683), np.float64(41.592746882649465), np.float64(17.43302314167825), np.float64(7.585894510492122), 0.0]",16.0916,365.961,AUCKLAND
syn_05787,2,Tanker,3854.0,6,"['LAUTOKA', 'APIA', 'PAGO PAGO HARBOR', 'RAROTONGA', 'AITUTAKI', 'AUCKLAND']","['Fiji', 'Samoa', 'American Samoa', 'Cook Islands', 'Cook Islands', 'New Zealand']","[-17.6036, -13.826, -14.2765, -21.2046, -18.8505, -36.8402]","[177.4387, -171.7622, -170.6854, -159.7843, -159.8111, 174.7721]","['Tropical Southwestern Pacific', 'Central Polynesia', 'Central Polynesia', 'Southeast Polynesia', 'Southeast Polynesia', 'Northern New Zealand']","[0.0, 108.01342931831624, 10.70092086631307, 88.01466568498849, 5.863098109262126, 168.17885066445498]","[np.float64(53.52345131783704), np.float64(14.324599643158972), np.float64(60.88951032562383), np.float64(38.71385748943604), np.float64(14.94814248565247), 0.0]",23.4654,509.6471,AUCKLAND
syn_05788,2,Container,22314.0,5,"['SUVA', 'APIA', 'PAGO PAGO HARBOR', 'ALOFI', 'AUCKLAND']","['Fiji', 'Samoa', 'American Samoa', 'Niue', 'New Zealand']","[-18.1339, -13.826, -14.2765, -19.0532, -36.8402]","[178.4235, -171.7622, -170.6854, -169.9217, 174.7721]","['Tropical Southwestern Pacific', 'Central Polynesia', 'Central Polynesia', 'Tropical Southwestern Pacific', 'Northern New Zealand']","[0.0, 53.7056136686011, 15.059267786117356, 43.811324809814145, 101.50764775630628]","[np.float64(63.900450884464064), np.float64(10.619394907885281), np.float64(13.256338307436238), np.float64(15.260044373464318), 0.0]",13.2133,253.2196,AUCKLAND
syn_05789,2,Container,22314.0,7,"['EBAYE', 'KWAJALEIN', 'APRA HARBOR', 'POHNPEI', 'SUVA', ""NUKU'ALOFA"", 'AUCKLAND']","['Marshall Islands', 'Marshall Islands', 'Guam', 'Micronesia', 'Fiji', 'Tonga', 'New Zealand']","[8.7783, 8.7325, 13.4594, 6.9793, -18.1339, -21.1362, -36.8402]","[167.7331, 167.7351, 144.6655, 158.201, 178.4235, -175.1806, 174.7721]","['Marshall, Gilbert and Ellis Islands', 'Marshall, Gilbert and Ellis Islands', 'Tropical Northwestern Pacific', 'Tropical Northwestern Pacific', 'Tropical Southwestern Pacific', 'Tropical Southwestern Pacific', 'Northern New Zealand']","[0.0, 33.3648785630942, 190.85626640851788, 201.2680667866948, 146.18591728536606, 28.108224699491107, 146.85439754839845]","[44.38898010735934, 28.057027000017133, 19.90593155794557, 67.28660528261288, np.float64(81.70427619734537), np.float64(9.288340905196355), 0.0]",41.5529,952.8799,AUCKLAND
syn_05790,2,General Cargo,8378.0,7,"['VILA', 'NOUMEA', 'SUVA', 'FUNAFUTI', 'MAT_Ã\x8aÂ»UTU', 'SIGAV_', 'AUCKLAND']","['Vanuatu', 'New Caledonia', 'Fiji', 'Tuvalu', 'Wallis And Futuna', 'Wallis And Futuna', 'New Zealand']","[-17.754, -22.2633, -18.1339, -8.5032, -13.2857, -14.2964, -36.8402]","[168.3044, 166.4317, 178.4235, 179.1946, -176.1689, -178.1609, 174.7721]","['Tropical Southwestern Pacific', 'Tropical Southwestern Pacific', 'Tropical Southwestern Pacific', 'Marshall, Gilbert and Ellis Islands', 'Central Polynesia', 'Central Polynesia', 'Northern New Zealand']","[0.0, 47.4515317449519, 58.36694960873961, 46.50028466901089, 30.911072430808648, 79.25024193707142, 162.0990031461741]","[115.9669459242237, 46.248201875998, np.float64(61.23587432856307), 6.194656634499714, 32.41324909412223, 21.656936911135304, 0.0]",29.5123,592.328,AUCKLAND
syn_05791,2,Container,22314.0,7,"['SUVA', 'LAUTOKA', 'APIA', 'PAGO PAGO HARBOR', 'RAROTONGA', 'AITUTAKI', 'AUCKLAND']","['Fiji', 'Fiji', 'Samoa', 'American Samoa', 'Cook Islands', 'Cook Islands', 'New Zealand']","[-18.1339, -17.6036, -13.826, -14.2765, -21.2046, -18.8505, -36.8402]","[178.4235, 177.4387, -171.7622, -170.6854, -159.7843, -159.8111, 174.7721]","['Tropical Southwestern Pacific', 'Tropical Southwestern Pacific', 'Central Polynesia', 'Central Polynesia', 'Southeast Polynesia', 'Southeast Polynesia', 'Northern New Zealand']","[0.0, 9.337537889255492, 71.49109605041222, 8.180357602679438, 138.09321116562606, 7.503660172104578, 255.06399082440188]","[np.float64(17.3099603181989), np.float64(13.743028161802446), np.float64(11.765268527571356), np.float64(26.73563085965516), np.float64(73.11982865603859), np.float64(24.179452506792032), 0.0]",27.3551,639.2131,AUCKLAND
syn_05792,2,General Cargo,8378.0,6,"['SUVA', 'LAUTOKA', 'APIA', 'PAGO PAGO HARBOR', 'RAROTONGA', 'AUCKLAND']","['Fiji', 'Fiji', 'Samoa', 'American Samoa', 'Cook Islands', 'New Zealand']","[-18.1339, -17.6036, -13.826, -14.2765, -21.2046, -36.8402]","[178.4235, 177.4387, -171.7622, -170.6854, -159.7843, 174.7721]","['Tropical Southwestern Pacific', 'Tropical Southwestern Pacific', 'Central Polynesia', 'Central Polynesia', 'Southeast Polynesia', 'Northern New Zealand']","[0.0, 18.771635924833642, 93.01304286855652, 9.863531886812831, 63.68638484317011, 180.2584348101593]","[np.float64(13.352407942345609), np.float64(32.65354253016262), np.float64(6.155359698735029), np.float64(13.643172764337356), np.float64(48.23335088014691), 0.0]",19.9846,466.2785,AUCKLAND
syn_05793,2,Container,22314.0,7,"['SUVA', 'APIA', 'RAROTONGA', 'AITUTAKI', ""NUKU'ALOFA"", 'NEIAFU', 'AUCKLAND']","['Fiji', 'Samoa', 'Cook Islands', 'Cook Islands', 'Tonga', 'Tonga', 'New Zealand']","[-18.1339, -13.826, -21.2046, -18.8505, -21.1362, -18.6529, -36.8402]","[178.4235, -171.7622, -159.7843, -159.8111, -175.1806, -173.9852, 174.7721]","['Tropical Southwestern Pacific', 'Central Polynesia', 'Southeast Polynesia', 'Southeast Polynesia', 'Tropical Southwestern Pacific', 'Tropical Southwestern Pacific', 'Northern New Zealand']","[0.0, 58.09333485533222, 122.08485451131233, 12.190235691523165, 50.36539869587379, 24.31242881549085, 92.12375727082792]","[np.float64(30.871864583778333), np.float64(13.563837542637899), np.float64(90.25271956336466), np.float64(41.3040268363865), np.float64(8.280451619436414), np.float64(6.763193397126661), 0.0]",22.9253,519.3342,AUCKLAND
syn_05794,2,Container,22968.0,7,"['LAUTOKA', 'NADI BAY', 'VUDA', 'SUVA', 'PAGO PAGO HARBOR', 'APIA', 'TAURANGA']","['Fiji', 'Fiji', 'Fiji', 'Fiji', 'American Samoa', 'Samoa', 'New Zealand']","[-17.6036, -17.7162, -17.6861, -18.1339, -14.2765, -13.826, -37.6444]","[177.4387, 177.371, 177.3849, 178.4235, -170.6854, -171.7622, 176.1819]","['Tropical Southwestern Pacific', 'Tropical Southwestern Pacific', 'Tropical Southwestern Pacific', 'Tropical Southwestern Pacific', 'Central Polynesia', 'Central Polynesia', 'Northern New Zealand']","[0.0, 47.363814533693834, 62.188606615317106, 14.846752195422308, 80.55186164205982, 16.26158786843319, 192.63316096784772]","[np.float64(25.350618414352), 10.408440396596152, 14.783555793656227, np.float64(7.749640684628264), np.float64(33.48495218417993), np.float64(6.501222276955976), 0.0]",21.3385,486.7736,TAURANGA
syn_05795,2,General Cargo,5642.0,7,"['SUVA', 'LAUTOKA', 'SUVA', 'APIA', 'PAGO PAGO HARBOR', ""NUKU'ALOFA"", 'TAURANGA']","['Fiji', 'Fiji', 'Fiji', 'Samoa', 'American Samoa', 'Tonga', 'New Zealand']","[-18.1339, -17.6036, -18.1339, -13.826, -14.2765, -21.1362, -37.6444]","[178.4235, 177.4387, 178.4235, -171.7622, -170.6854, -175.1806, 176.1819]","['Tropical Southwestern Pacific', 'Tropical Southwestern Pacific', 'Tropical Southwestern Pacific', 'Central Polynesia', 'Central Polynesia', 'Tropical Southwestern Pacific', 'Northern New Zealand']","[0.0, 6.538946266267257, 12.416610156137748, 74.16835893606095, 19.466634418485317, 91.48884226284535, 162.49136680846817]","[np.float64(7.39313185733969), np.float64(24.678806969000185), np.float64(39.86868672262087), np.float64(17.38236210414223), np.float64(13.407877364217383), np.float64(8.700676651265482), 0.0]",19.9168,470.6092,TAURANGA
syn_05796,2,Container,5923.0,7,"['SUVA', 'APIA', 'PAGO PAGO HARBOR', 'RAROTONGA', 'AITUTAKI', ""NUKU'ALOFA"", 'AUCKLAND']","['Fiji', 'Samoa', 'American Samoa', 'Cook Islands', 'Cook Islands', 'Tonga', 'New Zealand']","[-18.1339, -13.826, -14.2765, -21.2046, -18.8505, -21.1362, -36.8402]","[178.4235, -171.7622, -170.6854, -159.7843, -159.8111, -175.1806, 174.7721]","['Tropical Southwestern Pacific', 'Central Polynesia', 'Central Polynesia', 'Southeast Polynesia', 'Southeast Polynesia', 'Tropical Southwestern Pacific', 'Northern New Zealand']","[0.0, 60.628694248910314, 11.66026065280888, 61.19340580086885, 4.988032641052815, 94.52726132037606, 81.82615795515095]","[np.float64(12.213811908167042), np.float64(20.055141884912256), np.float64(11.365814506010253), np.float64(90.5423285547747), np.float64(115.83493500332979), np.float64(22.174454518454798), 0.0]",24.4588,574.7965,AUCKLAND
syn_05797,2,Container,8252.0,5,"['SUVA', 'APIA', 'PAGO PAGO HARBOR', 'RAROTONGA', 'AUCKLAND']","['Fiji', 'Samoa', 'American Samoa', 'Cook Islands', 'New Zealand']","[-18.1339, -13.826, -14.2765, -21.2046, -36.8402]","[178.4235, -171.7622, -170.6854, -159.7843, 174.7721]","['Tropical Southwestern Pacific', 'Central Polynesia', 'Central Polynesia', 'Southeast Polynesia', 'Northern New Zealand']","[0.0, 62.61890287213551, 14.341368317679414, 66.54472153000115, 134.18447381036788]","[np.float64(24.600467787996298), np.float64(12.684746394529876), np.float64(41.30156864205526), np.float64(38.0179614109381), 0.0]",16.4289,369.6937,AUCKLAND
syn_05798,2,General Cargo,12927.0,7,"['SUVA', 'APIA', 'PAGO PAGO HARBOR', 'ALOFI', 'NEIAFU', ""NUKU'ALOFA"", 'AUCKLAND']","['Fiji', 'Samoa', 'American Samoa', 'Niue', 'Tonga', 'Tonga', 'New Zealand']","[-18.1339, -13.826, -14.2765, -19.0532, -18.6529, -21.1362, -36.8402]","[178.4235, -171.7622, -170.6854, -169.9217, -173.9852, -175.1806, 174.7721]","['Tropical Southwestern Pacific', 'Central Polynesia', 'Central Polynesia', 'Tropical Southwestern Pacific', 'Tropical Southwestern Pacific', 'Tropical Southwestern Pacific', 'Northern New Zealand']","[0.0, 79.71654844387953, 16.98623509639977, 21.921734307804154, 54.84525192633745, 54.816971842370776, 96.50053189371262]","[np.float64(25.231347835578987), np.float64(8.463487617064398), np.float64(11.253533506346695), np.float64(44.4988287612447), np.float64(9.636042600637817), np.float64(9.542519845435791), 0.0]",18.0589,408.1817,AUCKLAND
syn_05799,2,General Cargo,8378.0,6,"['SUVA', 'LAUTOKA', 'PAGO PAGO HARBOR', 'APIA', 'ALOFI', 'AUCKLAND']","['Fiji', 'Fiji', 'American Samoa', 'Samoa', 'Niue', 'New Zealand']","[-18.1339, -17.6036, -14.2765, -13.826, -19.0532, -36.8402]","[178.4235, 177.4387, -170.6854, -171.7622, -169.9217, 174.7721]","['Tropical Southwestern Pacific', 'Tropical Southwestern Pacific', 'Central Polynesia', 'Central Polynesia', 'Tropical Southwestern Pacific', 'Northern New Zealand']","[0.0, 6.476352502572551, 99.29219793728595, 9.330893689970095, 30.67842160062696, 133.30784694574535]","[np.float64(24.053199078893652), np.float64(15.811152428602586), np.float64(14.449788790490093), np.float64(23.97617514917163), np.float64(27.267238696058456), 0.0]",16.0268,360.5901,AUCKLAND
syn_05800,2,Container,22314.0,5,"['PAGO PAGO HARBOR', 'RAROTONGA', ""NUKU'ALOFA"", 'NEIAFU', 'AUCKLAND']","['American Samoa', 'Cook Islands', 'Tonga', 'Tonga', 'New Zealand']","[-14.2765, -21.2046, -21.1362, -18.6529, -36.8402]","[-170.6854, -159.7843, -175.1806, -173.9852, 174.7721]","['Central Polynesia', 'Southeast Polynesia', 'Tropical Southwestern Pacific', 'Tropical Southwestern Pacific', 'Northern New Zealand']","[0.0, 69.40182908619562, 69.94009696236841, 15.199708860576596, 197.35301555934458]","[np.float64(117.27565870533917), np.float64(25.423812552883483), np.float64(11.18460790467492), np.float64(10.292916006900972), 0.0]",21.503,398.796,AUCKLAND
syn_05801,2,Container,8252.0,7,"['SUVA', 'APIA', 'PAGO PAGO HARBOR', 'RAROTONGA', 'AITUTAKI', 'ALOFI', 'AUCKLAND']","['Fiji', 'Samoa', 'American Samoa', 'Cook Islands', 'Cook Islands', 'Niue', 'New Zealand']","[-18.1339, -13.826, -14.2765, -21.2046, -18.8505, -19.0532, -36.8402]","[178.4235, -171.7622, -170.6854, -159.7843, -159.8111, -169.9217, 174.7721]","['Tropical Southwestern Pacific', 'Central Polynesia', 'Central Polynesia', 'Southeast Polynesia', 'Southeast Polynesia', 'Tropical Southwestern Pacific', 'Northern New Zealand']","[0.0, 77.33540687504586, 7.781597470310842, 70.2806428383983, 6.438224548057391, 129.40974826733301, 147.0477605026608]","[np.float64(28.48305276080505), np.float64(14.029088518519726), np.float64(27.419498585264463), np.float64(34.96997805694324), np.float64(102.90734723352608), np.float64(42.9814531334361), 0.0]",28.7118,660.6007,AUCKLAND
syn_05802,2,General Cargo,20202.0,6,"['SUVA', 'APIA', 'RAROTONGA', 'AITUTAKI', ""NUKU'ALOFA"", 'AUCKLAND']","['Fiji', 'Samoa', 'Cook Islands', 'Cook Islands', 'Tonga', 'New Zealand']","[-18.1339, -13.826, -21.2046, -18.8505, -21.1362, -36.8402]","[178.4235, -171.7622, -159.7843, -159.8111, -175.1806, 174.7721]","['Tropical Southwestern Pacific', 'Central Polynesia', 'Southeast Polynesia', 'Southeast Polynesia', 'Tropical Southwestern Pacific', 'Northern New Zealand']","[0.0, 84.02847722939018, 88.91041695855968, 11.622145179643722, 60.855694055819846, 107.17292112032898]","[np.float64(16.569176778848792), np.float64(64.88961446098739), np.float64(103.56240537705688), np.float64(40.33402279597898), np.float64(9.691737095658462), 0.0]",24.4849,571.0674,AUCKLAND
syn_05803,2,Container,22314.0,5,"['SUVA', 'APIA', 'PAGO PAGO HARBOR', 'RAROTONGA', 'AUCKLAND']","['Fiji', 'Samoa', 'American Samoa', 'Cook Islands', 'New Zealand']","[-18.1339, -13.826, -14.2765, -21.2046, -36.8402]","[178.4235, -171.7622, -170.6854, -159.7843, 174.7721]","['Tropical Southwestern Pacific', 'Central Polynesia', 'Central Polynesia', 'Southeast Polynesia', 'Northern New Zealand']","[0.0, 51.79310965921926, 15.415786342990035, 119.88187305432973, 142.00371718106203]","[np.float64(26.077589276453097), np.float64(20.61418167604202), np.float64(6.47489651243555), np.float64(60.39089649164469), 0.0]",18.4438,416.5745,AUCKLAND
syn_05804,2,Tanker,4755.0,5,"['SUVA', 'LAUTOKA', 'APIA', 'PAGO PAGO HARBOR', 'TAURANGA']","['Fiji', 'Fiji', 'Samoa', 'American Samoa', 'New Zealand']","[-18.1339, -17.6036, -13.826, -14.2765, -37.6444]","[178.4235, 177.4387, -171.7622, -170.6854, 176.1819]","['Tropical Southwestern Pacific', 'Tropical Southwestern Pacific', 'Central Polynesia', 'Central Polynesia', 'Northern New Zealand']","[0.0, 6.591927166137882, 126.01662160000362, 8.288675631087019, 150.40789781895486]","[np.float64(47.71625081924009), np.float64(53.724703767331235), np.float64(8.406536044651267), np.float64(6.563646083494361), 0.0]",16.9882,360.0,TAURANGA
syn_05805,2,Container,8252.0,7,"['APIA', 'PAGO PAGO HARBOR', 'RAROTONGA', 'AITUTAKI', ""NUKU'ALOFA"", 'NEIAFU', 'AUCKLAND']","['Samoa', 'American Samoa', 'Cook Islands', 'Cook Islands', 'Tonga', 'Tonga', 'New Zealand']","[-13.826, -14.2765, -21.2046, -18.8505, -21.1362, -18.6529, -36.8402]","[-171.7622, -170.6854, -159.7843, -159.8111, -175.1806, -173.9852, 174.7721]","['Central Polynesia', 'Central Polynesia', 'Southeast Polynesia', 'Southeast Polynesia', 'Tropical Southwestern Pacific', 'Tropical Southwestern Pacific', 'Northern New Zealand']","[0.0, 7.873971805642433, 146.90617441059135, 8.978046984567671, 66.41509597513645, 18.816642092140047, 113.37922634918867]","[np.float64(18.25321079421916), np.float64(36.819329790107446), np.float64(81.70863763816966), np.float64(11.376641184972625), np.float64(16.86485636486242), np.float64(6.8009306234040245), 0.0]",22.258,515.9396,AUCKLAND
syn_05806,2,General Cargo,12927.0,6,"['SUVA', 'APIA', 'RAROTONGA', 'AITUTAKI', ""NUKU'ALOFA"", 'AUCKLAND']","['Fiji', 'Samoa', 'Cook Islands', 'Cook Islands', 'Tonga', 'New Zealand']","[-18.1339, -13.826, -21.2046, -18.8505, -21.1362, -36.8402]","[178.4235, -171.7622, -159.7843, -159.8111, -175.1806, 174.7721]","['Tropical Southwestern Pacific', 'Central Polynesia', 'Southeast Polynesia', 'Southeast Polynesia', 'Tropical Southwestern Pacific', 'Northern New Zealand']","[0.0, 60.61294894779799, 91.05044112270377, 17.122471587907953, 84.75698485597363, 98.21467929604658]","[np.float64(62.140554796266045), np.float64(123.67495201663051), np.float64(22.607477465672584), np.float64(47.44022979971685), np.float64(9.02925095826046), 0.0]",25.6937,554.5094,AUCKLAND
syn_05807,2,General Cargo,8378.0,7,"['SUVA', 'PAGO PAGO HARBOR', 'APIA', 'ALOFI', 'RAROTONGA', 'AITUTAKI', 'AUCKLAND']","['Fiji', 'American Samoa', 'Samoa', 'Niue', 'Cook Islands', 'Cook Islands', 'New Zealand']","[-18.1339, -14.2765, -13.826, -19.0532, -21.2046, -18.8505, -36.8402]","[178.4235, -170.6854, -171.7622, -169.9217, -159.7843, -159.8111, 174.7721]","['Tropical Southwestern Pacific', 'Central Polynesia', 'Central Polynesia', 'Tropical Southwestern Pacific', 'Southeast Polynesia', 'Southeast Polynesia', 'Northern New Zealand']","[0.0, 89.81353739870065, 14.947341068428566, 27.643079305930343, 68.724625112061, 17.257686991300712, 269.20620294894974]","[np.float64(10.640586295323962), np.float64(79.57343119501033), np.float64(25.77641493296771), np.float64(22.215896828072058), np.float64(25.749030084967313), np.float64(16.901378777700465), 0.0]",27.8521,657.8086,AUCKLAND
syn_05808,2,Container,8252.0,5,"['LAUTOKA', 'SUVA', 'APIA', 'RAROTONGA', 'AUCKLAND']","['Fiji', 'Fiji', 'Samoa', 'Cook Islands', 'New Zealand']","[-17.6036, -18.1339, -13.826, -21.2046, -36.8402]","[177.4387, 178.4235, -171.7622, -159.7843, 174.7721]","['Tropical Southwestern Pacific', 'Tropical Southwestern Pacific', 'Central Polynesia', 'Southeast Polynesia', 'Northern New Zealand']","[0.0, 4.811645916399755, 55.394469958955746, 115.9910486385532, 186.8120246719534]","[np.float64(12.951715547702605), np.float64(20.828212505414317), np.float64(67.81282402256886), np.float64(37.57632561123054), 0.0]",20.9241,489.2266,AUCKLAND
syn_05809,2,Container,22314.0,6,"['SUVA', 'LAUTOKA', 'APIA', 'PAGO PAGO HARBOR', 'ALOFI', 'AUCKLAND']","['Fiji', 'Fiji', 'Samoa', 'American Samoa', 'Niue', 'New Zealand']","[-18.1339, -17.6036, -13.826, -14.2765, -19.0532, -36.8402]","[178.4235, 177.4387, -171.7622, -170.6854, -169.9217, 174.7721]","['Tropical Southwestern Pacific', 'Tropical Southwestern Pacific', 'Central Polynesia', 'Central Polynesia', 'Tropical Southwestern Pacific', 'Northern New Zealand']","[0.0, 7.138679585299448, 62.97608356763852, 13.156454399832262, 21.39924788479998, 145.20489182767486]","[np.float64(15.175779937945288), np.float64(47.412999267788756), np.float64(11.8453528741834), np.float64(15.615934777818874), np.float64(56.77044131645692), 0.0]",16.529,381.5201,AUCKLAND
syn_05810,2,Tanker,3854.0,5,"['SUVA', 'LAUTOKA', 'APIA', 'PAGO PAGO HARBOR', 'TAURANGA']","['Fiji', 'Fiji', 'Samoa', 'American Samoa', 'New Zealand']","[-18.1339, -17.6036, -13.826, -14.2765, -37.6444]","[178.4235, 177.4387, -171.7622, -170.6854, 176.1819]","['Tropical Southwestern Pacific', 'Tropical Southwestern Pacific', 'Central Polynesia', 'Central Polynesia', 'Northern New Zealand']","[0.0, 8.435660453133162, 92.58089220658646, 9.246519314722741, 181.6478523394457]","[np.float64(56.630713933601925), np.float64(94.82791971758947), np.float64(7.1985470480447), np.float64(13.760388540940784), 0.0]",19.347,407.6978,TAURANGA
syn_05811,2,General Cargo,5642.0,7,"['SUVA', 'APIA', 'PAGO PAGO HARBOR', 'ALOFI', 'NEIAFU', ""NUKU'ALOFA"", 'AUCKLAND']","['Fiji', 'Samoa', 'American Samoa', 'Niue', 'Tonga', 'Tonga', 'New Zealand']","[-18.1339, -13.826, -14.2765, -19.0532, -18.6529, -21.1362, -36.8402]","[178.4235, -171.7622, -170.6854, -169.9217, -173.9852, -175.1806, 174.7721]","['Tropical Southwestern Pacific', 'Central Polynesia', 'Central Polynesia', 'Tropical Southwestern Pacific', 'Tropical Southwestern Pacific', 'Tropical Southwestern Pacific', 'Northern New Zealand']","[0.0, 69.19833643623838, 8.78501423034156, 19.307515448146457, 49.88507218442762, 16.504483477006115, 84.47111265854609]","[np.float64(62.02502334661458), np.float64(9.872248349602925), np.float64(64.39776245259925), np.float64(48.505122579549116), np.float64(53.57041372638463), np.float64(6.0978249378746066), 0.0]",20.5258,430.5949,AUCKLAND
syn_05812,2,Container,22314.0,5,"['LAUTOKA', 'NOUMEA', 'BRISBANE', 'BOTANY', 'AUCKLAND']","['Fiji', 'New Caledonia', 'Australia', 'Australia', 'New Zealand']","[-17.6036, -22.2633, -27.3765, -33.9682, -36.8402]","[177.4387, 166.4317, 153.1665, 151.2149, 174.7721]","['Tropical Southwestern Pacific', 'Tropical Southwestern Pacific', 'East Central Australian Shelf', 'East Central Australian Shelf', 'Northern New Zealand']","[0.0, 52.23889154417724, 90.42035511812662, 38.9015306226296, 153.51814556310072]","[np.float64(78.595850077849), 26.02886057738409, 10.264307082790392, 15.390258306522576, 0.0]",19.3899,386.7623,AUCKLAND
syn_05813,2,General Cargo,5642.0,6,"['SUVA', 'LAUTOKA', 'APIA', 'PAGO PAGO HARBOR', 'RAROTONGA', 'AUCKLAND']","['Fiji', 'Fiji', 'Samoa', 'American Samoa', 'Cook Islands', 'New Zealand']","[-18.1339, -17.6036, -13.826, -14.2765, -21.2046, -36.8402]","[178.4235, 177.4387, -171.7622, -170.6854, -159.7843, 174.7721]","['Tropical Southwestern Pacific', 'Tropical Southwestern Pacific', 'Central Polynesia', 'Central Polynesia', 'Southeast Polynesia', 'Northern New Zealand']","[0.0, 5.636718468999404, 135.64723781763826, 9.341314170470586, 52.53095095600422, 181.78388246404583]","[np.float64(11.177085626942334), np.float64(111.33611631499416), np.float64(13.33418199675796), np.float64(15.326530793049898), np.float64(25.40531298058456), 0.0]",23.3966,550.3422,AUCKLAND
syn_05814,2,Container,8252.0,6,"['SUVA', 'FUNAFUTI', 'TARAWA', 'LONDON', 'LAUTOKA', 'AUCKLAND']","['Fiji', 'Tuvalu', 'Kiribati', 'Kiribati', 'Fiji', 'New Zealand']","[-18.1339, -8.5032, 1.3673, 2.0062, -17.6036, -36.8402]","[178.4235, 179.1946, 172.9355, -157.4881, 177.4387, 174.7721]","['Tropical Southwestern Pacific', 'Marshall, Gilbert and Ellis Islands', 'Marshall, Gilbert and Ellis Islands', 'Central Polynesia', 'Tropical Southwestern Pacific', 'Northern New Zealand']","[0.0, 51.8632623031832, 140.18632004619963, 347.12402688077395, 287.6065417575254, 78.04644119103834]","[np.float64(58.973095608134074), 9.66887157068337, 49.73288908421345, 72.14574952183688, np.float64(98.50291759117427), 0.0]",49.7438,1134.877,AUCKLAND
syn_05815,2,Container,8252.0,5,"['LAUTOKA', 'APIA', 'PAGO PAGO HARBOR', 'ALOFI', 'TAURANGA']","['Fiji', 'Samoa', 'American Samoa', 'Niue', 'New Zealand']","[-17.6036, -13.826, -14.2765, -19.0532, -37.6444]","[177.4387, -171.7622, -170.6854, -169.9217, 176.1819]","['Tropical Southwestern Pacific', 'Central Polynesia', 'Central Polynesia', 'Tropical Southwestern Pacific', 'Northern New Zealand']","[0.0, 73.686649535121, 15.021870091470074, 50.33002610867484, 180.39015407002688]","[np.float64(79.75509006558053), np.float64(21.065749512591708), np.float64(10.583368944640185), np.float64(31.321297308364432), 0.0]",19.2564,382.3991,TAURANGA
syn_05816,2,Container,22708.0,6,"['PAGO PAGO HARBOR', 'APIA', 'RAROTONGA', 'AITUTAKI', ""NUKU'ALOFA"", 'AUCKLAND']","['American Samoa', 'Samoa', 'Cook Islands', 'Cook Islands', 'Tonga', 'New Zealand']","[-14.2765, -13.826, -21.2046, -18.8505, -21.1362, -36.8402]","[-170.6854, -171.7622, -159.7843, -159.8111, -175.1806, 174.7721]","['Central Polynesia', 'Central Polynesia', 'Southeast Polynesia', 'Southeast Polynesia', 'Tropical Southwestern Pacific', 'Northern New Zealand']","[0.0, 7.2636891185925565, 89.52978098251855, 4.224490641600691, 129.19647569455293, 65.29473368674898]","[np.float64(9.868977329198776), np.float64(8.16716564224335), np.float64(92.78471238061223), np.float64(15.29837210865149), np.float64(24.70698982334052), 0.0]",18.5973,436.4664,AUCKLAND
syn_05817,2,Container,22968.0,5,"[""NUKU'ALOFA"", 'APIA', 'PAGO PAGO HARBOR', 'RAROTONGA', 'AUCKLAND']","['Tonga', 'Samoa', 'American Samoa', 'Cook Islands', 'New Zealand']","[-21.1362, -13.826, -14.2765, -21.2046, -36.8402]","[-175.1806, -171.7622, -170.6854, -159.7843, 174.7721]","['Tropical Southwestern Pacific', 'Central Polynesia', 'Central Polynesia', 'Southeast Polynesia', 'Northern New Zealand']","[0.0, 32.88301601354328, 18.023463234512704, 57.95459263767944, 298.0469889472593]","[np.float64(13.667924450947751), np.float64(40.17061037292518), np.float64(52.439753972368), np.float64(15.837470618089801), 0.0]",22.0427,515.3559,AUCKLAND
syn_05818,2,General Cargo,20202.0,5,"[""NUKU'ALOFA"", 'SUVA', 'APIA', 'RAROTONGA', 'AUCKLAND']","['Tonga', 'Fiji', 'Samoa', 'Cook Islands', 'New Zealand']","[-21.1362, -18.1339, -13.826, -21.2046, -36.8402]","[-175.1806, 178.4235, -171.7622, -159.7843, 174.7721]","['Tropical Southwestern Pacific', 'Tropical Southwestern Pacific', 'Central Polynesia', 'Southeast Polynesia', 'Northern New Zealand']","[0.0, 37.444364802043204, 87.42105828114445, 81.17474255210348, 143.97540635623676]","[np.float64(18.955539666103434), np.float64(29.153845354792942), np.float64(12.276867795954415), np.float64(133.49980436653559), 0.0]",22.6626,524.9461,AUCKLAND
syn_05819,2,General Cargo,8378.0,5,"['SUVA', 'APIA', 'RAROTONGA', 'AITUTAKI', 'AUCKLAND']","['Fiji', 'Samoa', 'Cook Islands', 'Cook Islands', 'New Zealand']","[-18.1339, -13.826, -21.2046, -18.8505, -36.8402]","[178.4235, -171.7622, -159.7843, -159.8111, 174.7721]","['Tropical Southwestern Pacific', 'Central Polynesia', 'Southeast Polynesia', 'Southeast Polynesia', 'Northern New Zealand']","[0.0, 53.37390612953011, 86.6916910291078, 18.252014481824922, 150.3045449840151]","[np.float64(62.53990572771318), np.float64(26.806975235839097), np.float64(31.187770477536745), np.float64(80.24248707841417), 0.0]",21.225,446.8594,AUCKLAND
syn_05820,2,Container,22708.0,5,"['SUVA', 'PAGO PAGO HARBOR', 'APIA', 'RAROTONGA', 'AUCKLAND']","['Fiji', 'American Samoa', 'Samoa', 'Cook Islands', 'New Zealand']","[-18.1339, -14.2765, -13.826, -21.2046, -36.8402]","[178.4235, -170.6854, -171.7622, -159.7843, 174.7721]","['Tropical Southwestern Pacific', 'Central Polynesia', 'Central Polynesia', 'Southeast Polynesia', 'Northern New Zealand']","[0.0, 93.99029281982418, 10.171497272882196, 51.2372770912361, 366.79597479411683]","[np.float64(117.40413443919283), np.float64(16.1046628685262), np.float64(26.53516572803768), np.float64(22.85039582409639), 0.0]",29.3787,587.6853,AUCKLAND
syn_05821,2,Container,22708.0,7,"['POHNPEI', 'SUVA', 'APIA', 'PAGO PAGO HARBOR', 'ALOFI', ""NUKU'ALOFA"", 'AUCKLAND']","['Micronesia', 'Fiji', 'Samoa', 'American Samoa', 'Niue', 'Tonga', 'New Zealand']","[6.9793, -18.1339, -13.826, -14.2765, -19.0532, -21.1362, -36.8402]","[158.201, 178.4235, -171.7622, -170.6854, -169.9217, -175.1806, 174.7721]","['Tropical Northwestern Pacific', 'Tropical Southwestern Pacific', 'Central Polynesia', 'Central Polynesia', 'Tropical Southwestern Pacific', 'Tropical Southwestern Pacific', 'Northern New Zealand']","[0.0, 179.4456104585413, 52.39915466491152, 7.680618833544101, 42.859984183695474, 36.0077803331376, 108.0848989753984]","[21.31041495653636, np.float64(106.77564703482153), np.float64(20.73334799186767), np.float64(14.382634624276438), np.float64(31.956524429564144), np.float64(6.10398137346237), 0.0]",26.1559,606.4302,AUCKLAND
syn_05822,2,General Cargo,8378.0,5,"['POHNPEI', 'SUVA', 'APIA', 'PAGO PAGO HARBOR', 'TAURANGA']","['Micronesia', 'Fiji', 'Samoa', 'American Samoa', 'New Zealand']","[6.9793, -18.1339, -13.826, -14.2765, -37.6444]","[158.201, 178.4235, -171.7622, -170.6854, 176.1819]","['Tropical Northwestern Pacific', 'Tropical Southwestern Pacific', 'Central Polynesia', 'Central Polynesia', 'Northern New Zealand']","[0.0, 357.6716163311039, 80.88911278208688, 15.38767485118036, 200.80282870556215]","[12.197517459745868, np.float64(47.31599376252365), np.float64(93.10521016623537), np.float64(65.50530199537324), 0.0]",36.3698,860.6777,TAURANGA
syn_05823,2,Container,22968.0,7,"['SUVA', 'APIA', 'PAGO PAGO HARBOR', 'ALOFI', 'NEIAFU', ""NUKU'ALOFA"", 'AUCKLAND']","['Fiji', 'Samoa', 'American Samoa', 'Niue', 'Tonga', 'Tonga', 'New Zealand']","[-18.1339, -13.826, -14.2765, -19.0532, -18.6529, -21.1362, -36.8402]","[178.4235, -171.7622, -170.6854, -169.9217, -173.9852, -175.1806, 174.7721]","['Tropical Southwestern Pacific', 'Central Polynesia', 'Central Polynesia', 'Tropical Southwestern Pacific', 'Tropical Southwestern Pacific', 'Tropical Southwestern Pacific', 'Northern New Zealand']","[0.0, 63.166955133888735, 17.92588170861438, 27.358736390078775, 29.340311321057722, 21.607305183358733, 95.24156975854342]","[np.float64(34.85563620531417), np.float64(21.128052432909314), np.float64(15.456931553245877), np.float64(51.871642649330454), np.float64(10.336872572746088), np.float64(10.832124363236945), 0.0]",16.6301,364.2664,AUCKLAND
syn_05824,2,General Cargo,20202.0,7,"['SUVA', 'APIA', 'PAGO PAGO HARBOR', 'ALOFI', 'NEIAFU', ""NUKU'ALOFA"", 'AUCKLAND']","['Fiji', 'Samoa', 'American Samoa', 'Niue', 'Tonga', 'Tonga', 'New Zealand']","[-18.1339, -13.826, -14.2765, -19.0532, -18.6529, -21.1362, -36.8402]","[178.4235, -171.7622, -170.6854, -169.9217, -173.9852, -175.1806, 174.7721]","['Tropical Southwestern Pacific', 'Central Polynesia', 'Central Polynesia', 'Tropical Southwestern Pacific', 'Tropical Southwestern Pacific', 'Tropical Southwestern Pacific', 'Northern New Zealand']","[0.0, 66.46169315976694, 6.406298839539525, 28.6917553098392, 38.132527525234956, 35.2423249858702, 82.60775739871187]","[np.float64(52.18014453380903), np.float64(20.768809150507007), np.float64(11.597989172677522), np.float64(128.5063787060075), np.float64(15.034324713859904), np.float64(8.565680341211946), 0.0]",20.5915,442.0155,AUCKLAND
syn_05825,2,Container,5923.0,5,"['LAUTOKA', 'PAGO PAGO HARBOR', 'APIA', ""NUKU'ALOFA"", 'TAURANGA']","['Fiji', 'American Samoa', 'Samoa', 'Tonga', 'New Zealand']","[-17.6036, -14.2765, -13.826, -21.1362, -37.6444]","[177.4387, -170.6854, -171.7622, -175.1806, 176.1819]","['Tropical Southwestern Pacific', 'Central Polynesia', 'Central Polynesia', 'Tropical Southwestern Pacific', 'Northern New Zealand']","[0.0, 112.56656538575669, 8.744444135829637, 50.72862428490451, 113.62825260575367]","[np.float64(27.01229358851026), np.float64(29.499174578750587), np.float64(16.204528768160593), np.float64(13.820857363847445), 0.0]",15.5085,345.1924,TAURANGA
syn_05826,2,Container,8252.0,5,"['SUVA', 'APIA', 'RAROTONGA', 'AITUTAKI', 'AUCKLAND']","['Fiji', 'Samoa', 'Cook Islands', 'Cook Islands', 'New Zealand']","[-18.1339, -13.826, -21.2046, -18.8505, -36.8402]","[178.4235, -171.7622, -159.7843, -159.8111, 174.7721]","['Tropical Southwestern Pacific', 'Central Polynesia', 'Southeast Polynesia', 'Southeast Polynesia', 'Northern New Zealand']","[0.0, 70.73143281827078, 107.2824931754828, 4.433357051306077, 196.85694930475358]","[np.float64(32.30833145094717), np.float64(14.915413591703903), np.float64(59.49424470042751), np.float64(10.598320636226994), 0.0]",20.6925,464.3122,AUCKLAND
syn_05827,2,Container,22708.0,7,"['SUVA', 'LAUTOKA', 'APIA', 'PAGO PAGO HARBOR', 'RAROTONGA', ""NUKU'ALOFA"", 'AUCKLAND']","['Fiji', 'Fiji', 'Samoa', 'American Samoa', 'Cook Islands', 'Tonga', 'New Zealand']","[-18.1339, -17.6036, -13.826, -14.2765, -21.2046, -21.1362, -36.8402]","[178.4235, 177.4387, -171.7622, -170.6854, -159.7843, -175.1806, 174.7721]","['Tropical Southwestern Pacific', 'Tropical Southwestern Pacific', 'Central Polynesia', 'Central Polynesia', 'Southeast Polynesia', 'Tropical Southwestern Pacific', 'Northern New Zealand']","[0.0, 17.140591035508155, 53.25840529591803, 8.059580128765296, 79.30646202155349, 128.61461750457016, 105.55278563244127]","[np.float64(31.209418425467458), np.float64(30.577918303936332), np.float64(21.709334220927843), np.float64(14.194132160070293), np.float64(19.323786745687702), np.float64(11.497962532137137), 0.0]",21.6852,489.2356,AUCKLAND
syn_05828,2,Container,22708.0,5,"['SUVA', 'LAUTOKA', 'APIA', 'PAGO PAGO HARBOR', 'TAURANGA']","['Fiji', 'Fiji', 'Samoa', 'American Samoa', 'New Zealand']","[-18.1339, -17.6036, -13.826, -14.2765, -37.6444]","[178.4235, 177.4387, -171.7622, -170.6854, 176.1819]","['Tropical Southwestern Pacific', 'Tropical Southwestern Pacific', 'Central Polynesia', 'Central Polynesia', 'Northern New Zealand']","[0.0, 9.312837172548141, 64.28456128025694, 15.07791066323405, 115.73101321953116]","[np.float64(50.647414167471005), np.float64(104.5157341502082), np.float64(22.87915529260859), np.float64(32.5730436106605), 0.0]",17.2926,364.3743,TAURANGA
syn_05829,2,Container,22708.0,5,"['SUVA', 'APIA', 'PAGO PAGO HARBOR', 'ALOFI', 'AUCKLAND']","['Fiji', 'Samoa', 'American Samoa', 'Niue', 'New Zealand']","[-18.1339, -13.826, -14.2765, -19.0532, -36.8402]","[178.4235, -171.7622, -170.6854, -169.9217, 174.7721]","['Tropical Southwestern Pacific', 'Central Polynesia', 'Central Polynesia', 'Tropical Southwestern Pacific', 'Northern New Zealand']","[0.0, 52.71657130132033, 5.799329225754146, 53.621876064204635, 98.17086985717916]","[np.float64(85.16467558602514), np.float64(7.176601933974447), np.float64(35.570639480087955), np.float64(51.5550994469477), 0.0]",16.2407,304.611,AUCKLAND
syn_05830,2,Container,22314.0,6,"['PAPEETE', 'NADI BAY', 'VUDA', 'SUVA', 'PAGO PAGO HARBOR', 'AUCKLAND']","['French Polynesia', 'Fiji', 'Fiji', 'Fiji', 'American Samoa', 'New Zealand']","[-17.5374, -17.7162, -17.6861, -18.1339, -14.2765, -36.8402]","[-149.5753, 177.371, 177.3849, 178.4235, -170.6854, 174.7721]","['Southeast Polynesia', 'Tropical Southwestern Pacific', 'Tropical Southwestern Pacific', 'Tropical Southwestern Pacific', 'Central Polynesia', 'Northern New Zealand']","[0.0, 179.0882227159382, 52.37975440309451, 7.905336148838453, 154.04274739727325, 272.02550442699095]","[46.85465264580281, 24.334975116470584, 118.37098471984385, np.float64(10.441619186745788), np.float64(35.382827436092036), 0.0]",37.5344,853.972,AUCKLAND
syn_05831,2,General Cargo,20202.0,7,"['SUVA', 'APIA', 'PAGO PAGO HARBOR', 'ALOFI', 'NEIAFU', ""NUKU'ALOFA"", 'AUCKLAND']","['Fiji', 'Samoa', 'American Samoa', 'Niue', 'Tonga', 'Tonga', 'New Zealand']","[-18.1339, -13.826, -14.2765, -19.0532, -18.6529, -21.1362, -36.8402]","[178.4235, -171.7622, -170.6854, -169.9217, -173.9852, -175.1806, 174.7721]","['Tropical Southwestern Pacific', 'Central Polynesia', 'Central Polynesia', 'Tropical Southwestern Pacific', 'Tropical Southwestern Pacific', 'Tropical Southwestern Pacific', 'Northern New Zealand']","[0.0, 73.90405578341672, 17.824284567305966, 36.99526190501521, 61.53272450226914, 21.15451107961992, 98.68529706165216]","[np.float64(23.293196685037767), np.float64(33.897626778184986), np.float64(49.87292784717568), np.float64(45.942864271540095), np.float64(7.22506572606413), np.float64(13.899449897934865), 0.0]",20.1761,460.9341,AUCKLAND
syn_05832,2,General Cargo,8378.0,5,"['SUVA', 'LAUTOKA', 'APIA', 'PAGO PAGO HARBOR', 'TAURANGA']","['Fiji', 'Fiji', 'Samoa', 'American Samoa', 'New Zealand']","[-18.1339, -17.6036, -13.826, -14.2765, -37.6444]","[178.4235, 177.4387, -171.7622, -170.6854, 176.1819]","['Tropical Southwestern Pacific', 'Tropical Southwestern Pacific', 'Central Polynesia', 'Central Polynesia', 'Northern New Zealand']","[0.0, 12.41766322862261, 120.02802998631266, 20.812984727289653, 138.80788350116526]","[np.float64(9.177534751589029), np.float64(37.493306798903646), np.float64(33.35086177685435), np.float64(55.13553811398676), 0.0]",17.801,418.0463,TAURANGA
syn_05833,2,Container,22968.0,7,"['SUVA', 'APIA', 'RAROTONGA', 'ALOFI', ""NUKU'ALOFA"", 'NEIAFU', 'AUCKLAND']","['Fiji', 'Samoa', 'Cook Islands', 'Niue', 'Tonga', 'Tonga', 'New Zealand']","[-18.1339, -13.826, -21.2046, -19.0532, -21.1362, -18.6529, -36.8402]","[178.4235, -171.7622, -159.7843, -169.9217, -175.1806, -173.9852, 174.7721]","['Tropical Southwestern Pacific', 'Central Polynesia', 'Southeast Polynesia', 'Tropical Southwestern Pacific', 'Tropical Southwestern Pacific', 'Tropical Southwestern Pacific', 'Northern New Zealand']","[0.0, 64.65855189340621, 65.2557980226235, 48.26359604000499, 34.70564023000515, 31.81559470001541, 134.14069242652016]","[np.float64(73.28519497103323), np.float64(18.64256860511342), np.float64(27.727322962590556), np.float64(52.291156022456896), np.float64(20.63253958178003), np.float64(7.241234542794204), 0.0]",24.1108,505.3747,AUCKLAND
syn_05834,2,General Cargo,8378.0,5,"['SUVA', 'LAUTOKA', 'APIA', ""NUKU'ALOFA"", 'TAURANGA']","['Fiji', 'Fiji', 'Samoa', 'Tonga', 'New Zealand']","[-18.1339, -17.6036, -13.826, -21.1362, -37.6444]","[178.4235, 177.4387, -171.7622, -175.1806, 176.1819]","['Tropical Southwestern Pacific', 'Tropical Southwestern Pacific', 'Central Polynesia', 'Tropical Southwestern Pacific', 'Northern New Zealand']","[0.0, 5.851136896178332, 71.1617440562626, 103.9988046110184, 141.5336023194031]","[np.float64(63.076169544727215), np.float64(19.109565600901167), np.float64(29.679192758387963), np.float64(103.70101467551238), 0.0]",22.4213,475.0351,TAURANGA
syn_05835,2,Tanker,3854.0,5,"['LAUTOKA', 'APIA', 'PAGO PAGO HARBOR', 'ALOFI', 'TAURANGA']","['Fiji', 'Samoa', 'American Samoa', 'Niue', 'New Zealand']","[-17.6036, -13.826, -14.2765, -19.0532, -37.6444]","[177.4387, -171.7622, -170.6854, -169.9217, 176.1819]","['Tropical Southwestern Pacific', 'Central Polynesia', 'Central Polynesia', 'Tropical Southwestern Pacific', 'Northern New Zealand']","[0.0, 162.33996870621465, 8.318275770566759, 22.685124105438195, 107.71784105238122]","[np.float64(44.89314641339732), np.float64(10.003647208252627), np.float64(15.098093278330417), np.float64(106.89112535379819), 0.0]",19.9145,433.0541,TAURANGA
syn_05836,2,Container,22968.0,7,"['SUVA', 'APIA', 'PAGO PAGO HARBOR', 'ALOFI', 'NEIAFU', ""NUKU'ALOFA"", 'AUCKLAND']","['Fiji', 'Samoa', 'American Samoa', 'Niue', 'Tonga', 'Tonga', 'New Zealand']","[-18.1339, -13.826, -14.2765, -19.0532, -18.6529, -21.1362, -36.8402]","[178.4235, -171.7622, -170.6854, -169.9217, -173.9852, -175.1806, 174.7721]","['Tropical Southwestern Pacific', 'Central Polynesia', 'Central Polynesia', 'Tropical Southwestern Pacific', 'Tropical Southwestern Pacific', 'Tropical Southwestern Pacific', 'Northern New Zealand']","[0.0, 59.88027924265012, 10.301301819358093, 58.399322672134765, 26.949744302261674, 15.341708540778251, 93.99700453589138]","[np.float64(7.335804895160708), np.float64(8.009717753445514), np.float64(26.647679859158014), np.float64(18.58922086255197), np.float64(7.479972523570372), np.float64(17.601257484604456), 0.0]",14.6055,343.1972,AUCKLAND
syn_05837,2,Container,5923.0,7,"['SUVA', 'LAUTOKA', 'PAGO PAGO HARBOR', 'APIA', 'ALOFI', 'RAROTONGA', 'AUCKLAND']","['Fiji', 'Fiji', 'American Samoa', 'Samoa', 'Niue', 'Cook Islands', 'New Zealand']","[-18.1339, -17.6036, -14.2765, -13.826, -19.0532, -21.2046, -36.8402]","[178.4235, 177.4387, -170.6854, -171.7622, -169.9217, -159.7843, 174.7721]","['Tropical Southwestern Pacific', 'Tropical Southwestern Pacific', 'Central Polynesia', 'Central Polynesia', 'Tropical Southwestern Pacific', 'Southeast Polynesia', 'Northern New Zealand']","[0.0, 9.577453120815296, 64.85977864731043, 17.63631806442776, 34.33665560716502, 62.77970611083436, 103.46727140564658]","[np.float64(28.306667762688054), np.float64(11.209612138393508), np.float64(47.27193787955242), np.float64(38.70901728918959), np.float64(36.3549187079595), np.float64(64.35121338885777), 0.0]",21.6192,490.5539,AUCKLAND
syn_05838,2,General Cargo,8378.0,5,"['SUVA', 'LAUTOKA', 'APIA', ""NUKU'ALOFA"", 'TAURANGA']","['Fiji', 'Fiji', 'Samoa', 'Tonga', 'New Zealand']","[-18.1339, -17.6036, -13.826, -21.1362, -37.6444]","[178.4235, 177.4387, -171.7622, -175.1806, 176.1819]","['Tropical Southwestern Pacific', 'Tropical Southwestern Pacific', 'Central Polynesia', 'Tropical Southwestern Pacific', 'Northern New Zealand']","[0.0, 8.810325976701188, 59.1953990418831, 55.73058556972967, 110.8822031180232]","[np.float64(28.870122508133136), np.float64(30.65208217025881), np.float64(7.085975379146107), np.float64(9.509085149086772), 0.0]",12.9473,281.8657,TAURANGA
syn_05839,2,General Cargo,20202.0,7,"['SUVA', 'APIA', 'PAGO PAGO HARBOR', 'ALOFI', 'NEIAFU', ""NUKU'ALOFA"", 'AUCKLAND']","['Fiji', 'Samoa', 'American Samoa', 'Niue', 'Tonga', 'Tonga', 'New Zealand']","[-18.1339, -13.826, -14.2765, -19.0532, -18.6529, -21.1362, -36.8402]","[178.4235, -171.7622, -170.6854, -169.9217, -173.9852, -175.1806, 174.7721]","['Tropical Southwestern Pacific', 'Central Polynesia', 'Central Polynesia', 'Tropical Southwestern Pacific', 'Tropical Southwestern Pacific', 'Tropical Southwestern Pacific', 'Northern New Zealand']","[0.0, 62.847511532090444, 15.179431492811629, 23.749112474515606, 84.0094335876656, 32.786670075615376, 116.98067129730498]","[np.float64(42.21649809674714), np.float64(18.332987810671646), np.float64(11.305705753878588), np.float64(6.552087158316352), np.float64(9.110802303369507), np.float64(10.977526251094808), 0.0]",18.0854,391.8319,AUCKLAND
syn_05840,2,Container,22968.0,6,"['SUVA', 'LAUTOKA', 'APIA', 'PAGO PAGO HARBOR', ""NUKU'ALOFA"", 'TAURANGA']","['Fiji', 'Fiji', 'Samoa', 'American Samoa', 'Tonga', 'New Zealand']","[-18.1339, -17.6036, -13.826, -14.2765, -21.1362, -37.6444]","[178.4235, 177.4387, -171.7622, -170.6854, -175.1806, 176.1819]","['Tropical Southwestern Pacific', 'Tropical Southwestern Pacific', 'Central Polynesia', 'Central Polynesia', 'Tropical Southwestern Pacific', 'Northern New Zealand']","[0.0, 11.699431823764547, 65.83562499493954, 10.410258866141417, 29.1095759399895, 126.71843190794056]","[np.float64(24.2320151235961), np.float64(6.40957739487094), np.float64(11.433137464824732), np.float64(108.43380737434778), np.float64(7.554208530142535), 0.0]",16.7432,377.6041,TAURANGA
syn_05841,2,General Cargo,20202.0,7,"['SUVA', 'LAUTOKA', 'PAGO PAGO HARBOR', 'APIA', ""NUKU'ALOFA"", 'RAROTONGA', 'AUCKLAND']","['Fiji', 'Fiji', 'American Samoa', 'Samoa', 'Tonga', 'Cook Islands', 'New Zealand']","[-18.1339, -17.6036, -14.2765, -13.826, -21.1362, -21.2046, -36.8402]","[178.4235, 177.4387, -170.6854, -171.7622, -175.1806, -159.7843, 174.7721]","['Tropical Southwestern Pacific', 'Tropical Southwestern Pacific', 'Central Polynesia', 'Central Polynesia', 'Tropical Southwestern Pacific', 'Southeast Polynesia', 'Northern New Zealand']","[0.0, 7.4841750472242925, 118.52693092744835, 6.954663926268581, 61.83169090359672, 198.53788787611623, 169.98170985207355]","[np.float64(23.454383052446023), np.float64(15.311463224693032), np.float64(19.15860131535275), np.float64(6.968943396160506), np.float64(11.725444004008898), np.float64(64.9770271945836), 0.0]",29.3714,681.4585,AUCKLAND
syn_05842,2,Container,8252.0,6,"['LONG ISLAND POINT', 'SUVA', 'PAPEETE', 'NADI BAY', 'VUDA', 'NEW PLYMOUTH']","['Australia', 'Fiji', 'French Polynesia', 'Fiji', 'Fiji', 'New Zealand']","[-38.2983, -18.1339, -17.5374, -17.7162, -17.6861, -39.0577]","[145.2386, 178.4235, -149.5753, 177.371, 177.3849, 174.0346]","['Southeast Australian Shelf', 'Tropical Southwestern Pacific', 'Southeast Polynesia', 'Tropical Southwestern Pacific', 'Tropical Southwestern Pacific', 'Southern New Zealand']","[0.0, 430.83613690333993, 232.66440058988528, 317.9659758575876, 33.52540630690728, 138.28372091234527]","[19.53417328516736, np.float64(18.765623365670255), 16.74253863858134, 38.78268166272407, 80.76858057647581, 0.0]",55.3279,1308.3351,NEW PLYMOUTH
syn_05843,2,Container,8252.0,7,"['SUVA', 'APIA', 'PAGO PAGO HARBOR', ""NUKU'ALOFA"", 'SUVA', 'APIA', 'AUCKLAND']","['Fiji', 'Samoa', 'American Samoa', 'Tonga', 'Fiji', 'Samoa', 'New Zealand']","[-18.1339, -13.826, -14.2765, -21.1362, -18.1339, -13.826, -36.8402]","[178.4235, -171.7622, -170.6854, -175.1806, 178.4235, -171.7622, 174.7721]","['Tropical Southwestern Pacific', 'Central Polynesia', 'Central Polynesia', 'Tropical Southwestern Pacific', 'Tropical Southwestern Pacific', 'Central Polynesia', 'Northern New Zealand']","[0.0, 60.371400337060784, 5.15884577067085, 33.69496565344532, 30.15510176463387, 59.659733075077696, 368.03647604783885]","[np.float64(62.616141706570154), np.float64(36.14302646023357), np.float64(8.665518252488898), np.float64(7.680776642268778), np.float64(14.345439702818469), np.float64(90.06831398106956), 0.0]",32.3582,713.9796,AUCKLAND
syn_05844,2,General Cargo,20202.0,5,"['LAUTOKA', 'SUVA', 'FUNAFUTI', 'TARAWA', 'AUCKLAND']","['Fiji', 'Fiji', 'Tuvalu', 'Kiribati', 'New Zealand']","[-17.6036, -18.1339, -8.5032, 1.3673, -36.8402]","[177.4387, 178.4235, 179.1946, 172.9355, 174.7721]","['Tropical Southwestern Pacific', 'Tropical Southwestern Pacific', 'Marshall, Gilbert and Ellis Islands', 'Marshall, Gilbert and Ellis Islands', 'Northern New Zealand']","[0.0, 9.973666725811485, 33.51488578769822, 80.78587267048768, 253.25304603902873]","[np.float64(31.94519988925737), np.float64(115.58173345458235), 26.726703628875292, 111.96024409039867, 0.0]",27.6559,631.7962,AUCKLAND
syn_05845,2,General Cargo,8378.0,6,"['SUVA', 'LAUTOKA', 'APIA', 'PAGO PAGO HARBOR', 'ALOFI', 'TAURANGA']","['Fiji', 'Fiji', 'Samoa', 'American Samoa', 'Niue', 'New Zealand']","[-18.1339, -17.6036, -13.826, -14.2765, -19.0532, -37.6444]","[178.4235, 177.4387, -171.7622, -170.6854, -169.9217, 176.1819]","['Tropical Southwestern Pacific', 'Tropical Southwestern Pacific', 'Central Polynesia', 'Central Polynesia', 'Tropical Southwestern Pacific', 'Northern New Zealand']","[0.0, 9.656442352510252, 90.0029652862718, 15.891922471928766, 51.49819481051385, 138.036291107023]","[np.float64(64.07337356530068), np.float64(77.2664361272057), np.float64(9.479652984437132), np.float64(10.462579619648634), np.float64(74.66682371337119), 0.0]",22.5431,476.9613,TAURANGA
syn_05846,2,General Cargo,20202.0,7,"['LAUTOKA', 'PAGO PAGO HARBOR', 'APIA', 'RAROTONGA', 'AITUTAKI', ""NUKU'ALOFA"", 'AUCKLAND']","['Fiji', 'American Samoa', 'Samoa', 'Cook Islands', 'Cook Islands', 'Tonga', 'New Zealand']","[-17.6036, -14.2765, -13.826, -21.2046, -18.8505, -21.1362, -36.8402]","[177.4387, -170.6854, -171.7622, -159.7843, -159.8111, -175.1806, 174.7721]","['Tropical Southwestern Pacific', 'Central Polynesia', 'Central Polynesia', 'Southeast Polynesia', 'Southeast Polynesia', 'Tropical Southwestern Pacific', 'Northern New Zealand']","[0.0, 70.89982433148332, 17.996479282296626, 66.89080458797957, 16.1296168421531, 76.65573447691541, 105.48971903399973]","[np.float64(55.9971004534536), np.float64(6.576786825335045), np.float64(15.935423962957142), np.float64(67.43669222723378), np.float64(46.329131321326216), np.float64(7.314519326475896), 0.0]",23.0688,497.6547,AUCKLAND
syn_05847,2,General Cargo,20202.0,5,"['LONG ISLAND POINT', 'SUVA', 'PAPEETE', 'NADI BAY', 'AUCKLAND']","['Australia', 'Fiji', 'French Polynesia', 'Fiji', 'New Zealand']","[-38.2983, -18.1339, -17.5374, -17.7162, -36.8402]","[145.2386, 178.4235, -149.5753, 177.371, 174.7721]","['Southeast Australian Shelf', 'Tropical Southwestern Pacific', 'Southeast Polynesia', 'Tropical Southwestern Pacific', 'Northern New Zealand']","[0.0, 155.6694394592799, 222.58860679723668, 264.11715975043967, 125.59434173666925]","[32.63932256269912, np.float64(28.414955234282072), 14.943906795550506, 18.6333637778221, 0.0]",35.9417,829.9618,AUCKLAND
syn_05848,2,Container,22708.0,7,"['SUVA', 'LAUTOKA', 'SUVA', 'APIA', 'RAROTONGA', 'AITUTAKI', 'AUCKLAND']","['Fiji', 'Fiji', 'Fiji', 'Samoa', 'Cook Islands', 'Cook Islands', 'New Zealand']","[-18.1339, -17.6036, -18.1339, -13.826, -21.2046, -18.8505, -36.8402]","[178.4235, 177.4387, 178.4235, -171.7622, -159.7843, -159.8111, 174.7721]","['Tropical Southwestern Pacific', 'Tropical Southwestern Pacific', 'Tropical Southwestern Pacific', 'Central Polynesia', 'Southeast Polynesia', 'Southeast Polynesia', 'Northern New Zealand']","[0.0, 15.569155901278387, 7.536070740664646, 70.7030657553225, 76.33628007634744, 6.0730368883222114, 206.1162634341748]","[np.float64(17.604440833779336), np.float64(16.012744767010084), np.float64(42.02288097554453), np.float64(30.604609979212427), np.float64(100.05342309003771), np.float64(10.75780456152658), 0.0]",24.9746,581.7853,AUCKLAND
syn_05849,2,General Cargo,12927.0,7,"['SUVA', 'LAUTOKA', 'PAGO PAGO HARBOR', 'APIA', 'ALOFI', 'RAROTONGA', 'AUCKLAND']","['Fiji', 'Fiji', 'American Samoa', 'Samoa', 'Niue', 'Cook Islands', 'New Zealand']","[-18.1339, -17.6036, -14.2765, -13.826, -19.0532, -21.2046, -36.8402]","[178.4235, 177.4387, -170.6854, -171.7622, -169.9217, -159.7843, 174.7721]","['Tropical Southwestern Pacific', 'Tropical Southwestern Pacific', 'Central Polynesia', 'Central Polynesia', 'Tropical Southwestern Pacific', 'Southeast Polynesia', 'Northern New Zealand']","[0.0, 17.0374010962071, 104.96575562973001, 10.343145816836861, 45.71026290411545, 44.55763177509888, 228.89715707036115]","[np.float64(16.910261996400934), np.float64(48.07975156250601), np.float64(7.708688991070187), np.float64(28.293078979344493), np.float64(35.458090695774594), np.float64(9.960162911154985), 0.0]",24.9134,581.0111,AUCKLAND
syn_05850,2,Container,5923.0,5,"['SUVA', 'PAGO PAGO HARBOR', 'APIA', ""NUKU'ALOFA"", 'TAURANGA']","['Fiji', 'American Samoa', 'Samoa', 'Tonga', 'New Zealand']","[-18.1339, -14.2765, -13.826, -21.1362, -37.6444]","[178.4235, -170.6854, -171.7622, -175.1806, 176.1819]","['Tropical Southwestern Pacific', 'Central Polynesia', 'Central Polynesia', 'Tropical Southwestern Pacific', 'Northern New Zealand']","[0.0, 69.87961658638328, 10.737204776351206, 59.95593997489462, 82.87724963141963]","[np.float64(14.2154977439253), np.float64(21.048928179604697), np.float64(9.477042811299384), np.float64(29.25893799277186), 0.0]",12.3938,283.2349,TAURANGA
syn_05851,2,Container,8252.0,5,"['LONG ISLAND POINT', 'SUVA', 'PAPEETE', 'NADI BAY', 'AUCKLAND']","['Australia', 'Fiji', 'French Polynesia', 'Fiji', 'New Zealand']","[-38.2983, -18.1339, -17.5374, -17.7162, -36.8402]","[145.2386, 178.4235, -149.5753, 177.371, 174.7721]","['Southeast Australian Shelf', 'Tropical Southwestern Pacific', 'Southeast Polynesia', 'Tropical Southwestern Pacific', 'Northern New Zealand']","[0.0, 213.3361931372311, 211.215667010986, 137.97296493144822, 77.9323015641103]","[26.23195639086358, np.float64(51.30202811895234), 27.735652998440735, 21.044100348818045, 0.0]",31.9488,740.5389,AUCKLAND
syn_05852,2,Container,22314.0,7,"[""NUKU'ALOFA"", 'SUVA', 'APIA', 'PAGO PAGO HARBOR', 'RAROTONGA', 'AITUTAKI', 'AUCKLAND']","['Tonga', 'Fiji', 'Samoa', 'American Samoa', 'Cook Islands', 'Cook Islands', 'New Zealand']","[-21.1362, -18.1339, -13.826, -14.2765, -21.2046, -18.8505, -36.8402]","[-175.1806, 178.4235, -171.7622, -170.6854, -159.7843, -159.8111, 174.7721]","['Tropical Southwestern Pacific', 'Tropical Southwestern Pacific', 'Central Polynesia', 'Central Polynesia', 'Southeast Polynesia', 'Southeast Polynesia', 'Northern New Zealand']","[0.0, 27.942615215153733, 74.5225979936482, 11.627620407422587, 160.64589858031798, 8.199969999890373, 106.95441976874736]","[np.float64(7.808560463175849), np.float64(37.570451671463424), np.float64(6.478045336933209), np.float64(19.193283812635396), np.float64(24.534054300931224), np.float64(121.50402036517664), 0.0]",25.2909,599.173,AUCKLAND
syn_05853,2,General Cargo,20202.0,5,"['SUVA', 'APIA', 'RAROTONGA', 'AITUTAKI', 'AUCKLAND']","['Fiji', 'Samoa', 'Cook Islands', 'Cook Islands', 'New Zealand']","[-18.1339, -13.826, -21.2046, -18.8505, -36.8402]","[178.4235, -171.7622, -159.7843, -159.8111, 174.7721]","['Tropical Southwestern Pacific', 'Central Polynesia', 'Southeast Polynesia', 'Southeast Polynesia', 'Northern New Zealand']","[0.0, 55.3470950349224, 72.83520966380938, 16.890943185157056, 186.4241868331942]","[np.float64(39.58013729045103), np.float64(15.44036606302804), np.float64(9.945897460659928), np.float64(13.378136336300685), 0.0]",17.0767,370.2618,AUCKLAND
syn_05854,2,General Cargo,8378.0,6,"['LAUTOKA', 'APIA', 'PAGO PAGO HARBOR', 'ALOFI', 'NEIAFU', 'AUCKLAND']","['Fiji', 'Samoa', 'American Samoa', 'Niue', 'Tonga', 'New Zealand']","[-17.6036, -13.826, -14.2765, -19.0532, -18.6529, -36.8402]","[177.4387, -171.7622, -170.6854, -169.9217, -173.9852, 174.7721]","['Tropical Southwestern Pacific', 'Central Polynesia', 'Central Polynesia', 'Tropical Southwestern Pacific', 'Tropical Southwestern Pacific', 'Northern New Zealand']","[0.0, 123.7590969566636, 9.01442701794051, 35.87537751200542, 67.84247405421905, 225.9459386725445]","[np.float64(61.11189176776648), np.float64(7.950438904935401), np.float64(17.905464690374963), np.float64(77.24670899301513), np.float64(18.954319240084914), 0.0]",26.9003,584.4942,AUCKLAND
syn_05855,2,Container,22968.0,5,"['SUVA', 'LAUTOKA', 'APIA', 'PAGO PAGO HARBOR', 'TAURANGA']","['Fiji', 'Fiji', 'Samoa', 'American Samoa', 'New Zealand']","[-18.1339, -17.6036, -13.826, -14.2765, -37.6444]","[178.4235, 177.4387, -171.7622, -170.6854, 176.1819]","['Tropical Southwestern Pacific', 'Tropical Southwestern Pacific', 'Central Polynesia', 'Central Polynesia', 'Northern New Zealand']","[0.0, 11.854588337453793, 49.072806091444754, 11.771363636367939, 178.69286335217996]","[np.float64(44.54255659436423), np.float64(107.67199334140263), np.float64(41.72885578483242), np.float64(17.54651540405321), 0.0]",19.2867,418.339,TAURANGA
syn_05856,2,General Cargo,8378.0,5,"['SUVA', 'APIA', 'PAGO PAGO HARBOR', ""NUKU'ALOFA"", 'TAURANGA']","['Fiji', 'Samoa', 'American Samoa', 'Tonga', 'New Zealand']","[-18.1339, -13.826, -14.2765, -21.1362, -37.6444]","[178.4235, -171.7622, -170.6854, -175.1806, 176.1819]","['Tropical Southwestern Pacific', 'Central Polynesia', 'Central Polynesia', 'Tropical Southwestern Pacific', 'Northern New Zealand']","[0.0, 79.16565015952442, 13.19529223692077, 81.99268957891759, 175.27653413246304]","[np.float64(33.82871027856974), np.float64(12.030381887997347), np.float64(35.20773369145859), np.float64(17.811011983445315), 0.0]",18.6878,414.6793,TAURANGA
syn_05857,2,Container,8252.0,5,"['LAUTOKA', 'APIA', 'PAGO PAGO HARBOR', 'NEIAFU', 'TAURANGA']","['Fiji', 'Samoa', 'American Samoa', 'Tonga', 'New Zealand']","[-17.6036, -13.826, -14.2765, -18.6529, -37.6444]","[177.4387, -171.7622, -170.6854, -173.9852, 176.1819]","['Tropical Southwestern Pacific', 'Central Polynesia', 'Central Polynesia', 'Tropical Southwestern Pacific', 'Northern New Zealand']","[0.0, 58.8489113526007, 15.811479092928055, 21.032671049810464, 97.10333801870144]","[np.float64(41.087302934251824), np.float64(78.69719148610177), np.float64(35.63981988506279), np.float64(9.03427174313297), 0.0]",14.8856,316.1677,TAURANGA
syn_05858,2,Container,8252.0,7,"['SUVA', 'PAGO PAGO HARBOR', 'APIA', 'ALOFI', 'RAROTONGA', 'AITUTAKI', 'AUCKLAND']","['Fiji', 'American Samoa', 'Samoa', 'Niue', 'Cook Islands', 'Cook Islands', 'New Zealand']","[-18.1339, -14.2765, -13.826, -19.0532, -21.2046, -18.8505, -36.8402]","[178.4235, -170.6854, -171.7622, -169.9217, -159.7843, -159.8111, 174.7721]","['Tropical Southwestern Pacific', 'Central Polynesia', 'Central Polynesia', 'Tropical Southwestern Pacific', 'Southeast Polynesia', 'Southeast Polynesia', 'Northern New Zealand']","[0.0, 120.52070703376604, 7.22768571501717, 51.60633369407868, 101.97234703352474, 8.240332927699066, 143.59444840595364]","[np.float64(49.52969173792425), np.float64(7.060149809019896), np.float64(10.077491182606254), np.float64(18.13141780076352), np.float64(24.34765249207991), np.float64(40.456834652522254), 0.0]",24.2819,533.2354,AUCKLAND
syn_05859,2,General Cargo,20202.0,5,"['APIA', 'PAGO PAGO HARBOR', 'RAROTONGA', 'AITUTAKI', 'AUCKLAND']","['Samoa', 'American Samoa', 'Cook Islands', 'Cook Islands', 'New Zealand']","[-13.826, -14.2765, -21.2046, -18.8505, -36.8402]","[-171.7622, -170.6854, -159.7843, -159.8111, 174.7721]","['Central Polynesia', 'Central Polynesia', 'Southeast Polynesia', 'Southeast Polynesia', 'Northern New Zealand']","[0.0, 17.988955661610913, 75.15725656120738, 7.151471797298007, 305.5110156579362]","[np.float64(23.64297438072514), np.float64(18.391914108907095), np.float64(23.601741358058568), np.float64(21.685345371285138), 0.0]",20.5471,469.4877,AUCKLAND
syn_05860,2,Container,22314.0,7,"['SUVA', 'APIA', 'PAGO PAGO HARBOR', 'RAROTONGA', 'AITUTAKI', 'PAGO PAGO HARBOR', 'AUCKLAND']","['Fiji', 'Samoa', 'American Samoa', 'Cook Islands', 'Cook Islands', 'American Samoa', 'New Zealand']","[-18.1339, -13.826, -14.2765, -21.2046, -18.8505, -14.2765, -36.8402]","[178.4235, -171.7622, -170.6854, -159.7843, -159.8111, -170.6854, 174.7721]","['Tropical Southwestern Pacific', 'Central Polynesia', 'Central Polynesia', 'Southeast Polynesia', 'Southeast Polynesia', 'Central Polynesia', 'Northern New Zealand']","[0.0, 73.14019939313289, 18.73097535899245, 62.688116081826216, 6.448236600936888, 99.41563744500688, 132.42624506613967]","[np.float64(34.78184445020182), np.float64(13.973802550034694), np.float64(38.47813253291369), np.float64(76.23369154532183), np.float64(24.26322936248819), np.float64(22.38969983740213), 0.0]",25.1237,568.188,AUCKLAND
syn_05861,2,General Cargo,20202.0,7,"['LAUTOKA', 'PAGO PAGO HARBOR', 'APIA', 'ALOFI', 'RAROTONGA', 'AITUTAKI', 'AUCKLAND']","['Fiji', 'American Samoa', 'Samoa', 'Niue', 'Cook Islands', 'Cook Islands', 'New Zealand']","[-17.6036, -14.2765, -13.826, -19.0532, -21.2046, -18.8505, -36.8402]","[177.4387, -170.6854, -171.7622, -169.9217, -159.7843, -159.8111, 174.7721]","['Tropical Southwestern Pacific', 'Central Polynesia', 'Central Polynesia', 'Tropical Southwestern Pacific', 'Southeast Polynesia', 'Southeast Polynesia', 'Northern New Zealand']","[0.0, 70.7212643744192, 13.610357495685825, 35.68431553077662, 44.566455745022694, 14.850476739687364, 268.9768332479356]","[np.float64(59.35634294712893), np.float64(9.150762206015887), np.float64(9.318892287730806), np.float64(76.71537401959824), np.float64(50.34453087935896), np.float64(20.14371478909166), 0.0]",28.06,614.083,AUCKLAND
syn_05862,2,General Cargo,8378.0,6,"['SUVA', 'APIA', 'PAGO PAGO HARBOR', 'RAROTONGA', 'AITUTAKI', 'AUCKLAND']","['Fiji', 'Samoa', 'American Samoa', 'Cook Islands', 'Cook Islands', 'New Zealand']","[-18.1339, -13.826, -14.2765, -21.2046, -18.8505, -36.8402]","[178.4235, -171.7622, -170.6854, -159.7843, -159.8111, 174.7721]","['Tropical Southwestern Pacific', 'Central Polynesia', 'Central Polynesia', 'Southeast Polynesia', 'Southeast Polynesia', 'Northern New Zealand']","[0.0, 71.8119779346329, 18.54619175627044, 163.63058453544232, 17.557163524153864, 175.7543335043921]","[np.float64(37.795922845605084), np.float64(8.986191616771812), np.float64(45.71563534819346), np.float64(24.08006597563659), np.float64(90.38025247888802), 0.0]",27.2608,616.4624,AUCKLAND
syn_05863,2,Container,8252.0,7,"['LAUTOKA', 'APIA', 'PAGO PAGO HARBOR', 'RAROTONGA', ""NUKU'ALOFA"", 'NEIAFU', 'AUCKLAND']","['Fiji', 'Samoa', 'American Samoa', 'Cook Islands', 'Tonga', 'Tonga', 'New Zealand']","[-17.6036, -13.826, -14.2765, -21.2046, -21.1362, -18.6529, -36.8402]","[177.4387, -171.7622, -170.6854, -159.7843, -175.1806, -173.9852, 174.7721]","['Tropical Southwestern Pacific', 'Central Polynesia', 'Central Polynesia', 'Southeast Polynesia', 'Tropical Southwestern Pacific', 'Tropical Southwestern Pacific', 'Northern New Zealand']","[0.0, 59.702517839049065, 14.902530889816802, 54.536186448716485, 103.03259607222223, 31.254160053633175, 120.2482535588249]","[np.float64(125.5126870568134), np.float64(8.892087321185551), np.float64(6.726754875159949), np.float64(79.16772490309495), np.float64(9.407395300549064), np.float64(12.760634513275514), 0.0]",26.0893,500.6308,AUCKLAND
syn_05864,2,General Cargo,8378.0,7,"[""NUKU'ALOFA"", 'APIA', 'PAGO PAGO HARBOR', 'ALOFI', 'NEIAFU', ""NUKU'ALOFA"", 'AUCKLAND']","['Tonga', 'Samoa', 'American Samoa', 'Niue', 'Tonga', 'Tonga', 'New Zealand']","[-21.1362, -13.826, -14.2765, -19.0532, -18.6529, -21.1362, -36.8402]","[-175.1806, -171.7622, -170.6854, -169.9217, -173.9852, -175.1806, 174.7721]","['Tropical Southwestern Pacific', 'Central Polynesia', 'Central Polynesia', 'Tropical Southwestern Pacific', 'Tropical Southwestern Pacific', 'Tropical Southwestern Pacific', 'Northern New Zealand']","[0.0, 99.84857190897011, 9.76810987591533, 35.4164949026711, 102.86390770136305, 16.888476741789088, 86.00202015892728]","[np.float64(9.57846964178798), np.float64(7.997710177451865), np.float64(11.826115339263685), np.float64(54.64571146335261), np.float64(10.63745128863239), np.float64(6.198683520721886), 0.0]",18.8197,442.0933,AUCKLAND
syn_05865,2,General Cargo,8378.0,5,"['SUVA', 'LAUTOKA', 'APIA', 'PAGO PAGO HARBOR', 'TAURANGA']","['Fiji', 'Fiji', 'Samoa', 'American Samoa', 'New Zealand']","[-18.1339, -17.6036, -13.826, -14.2765, -37.6444]","[178.4235, 177.4387, -171.7622, -170.6854, 176.1819]","['Tropical Southwestern Pacific', 'Tropical Southwestern Pacific', 'Central Polynesia', 'Central Polynesia', 'Northern New Zealand']","[0.0, 6.03848633260106, 165.50904445283743, 12.610545784876185, 178.3635861778833]","[np.float64(35.55276246671243), np.float64(40.55110653960776), np.float64(8.343952259308374), np.float64(33.71629906361672), 0.0]",20.0286,445.133,TAURANGA
syn_05866,2,General Cargo,20202.0,6,"['SUVA', 'APIA', 'RAROTONGA', 'AITUTAKI', ""NUKU'ALOFA"", 'AUCKLAND']","['Fiji', 'Samoa', 'Cook Islands', 'Cook Islands', 'Tonga', 'New Zealand']","[-18.1339, -13.826, -21.2046, -18.8505, -21.1362, -36.8402]","[178.4235, -171.7622, -159.7843, -159.8111, -175.1806, 174.7721]","['Tropical Southwestern Pacific', 'Central Polynesia', 'Southeast Polynesia', 'Southeast Polynesia', 'Tropical Southwestern Pacific', 'Northern New Zealand']","[0.0, 64.09683600797335, 68.21708730024443, 17.11770033258881, 65.34594010361063, 86.43821440132355]","[np.float64(14.713243728782544), np.float64(7.576244553614198), np.float64(127.06929878894907), np.float64(61.02389536895221), np.float64(13.047865068041398), 0.0]",21.8603,509.9331,AUCKLAND
syn_05867,2,General Cargo,5642.0,6,"['EBAYE', 'KWAJALEIN', 'APRA HARBOR', 'POHNPEI', 'SUVA', 'AUCKLAND']","['Marshall Islands', 'Marshall Islands', 'Guam', 'Micronesia', 'Fiji', 'New Zealand']","[8.7783, 8.7325, 13.4594, 6.9793, -18.1339, -36.8402]","[167.7331, 167.7351, 144.6655, 158.201, 178.4235, 174.7721]","['Marshall, Gilbert and Ellis Islands', 'Marshall, Gilbert and Ellis Islands', 'Tropical Northwestern Pacific', 'Tropical Northwestern Pacific', 'Tropical Southwestern Pacific', 'Northern New Zealand']","[0.0, 58.75388666831821, 253.34890118346917, 101.82018502440948, 227.78642138204242, 129.54312521343965]","[34.153122923214745, 6.781404123906573, 11.832422721023544, 22.503172121506633, np.float64(59.77475885587573), 0.0]",37.7624,872.1443,AUCKLAND
syn_05868,2,General Cargo,12927.0,5,"['SUVA', 'LAUTOKA', 'APIA', 'PAGO PAGO HARBOR', 'TAURANGA']","['Fiji', 'Fiji', 'Samoa', 'American Samoa', 'New Zealand']","[-18.1339, -17.6036, -13.826, -14.2765, -37.6444]","[178.4235, 177.4387, -171.7622, -170.6854, 176.1819]","['Tropical Southwestern Pacific', 'Tropical Southwestern Pacific', 'Central Polynesia', 'Central Polynesia', 'Northern New Zealand']","[0.0, 6.667941586257823, 158.85758619369622, 19.408933579874073, 324.94771985309865]","[np.float64(11.981756424977723), np.float64(7.442960111705221), np.float64(21.306468645607392), np.float64(11.068097791269313), 0.0]",23.4034,549.6997,TAURANGA
syn_05869,2,General Cargo,20202.0,7,"['SUVA', 'LAUTOKA', 'APIA', 'PAGO PAGO HARBOR', 'RAROTONGA', 'AITUTAKI', 'AUCKLAND']","['Fiji', 'Fiji', 'Samoa', 'American Samoa', 'Cook Islands', 'Cook Islands', 'New Zealand']","[-18.1339, -17.6036, -13.826, -14.2765, -21.2046, -18.8505, -36.8402]","[178.4235, 177.4387, -171.7622, -170.6854, -159.7843, -159.8111, 174.7721]","['Tropical Southwestern Pacific', 'Tropical Southwestern Pacific', 'Central Polynesia', 'Central Polynesia', 'Southeast Polynesia', 'Southeast Polynesia', 'Northern New Zealand']","[0.0, 13.741059923018067, 144.3805281056424, 20.6890098890943, 85.4967968578832, 16.64384483251926, 149.71740551523837]","[np.float64(29.513679410356666), np.float64(23.000923853105988), np.float64(72.11388541560754), np.float64(69.8529796151329), np.float64(33.87150580049752), np.float64(32.897095960055324), 0.0]",28.8299,662.405,AUCKLAND
syn_05870,2,Container,22314.0,5,"['SUVA', 'LAUTOKA', 'APIA', 'PAGO PAGO HARBOR', 'TAURANGA']","['Fiji', 'Fiji', 'Samoa', 'American Samoa', 'New Zealand']","[-18.1339, -17.6036, -13.826, -14.2765, -37.6444]","[178.4235, 177.4387, -171.7622, -170.6854, 176.1819]","['Tropical Southwestern Pacific', 'Tropical Southwestern Pacific', 'Central Polynesia', 'Central Polynesia', 'Northern New Zealand']","[0.0, 9.119207315947179, 48.06948146003937, 6.157155866847325, 121.7700259209502]","[np.float64(43.95045824160564), np.float64(132.9367975220052), np.float64(14.66713822829675), np.float64(45.1403990775857), 0.0]",17.5754,377.8602,TAURANGA
syn_05871,2,General Cargo,5642.0,6,"['LONG ISLAND POINT', 'SUVA', 'PAPEETE', 'NADI BAY', 'VUDA', 'NEW PLYMOUTH']","['Australia', 'Fiji', 'French Polynesia', 'Fiji', 'Fiji', 'New Zealand']","[-38.2983, -18.1339, -17.5374, -17.7162, -17.6861, -39.0577]","[145.2386, 178.4235, -149.5753, 177.371, 177.3849, 174.0346]","['Southeast Australian Shelf', 'Tropical Southwestern Pacific', 'Southeast Polynesia', 'Tropical Southwestern Pacific', 'Tropical Southwestern Pacific', 'Southern New Zealand']","[0.0, 230.57894678622662, 244.6797332703511, 137.14267506940078, 94.96035465398553, 181.33153221446653]","[8.285283266479846, np.float64(28.052932827597743), 13.643497937278408, 14.804355797375896, 20.668614632418297, 0.0]",40.5895,965.8626,NEW PLYMOUTH
syn_05872,2,General Cargo,8378.0,7,"['LAUTOKA', 'PAGO PAGO HARBOR', 'APIA', 'RAROTONGA', 'AITUTAKI', ""NUKU'ALOFA"", 'AUCKLAND']","['Fiji', 'American Samoa', 'Samoa', 'Cook Islands', 'Cook Islands', 'Tonga', 'New Zealand']","[-17.6036, -14.2765, -13.826, -21.2046, -18.8505, -21.1362, -36.8402]","[177.4387, -170.6854, -171.7622, -159.7843, -159.8111, -175.1806, 174.7721]","['Tropical Southwestern Pacific', 'Central Polynesia', 'Central Polynesia', 'Southeast Polynesia', 'Southeast Polynesia', 'Tropical Southwestern Pacific', 'Northern New Zealand']","[0.0, 60.37897645136576, 9.133180761350209, 80.79954721914426, 10.262614901627868, 78.41444752812119, 101.12451447602986]","[np.float64(34.98833078104308), np.float64(8.429099322266635), np.float64(7.595233111538591), np.float64(87.72188926256895), np.float64(36.12811085691393), np.float64(24.12429192858638), 0.0]",22.4625,504.1119,AUCKLAND
syn_05873,2,General Cargo,20202.0,6,"['SUVA', 'APIA', 'RAROTONGA', 'ALOFI', ""NUKU'ALOFA"", 'AUCKLAND']","['Fiji', 'Samoa', 'Cook Islands', 'Niue', 'Tonga', 'New Zealand']","[-18.1339, -13.826, -21.2046, -19.0532, -21.1362, -36.8402]","[178.4235, -171.7622, -159.7843, -169.9217, -175.1806, 174.7721]","['Tropical Southwestern Pacific', 'Central Polynesia', 'Southeast Polynesia', 'Tropical Southwestern Pacific', 'Tropical Southwestern Pacific', 'Northern New Zealand']","[0.0, 67.56317622855798, 105.91070232663688, 49.973241998937326, 36.42251213580339, 102.12144770262236]","[np.float64(9.979854163129326), np.float64(10.781443704119939), np.float64(28.27229873548177), np.float64(10.851723617101396), np.float64(7.684368862744502), 0.0]",17.8984,419.5809,AUCKLAND
syn_05874,2,Container,22708.0,7,"['SUVA', 'PAPEETE', 'NADI BAY', 'VUDA', 'MALAU', 'BOTANY', 'LYTTELTON']","['Fiji', 'French Polynesia', 'Fiji', 'Fiji', 'Fiji', 'Australia', 'New Zealand']","[-18.1339, -17.5374, -17.7162, -17.6861, -16.3591, -33.9682, -43.606]","[178.4235, -149.5753, 177.371, 177.3849, 179.3631, 151.2149, 172.7213]","['Tropical Southwestern Pacific', 'Southeast Polynesia', 'Tropical Southwestern Pacific', 'Tropical Southwestern Pacific', 'Tropical Southwestern Pacific', 'East Central Australian Shelf', 'Southern New Zealand']","[0.0, 142.36963231530555, 353.590952084845, 41.941686555490676, 11.800277796149523, 197.01566749400482, 153.22032211657887]","[np.float64(20.421810640600047), 9.279500955313063, 16.26826186042705, 21.818727358103764, 16.075167773034927, 40.65505010261715, 0.0]",42.6857,1004.0352,LYTTELTON
syn_05875,2,Container,22968.0,5,"['SUVA', 'APIA', 'PAGO PAGO HARBOR', 'RAROTONGA', 'AUCKLAND']","['Fiji', 'Samoa', 'American Samoa', 'Cook Islands', 'New Zealand']","[-18.1339, -13.826, -14.2765, -21.2046, -36.8402]","[178.4235, -171.7622, -170.6854, -159.7843, 174.7721]","['Tropical Southwestern Pacific', 'Central Polynesia', 'Central Polynesia', 'Southeast Polynesia', 'Northern New Zealand']","[0.0, 74.52468478384054, 19.184622908343016, 52.34031870886123, 237.60527586366152]","[np.float64(25.072734238756258), np.float64(18.154114477241038), np.float64(16.630272226876464), np.float64(21.86930927314653), 0.0]",19.3909,440.3086,AUCKLAND
syn_05876,2,General Cargo,8378.0,7,"['SUVA', 'APIA', 'PAGO PAGO HARBOR', 'ALOFI', 'NEIAFU', ""NUKU'ALOFA"", 'AUCKLAND']","['Fiji', 'Samoa', 'American Samoa', 'Niue', 'Tonga', 'Tonga', 'New Zealand']","[-18.1339, -13.826, -14.2765, -19.0532, -18.6529, -21.1362, -36.8402]","[178.4235, -171.7622, -170.6854, -169.9217, -173.9852, -175.1806, 174.7721]","['Tropical Southwestern Pacific', 'Central Polynesia', 'Central Polynesia', 'Tropical Southwestern Pacific', 'Tropical Southwestern Pacific', 'Tropical Southwestern Pacific', 'Northern New Zealand']","[0.0, 53.61338999601703, 10.554145539205672, 20.73680426842365, 53.89693762950854, 20.46825401115905, 99.68004146697243]","[np.float64(101.79558299342101), np.float64(44.928023869545854), np.float64(31.97383504809092), np.float64(35.895357796708204), np.float64(15.004180028207692), np.float64(13.661694709748161), 0.0]",20.9253,400.4127,AUCKLAND
syn_05877,2,General Cargo,8378.0,7,"['SUVA', 'APIA', 'PAGO PAGO HARBOR', 'RAROTONGA', 'AITUTAKI', ""NUKU'ALOFA"", 'AUCKLAND']","['Fiji', 'Samoa', 'American Samoa', 'Cook Islands', 'Cook Islands', 'Tonga', 'New Zealand']","[-18.1339, -13.826, -14.2765, -21.2046, -18.8505, -21.1362, -36.8402]","[178.4235, -171.7622, -170.6854, -159.7843, -159.8111, -175.1806, 174.7721]","['Tropical Southwestern Pacific', 'Central Polynesia', 'Central Polynesia', 'Southeast Polynesia', 'Southeast Polynesia', 'Tropical Southwestern Pacific', 'Northern New Zealand']","[0.0, 67.85545842938224, 18.846828212985205, 71.80107489035146, 6.405300646087569, 104.84449184119899, 90.70244736491517]","[np.float64(9.968773032347869), np.float64(16.67170119426388), np.float64(10.005574961871288), np.float64(53.512598459319065), np.float64(25.863748990447302), np.float64(8.462973095372076), 0.0]",20.2059,474.9722,AUCKLAND
syn_05878,2,General Cargo,20202.0,5,"['SUVA', 'APIA', 'RAROTONGA', 'AITUTAKI', 'AUCKLAND']","['Fiji', 'Samoa', 'Cook Islands', 'Cook Islands', 'New Zealand']","[-18.1339, -13.826, -21.2046, -18.8505, -36.8402]","[178.4235, -171.7622, -159.7843, -159.8111, 174.7721]","['Tropical Southwestern Pacific', 'Central Polynesia', 'Southeast Polynesia', 'Southeast Polynesia', 'Northern New Zealand']","[0.0, 69.30153722389295, 72.0725434677003, 7.47143177634254, 191.90480944137485]","[np.float64(8.842555775096663), np.float64(14.36225742038614), np.float64(34.127642429830146), np.float64(131.35067150058686), 0.0]",22.0597,520.5909,AUCKLAND
syn_05879,2,General Cargo,12927.0,5,"['LAUTOKA', 'SUVA', 'PAGO PAGO HARBOR', 'APIA', 'TAURANGA']","['Fiji', 'Fiji', 'American Samoa', 'Samoa', 'New Zealand']","[-17.6036, -18.1339, -14.2765, -13.826, -37.6444]","[177.4387, 178.4235, -170.6854, -171.7622, 176.1819]","['Tropical Southwestern Pacific', 'Tropical Southwestern Pacific', 'Central Polynesia', 'Central Polynesia', 'Northern New Zealand']","[0.0, 11.44507815975548, 103.4122505017844, 16.30761931633345, 116.5177711425794]","[np.float64(23.25036937884321), np.float64(26.553625783914416), np.float64(9.739311750384603), np.float64(8.859660859656302), 0.0]",13.1702,292.8353,TAURANGA
syn_05880,2,Container,22314.0,5,"['SUVA', 'APIA', 'PAGO PAGO HARBOR', ""NUKU'ALOFA"", 'AUCKLAND']","['Fiji', 'Samoa', 'American Samoa', 'Tonga', 'New Zealand']","[-18.1339, -13.826, -14.2765, -21.1362, -36.8402]","[178.4235, -171.7622, -170.6854, -175.1806, 174.7721]","['Tropical Southwestern Pacific', 'Central Polynesia', 'Central Polynesia', 'Tropical Southwestern Pacific', 'Northern New Zealand']","[0.0, 58.40634138884057, 19.186231967129572, 34.235936620551634, 115.37168048279544]","[np.float64(6.053075264740314), np.float64(6.0659705137593685), np.float64(13.468950517100408), np.float64(9.893493087868839), 0.0]",10.9451,256.6286,AUCKLAND
syn_05881,2,General Cargo,5642.0,5,"['PAGO PAGO HARBOR', 'APIA', 'RAROTONGA', 'AITUTAKI', 'AUCKLAND']","['American Samoa', 'Samoa', 'Cook Islands', 'Cook Islands', 'New Zealand']","[-14.2765, -13.826, -21.2046, -18.8505, -36.8402]","[-170.6854, -171.7622, -159.7843, -159.8111, 174.7721]","['Central Polynesia', 'Central Polynesia', 'Southeast Polynesia', 'Southeast Polynesia', 'Northern New Zealand']","[0.0, 16.608714916709967, 120.5230066192511, 12.093098075843956, 273.82901108496196]","[np.float64(17.534236049105), np.float64(8.186810955302448), np.float64(32.4280860916378), np.float64(27.805670621648083), 0.0]",21.2087,491.4744,AUCKLAND
syn_05882,2,General Cargo,8378.0,5,"['SUVA', 'LAUTOKA', 'APIA', 'PAGO PAGO HARBOR', 'TAURANGA']","['Fiji', 'Fiji', 'Samoa', 'American Samoa', 'New Zealand']","[-18.1339, -17.6036, -13.826, -14.2765, -37.6444]","[178.4235, 177.4387, -171.7622, -170.6854, 176.1819]","['Tropical Southwestern Pacific', 'Tropical Southwestern Pacific', 'Central Polynesia', 'Central Polynesia', 'Northern New Zealand']","[0.0, 12.190133009656334, 215.9764541195311, 18.740573086387947, 223.85613924036247]","[np.float64(15.440573325383555), np.float64(55.21419129236617), np.float64(17.342239718105436), np.float64(46.942115429855136), 0.0]",25.2376,590.2618,TAURANGA
syn_05883,2,Container,22968.0,7,"['SUVA', 'LAUTOKA', 'APIA', 'PAGO PAGO HARBOR', 'RAROTONGA', ""NUKU'ALOFA"", 'AUCKLAND']","['Fiji', 'Fiji', 'Samoa', 'American Samoa', 'Cook Islands', 'Tonga', 'New Zealand']","[-18.1339, -17.6036, -13.826, -14.2765, -21.2046, -21.1362, -36.8402]","[178.4235, 177.4387, -171.7622, -170.6854, -159.7843, -175.1806, 174.7721]","['Tropical Southwestern Pacific', 'Tropical Southwestern Pacific', 'Central Polynesia', 'Central Polynesia', 'Southeast Polynesia', 'Tropical Southwestern Pacific', 'Northern New Zealand']","[0.0, 9.510130218491677, 59.80243284395671, 11.659592074053984, 56.33709385854583, 93.28333058875296, 123.82400695922261]","[np.float64(17.051997255102535), np.float64(41.423110059352894), np.float64(24.81007171821624), np.float64(15.2629909479529), np.float64(34.551802699811425), np.float64(33.46831016643653), 0.0]",21.7077,503.9329,AUCKLAND
syn_05884,2,General Cargo,20202.0,5,"['SUVA', 'LAUTOKA', 'PAGO PAGO HARBOR', 'APIA', 'TAURANGA']","['Fiji', 'Fiji', 'American Samoa', 'Samoa', 'New Zealand']","[-18.1339, -17.6036, -14.2765, -13.826, -37.6444]","[178.4235, 177.4387, -170.6854, -171.7622, 176.1819]","['Tropical Southwestern Pacific', 'Tropical Southwestern Pacific', 'Central Polynesia', 'Central Polynesia', 'Northern New Zealand']","[0.0, 9.29491801132158, 176.78407811431762, 18.20491586734237, 242.93632332262095]","[np.float64(21.617331956015505), np.float64(24.105934797408175), np.float64(10.57269724217951), np.float64(11.494753711909663), 0.0]",21.4588,493.3936,TAURANGA
syn_05885,2,General Cargo,20202.0,7,"['SUVA', 'APIA', 'RAROTONGA', 'AITUTAKI', 'NEIAFU', ""NUKU'ALOFA"", 'AUCKLAND']","['Fiji', 'Samoa', 'Cook Islands', 'Cook Islands', 'Tonga', 'Tonga', 'New Zealand']","[-18.1339, -13.826, -21.2046, -18.8505, -18.6529, -21.1362, -36.8402]","[178.4235, -171.7622, -159.7843, -159.8111, -173.9852, -175.1806, 174.7721]","['Tropical Southwestern Pacific', 'Central Polynesia', 'Southeast Polynesia', 'Southeast Polynesia', 'Tropical Southwestern Pacific', 'Tropical Southwestern Pacific', 'Northern New Zealand']","[0.0, 63.44990224244357, 102.00741343104751, 16.88758260138534, 93.34275057953163, 35.76516860820476, 96.13386496678534]","[np.float64(35.45242113685355), np.float64(9.995179031925126), np.float64(9.652455806070028), np.float64(15.145933872786076), np.float64(6.962756728894358), np.float64(12.913803594328108), 0.0]",20.7379,462.2568,AUCKLAND
syn_05886,2,General Cargo,8378.0,7,"['SUVA', 'LAUTOKA', 'SUVA', 'PAGO PAGO HARBOR', 'APIA', 'ALOFI', 'AUCKLAND']","['Fiji', 'Fiji', 'Fiji', 'American Samoa', 'Samoa', 'Niue', 'New Zealand']","[-18.1339, -17.6036, -18.1339, -14.2765, -13.826, -19.0532, -36.8402]","[178.4235, 177.4387, 178.4235, -170.6854, -171.7622, -169.9217, 174.7721]","['Tropical Southwestern Pacific', 'Tropical Southwestern Pacific', 'Tropical Southwestern Pacific', 'Central Polynesia', 'Central Polynesia', 'Tropical Southwestern Pacific', 'Northern New Zealand']","[0.0, 6.687377900259835, 13.447170750534614, 115.35768903937003, 11.217407317215605, 33.71426041481836, 158.20126505980016]","[np.float64(39.973074734290684), np.float64(22.42541838504374), np.float64(6.130791523594608), np.float64(44.15588147922762), np.float64(19.74369774801255), np.float64(19.957036033627272), 0.0]",20.4588,451.038,AUCKLAND
syn_05887,2,Container,8252.0,7,"['SUVA', 'LAUTOKA', 'PAGO PAGO HARBOR', 'APIA', 'ALOFI', 'RAROTONGA', 'AUCKLAND']","['Fiji', 'Fiji', 'American Samoa', 'Samoa', 'Niue', 'Cook Islands', 'New Zealand']","[-18.1339, -17.6036, -14.2765, -13.826, -19.0532, -21.2046, -36.8402]","[178.4235, 177.4387, -170.6854, -171.7622, -169.9217, -159.7843, 174.7721]","['Tropical Southwestern Pacific', 'Tropical Southwestern Pacific', 'Central Polynesia', 'Central Polynesia', 'Tropical Southwestern Pacific', 'Southeast Polynesia', 'Northern New Zealand']","[0.0, 14.01908312368546, 71.90204124031165, 6.752260780375671, 19.389204805439864, 83.71459269641484, 154.86919013356277]","[np.float64(16.766862963929253), np.float64(25.609426228100435), np.float64(7.003570862091638), np.float64(17.630670816911465), np.float64(95.13648824184223), np.float64(38.7922501703806), 0.0]",22.9827,534.8188,AUCKLAND
syn_05888,2,General Cargo,8378.0,7,"['SUVA', 'LAUTOKA', 'APIA', 'PAGO PAGO HARBOR', 'RAROTONGA', 'AITUTAKI', 'AUCKLAND']","['Fiji', 'Fiji', 'Samoa', 'American Samoa', 'Cook Islands', 'Cook Islands', 'New Zealand']","[-18.1339, -17.6036, -13.826, -14.2765, -21.2046, -18.8505, -36.8402]","[178.4235, 177.4387, -171.7622, -170.6854, -159.7843, -159.8111, 174.7721]","['Tropical Southwestern Pacific', 'Tropical Southwestern Pacific', 'Central Polynesia', 'Central Polynesia', 'Southeast Polynesia', 'Southeast Polynesia', 'Northern New Zealand']","[0.0, 18.703352914740062, 123.07199833191181, 8.046769104384337, 88.62234758486763, 16.069944745929536, 386.1650831845862]","[np.float64(16.045043472657717), np.float64(90.54553190494275), np.float64(21.769397184395878), np.float64(9.559260141481492), np.float64(39.34230652820439), np.float64(27.339774259911128), 0.0]",35.22,829.2358,AUCKLAND
syn_05889,2,General Cargo,8378.0,7,"['SUVA', 'APIA', 'PAGO PAGO HARBOR', 'ALOFI', 'NEIAFU', ""NUKU'ALOFA"", 'AUCKLAND']","['Fiji', 'Samoa', 'American Samoa', 'Niue', 'Tonga', 'Tonga', 'New Zealand']","[-18.1339, -13.826, -14.2765, -19.0532, -18.6529, -21.1362, -36.8402]","[178.4235, -171.7622, -170.6854, -169.9217, -173.9852, -175.1806, 174.7721]","['Tropical Southwestern Pacific', 'Central Polynesia', 'Central Polynesia', 'Tropical Southwestern Pacific', 'Tropical Southwestern Pacific', 'Tropical Southwestern Pacific', 'Northern New Zealand']","[0.0, 79.84843266837964, 19.812050484620887, 32.30330257328032, 35.014375524262505, 27.436078558862285, 97.8344968099333]","[np.float64(25.444918403157203), np.float64(6.20403813525042), np.float64(39.852599806756245), np.float64(45.42809071792222), np.float64(6.939186065775185), np.float64(11.475239064574767), 0.0]",17.8164,402.1479,AUCKLAND
syn_05890,2,Tanker,5183.0,7,"['EBAYE', 'KWAJALEIN', 'APRA HARBOR', 'POHNPEI', 'SUVA', ""NUKU'ALOFA"", 'AUCKLAND']","['Marshall Islands', 'Marshall Islands', 'Guam', 'Micronesia', 'Fiji', 'Tonga', 'New Zealand']","[8.7783, 8.7325, 13.4594, 6.9793, -18.1339, -21.1362, -36.8402]","[167.7331, 167.7351, 144.6655, 158.201, 178.4235, -175.1806, 174.7721]","['Marshall, Gilbert and Ellis Islands', 'Marshall, Gilbert and Ellis Islands', 'Tropical Northwestern Pacific', 'Tropical Northwestern Pacific', 'Tropical Southwestern Pacific', 'Tropical Southwestern Pacific', 'Northern New Zealand']","[0.0, 67.79858725744283, 106.13352286983869, 100.64683985186772, 208.55480034042057, 28.369735716029336, 160.5512622928823]","[21.557536092553416, 9.596244589598708, 12.623500142898706, 20.060957491185146, np.float64(37.45395168342821), np.float64(28.113870958496953), 0.0]",33.3942,779.9033,AUCKLAND
syn_05891,2,Container,8252.0,6,"['VILA', 'HONIARA', 'NAPA NAPA', 'LAE', 'NOUMEA', 'TAURANGA']","['Vanuatu', 'Solomon Islands', 'Papua New Guinea', 'Papua New Guinea', 'New Caledonia', 'New Zealand']","[-17.754, -9.4274, -9.5056, -6.8146, -22.2633, -37.6444]","[168.3044, 159.9603, 147.1542, 146.9681, 166.4317, 176.1819]","['Tropical Southwestern Pacific', 'Eastern Coral Triangle', 'Eastern Coral Triangle', 'Eastern Coral Triangle', 'Tropical Southwestern Pacific', 'Northern New Zealand']","[0.0, 122.85450750108814, 53.45956980780743, 60.85537499667271, 142.42487732139276, 63.971869484762216]","[11.611543359373757, 81.88737800441562, 28.51202211589798, 33.37477219555784, 11.225054299213047, 0.0]",25.424,598.5654,TAURANGA
syn_05892,2,Container,22708.0,6,"['SUVA', 'APIA', 'PAGO PAGO HARBOR', 'RAROTONGA', 'AITUTAKI', 'AUCKLAND']","['Fiji', 'Samoa', 'American Samoa', 'Cook Islands', 'Cook Islands', 'New Zealand']","[-18.1339, -13.826, -14.2765, -21.2046, -18.8505, -36.8402]","[178.4235, -171.7622, -170.6854, -159.7843, -159.8111, 174.7721]","['Tropical Southwestern Pacific', 'Central Polynesia', 'Central Polynesia', 'Southeast Polynesia', 'Southeast Polynesia', 'Northern New Zealand']","[0.0, 75.52126936266471, 4.9266428661950075, 98.52124916912132, 3.976143236469569, 146.20281538747656]","[np.float64(55.61265533447221), np.float64(28.205485892825305), np.float64(13.955162599736486), np.float64(106.1217272648493), np.float64(55.83431794283682), 0.0]",24.5366,533.2648,AUCKLAND
syn_05893,2,General Cargo,8378.0,5,"['LAUTOKA', 'PAGO PAGO HARBOR', 'APIA', 'ALOFI', 'AUCKLAND']","['Fiji', 'American Samoa', 'Samoa', 'Niue', 'New Zealand']","[-17.6036, -14.2765, -13.826, -19.0532, -36.8402]","[177.4387, -170.6854, -171.7622, -169.9217, 174.7721]","['Tropical Southwestern Pacific', 'Central Polynesia', 'Central Polynesia', 'Tropical Southwestern Pacific', 'Northern New Zealand']","[0.0, 164.0586998323845, 9.125638795823813, 39.05698191465299, 212.92776289338696]","[np.float64(26.1870651700958), np.float64(47.93307121442646), np.float64(8.145467275382101), np.float64(85.0597138684109), 0.0]",24.6873,566.3073,AUCKLAND
syn_05894,2,General Cargo,20202.0,7,"['SUVA', 'APIA', 'PAGO PAGO HARBOR', 'RAROTONGA', 'AITUTAKI', ""NUKU'ALOFA"", 'AUCKLAND']","['Fiji', 'Samoa', 'American Samoa', 'Cook Islands', 'Cook Islands', 'Tonga', 'New Zealand']","[-18.1339, -13.826, -14.2765, -21.2046, -18.8505, -21.1362, -36.8402]","[178.4235, -171.7622, -170.6854, -159.7843, -159.8111, -175.1806, 174.7721]","['Tropical Southwestern Pacific', 'Central Polynesia', 'Central Polynesia', 'Southeast Polynesia', 'Southeast Polynesia', 'Tropical Southwestern Pacific', 'Northern New Zealand']","[0.0, 80.36682941218832, 6.473084530606201, 63.64390365893667, 10.324197480791854, 65.41161802065946, 92.92448305429063]","[np.float64(12.89218161724126), np.float64(15.634552503170957), np.float64(60.24985209453647), np.float64(48.22803762854147), np.float64(12.803770518819167), np.float64(19.116428801513138), 0.0]",20.3362,475.1768,AUCKLAND
syn_05895,2,Tanker,3854.0,7,"['SUVA', 'APIA', 'PAGO PAGO HARBOR', 'RAROTONGA', 'AITUTAKI', ""NUKU'ALOFA"", 'AUCKLAND']","['Fiji', 'Samoa', 'American Samoa', 'Cook Islands', 'Cook Islands', 'Tonga', 'New Zealand']","[-18.1339, -13.826, -14.2765, -21.2046, -18.8505, -21.1362, -36.8402]","[178.4235, -171.7622, -170.6854, -159.7843, -159.8111, -175.1806, 174.7721]","['Tropical Southwestern Pacific', 'Central Polynesia', 'Central Polynesia', 'Southeast Polynesia', 'Southeast Polynesia', 'Tropical Southwestern Pacific', 'Northern New Zealand']","[0.0, 113.38117922327237, 6.8813591945760075, 71.98639372126046, 9.596387955394919, 87.25580753806663, 89.66220246998563]","[np.float64(89.91154788361844), np.float64(14.994821369689607), np.float64(40.42134227794294), np.float64(19.19247703374663), np.float64(23.564529588261415), np.float64(14.168796001871819), 0.0]",24.209,491.1053,AUCKLAND
syn_05896,2,Container,8252.0,7,"['SUVA', 'LAUTOKA', 'SUVA', 'APIA', 'RAROTONGA', 'AITUTAKI', 'AUCKLAND']","['Fiji', 'Fiji', 'Fiji', 'Samoa', 'Cook Islands', 'Cook Islands', 'New Zealand']","[-18.1339, -17.6036, -18.1339, -13.826, -21.2046, -18.8505, -36.8402]","[178.4235, 177.4387, 178.4235, -171.7622, -159.7843, -159.8111, 174.7721]","['Tropical Southwestern Pacific', 'Tropical Southwestern Pacific', 'Tropical Southwestern Pacific', 'Central Polynesia', 'Southeast Polynesia', 'Southeast Polynesia', 'Northern New Zealand']","[0.0, 14.480517321575503, 5.488098381248397, 65.09648004952615, 49.22830448678374, 4.473074653501156, 130.75100301138855]","[np.float64(54.156678824159485), np.float64(78.9437195059515), np.float64(50.031688699119705), np.float64(32.854781083942704), np.float64(71.72101080126521), np.float64(36.388069164299026), 0.0]",24.7339,539.4567,AUCKLAND
syn_05897,2,General Cargo,8378.0,7,"['SUVA', 'PAGO PAGO HARBOR', 'APIA', 'ALOFI', 'RAROTONGA', 'AITUTAKI', 'AUCKLAND']","['Fiji', 'American Samoa', 'Samoa', 'Niue', 'Cook Islands', 'Cook Islands', 'New Zealand']","[-18.1339, -14.2765, -13.826, -19.0532, -21.2046, -18.8505, -36.8402]","[178.4235, -170.6854, -171.7622, -169.9217, -159.7843, -159.8111, 174.7721]","['Tropical Southwestern Pacific', 'Central Polynesia', 'Central Polynesia', 'Tropical Southwestern Pacific', 'Southeast Polynesia', 'Southeast Polynesia', 'Northern New Zealand']","[0.0, 68.35857712370199, 21.110606401113635, 61.0485737487195, 110.61764508102777, 17.74698451167738, 439.5876088111111]","[np.float64(43.870458961053274), np.float64(19.24977053383969), np.float64(76.38468726922552), np.float64(53.61307203418702), np.float64(16.737493494788747), np.float64(32.59690630612741), 0.0]",40.0384,917.0519,AUCKLAND
syn_05898,2,General Cargo,20202.0,5,"['SUVA', 'LAUTOKA', 'SUVA', 'APIA', 'AUCKLAND']","['Fiji', 'Fiji', 'Fiji', 'Samoa', 'New Zealand']","[-18.1339, -17.6036, -18.1339, -13.826, -36.8402]","[178.4235, 177.4387, 178.4235, -171.7622, 174.7721]","['Tropical Southwestern Pacific', 'Tropical Southwestern Pacific', 'Tropical Southwestern Pacific', 'Central Polynesia', 'Northern New Zealand']","[0.0, 9.968974006918993, 13.754471376200966, 82.33875854581048, 145.97728277910363]","[np.float64(72.13782916202511), np.float64(39.249198058353564), np.float64(53.22096148161717), np.float64(20.31161945394612), 0.0]",18.2066,364.8213,AUCKLAND
syn_05899,2,General Cargo,8378.0,7,"['SUVA', 'LAUTOKA', 'SUVA', 'FUNAFUTI', 'MAT_Ã\x8aÂ»UTU', 'SIGAV_', 'AUCKLAND']","['Fiji', 'Fiji', 'Fiji', 'Tuvalu', 'Wallis And Futuna', 'Wallis And Futuna', 'New Zealand']","[-18.1339, -17.6036, -18.1339, -8.5032, -13.2857, -14.2964, -36.8402]","[178.4235, 177.4387, 178.4235, 179.1946, -176.1689, -178.1609, 174.7721]","['Tropical Southwestern Pacific', 'Tropical Southwestern Pacific', 'Tropical Southwestern Pacific', 'Marshall, Gilbert and Ellis Islands', 'Central Polynesia', 'Central Polynesia', 'Northern New Zealand']","[0.0, 11.28358257459582, 15.16496927473198, 62.21007008994346, 55.54342995106184, 50.520292503724775, 231.86094549362812]","[np.float64(17.812955387653158), np.float64(80.57346705044203), np.float64(9.246705812823382), 8.88463423422523, 20.464526916315858, 75.1358986235908, 0.0]",26.6126,620.8885,AUCKLAND
syn_05900,2,Container,22314.0,7,"['SUVA', 'LAUTOKA', 'APIA', 'PAGO PAGO HARBOR', 'RAROTONGA', 'AITUTAKI', 'AUCKLAND']","['Fiji', 'Fiji', 'Samoa', 'American Samoa', 'Cook Islands', 'Cook Islands', 'New Zealand']","[-18.1339, -17.6036, -13.826, -14.2765, -21.2046, -18.8505, -36.8402]","[178.4235, 177.4387, -171.7622, -170.6854, -159.7843, -159.8111, 174.7721]","['Tropical Southwestern Pacific', 'Tropical Southwestern Pacific', 'Central Polynesia', 'Central Polynesia', 'Southeast Polynesia', 'Southeast Polynesia', 'Northern New Zealand']","[0.0, 10.772948492042092, 93.66076187149682, 16.363261341558893, 45.30385983172433, 3.7830092573690144, 151.5920959389932]","[np.float64(25.272617085947395), np.float64(27.21685094197151), np.float64(25.87514433295016), np.float64(83.36865628041932), np.float64(52.52927221132777), np.float64(20.330742481502835), 0.0]",23.1696,530.7966,AUCKLAND
syn_05901,2,Container,22708.0,7,"['SUVA', 'LAUTOKA', 'APIA', ""NUKU'ALOFA"", 'RAROTONGA', 'AITUTAKI', 'AUCKLAND']","['Fiji', 'Fiji', 'Samoa', 'Tonga', 'Cook Islands', 'Cook Islands', 'New Zealand']","[-18.1339, -17.6036, -13.826, -21.1362, -21.2046, -18.8505, -36.8402]","[178.4235, 177.4387, -171.7622, -175.1806, -159.7843, -159.8111, 174.7721]","['Tropical Southwestern Pacific', 'Tropical Southwestern Pacific', 'Central Polynesia', 'Tropical Southwestern Pacific', 'Southeast Polynesia', 'Southeast Polynesia', 'Northern New Zealand']","[0.0, 13.856636005528056, 80.08406281001571, 32.48766389941176, 163.0376553851776, 5.4723778567628765, 122.42953355645287]","[np.float64(20.771534627665062), np.float64(104.53437299676928), np.float64(36.814815304010395), np.float64(38.57659225534204), np.float64(41.881180209103476), np.float64(41.417660964943614), 0.0]",29.2235,680.5926,AUCKLAND
syn_05902,2,Container,22968.0,5,"['SUVA', 'APIA', 'RAROTONGA', 'AITUTAKI', 'AUCKLAND']","['Fiji', 'Samoa', 'Cook Islands', 'Cook Islands', 'New Zealand']","[-18.1339, -13.826, -21.2046, -18.8505, -36.8402]","[178.4235, -171.7622, -159.7843, -159.8111, 174.7721]","['Tropical Southwestern Pacific', 'Central Polynesia', 'Southeast Polynesia', 'Southeast Polynesia', 'Northern New Zealand']","[0.0, 66.65564968194157, 121.2699776641817, 10.513502247042089, 169.40602202256514]","[np.float64(26.17586778273713), np.float64(13.808869757463569), np.float64(121.01987005725849), np.float64(12.247608428668787), 0.0]",22.5457,514.9215,AUCKLAND
syn_05903,2,Container,22708.0,6,"['SUVA', 'MAT_Ã\x8aÂ»UTU', 'SIGAV_', 'SUVA', 'LUGANVILLE', 'AUCKLAND']","['Fiji', 'Wallis And Futuna', 'Wallis And Futuna', 'Fiji', 'Vanuatu', 'New Zealand']","[-18.1339, -13.2857, -14.2964, -18.1339, -15.515, -36.8402]","[178.4235, -176.1689, -178.1609, 178.4235, 167.1867, 174.7721]","['Tropical Southwestern Pacific', 'Central Polynesia', 'Central Polynesia', 'Tropical Southwestern Pacific', 'Tropical Southwestern Pacific', 'Northern New Zealand']","[0.0, 53.07734119717091, 64.67914505799602, 73.67821886388113, 109.33262088401261, 89.06875570565784]","[np.float64(16.73582407773258), 55.02371412907616, 12.374224099120486, np.float64(72.68028594986147), 33.483867185965266, 0.0]",24.1722,563.3982,AUCKLAND
syn_05904,2,Container,22968.0,7,"['SUVA', 'APIA', 'PAGO PAGO HARBOR', 'RAROTONGA', 'AITUTAKI', ""NUKU'ALOFA"", 'AUCKLAND']","['Fiji', 'Samoa', 'American Samoa', 'Cook Islands', 'Cook Islands', 'Tonga', 'New Zealand']","[-18.1339, -13.826, -14.2765, -21.2046, -18.8505, -21.1362, -36.8402]","[178.4235, -171.7622, -170.6854, -159.7843, -159.8111, -175.1806, 174.7721]","['Tropical Southwestern Pacific', 'Central Polynesia', 'Central Polynesia', 'Southeast Polynesia', 'Southeast Polynesia', 'Tropical Southwestern Pacific', 'Northern New Zealand']","[0.0, 59.50073431495244, 12.525831486610835, 69.05443089781689, 7.896899860952981, 66.20602072267224, 91.28571764820526]","[np.float64(32.305938844394575), np.float64(32.199796342088874), np.float64(14.147045783381014), np.float64(13.968727629030253), np.float64(19.09828078748395), np.float64(11.45182621145967), 0.0]",17.9017,397.3353,AUCKLAND
syn_05905,2,Container,22708.0,5,"['LAUTOKA', 'PAGO PAGO HARBOR', 'APIA', ""NUKU'ALOFA"", 'TAURANGA']","['Fiji', 'American Samoa', 'Samoa', 'Tonga', 'New Zealand']","[-17.6036, -14.2765, -13.826, -21.1362, -37.6444]","[177.4387, -170.6854, -171.7622, -175.1806, 176.1819]","['Tropical Southwestern Pacific', 'Central Polynesia', 'Central Polynesia', 'Tropical Southwestern Pacific', 'Northern New Zealand']","[0.0, 69.59620610122789, 5.3078260890956255, 40.34106405074032, 123.25375368846173]","[np.float64(17.160916309411988), np.float64(12.817164092163951), np.float64(21.465278408228073), np.float64(12.265984822213568), 0.0]",12.592,285.0473,TAURANGA
syn_05906,2,General Cargo,8378.0,5,"['SUVA', 'APIA', 'PAGO PAGO HARBOR', ""NUKU'ALOFA"", 'AUCKLAND']","['Fiji', 'Samoa', 'American Samoa', 'Tonga', 'New Zealand']","[-18.1339, -13.826, -14.2765, -21.1362, -36.8402]","[178.4235, -171.7622, -170.6854, -175.1806, 174.7721]","['Tropical Southwestern Pacific', 'Central Polynesia', 'Central Polynesia', 'Tropical Southwestern Pacific', 'Northern New Zealand']","[0.0, 65.81015578756059, 8.696509647496258, 97.4209963744807, 110.56166426001934]","[np.float64(117.0022012063489), np.float64(36.93143769316879), np.float64(9.454344471688078), np.float64(26.002824223840133), 0.0]",19.6617,354.8779,AUCKLAND
syn_05907,2,Container,22968.0,5,"['SUVA', 'LAUTOKA', 'APIA', ""NUKU'ALOFA"", 'TAURANGA']","['Fiji', 'Fiji', 'Samoa', 'Tonga', 'New Zealand']","[-18.1339, -17.6036, -13.826, -21.1362, -37.6444]","[178.4235, 177.4387, -171.7622, -175.1806, 176.1819]","['Tropical Southwestern Pacific', 'Tropical Southwestern Pacific', 'Central Polynesia', 'Tropical Southwestern Pacific', 'Northern New Zealand']","[0.0, 14.061694192181298, 64.92836674461111, 38.966448455551415, 101.68898506072753]","[np.float64(45.678924710772705), np.float64(131.7462745395691), np.float64(10.254115923705086), np.float64(10.498771173852813), 0.0]",17.4093,372.1447,TAURANGA
syn_05908,2,Container,22314.0,7,"['POHNPEI', 'SUVA', 'APIA', 'RAROTONGA', 'AITUTAKI', ""NUKU'ALOFA"", 'AUCKLAND']","['Micronesia', 'Fiji', 'Samoa', 'Cook Islands', 'Cook Islands', 'Tonga', 'New Zealand']","[6.9793, -18.1339, -13.826, -21.2046, -18.8505, -21.1362, -36.8402]","[158.201, 178.4235, -171.7622, -159.7843, -159.8111, -175.1806, 174.7721]","['Tropical Northwestern Pacific', 'Tropical Southwestern Pacific', 'Central Polynesia', 'Southeast Polynesia', 'Southeast Polynesia', 'Tropical Southwestern Pacific', 'Northern New Zealand']","[0.0, 239.4245835549124, 67.18671159199798, 70.98827575985612, 11.066359780916969, 65.70453153418366, 191.49221393935557]","[31.132952720210803, np.float64(82.64000816673689), np.float64(18.042633845362516), np.float64(48.63048515359656), np.float64(10.876521461129583), np.float64(8.984342360733347), 0.0]",35.2571,815.0367,AUCKLAND
syn_05909,2,Container,22314.0,7,"['SUVA', 'LAUTOKA', 'SUVA', 'APIA', 'RAROTONGA', 'AITUTAKI', 'AUCKLAND']","['Fiji', 'Fiji', 'Fiji', 'Samoa', 'Cook Islands', 'Cook Islands', 'New Zealand']","[-18.1339, -17.6036, -18.1339, -13.826, -21.2046, -18.8505, -36.8402]","[178.4235, 177.4387, 178.4235, -171.7622, -159.7843, -159.8111, 174.7721]","['Tropical Southwestern Pacific', 'Tropical Southwestern Pacific', 'Tropical Southwestern Pacific', 'Central Polynesia', 'Southeast Polynesia', 'Southeast Polynesia', 'Northern New Zealand']","[0.0, 13.5790980884382, 13.860120751688138, 63.67061380919883, 93.52995029293935, 6.040824389080743, 182.34029099454565]","[np.float64(27.93559205868288), np.float64(33.846907556303144), np.float64(45.30516870258932), np.float64(25.622036249644417), np.float64(84.41937613122803), np.float64(35.655180087242236), 0.0]",26.0752,597.8696,AUCKLAND
syn_05910,2,General Cargo,20202.0,5,"['SUVA', 'LAUTOKA', 'APIA', 'PAGO PAGO HARBOR', 'TAURANGA']","['Fiji', 'Fiji', 'Samoa', 'American Samoa', 'New Zealand']","[-18.1339, -17.6036, -13.826, -14.2765, -37.6444]","[178.4235, 177.4387, -171.7622, -170.6854, 176.1819]","['Tropical Southwestern Pacific', 'Tropical Southwestern Pacific', 'Central Polynesia', 'Central Polynesia', 'Northern New Zealand']","[0.0, 9.153500901204103, 181.40683253638952, 19.61333060388072, 162.55516407173323]","[np.float64(12.628643149602503), np.float64(135.24210841018106), np.float64(14.809795881719634), np.float64(26.93867761843372), 0.0]",23.4312,549.7194,TAURANGA
syn_05911,2,General Cargo,20202.0,7,"['SUVA', 'LAUTOKA', 'APIA', 'PAGO PAGO HARBOR', 'RAROTONGA', ""NUKU'ALOFA"", 'AUCKLAND']","['Fiji', 'Fiji', 'Samoa', 'American Samoa', 'Cook Islands', 'Tonga', 'New Zealand']","[-18.1339, -17.6036, -13.826, -14.2765, -21.2046, -21.1362, -36.8402]","[178.4235, 177.4387, -171.7622, -170.6854, -159.7843, -175.1806, 174.7721]","['Tropical Southwestern Pacific', 'Tropical Southwestern Pacific', 'Central Polynesia', 'Central Polynesia', 'Southeast Polynesia', 'Tropical Southwestern Pacific', 'Northern New Zealand']","[0.0, 6.2536685381188795, 97.08533694631305, 13.836724808908277, 78.49798946823344, 121.24741684900094, 109.91057747875001]","[np.float64(37.91573259406228), np.float64(64.51353292305892), np.float64(18.265473226819886), np.float64(10.191185457546357), np.float64(39.90265713174577), np.float64(13.357792618854404), 0.0]",25.4574,573.0624,AUCKLAND
syn_05912,2,General Cargo,20202.0,7,"['NADI BAY', 'VUDA', 'SUVA', 'PAGO PAGO HARBOR', 'APIA', ""NUKU'ALOFA"", 'TAURANGA']","['Fiji', 'Fiji', 'Fiji', 'American Samoa', 'Samoa', 'Tonga', 'New Zealand']","[-17.7162, -17.6861, -18.1339, -14.2765, -13.826, -21.1362, -37.6444]","[177.371, 177.3849, 178.4235, -170.6854, -171.7622, -175.1806, 176.1819]","['Tropical Southwestern Pacific', 'Tropical Southwestern Pacific', 'Tropical Southwestern Pacific', 'Central Polynesia', 'Central Polynesia', 'Tropical Southwestern Pacific', 'Northern New Zealand']","[0.0, 46.45549458344187, 6.970820357385508, 88.43263138058421, 9.209567926462706, 45.567700750643915, 89.67473823897183]","[12.13801204456989, 23.334478669418004, np.float64(27.103084997858755), np.float64(24.21742942095353), np.float64(121.16764482178107), np.float64(20.512203806028516), 0.0]",21.4493,502.6458,TAURANGA
syn_05913,2,Container,8252.0,7,"['VILA', 'NOUMEA', 'SUVA', 'FUNAFUTI', 'MAT_Ã\x8aÂ»UTU', 'SIGAV_', 'AUCKLAND']","['Vanuatu', 'New Caledonia', 'Fiji', 'Tuvalu', 'Wallis And Futuna', 'Wallis And Futuna', 'New Zealand']","[-17.754, -22.2633, -18.1339, -8.5032, -13.2857, -14.2964, -36.8402]","[168.3044, 166.4317, 178.4235, 179.1946, -176.1689, -178.1609, 174.7721]","['Tropical Southwestern Pacific', 'Tropical Southwestern Pacific', 'Tropical Southwestern Pacific', 'Marshall, Gilbert and Ellis Islands', 'Central Polynesia', 'Central Polynesia', 'Northern New Zealand']","[0.0, 30.46645561158638, 161.07404206495522, 66.0441908928869, 46.67107612247544, 76.38285588202943, 189.77789201286794]","[9.07872411728239, 131.4315630773097, np.float64(57.848024458809824), 27.25460827693114, 6.77296538881921, 57.112546643597945, 0.0]",35.8298,850.8362,AUCKLAND
syn_05914,2,Container,22314.0,6,"['SUVA', 'LAUTOKA', 'APIA', 'PAGO PAGO HARBOR', 'ALOFI', 'TAURANGA']","['Fiji', 'Fiji', 'Samoa', 'American Samoa', 'Niue', 'New Zealand']","[-18.1339, -17.6036, -13.826, -14.2765, -19.0532, -37.6444]","[178.4235, 177.4387, -171.7622, -170.6854, -169.9217, 176.1819]","['Tropical Southwestern Pacific', 'Tropical Southwestern Pacific', 'Central Polynesia', 'Central Polynesia', 'Tropical Southwestern Pacific', 'Northern New Zealand']","[0.0, 12.707426307320254, 76.79676172094291, 11.051184205319935, 24.101491762228196, 133.07559430006506]","[np.float64(20.279304189293704), np.float64(21.37206722446828), np.float64(24.085617279509343), np.float64(14.835517480388615), np.float64(70.49875665754558), 0.0]",17.0335,388.5244,TAURANGA
syn_05915,2,Container,8252.0,7,"['SUVA', 'LAUTOKA', 'APIA', 'PAGO PAGO HARBOR', 'RAROTONGA', 'AITUTAKI', 'AUCKLAND']","['Fiji', 'Fiji', 'Samoa', 'American Samoa', 'Cook Islands', 'Cook Islands', 'New Zealand']","[-18.1339, -17.6036, -13.826, -14.2765, -21.2046, -18.8505, -36.8402]","[178.4235, 177.4387, -171.7622, -170.6854, -159.7843, -159.8111, 174.7721]","['Tropical Southwestern Pacific', 'Tropical Southwestern Pacific', 'Central Polynesia', 'Central Polynesia', 'Southeast Polynesia', 'Southeast Polynesia', 'Northern New Zealand']","[0.0, 16.45088760071805, 64.48847870324875, 9.821190755901833, 73.91250387675099, 3.9781993461646414, 171.0812749712211]","[np.float64(16.90053837513793), np.float64(52.891333978588015), np.float64(34.084111450435856), np.float64(60.95883877116121), np.float64(12.448247984091854), np.float64(24.971279131898957), 0.0]",22.5828,525.0863,AUCKLAND
syn_05916,2,General Cargo,8378.0,5,"['SUVA', 'LAUTOKA', 'APIA', 'PAGO PAGO HARBOR', 'TAURANGA']","['Fiji', 'Fiji', 'Samoa', 'American Samoa', 'New Zealand']","[-18.1339, -17.6036, -13.826, -14.2765, -37.6444]","[178.4235, 177.4387, -171.7622, -170.6854, 176.1819]","['Tropical Southwestern Pacific', 'Tropical Southwestern Pacific', 'Central Polynesia', 'Central Polynesia', 'Northern New Zealand']","[0.0, 11.454055486826238, 208.71413054060457, 8.72221108841384, 207.00712808129666]","[np.float64(18.285633650564648), np.float64(69.95529439345759), np.float64(17.61453107085187), np.float64(10.591215841338949), 0.0]",23.0143,534.0586,TAURANGA
syn_05917,2,Container,22314.0,7,"['SUVA', 'LAUTOKA', 'APIA', 'PAGO PAGO HARBOR', 'RAROTONGA', 'AITUTAKI', 'AUCKLAND']","['Fiji', 'Fiji', 'Samoa', 'American Samoa', 'Cook Islands', 'Cook Islands', 'New Zealand']","[-18.1339, -17.6036, -13.826, -14.2765, -21.2046, -18.8505, -36.8402]","[178.4235, 177.4387, -171.7622, -170.6854, -159.7843, -159.8111, 174.7721]","['Tropical Southwestern Pacific', 'Tropical Southwestern Pacific', 'Central Polynesia', 'Central Polynesia', 'Southeast Polynesia', 'Southeast Polynesia', 'Northern New Zealand']","[0.0, 19.324426306175642, 57.82470755153037, 13.19658778799736, 91.38040709875759, 7.730814665142012, 172.72674857861523]","[np.float64(123.1309879245691), np.float64(78.17081424583318), np.float64(16.83752554717965), np.float64(43.64561582356592), np.float64(51.35060353917755), np.float64(17.89705782649144), 0.0]",28.884,570.0853,AUCKLAND
syn_05918,2,General Cargo,20202.0,7,"['SUVA', 'APIA', 'PAGO PAGO HARBOR', 'ALOFI', 'NEIAFU', ""NUKU'ALOFA"", 'AUCKLAND']","['Fiji', 'Samoa', 'American Samoa', 'Niue', 'Tonga', 'Tonga', 'New Zealand']","[-18.1339, -13.826, -14.2765, -19.0532, -18.6529, -21.1362, -36.8402]","[178.4235, -171.7622, -170.6854, -169.9217, -173.9852, -175.1806, 174.7721]","['Tropical Southwestern Pacific', 'Central Polynesia', 'Central Polynesia', 'Tropical Southwestern Pacific', 'Tropical Southwestern Pacific', 'Tropical Southwestern Pacific', 'Northern New Zealand']","[0.0, 69.51988351279934, 10.254161881415289, 50.76154234839468, 81.55185720665072, 20.821132439645645, 94.2601125731795]","[np.float64(20.50133666645297), np.float64(10.157885697728172), np.float64(33.096661455774296), np.float64(22.487995091349415), np.float64(14.602325890131551), np.float64(13.851757338235638), 0.0]",18.4111,421.3653,AUCKLAND
syn_05919,2,Container,22968.0,7,"['SUVA', 'APIA', 'PAGO PAGO HARBOR', 'RAROTONGA', 'AITUTAKI', ""NUKU'ALOFA"", 'AUCKLAND']","['Fiji', 'Samoa', 'American Samoa', 'Cook Islands', 'Cook Islands', 'Tonga', 'New Zealand']","[-18.1339, -13.826, -14.2765, -21.2046, -18.8505, -21.1362, -36.8402]","[178.4235, -171.7622, -170.6854, -159.7843, -159.8111, -175.1806, 174.7721]","['Tropical Southwestern Pacific', 'Central Polynesia', 'Central Polynesia', 'Southeast Polynesia', 'Southeast Polynesia', 'Tropical Southwestern Pacific', 'Northern New Zealand']","[0.0, 70.38034697921408, 8.309718705604359, 65.53299208230841, 6.467494291030682, 59.59611127531688, 121.63876873994165]","[np.float64(8.931494019545688), np.float64(26.554922025613912), np.float64(27.60465802259539), np.float64(51.44505418465911), np.float64(42.55707232746865), np.float64(7.417000665042205), 0.0]",20.6848,487.5041,AUCKLAND
syn_05920,2,General Cargo,5642.0,7,"['SUVA', 'APIA', 'PAGO PAGO HARBOR', ""NUKU'ALOFA"", 'SUVA', 'APIA', 'AUCKLAND']","['Fiji', 'Samoa', 'American Samoa', 'Tonga', 'Fiji', 'Samoa', 'New Zealand']","[-18.1339, -13.826, -14.2765, -21.1362, -18.1339, -13.826, -36.8402]","[178.4235, -171.7622, -170.6854, -175.1806, 178.4235, -171.7622, 174.7721]","['Tropical Southwestern Pacific', 'Central Polynesia', 'Central Polynesia', 'Tropical Southwestern Pacific', 'Tropical Southwestern Pacific', 'Central Polynesia', 'Northern New Zealand']","[0.0, 86.91692188537539, 6.685821153098152, 66.39929352420016, 37.37449383860349, 76.99686794552835, 206.07698997333264]","[np.float64(30.160982462102133), np.float64(44.55680138822824), np.float64(22.921623347452055), np.float64(6.2260613274382335), np.float64(40.5270507706156), np.float64(30.30400058237675), 0.0]",27.2978,624.9859,AUCKLAND
syn_05921,2,Container,22314.0,7,"['SUVA', 'APIA', 'PAGO PAGO HARBOR', 'RAROTONGA', 'AITUTAKI', ""NUKU'ALOFA"", 'AUCKLAND']","['Fiji', 'Samoa', 'American Samoa', 'Cook Islands', 'Cook Islands', 'Tonga', 'New Zealand']","[-18.1339, -13.826, -14.2765, -21.2046, -18.8505, -21.1362, -36.8402]","[178.4235, -171.7622, -170.6854, -159.7843, -159.8111, -175.1806, 174.7721]","['Tropical Southwestern Pacific', 'Central Polynesia', 'Central Polynesia', 'Southeast Polynesia', 'Southeast Polynesia', 'Tropical Southwestern Pacific', 'Northern New Zealand']","[0.0, 63.21816249382678, 18.697002107328597, 165.79318591282455, 9.796431886732472, 69.65683518650982, 109.13586570256103]","[np.float64(26.859002159868375), np.float64(13.102945779314817), np.float64(16.834839081630655), np.float64(109.06889492570888), np.float64(9.172122097022132), np.float64(9.201391375112928), 0.0]",25.8557,593.6777,AUCKLAND
syn_05922,2,Container,22314.0,5,"['SUVA', 'APIA', 'RAROTONGA', 'AITUTAKI', 'AUCKLAND']","['Fiji', 'Samoa', 'Cook Islands', 'Cook Islands', 'New Zealand']","[-18.1339, -13.826, -21.2046, -18.8505, -36.8402]","[178.4235, -171.7622, -159.7843, -159.8111, 174.7721]","['Tropical Southwestern Pacific', 'Central Polynesia', 'Southeast Polynesia', 'Southeast Polynesia', 'Northern New Zealand']","[0.0, 63.466490149008266, 70.33439027991771, 6.296004344124792, 127.48998637832685]","[np.float64(22.385621804685556), np.float64(25.642228939141535), np.float64(18.20906298519777), np.float64(21.529042794463887), 0.0]",14.8064,332.9672,AUCKLAND
syn_05923,2,General Cargo,8378.0,7,"['SUVA', 'LAUTOKA', 'PAGO PAGO HARBOR', 'APIA', 'RAROTONGA', 'AITUTAKI', 'AUCKLAND']","['Fiji', 'Fiji', 'American Samoa', 'Samoa', 'Cook Islands', 'Cook Islands', 'New Zealand']","[-18.1339, -17.6036, -14.2765, -13.826, -21.2046, -18.8505, -36.8402]","[178.4235, 177.4387, -170.6854, -171.7622, -159.7843, -159.8111, 174.7721]","['Tropical Southwestern Pacific', 'Tropical Southwestern Pacific', 'Central Polynesia', 'Central Polynesia', 'Southeast Polynesia', 'Southeast Polynesia', 'Northern New Zealand']","[0.0, 7.88011327685804, 77.67123946768093, 10.554204370173823, 103.81989958493727, 15.94237115478616, 119.31971972697481]","[np.float64(23.096017037879047), np.float64(28.723634126638263), np.float64(69.1567863912386), np.float64(13.037609495290264), np.float64(17.9837257930243), np.float64(43.147756796788244), 0.0]",22.0972,507.2371,AUCKLAND
syn_05924,2,Container,5923.0,7,"['LAUTOKA', 'APIA', 'PAGO PAGO HARBOR', 'ALOFI', 'NEIAFU', ""NUKU'ALOFA"", 'AUCKLAND']","['Fiji', 'Samoa', 'American Samoa', 'Niue', 'Tonga', 'Tonga', 'New Zealand']","[-17.6036, -13.826, -14.2765, -19.0532, -18.6529, -21.1362, -36.8402]","[177.4387, -171.7622, -170.6854, -169.9217, -173.9852, -175.1806, 174.7721]","['Tropical Southwestern Pacific', 'Central Polynesia', 'Central Polynesia', 'Tropical Southwestern Pacific', 'Tropical Southwestern Pacific', 'Tropical Southwestern Pacific', 'Northern New Zealand']","[0.0, 74.92343432809116, 9.021946690849898, 59.718752197424834, 29.500907073497572, 16.77862322284326, 201.08917670964314]","[np.float64(68.64326837214603), np.float64(32.118680712154145), np.float64(80.76998783563457), np.float64(79.64605505971123), np.float64(18.59356555587367), np.float64(21.088276991711567), 0.0]",28.8289,623.2494,AUCKLAND
syn_05925,2,Container,8252.0,7,"['SUVA', 'APIA', 'PAGO PAGO HARBOR', 'RAROTONGA', 'AITUTAKI', ""NUKU'ALOFA"", 'AUCKLAND']","['Fiji', 'Samoa', 'American Samoa', 'Cook Islands', 'Cook Islands', 'Tonga', 'New Zealand']","[-18.1339, -13.826, -14.2765, -21.2046, -18.8505, -21.1362, -36.8402]","[178.4235, -171.7622, -170.6854, -159.7843, -159.8111, -175.1806, 174.7721]","['Tropical Southwestern Pacific', 'Central Polynesia', 'Central Polynesia', 'Southeast Polynesia', 'Southeast Polynesia', 'Tropical Southwestern Pacific', 'Northern New Zealand']","[0.0, 68.9835222616068, 12.590886397331197, 71.04491648249237, 4.154763683340655, 113.05694928401924, 110.21018115410607]","[np.float64(35.11280156829628), np.float64(9.910846331923135), np.float64(12.572261598988607), np.float64(58.72122741409781), np.float64(26.684536087322737), np.float64(20.71594078301736), 0.0]",22.6566,508.646,AUCKLAND
syn_05926,2,General Cargo,20202.0,6,"['SUVA', 'LAUTOKA', 'APIA', 'PAGO PAGO HARBOR', ""NUKU'ALOFA"", 'TAURANGA']","['Fiji', 'Fiji', 'Samoa', 'American Samoa', 'Tonga', 'New Zealand']","[-18.1339, -17.6036, -13.826, -14.2765, -21.1362, -37.6444]","[178.4235, 177.4387, -171.7622, -170.6854, -175.1806, 176.1819]","['Tropical Southwestern Pacific', 'Tropical Southwestern Pacific', 'Central Polynesia', 'Central Polynesia', 'Tropical Southwestern Pacific', 'Northern New Zealand']","[0.0, 15.678946591730893, 111.37407236956413, 6.300544216636256, 44.91542221350635, 168.23626390347832]","[np.float64(24.37697213185209), np.float64(35.33211635953297), np.float64(7.503756470795341), np.float64(38.23941523810089), np.float64(11.185343876561925), 0.0]",19.2976,438.7659,TAURANGA
syn_05927,2,Tanker,4755.0,5,"['SUVA', 'LAUTOKA', 'APIA', 'PAGO PAGO HARBOR', 'TAURANGA']","['Fiji', 'Fiji', 'Samoa', 'American Samoa', 'New Zealand']","[-18.1339, -17.6036, -13.826, -14.2765, -37.6444]","[178.4235, 177.4387, -171.7622, -170.6854, 176.1819]","['Tropical Southwestern Pacific', 'Tropical Southwestern Pacific', 'Central Polynesia', 'Central Polynesia', 'Northern New Zealand']","[0.0, 6.520415241587543, 67.10949434052627, 13.220046279574317, 236.5099133406791]","[np.float64(10.586811975154157), np.float64(55.885546884727944), np.float64(31.837489367648327), np.float64(49.912291168415244), 0.0]",19.6493,460.9952,TAURANGA
syn_05928,2,General Cargo,5642.0,6,"['LAUTOKA', 'APIA', ""NUKU'ALOFA"", 'RAROTONGA', 'AITUTAKI', 'AUCKLAND']","['Fiji', 'Samoa', 'Tonga', 'Cook Islands', 'Cook Islands', 'New Zealand']","[-17.6036, -13.826, -21.1362, -21.2046, -18.8505, -36.8402]","[177.4387, -171.7622, -175.1806, -159.7843, -159.8111, 174.7721]","['Tropical Southwestern Pacific', 'Central Polynesia', 'Tropical Southwestern Pacific', 'Southeast Polynesia', 'Southeast Polynesia', 'Northern New Zealand']","[0.0, 63.563960237778055, 124.90401845111215, 123.46895371533894, 9.560603945087268, 144.5320470804054]","[np.float64(53.987441134454734), np.float64(16.87237436124383), np.float64(7.090045841074332), np.float64(25.59546651486809), np.float64(17.069198557002927), 0.0]",24.4435,532.6567,AUCKLAND
syn_05929,2,Container,8252.0,7,"['SUVA', 'APIA', 'PAGO PAGO HARBOR', 'ALOFI', ""NUKU'ALOFA"", 'NEIAFU', 'AUCKLAND']","['Fiji', 'Samoa', 'American Samoa', 'Niue', 'Tonga', 'Tonga', 'New Zealand']","[-18.1339, -13.826, -14.2765, -19.0532, -21.1362, -18.6529, -36.8402]","[178.4235, -171.7622, -170.6854, -169.9217, -175.1806, -173.9852, 174.7721]","['Tropical Southwestern Pacific', 'Central Polynesia', 'Central Polynesia', 'Tropical Southwestern Pacific', 'Tropical Southwestern Pacific', 'Tropical Southwestern Pacific', 'Northern New Zealand']","[0.0, 54.023460343675616, 18.033544262730626, 29.04718723139701, 28.973750942588968, 16.62489554381077, 142.85537965398245]","[np.float64(46.04222903556497), np.float64(23.06489666032863), np.float64(20.67746959002475), np.float64(70.32233371181087), np.float64(51.11825635447341), np.float64(27.488710726751755), 0.0]",22.0113,482.2299,AUCKLAND
syn_05930,2,General Cargo,8378.0,6,"[""NUKU'ALOFA"", 'APIA', 'PAGO PAGO HARBOR', 'NEIAFU', ""NUKU'ALOFA"", 'AUCKLAND']","['Tonga', 'Samoa', 'American Samoa', 'Tonga', 'Tonga', 'New Zealand']","[-21.1362, -13.826, -14.2765, -18.6529, -21.1362, -36.8402]","[-175.1806, -171.7622, -170.6854, -173.9852, -175.1806, 174.7721]","['Tropical Southwestern Pacific', 'Central Polynesia', 'Central Polynesia', 'Tropical Southwestern Pacific', 'Tropical Southwestern Pacific', 'Northern New Zealand']","[0.0, 56.76414259219153, 16.09613741909281, 22.25369128585532, 18.08124405069532, 93.25969188750787]","[np.float64(13.88917301735048), np.float64(26.500635618092282), np.float64(16.009488389855832), np.float64(29.373845041094164), np.float64(15.812010897122711), 0.0]",12.835,294.1509,AUCKLAND
syn_05931,2,Container,8252.0,6,"['SUVA', 'LAUTOKA', 'APIA', 'PAGO PAGO HARBOR', 'ALOFI', 'AUCKLAND']","['Fiji', 'Fiji', 'Samoa', 'American Samoa', 'Niue', 'New Zealand']","[-18.1339, -17.6036, -13.826, -14.2765, -19.0532, -36.8402]","[178.4235, 177.4387, -171.7622, -170.6854, -169.9217, 174.7721]","['Tropical Southwestern Pacific', 'Tropical Southwestern Pacific', 'Central Polynesia', 'Central Polynesia', 'Tropical Southwestern Pacific', 'Northern New Zealand']","[0.0, 9.55943542000981, 82.2044462411201, 16.382184792070163, 39.09602021078101, 93.34964275649588]","[np.float64(51.56609140821456), np.float64(58.070124295547195), np.float64(7.5331017610520234), np.float64(12.420245522517632), np.float64(40.67076406578715), 0.0]",17.1188,359.286,AUCKLAND
syn_05932,2,General Cargo,20202.0,7,"['SUVA', 'APIA', 'PAGO PAGO HARBOR', 'ALOFI', ""NUKU'ALOFA"", 'NEIAFU', 'AUCKLAND']","['Fiji', 'Samoa', 'American Samoa', 'Niue', 'Tonga', 'Tonga', 'New Zealand']","[-18.1339, -13.826, -14.2765, -19.0532, -21.1362, -18.6529, -36.8402]","[178.4235, -171.7622, -170.6854, -169.9217, -175.1806, -173.9852, 174.7721]","['Tropical Southwestern Pacific', 'Central Polynesia', 'Central Polynesia', 'Tropical Southwestern Pacific', 'Tropical Southwestern Pacific', 'Tropical Southwestern Pacific', 'Northern New Zealand']","[0.0, 62.17687179246512, 16.20196824604695, 52.02349233803761, 36.61706440945369, 20.231549053727306, 173.04137240694527]","[np.float64(20.128759755656944), np.float64(15.806051390219238), np.float64(8.671158410065678), np.float64(33.1091377276615), np.float64(14.54421843346087), np.float64(12.494336539008282), 0.0]",19.3769,444.9172,AUCKLAND
syn_05933,2,General Cargo,8378.0,5,"['SUVA', 'LAUTOKA', 'APIA', 'PAGO PAGO HARBOR', 'TAURANGA']","['Fiji', 'Fiji', 'Samoa', 'American Samoa', 'New Zealand']","[-18.1339, -17.6036, -13.826, -14.2765, -37.6444]","[178.4235, 177.4387, -171.7622, -170.6854, 176.1819]","['Tropical Southwestern Pacific', 'Tropical Southwestern Pacific', 'Central Polynesia', 'Central Polynesia', 'Northern New Zealand']","[0.0, 11.058372434187673, 115.41648764511248, 13.13545389724313, 299.81869831910996]","[np.float64(16.879885610024846), np.float64(22.0195466488715), np.float64(13.313643720031411), np.float64(9.158489492482527), 0.0]",20.8667,483.9207,TAURANGA
syn_05934,2,General Cargo,20202.0,7,"['PAGO PAGO HARBOR', ""NUKU'ALOFA"", 'SUVA', 'APIA', 'RAROTONGA', ""NUKU'ALOFA"", 'AUCKLAND']","['American Samoa', 'Tonga', 'Fiji', 'Samoa', 'Cook Islands', 'Tonga', 'New Zealand']","[-14.2765, -21.1362, -18.1339, -13.826, -21.2046, -21.1362, -36.8402]","[-170.6854, -175.1806, 178.4235, -171.7622, -159.7843, -175.1806, 174.7721]","['Central Polynesia', 'Tropical Southwestern Pacific', 'Tropical Southwestern Pacific', 'Central Polynesia', 'Southeast Polynesia', 'Tropical Southwestern Pacific', 'Northern New Zealand']","[0.0, 53.969680174976254, 35.560074377053795, 73.27998503902326, 61.47656049986393, 206.3246439020342, 91.51463881704345]","[np.float64(21.616065908718248), np.float64(33.12389270022173), np.float64(56.74904728999784), np.float64(14.862819214564686), np.float64(26.114299102891817), np.float64(17.711761242241288), 0.0]",28.846,670.6874,AUCKLAND
syn_05935,2,Container,22314.0,7,"['SUVA', 'APIA', 'RAROTONGA', 'ALOFI', ""NUKU'ALOFA"", 'NEIAFU', 'AUCKLAND']","['Fiji', 'Samoa', 'Cook Islands', 'Niue', 'Tonga', 'Tonga', 'New Zealand']","[-18.1339, -13.826, -21.2046, -19.0532, -21.1362, -18.6529, -36.8402]","[178.4235, -171.7622, -159.7843, -169.9217, -175.1806, -173.9852, 174.7721]","['Tropical Southwestern Pacific', 'Central Polynesia', 'Southeast Polynesia', 'Tropical Southwestern Pacific', 'Tropical Southwestern Pacific', 'Tropical Southwestern Pacific', 'Northern New Zealand']","[0.0, 79.10870659460323, 81.8283357165318, 69.61189198842406, 28.775082380562235, 20.46600931353348, 101.40496126351553]","[np.float64(52.48514569157856), np.float64(35.42165706310609), np.float64(33.53244178316172), np.float64(85.3757354183006), np.float64(7.365816882963295), np.float64(15.71914588372557), 0.0]",25.4623,558.6098,AUCKLAND
syn_05936,2,General Cargo,20202.0,7,"['SUVA', 'APIA', 'PAGO PAGO HARBOR', 'RAROTONGA', 'AITUTAKI', ""NUKU'ALOFA"", 'AUCKLAND']","['Fiji', 'Samoa', 'American Samoa', 'Cook Islands', 'Cook Islands', 'Tonga', 'New Zealand']","[-18.1339, -13.826, -14.2765, -21.2046, -18.8505, -21.1362, -36.8402]","[178.4235, -171.7622, -170.6854, -159.7843, -159.8111, -175.1806, 174.7721]","['Tropical Southwestern Pacific', 'Central Polynesia', 'Central Polynesia', 'Southeast Polynesia', 'Southeast Polynesia', 'Tropical Southwestern Pacific', 'Northern New Zealand']","[0.0, 65.27752600316485, 9.21054207591141, 64.9356399093927, 11.267683495797087, 66.8517943341661, 90.66861326758442]","[np.float64(11.145692297548745), np.float64(25.404100893250824), np.float64(6.87486778975914), np.float64(71.95280419445422), np.float64(22.962565280960487), np.float64(12.908755614029912), 0.0]",19.1442,448.3149,AUCKLAND
syn_05937,2,Container,22708.0,5,"['SUVA', 'LAUTOKA', 'APIA', 'PAGO PAGO HARBOR', 'TAURANGA']","['Fiji', 'Fiji', 'Samoa', 'American Samoa', 'New Zealand']","[-18.1339, -17.6036, -13.826, -14.2765, -37.6444]","[178.4235, 177.4387, -171.7622, -170.6854, 176.1819]","['Tropical Southwestern Pacific', 'Tropical Southwestern Pacific', 'Central Polynesia', 'Central Polynesia', 'Northern New Zealand']","[0.0, 14.772115089139348, 70.99498429440536, 16.150466919406718, 149.25431806715036]","[np.float64(56.98445146445121), np.float64(10.74794634182146), np.float64(28.9460334715698), np.float64(6.068101708667008), 0.0]",14.7466,296.934,TAURANGA
syn_05938,2,Container,8252.0,7,"['SUVA', 'APIA', 'PAGO PAGO HARBOR', 'ALOFI', 'RAROTONGA', 'AITUTAKI', 'AUCKLAND']","['Fiji', 'Samoa', 'American Samoa', 'Niue', 'Cook Islands', 'Cook Islands', 'New Zealand']","[-18.1339, -13.826, -14.2765, -19.0532, -21.2046, -18.8505, -36.8402]","[178.4235, -171.7622, -170.6854, -169.9217, -159.7843, -159.8111, 174.7721]","['Tropical Southwestern Pacific', 'Central Polynesia', 'Central Polynesia', 'Tropical Southwestern Pacific', 'Southeast Polynesia', 'Southeast Polynesia', 'Northern New Zealand']","[0.0, 54.38592569421571, 12.580927402112549, 52.65249564324224, 97.21603475610523, 8.701010584481462, 136.5821078742141]","[np.float64(19.266353796460898), np.float64(25.16861513031537), np.float64(34.24849794581721), np.float64(12.441709548166092), np.float64(78.19448403925844), np.float64(14.864027869329558), 0.0]",22.7626,527.0358,AUCKLAND
syn_05939,2,General Cargo,8378.0,7,"['SUVA', 'APIA', 'PAGO PAGO HARBOR', 'ALOFI', 'NEIAFU', ""NUKU'ALOFA"", 'AUCKLAND']","['Fiji', 'Samoa', 'American Samoa', 'Niue', 'Tonga', 'Tonga', 'New Zealand']","[-18.1339, -13.826, -14.2765, -19.0532, -18.6529, -21.1362, -36.8402]","[178.4235, -171.7622, -170.6854, -169.9217, -173.9852, -175.1806, 174.7721]","['Tropical Southwestern Pacific', 'Central Polynesia', 'Central Polynesia', 'Tropical Southwestern Pacific', 'Tropical Southwestern Pacific', 'Tropical Southwestern Pacific', 'Northern New Zealand']","[0.0, 56.01146865390175, 13.146938188669845, 29.571571127647967, 51.49839728202226, 30.14981247726536, 101.97702069933264]","[np.float64(17.92581418456459), np.float64(16.344067032690106), np.float64(82.81979107179309), np.float64(25.68090100087212), np.float64(18.99802029526346), np.float64(9.766252802368207), 0.0]",18.9121,435.9642,AUCKLAND
syn_05940,2,Container,22314.0,6,"[""NUKU'ALOFA"", 'SUVA', 'APIA', 'RAROTONGA', 'AITUTAKI', 'AUCKLAND']","['Tonga', 'Fiji', 'Samoa', 'Cook Islands', 'Cook Islands', 'New Zealand']","[-21.1362, -18.1339, -13.826, -21.2046, -18.8505, -36.8402]","[-175.1806, 178.4235, -171.7622, -159.7843, -159.8111, 174.7721]","['Tropical Southwestern Pacific', 'Tropical Southwestern Pacific', 'Central Polynesia', 'Southeast Polynesia', 'Southeast Polynesia', 'Northern New Zealand']","[0.0, 30.974518537789763, 68.93901960394243, 62.41187802086896, 8.820057367807816, 206.3558555256854]","[np.float64(29.00551228598424), np.float64(69.18658785818043), np.float64(33.3376310198858), np.float64(53.17229613068661), np.float64(27.095444798950698), 0.0]",24.5541,560.2933,AUCKLAND
syn_05941,2,Container,22314.0,6,"['SUVA', 'APIA', 'RAROTONGA', 'AITUTAKI', ""NUKU'ALOFA"", 'AUCKLAND']","['Fiji', 'Samoa', 'Cook Islands', 'Cook Islands', 'Tonga', 'New Zealand']","[-18.1339, -13.826, -21.2046, -18.8505, -21.1362, -36.8402]","[178.4235, -171.7622, -159.7843, -159.8111, -175.1806, 174.7721]","['Tropical Southwestern Pacific', 'Central Polynesia', 'Southeast Polynesia', 'Southeast Polynesia', 'Tropical Southwestern Pacific', 'Northern New Zealand']","[0.0, 71.69486470597013, 114.30302330400745, 7.626593306191857, 74.88884511996964, 132.8090466867218]","[np.float64(19.93645618135021), np.float64(10.686098932844008), np.float64(36.217760813870136), np.float64(24.377042394399986), np.float64(14.601672681724967), 0.0]",21.1309,487.2049,AUCKLAND
syn_05942,2,General Cargo,8378.0,7,"['SUVA', 'PAGO PAGO HARBOR', 'APIA', 'ALOFI', 'RAROTONGA', 'AITUTAKI', 'AUCKLAND']","['Fiji', 'American Samoa', 'Samoa', 'Niue', 'Cook Islands', 'Cook Islands', 'New Zealand']","[-18.1339, -14.2765, -13.826, -19.0532, -21.2046, -18.8505, -36.8402]","[178.4235, -170.6854, -171.7622, -169.9217, -159.7843, -159.8111, 174.7721]","['Tropical Southwestern Pacific', 'Central Polynesia', 'Central Polynesia', 'Tropical Southwestern Pacific', 'Southeast Polynesia', 'Southeast Polynesia', 'Northern New Zealand']","[0.0, 71.26666828654156, 8.83851430438068, 33.64539217994332, 67.21058077787558, 17.801560035577353, 163.62018501471107]","[np.float64(71.19394238192581), np.float64(45.3181498690303), np.float64(17.0276362443032), np.float64(71.14690347743345), np.float64(80.73418150457194), np.float64(55.58274400517803), 0.0]",29.3078,632.1925,AUCKLAND
syn_05943,2,Container,8252.0,6,"['LAUTOKA', 'APIA', 'PAGO PAGO HARBOR', 'RAROTONGA', 'AITUTAKI', 'AUCKLAND']","['Fiji', 'Samoa', 'American Samoa', 'Cook Islands', 'Cook Islands', 'New Zealand']","[-17.6036, -13.826, -14.2765, -21.2046, -18.8505, -36.8402]","[177.4387, -171.7622, -170.6854, -159.7843, -159.8111, 174.7721]","['Tropical Southwestern Pacific', 'Central Polynesia', 'Central Polynesia', 'Southeast Polynesia', 'Southeast Polynesia', 'Northern New Zealand']","[0.0, 56.96045226788289, 10.286091490137318, 54.00543597833054, 7.2933426669405055, 101.71706402197398]","[np.float64(21.94678570038563), np.float64(10.81569880377136), np.float64(50.489851907665084), np.float64(36.907907276974285), np.float64(22.48189502366036), 0.0]",15.5377,350.9577,AUCKLAND
syn_05944,2,Container,22314.0,7,"['SUVA', 'LAUTOKA', 'APIA', 'PAGO PAGO HARBOR', 'ALOFI', 'NEIAFU', 'AUCKLAND']","['Fiji', 'Fiji', 'Samoa', 'American Samoa', 'Niue', 'Tonga', 'New Zealand']","[-18.1339, -17.6036, -13.826, -14.2765, -19.0532, -18.6529, -36.8402]","[178.4235, 177.4387, -171.7622, -170.6854, -169.9217, -173.9852, 174.7721]","['Tropical Southwestern Pacific', 'Tropical Southwestern Pacific', 'Central Polynesia', 'Central Polynesia', 'Tropical Southwestern Pacific', 'Tropical Southwestern Pacific', 'Northern New Zealand']","[0.0, 11.650916894953063, 54.582478704679986, 14.218114246040294, 59.94996281590448, 28.340528673441664, 125.63461941442837]","[np.float64(43.49889558349511), np.float64(25.231674991961107), np.float64(14.645118095863763), np.float64(9.866124205759787), np.float64(54.050911809218356), np.float64(110.27231386346446), 0.0]",22.9976,508.4428,AUCKLAND
syn_05945,2,Container,8252.0,7,"['SUVA', 'LAUTOKA', 'APIA', 'PAGO PAGO HARBOR', 'NEIAFU', ""NUKU'ALOFA"", 'AUCKLAND']","['Fiji', 'Fiji', 'Samoa', 'American Samoa', 'Tonga', 'Tonga', 'New Zealand']","[-18.1339, -17.6036, -13.826, -14.2765, -18.6529, -21.1362, -36.8402]","[178.4235, 177.4387, -171.7622, -170.6854, -173.9852, -175.1806, 174.7721]","['Tropical Southwestern Pacific', 'Tropical Southwestern Pacific', 'Central Polynesia', 'Central Polynesia', 'Tropical Southwestern Pacific', 'Tropical Southwestern Pacific', 'Northern New Zealand']","[0.0, 16.91734949913606, 62.786305721334095, 13.716062488935563, 34.064508645123475, 43.504852765604596, 75.11169992785038]","[np.float64(16.08905603707161), np.float64(41.546326335569105), np.float64(10.099883813110985), np.float64(39.09447636287345), np.float64(12.85471895695526), np.float64(27.8510099079167), 0.0]",16.4015,377.5472,AUCKLAND
syn_05946,2,Container,22314.0,7,"['SUVA', 'APIA', 'PAGO PAGO HARBOR', 'RAROTONGA', ""NUKU'ALOFA"", 'NEIAFU', 'AUCKLAND']","['Fiji', 'Samoa', 'American Samoa', 'Cook Islands', 'Tonga', 'Tonga', 'New Zealand']","[-18.1339, -13.826, -14.2765, -21.2046, -21.1362, -18.6529, -36.8402]","[178.4235, -171.7622, -170.6854, -159.7843, -175.1806, -173.9852, 174.7721]","['Tropical Southwestern Pacific', 'Central Polynesia', 'Central Polynesia', 'Southeast Polynesia', 'Tropical Southwestern Pacific', 'Tropical Southwestern Pacific', 'Northern New Zealand']","[0.0, 67.75332457128253, 11.468145382686904, 74.60838216301661, 130.25318148191982, 30.477095907293947, 196.29133768391875]","[np.float64(75.74760633816982), np.float64(12.725004338826935), np.float64(15.443485406748955), np.float64(57.165421317060606), np.float64(10.221266564056025), np.float64(8.623639640064532), 0.0]",28.7824,615.0303,AUCKLAND
syn_05947,2,General Cargo,20202.0,6,"['PAPEETE', 'LAUTOKA', 'NOUMEA', 'BRISBANE', 'BOTANY', 'AUCKLAND']","['French Polynesia', 'Fiji', 'New Caledonia', 'Australia', 'Australia', 'New Zealand']","[-17.5374, -17.6036, -22.2633, -27.3765, -33.9682, -36.8402]","[-149.5753, 177.4387, 166.4317, 153.1665, 151.2149, 174.7721]","['Southeast Polynesia', 'Tropical Southwestern Pacific', 'Tropical Southwestern Pacific', 'East Central Australian Shelf', 'East Central Australian Shelf', 'Northern New Zealand']","[0.0, 252.21355720683596, 65.36712471444059, 87.64987178988221, 29.477109223634336, 206.7674423684714]","[7.614671029340122, np.float64(34.32361355679249), 21.941820262228386, 21.879066519790165, 22.03732302243922, 0.0]",31.2196,741.6569,AUCKLAND
syn_05948,2,Container,22708.0,6,"['SUVA', 'LAUTOKA', 'APIA', 'PAGO PAGO HARBOR', 'ALOFI', 'AUCKLAND']","['Fiji', 'Fiji', 'Samoa', 'American Samoa', 'Niue', 'New Zealand']","[-18.1339, -17.6036, -13.826, -14.2765, -19.0532, -36.8402]","[178.4235, 177.4387, -171.7622, -170.6854, -169.9217, 174.7721]","['Tropical Southwestern Pacific', 'Tropical Southwestern Pacific', 'Central Polynesia', 'Central Polynesia', 'Tropical Southwestern Pacific', 'Northern New Zealand']","[0.0, 14.499259941615911, 92.21885274734633, 7.514860855864207, 57.21527130950578, 83.50643323510954]","[np.float64(38.64034662382597), np.float64(11.191245731624159), np.float64(34.40988407064948), np.float64(23.06100321932178), np.float64(134.85781037041187), 0.0]",20.7131,458.4746,AUCKLAND
syn_05949,2,General Cargo,20202.0,7,"['SUVA', 'APIA', 'PAGO PAGO HARBOR', ""NUKU'ALOFA"", 'SUVA', 'APIA', 'AUCKLAND']","['Fiji', 'Samoa', 'American Samoa', 'Tonga', 'Fiji', 'Samoa', 'New Zealand']","[-18.1339, -13.826, -14.2765, -21.1362, -18.1339, -13.826, -36.8402]","[178.4235, -171.7622, -170.6854, -175.1806, 178.4235, -171.7622, 174.7721]","['Tropical Southwestern Pacific', 'Central Polynesia', 'Central Polynesia', 'Tropical Southwestern Pacific', 'Tropical Southwestern Pacific', 'Central Polynesia', 'Northern New Zealand']","[0.0, 85.7018046509339, 13.808240020985053, 59.230505139719014, 38.25795044620817, 79.7556533198483, 236.8334772125735]","[np.float64(15.780126145651082), np.float64(20.372046331780034), np.float64(21.7806387599369), np.float64(6.289946611415631), np.float64(6.462485697158628), np.float64(32.67915739952548), 0.0]",25.7063,601.1719,AUCKLAND
syn_05950,2,General Cargo,20202.0,7,"['LAUTOKA', 'PAGO PAGO HARBOR', 'APIA', 'RAROTONGA', 'ALOFI', ""NUKU'ALOFA"", 'AUCKLAND']","['Fiji', 'American Samoa', 'Samoa', 'Cook Islands', 'Niue', 'Tonga', 'New Zealand']","[-17.6036, -14.2765, -13.826, -21.2046, -19.0532, -21.1362, -36.8402]","[177.4387, -170.6854, -171.7622, -159.7843, -169.9217, -175.1806, 174.7721]","['Tropical Southwestern Pacific', 'Central Polynesia', 'Central Polynesia', 'Southeast Polynesia', 'Tropical Southwestern Pacific', 'Tropical Southwestern Pacific', 'Northern New Zealand']","[0.0, 99.85199781083665, 8.883216768039178, 105.50551321465, 62.86434054468712, 38.38753584632514, 104.23088552290307]","[np.float64(101.62714224784537), np.float64(10.756611809751425), np.float64(130.4298502542644), np.float64(22.22312816984694), np.float64(25.490048192800053), np.float64(14.71833295040784), 0.0]",30.207,623.3415,AUCKLAND
syn_05951,2,Container,22314.0,5,"['SUVA', 'RAROTONGA', 'AITUTAKI', ""NUKU'ALOFA"", 'AUCKLAND']","['Fiji', 'Cook Islands', 'Cook Islands', 'Tonga', 'New Zealand']","[-18.1339, -21.2046, -18.8505, -21.1362, -36.8402]","[178.4235, -159.7843, -159.8111, -175.1806, 174.7721]","['Tropical Southwestern Pacific', 'Southeast Polynesia', 'Southeast Polynesia', 'Tropical Southwestern Pacific', 'Northern New Zealand']","[0.0, 110.18889718894219, 9.182438940736972, 87.48978799574029, 86.9162443106224]","[np.float64(14.091811019764169), np.float64(36.986846757018135), np.float64(134.02480506795916), np.float64(13.929872529843658), 0.0]",20.5338,478.7189,AUCKLAND
syn_05952,2,Tanker,3854.0,7,"['SUVA', 'APIA', 'RAROTONGA', 'AITUTAKI', ""NUKU'ALOFA"", 'NEIAFU', 'AUCKLAND']","['Fiji', 'Samoa', 'Cook Islands', 'Cook Islands', 'Tonga', 'Tonga', 'New Zealand']","[-18.1339, -13.826, -21.2046, -18.8505, -21.1362, -18.6529, -36.8402]","[178.4235, -171.7622, -159.7843, -159.8111, -175.1806, -173.9852, 174.7721]","['Tropical Southwestern Pacific', 'Central Polynesia', 'Southeast Polynesia', 'Southeast Polynesia', 'Tropical Southwestern Pacific', 'Tropical Southwestern Pacific', 'Northern New Zealand']","[0.0, 63.10180908994334, 79.62120525160158, 7.46346580641784, 121.00588230826514, 47.359136501301045, 166.82112039016906]","[np.float64(21.273556221850857), np.float64(6.193031793988427), np.float64(76.19417373659232), np.float64(31.006731257696025), np.float64(11.57946163368859), np.float64(7.044456675767907), 0.0]",26.611,617.3905,AUCKLAND
syn_05953,2,Tanker,3854.0,7,"['PAPEETE', 'LAUTOKA', 'NOUMEA', 'BRISBANE', 'BOTANY', 'MELBOURNE', 'TAURANGA']","['French Polynesia', 'Fiji', 'New Caledonia', 'Australia', 'Australia', 'Australia', 'New Zealand']","[-17.5374, -17.6036, -22.2633, -27.3765, -33.9682, -37.844, -37.6444]","[-149.5753, 177.4387, 166.4317, 153.1665, 151.2149, 144.905, 176.1819]","['Southeast Polynesia', 'Tropical Southwestern Pacific', 'Tropical Southwestern Pacific', 'East Central Australian Shelf', 'East Central Australian Shelf', 'Southeast Australian Shelf', 'Northern New Zealand']","[0.0, 190.64803052830115, 63.93653486643309, 60.84884144451978, 58.8912109432531, 80.74432399102336, 165.7709921899155]","[87.66151304390179, np.float64(112.3782795182326), 62.6475242034366, 17.08900787975924, 13.915730979318333, 38.55343814191784, 0.0]",39.7119,865.4239,TAURANGA
syn_05954,2,Container,8252.0,6,"['SUVA', 'LAUTOKA', 'APIA', 'PAGO PAGO HARBOR', 'RAROTONGA', 'AUCKLAND']","['Fiji', 'Fiji', 'Samoa', 'American Samoa', 'Cook Islands', 'New Zealand']","[-18.1339, -17.6036, -13.826, -14.2765, -21.2046, -36.8402]","[178.4235, 177.4387, -171.7622, -170.6854, -159.7843, 174.7721]","['Tropical Southwestern Pacific', 'Tropical Southwestern Pacific', 'Central Polynesia', 'Central Polynesia', 'Southeast Polynesia', 'Northern New Zealand']","[0.0, 10.29049179082082, 63.57808897678241, 7.790448110282394, 69.80205347512275, 187.62123821652608]","[np.float64(9.539796713519738), np.float64(73.647565642966), np.float64(6.7108034825717855), np.float64(55.4097248627132), np.float64(54.941073541784064), 0.0]",22.4721,529.7915,AUCKLAND
syn_05955,2,Tanker,5183.0,7,"['SUVA', 'LAUTOKA', 'SUVA', 'APIA', 'RAROTONGA', 'ALOFI', 'AUCKLAND']","['Fiji', 'Fiji', 'Fiji', 'Samoa', 'Cook Islands', 'Niue', 'New Zealand']","[-18.1339, -17.6036, -18.1339, -13.826, -21.2046, -19.0532, -36.8402]","[178.4235, 177.4387, 178.4235, -171.7622, -159.7843, -169.9217, 174.7721]","['Tropical Southwestern Pacific', 'Tropical Southwestern Pacific', 'Tropical Southwestern Pacific', 'Central Polynesia', 'Southeast Polynesia', 'Tropical Southwestern Pacific', 'Northern New Zealand']","[0.0, 6.962157407107704, 10.074990592476745, 77.40149666303446, 115.92296864175779, 93.81318510570016, 226.61667748996152]","[np.float64(31.966765696496484), np.float64(31.683888896429785), np.float64(32.01642061680322), np.float64(24.1412815996281), np.float64(33.40832106559657), np.float64(47.62000471373435), 0.0]",30.4845,699.6614,AUCKLAND
syn_05956,2,Container,8252.0,6,"['SUVA', 'LAUTOKA', 'APIA', 'PAGO PAGO HARBOR', 'ALOFI', 'AUCKLAND']","['Fiji', 'Fiji', 'Samoa', 'American Samoa', 'Niue', 'New Zealand']","[-18.1339, -17.6036, -13.826, -14.2765, -19.0532, -36.8402]","[178.4235, 177.4387, -171.7622, -170.6854, -169.9217, 174.7721]","['Tropical Southwestern Pacific', 'Tropical Southwestern Pacific', 'Central Polynesia', 'Central Polynesia', 'Tropical Southwestern Pacific', 'Northern New Zealand']","[0.0, 13.47161371874242, 86.08365327305795, 6.2218504194122275, 44.78008462628678, 127.27227196768878]","[np.float64(130.13869940581085), np.float64(36.66096017585127), np.float64(12.722858012909928), np.float64(25.360999234657452), np.float64(122.11457862938941), 0.0]",25.2011,474.6889,AUCKLAND
syn_05957,2,Container,22314.0,6,"['SUVA', 'LAUTOKA', 'APIA', 'PAGO PAGO HARBOR', 'RAROTONGA', 'AUCKLAND']","['Fiji', 'Fiji', 'Samoa', 'American Samoa', 'Cook Islands', 'New Zealand']","[-18.1339, -17.6036, -13.826, -14.2765, -21.2046, -36.8402]","[178.4235, 177.4387, -171.7622, -170.6854, -159.7843, 174.7721]","['Tropical Southwestern Pacific', 'Tropical Southwestern Pacific', 'Central Polynesia', 'Central Polynesia', 'Southeast Polynesia', 'Northern New Zealand']","[0.0, 6.000277999118857, 63.481991492705475, 16.2950139874893, 76.85537499885434, 184.2636661428567]","[np.float64(23.79347985419542), np.float64(84.67048465139635), np.float64(6.691076061667571), np.float64(64.9311267018723), np.float64(84.96457753578729), 0.0]",25.4978,588.1536,AUCKLAND
syn_05958,2,General Cargo,20202.0,7,"['SUVA', 'LAUTOKA', 'PAGO PAGO HARBOR', 'APIA', 'ALOFI', 'RAROTONGA', 'AUCKLAND']","['Fiji', 'Fiji', 'American Samoa', 'Samoa', 'Niue', 'Cook Islands', 'New Zealand']","[-18.1339, -17.6036, -14.2765, -13.826, -19.0532, -21.2046, -36.8402]","[178.4235, 177.4387, -170.6854, -171.7622, -169.9217, -159.7843, 174.7721]","['Tropical Southwestern Pacific', 'Tropical Southwestern Pacific', 'Central Polynesia', 'Central Polynesia', 'Tropical Southwestern Pacific', 'Southeast Polynesia', 'Northern New Zealand']","[0.0, 12.3065433571578, 94.95986588622448, 11.635395570267313, 25.50813939144672, 83.67069279513235, 147.99321529347785]","[np.float64(44.40502921739512), np.float64(61.37942791468593), np.float64(12.166033832181457), np.float64(24.776349421387945), np.float64(19.39135565049429), np.float64(59.26821001300254), 0.0]",24.8942,553.0552,AUCKLAND
syn_05959,2,General Cargo,20202.0,7,"[""NUKU'ALOFA"", 'SUVA', 'APIA', 'PAGO PAGO HARBOR', 'RAROTONGA', 'AITUTAKI', 'AUCKLAND']","['Tonga', 'Fiji', 'Samoa', 'American Samoa', 'Cook Islands', 'Cook Islands', 'New Zealand']","[-21.1362, -18.1339, -13.826, -14.2765, -21.2046, -18.8505, -36.8402]","[-175.1806, 178.4235, -171.7622, -170.6854, -159.7843, -159.8111, 174.7721]","['Tropical Southwestern Pacific', 'Tropical Southwestern Pacific', 'Central Polynesia', 'Central Polynesia', 'Southeast Polynesia', 'Southeast Polynesia', 'Northern New Zealand']","[0.0, 39.0684626745041, 87.45768368874556, 18.115704778576525, 89.80504194878394, 15.195371100890391, 248.46306312120936]","[np.float64(9.984114608053636), np.float64(12.915228356409408), np.float64(18.68554516122256), np.float64(11.46164085963475), np.float64(23.47205468379224), np.float64(95.22342120260905), 0.0]",27.9103,659.8632,AUCKLAND
syn_05960,2,General Cargo,20202.0,5,"['SUVA', 'LAUTOKA', 'APIA', 'PAGO PAGO HARBOR', 'TAURANGA']","['Fiji', 'Fiji', 'Samoa', 'American Samoa', 'New Zealand']","[-18.1339, -17.6036, -13.826, -14.2765, -37.6444]","[178.4235, 177.4387, -171.7622, -170.6854, 176.1819]","['Tropical Southwestern Pacific', 'Tropical Southwestern Pacific', 'Central Polynesia', 'Central Polynesia', 'Northern New Zealand']","[0.0, 10.629303177098363, 120.70447640338458, 14.191124898373426, 192.12828569262564]","[np.float64(18.960146415246626), np.float64(19.38404505754705), np.float64(7.502221928550253), np.float64(21.729596258199685), 0.0]",16.8845,386.2691,TAURANGA
syn_05961,2,Container,8252.0,5,"['SUVA', 'LAUTOKA', 'APIA', 'PAGO PAGO HARBOR', 'TAURANGA']","['Fiji', 'Fiji', 'Samoa', 'American Samoa', 'New Zealand']","[-18.1339, -17.6036, -13.826, -14.2765, -37.6444]","[178.4235, 177.4387, -171.7622, -170.6854, 176.1819]","['Tropical Southwestern Pacific', 'Tropical Southwestern Pacific', 'Central Polynesia', 'Central Polynesia', 'Northern New Zealand']","[0.0, 8.816044643631828, 57.71252194987257, 9.166364238865201, 129.17823200597306]","[np.float64(20.13742191174242), np.float64(108.2642505619704), np.float64(11.289501493663076), np.float64(6.2150704778745665), 0.0]",14.6158,330.642,TAURANGA
syn_05962,2,Container,22708.0,7,"['LAUTOKA', 'SUVA', 'APIA', 'PAGO PAGO HARBOR', 'RAROTONGA', 'AITUTAKI', 'AUCKLAND']","['Fiji', 'Fiji', 'Samoa', 'American Samoa', 'Cook Islands', 'Cook Islands', 'New Zealand']","[-17.6036, -18.1339, -13.826, -14.2765, -21.2046, -18.8505, -36.8402]","[177.4387, 178.4235, -171.7622, -170.6854, -159.7843, -159.8111, 174.7721]","['Tropical Southwestern Pacific', 'Tropical Southwestern Pacific', 'Central Polynesia', 'Central Polynesia', 'Southeast Polynesia', 'Southeast Polynesia', 'Northern New Zealand']","[0.0, 5.57652287835159, 70.38599705264514, 15.69094064218891, 107.13428070251729, 6.509191672753958, 103.06908796781104]","[np.float64(37.394641719201076), np.float64(99.5695297827045), np.float64(17.7685823224756), np.float64(37.749346377170816), np.float64(65.5730795544798), np.float64(104.59712097054708), 0.0]",27.9591,633.6237,AUCKLAND
syn_05963,2,Container,22708.0,7,"['SUVA', 'APIA', 'PAGO PAGO HARBOR', 'ALOFI', 'NEIAFU', ""NUKU'ALOFA"", 'AUCKLAND']","['Fiji', 'Samoa', 'American Samoa', 'Niue', 'Tonga', 'Tonga', 'New Zealand']","[-18.1339, -13.826, -14.2765, -19.0532, -18.6529, -21.1362, -36.8402]","[178.4235, -171.7622, -170.6854, -169.9217, -173.9852, -175.1806, 174.7721]","['Tropical Southwestern Pacific', 'Central Polynesia', 'Central Polynesia', 'Tropical Southwestern Pacific', 'Tropical Southwestern Pacific', 'Tropical Southwestern Pacific', 'Northern New Zealand']","[0.0, 75.3433914700962, 8.685772162966797, 31.644077579334326, 31.268973044383422, 43.08965694276607, 108.05417482245443]","[np.float64(36.51989702978907), np.float64(9.435714405485891), np.float64(12.794837282507437), np.float64(27.552626927740786), np.float64(22.447895025863883), np.float64(18.684038152740737), 0.0]",17.73,389.0012,AUCKLAND
syn_05964,2,Container,22708.0,5,"['SUVA', 'APIA', 'PAGO PAGO HARBOR', 'ALOFI', 'AUCKLAND']","['Fiji', 'Samoa', 'American Samoa', 'Niue', 'New Zealand']","[-18.1339, -13.826, -14.2765, -19.0532, -36.8402]","[178.4235, -171.7622, -170.6854, -169.9217, 174.7721]","['Tropical Southwestern Pacific', 'Central Polynesia', 'Central Polynesia', 'Tropical Southwestern Pacific', 'Northern New Zealand']","[0.0, 66.66754946998456, 14.58083782291589, 14.839778485457963, 131.90546288917255]","[np.float64(121.72969217112106), np.float64(9.656704050467487), np.float64(15.460706874968558), np.float64(36.48458675461268), 0.0]",17.1386,289.5956,AUCKLAND
syn_05965,2,General Cargo,8378.0,5,"['SUVA', 'APIA', 'PAGO PAGO HARBOR', 'ALOFI', 'TAURANGA']","['Fiji', 'Samoa', 'American Samoa', 'Niue', 'New Zealand']","[-18.1339, -13.826, -14.2765, -19.0532, -37.6444]","[178.4235, -171.7622, -170.6854, -169.9217, 176.1819]","['Tropical Southwestern Pacific', 'Central Polynesia', 'Central Polynesia', 'Tropical Southwestern Pacific', 'Northern New Zealand']","[0.0, 62.508019508786354, 10.99064356887576, 26.081033580378996, 162.94238133759384]","[np.float64(47.82383450293909), np.float64(9.106084418624025), np.float64(13.359556722769542), np.float64(60.83636004387127), 0.0]",16.402,345.8241,TAURANGA
syn_05966,2,General Cargo,20202.0,6,"['NADI BAY', 'VUDA', 'SUVA', 'PAGO PAGO HARBOR', 'APIA', 'TAURANGA']","['Fiji', 'Fiji', 'Fiji', 'American Samoa', 'Samoa', 'New Zealand']","[-17.7162, -17.6861, -18.1339, -14.2765, -13.826, -37.6444]","[177.371, 177.3849, 178.4235, -170.6854, -171.7622, 176.1819]","['Tropical Southwestern Pacific', 'Tropical Southwestern Pacific', 'Tropical Southwestern Pacific', 'Central Polynesia', 'Central Polynesia', 'Northern New Zealand']","[0.0, 42.350979809193674, 7.7839542319024195, 102.71101562607933, 15.312410379554587, 207.9418452565714]","[20.404793015165247, 83.25013873966496, np.float64(72.62104977731711), np.float64(18.306583611234988), np.float64(7.720788279947171), 0.0]",24.1001,557.9988,TAURANGA
syn_05967,2,General Cargo,20202.0,6,"['LAUTOKA', 'SUVA', 'APIA', 'RAROTONGA', 'AITUTAKI', 'AUCKLAND']","['Fiji', 'Fiji', 'Samoa', 'Cook Islands', 'Cook Islands', 'New Zealand']","[-17.6036, -18.1339, -13.826, -21.2046, -18.8505, -36.8402]","[177.4387, 178.4235, -171.7622, -159.7843, -159.8111, 174.7721]","['Tropical Southwestern Pacific', 'Tropical Southwestern Pacific', 'Central Polynesia', 'Southeast Polynesia', 'Southeast Polynesia', 'Northern New Zealand']","[0.0, 11.733830493789059, 90.41284341477635, 104.30030776210117, 12.540882847728065, 188.81698589900412]","[np.float64(31.754509175511373), np.float64(117.61107812832839), np.float64(71.64802091955397), np.float64(18.414704551047233), np.float64(48.70222423614204), 0.0]",28.9973,664.1809,AUCKLAND
syn_05968,2,Container,22968.0,6,"['SUVA', 'APIA', 'RAROTONGA', 'AITUTAKI', ""NUKU'ALOFA"", 'AUCKLAND']","['Fiji', 'Samoa', 'Cook Islands', 'Cook Islands', 'Tonga', 'New Zealand']","[-18.1339, -13.826, -21.2046, -18.8505, -21.1362, -36.8402]","[178.4235, -171.7622, -159.7843, -159.8111, -175.1806, 174.7721]","['Tropical Southwestern Pacific', 'Central Polynesia', 'Southeast Polynesia', 'Southeast Polynesia', 'Tropical Southwestern Pacific', 'Northern New Zealand']","[0.0, 69.07711667470407, 137.31016280647268, 4.7734166696867035, 65.01420553143544, 146.1093777873124]","[np.float64(11.154968136466803), np.float64(14.190603218803588), np.float64(11.61916024883488), np.float64(25.099817518547916), np.float64(23.646218231150023), 0.0]",21.1665,496.8401,AUCKLAND
syn_05969,2,General Cargo,8378.0,7,"['LAUTOKA', 'APIA', 'PAGO PAGO HARBOR', 'ALOFI', 'NEIAFU', ""NUKU'ALOFA"", 'AUCKLAND']","['Fiji', 'Samoa', 'American Samoa', 'Niue', 'Tonga', 'Tonga', 'New Zealand']","[-17.6036, -13.826, -14.2765, -19.0532, -18.6529, -21.1362, -36.8402]","[177.4387, -171.7622, -170.6854, -169.9217, -173.9852, -175.1806, 174.7721]","['Tropical Southwestern Pacific', 'Central Polynesia', 'Central Polynesia', 'Tropical Southwestern Pacific', 'Tropical Southwestern Pacific', 'Tropical Southwestern Pacific', 'Northern New Zealand']","[0.0, 95.90691461626521, 13.003119597369494, 27.32673718411218, 50.32089568040718, 18.44119361659944, 94.27612512013363]","[np.float64(34.774557374389715), np.float64(10.347514991279422), np.float64(46.254358445960314), np.float64(60.75666120598469), np.float64(10.288749832872092), np.float64(18.135240364844567), 0.0]",19.993,445.0575,AUCKLAND
syn_05970,2,General Cargo,20202.0,6,"['SUVA', 'APIA', 'PAGO PAGO HARBOR', ""NUKU'ALOFA"", 'SUVA', 'AUCKLAND']","['Fiji', 'Samoa', 'American Samoa', 'Tonga', 'Fiji', 'New Zealand']","[-18.1339, -13.826, -14.2765, -21.1362, -18.1339, -36.8402]","[178.4235, -171.7622, -170.6854, -175.1806, 178.4235, 174.7721]","['Tropical Southwestern Pacific', 'Central Polynesia', 'Central Polynesia', 'Tropical Southwestern Pacific', 'Tropical Southwestern Pacific', 'Northern New Zealand']","[0.0, 80.75643694578861, 21.16643431825171, 47.32907463115643, 43.6605375419437, 188.00121223216118]","[np.float64(88.9504219576625), np.float64(84.78438664474672), np.float64(9.888941640916611), np.float64(16.77190920488844), np.float64(70.80512644517185), 0.0]",27.1714,563.1641,AUCKLAND
syn_05971,2,General Cargo,8378.0,7,"['SUVA', 'APIA', 'PAGO PAGO HARBOR', 'ALOFI', 'NEIAFU', ""NUKU'ALOFA"", 'AUCKLAND']","['Fiji', 'Samoa', 'American Samoa', 'Niue', 'Tonga', 'Tonga', 'New Zealand']","[-18.1339, -13.826, -14.2765, -19.0532, -18.6529, -21.1362, -36.8402]","[178.4235, -171.7622, -170.6854, -169.9217, -173.9852, -175.1806, 174.7721]","['Tropical Southwestern Pacific', 'Central Polynesia', 'Central Polynesia', 'Tropical Southwestern Pacific', 'Tropical Southwestern Pacific', 'Tropical Southwestern Pacific', 'Northern New Zealand']","[0.0, 58.01775082462139, 14.285236042758706, 33.86828028449398, 39.37773042451883, 22.239385602905188, 90.26403408085548]","[np.float64(23.849766589054564), np.float64(15.17709637126751), np.float64(19.422187716688374), np.float64(121.42226901979639), np.float64(30.770287049206292), np.float64(13.376965613955687), 0.0]",20.0863,458.2212,AUCKLAND
syn_05972,2,General Cargo,20202.0,6,"['APIA', 'PAGO PAGO HARBOR', 'RAROTONGA', 'AITUTAKI', ""NUKU'ALOFA"", 'AUCKLAND']","['Samoa', 'American Samoa', 'Cook Islands', 'Cook Islands', 'Tonga', 'New Zealand']","[-13.826, -14.2765, -21.2046, -18.8505, -21.1362, -36.8402]","[-171.7622, -170.6854, -159.7843, -159.8111, -175.1806, 174.7721]","['Central Polynesia', 'Central Polynesia', 'Southeast Polynesia', 'Southeast Polynesia', 'Tropical Southwestern Pacific', 'Northern New Zealand']","[0.0, 6.563931523588639, 82.74428136958237, 6.421935288562862, 75.2256397601554, 104.16986019917458]","[np.float64(11.153107469108246), np.float64(38.12821535488178), np.float64(20.487229819781668), np.float64(7.098034675748968), np.float64(63.70217941331306), 0.0]",17.3206,404.5413,AUCKLAND
syn_05973,2,General Cargo,8378.0,6,"['SUVA', 'APIA', 'RAROTONGA', 'AITUTAKI', ""NUKU'ALOFA"", 'AUCKLAND']","['Fiji', 'Samoa', 'Cook Islands', 'Cook Islands', 'Tonga', 'New Zealand']","[-18.1339, -13.826, -21.2046, -18.8505, -21.1362, -36.8402]","[178.4235, -171.7622, -159.7843, -159.8111, -175.1806, 174.7721]","['Tropical Southwestern Pacific', 'Central Polynesia', 'Southeast Polynesia', 'Southeast Polynesia', 'Tropical Southwestern Pacific', 'Northern New Zealand']","[0.0, 58.71331224697409, 79.84137965611866, 16.175494787690194, 86.3409322468536, 87.32284529210469]","[np.float64(12.458291200568391), np.float64(22.965131137840103), np.float64(67.75605202384459), np.float64(34.17737985691057), np.float64(29.454533502966733), 0.0]",20.6336,482.7471,AUCKLAND
syn_05974,2,Container,22314.0,7,"['LAUTOKA', 'PAGO PAGO HARBOR', 'APIA', 'RAROTONGA', 'AITUTAKI', ""NUKU'ALOFA"", 'AUCKLAND']","['Fiji', 'American Samoa', 'Samoa', 'Cook Islands', 'Cook Islands', 'Tonga', 'New Zealand']","[-17.6036, -14.2765, -13.826, -21.2046, -18.8505, -21.1362, -36.8402]","[177.4387, -170.6854, -171.7622, -159.7843, -159.8111, -175.1806, 174.7721]","['Tropical Southwestern Pacific', 'Central Polynesia', 'Central Polynesia', 'Southeast Polynesia', 'Southeast Polynesia', 'Tropical Southwestern Pacific', 'Northern New Zealand']","[0.0, 116.99481423745952, 5.913545599294943, 88.62441650976274, 8.743082498316783, 110.30845426422482, 152.34077797134069]","[np.float64(103.74545457899232), np.float64(17.197499975375212), np.float64(12.137523100934237), np.float64(67.59891760862209), np.float64(112.39242811309248), np.float64(6.718028761423135), 0.0]",33.4465,698.9695,AUCKLAND
syn_05975,2,Container,22314.0,7,"['SUVA', 'LAUTOKA', 'PAGO PAGO HARBOR', 'APIA', 'RAROTONGA', 'AITUTAKI', 'AUCKLAND']","['Fiji', 'Fiji', 'American Samoa', 'Samoa', 'Cook Islands', 'Cook Islands', 'New Zealand']","[-18.1339, -17.6036, -14.2765, -13.826, -21.2046, -18.8505, -36.8402]","[178.4235, 177.4387, -170.6854, -171.7622, -159.7843, -159.8111, 174.7721]","['Tropical Southwestern Pacific', 'Tropical Southwestern Pacific', 'Central Polynesia', 'Central Polynesia', 'Southeast Polynesia', 'Southeast Polynesia', 'Northern New Zealand']","[0.0, 9.15616166998305, 135.37913902703838, 9.01367010945502, 136.3519405341728, 5.86622620846795, 120.66770824777898]","[np.float64(59.70289801800434), np.float64(48.22816813466491), np.float64(14.537436608343064), np.float64(6.490702115815167), np.float64(32.63666596989284), np.float64(112.58253788702491), 0.0]",28.7756,630.9104,AUCKLAND
syn_05976,2,General Cargo,8378.0,5,"['SUVA', 'APIA', 'RAROTONGA', 'AITUTAKI', 'AUCKLAND']","['Fiji', 'Samoa', 'Cook Islands', 'Cook Islands', 'New Zealand']","[-18.1339, -13.826, -21.2046, -18.8505, -36.8402]","[178.4235, -171.7622, -159.7843, -159.8111, 174.7721]","['Tropical Southwestern Pacific', 'Central Polynesia', 'Southeast Polynesia', 'Southeast Polynesia', 'Northern New Zealand']","[0.0, 54.39462787333216, 94.051974202847, 10.632448930715665, 194.43167258185454]","[np.float64(9.16634873550255), np.float64(21.254842516523812), np.float64(30.315713193012144), np.float64(66.53232434035822), 0.0]",20.0325,471.6136,AUCKLAND
syn_05977,2,General Cargo,20202.0,6,"['SUVA', 'LAUTOKA', 'APIA', 'PAGO PAGO HARBOR', 'ALOFI', 'AUCKLAND']","['Fiji', 'Fiji', 'Samoa', 'American Samoa', 'Niue', 'New Zealand']","[-18.1339, -17.6036, -13.826, -14.2765, -19.0532, -36.8402]","[178.4235, 177.4387, -171.7622, -170.6854, -169.9217, 174.7721]","['Tropical Southwestern Pacific', 'Tropical Southwestern Pacific', 'Central Polynesia', 'Central Polynesia', 'Tropical Southwestern Pacific', 'Northern New Zealand']","[0.0, 8.070940260061246, 73.05202358923572, 9.72704451070316, 39.44910864833651, 140.26455086019465]","[np.float64(27.021897204786743), np.float64(38.35890858496396), np.float64(9.958259376723843), np.float64(22.133994085985297), np.float64(48.62878841430319), 0.0]",17.3611,389.6436,AUCKLAND
syn_05978,2,Container,22314.0,7,"['SUVA', 'APIA', 'PAGO PAGO HARBOR', 'ALOFI', 'NEIAFU', ""NUKU'ALOFA"", 'AUCKLAND']","['Fiji', 'Samoa', 'American Samoa', 'Niue', 'Tonga', 'Tonga', 'New Zealand']","[-18.1339, -13.826, -14.2765, -19.0532, -18.6529, -21.1362, -36.8402]","[178.4235, -171.7622, -170.6854, -169.9217, -173.9852, -175.1806, 174.7721]","['Tropical Southwestern Pacific', 'Central Polynesia', 'Central Polynesia', 'Tropical Southwestern Pacific', 'Tropical Southwestern Pacific', 'Tropical Southwestern Pacific', 'Northern New Zealand']","[0.0, 67.73656382281315, 10.025739490478747, 44.52017641363692, 27.337992609732556, 24.080392809275402, 87.90659389422355]","[np.float64(42.071153031233784), np.float64(15.595401272696574), np.float64(46.665766468054485), np.float64(58.16442839970553), np.float64(15.124147663701345), np.float64(26.286107060461973), 0.0]",19.3964,423.4433,AUCKLAND
syn_05979,2,General Cargo,20202.0,5,"['PAGO PAGO HARBOR', 'RAROTONGA', 'AITUTAKI', ""NUKU'ALOFA"", 'AUCKLAND']","['American Samoa', 'Cook Islands', 'Cook Islands', 'Tonga', 'New Zealand']","[-14.2765, -21.2046, -18.8505, -21.1362, -36.8402]","[-170.6854, -159.7843, -159.8111, -175.1806, 174.7721]","['Central Polynesia', 'Southeast Polynesia', 'Southeast Polynesia', 'Tropical Southwestern Pacific', 'Northern New Zealand']","[0.0, 102.01821823059673, 11.943730524464172, 112.20120529104956, 95.98245049512039]","[np.float64(22.452023954067336), np.float64(21.352819824169394), np.float64(50.510571354028194), np.float64(10.606233425214375), 0.0]",17.7945,404.6152,AUCKLAND
syn_05980,2,Container,22314.0,6,"['SUVA', 'LAUTOKA', 'APIA', 'PAGO PAGO HARBOR', 'RAROTONGA', 'AUCKLAND']","['Fiji', 'Fiji', 'Samoa', 'American Samoa', 'Cook Islands', 'New Zealand']","[-18.1339, -17.6036, -13.826, -14.2765, -21.2046, -36.8402]","[178.4235, 177.4387, -171.7622, -170.6854, -159.7843, 174.7721]","['Tropical Southwestern Pacific', 'Tropical Southwestern Pacific', 'Central Polynesia', 'Central Polynesia', 'Southeast Polynesia', 'Northern New Zealand']","[0.0, 14.343179865971857, 53.2835322417227, 17.345584004314766, 117.28613175351347, 214.03912822216634]","[np.float64(44.332233359976634), np.float64(16.432154809427853), np.float64(14.872917685975075), np.float64(63.911395439149494), np.float64(78.2997482533306), 0.0]",26.4228,589.8138,AUCKLAND
syn_05981,2,Container,8252.0,6,"['SUVA', 'LAUTOKA', 'APIA', 'PAGO PAGO HARBOR', 'ALOFI', 'AUCKLAND']","['Fiji', 'Fiji', 'Samoa', 'American Samoa', 'Niue', 'New Zealand']","[-18.1339, -17.6036, -13.826, -14.2765, -19.0532, -36.8402]","[178.4235, 177.4387, -171.7622, -170.6854, -169.9217, 174.7721]","['Tropical Southwestern Pacific', 'Tropical Southwestern Pacific', 'Central Polynesia', 'Central Polynesia', 'Tropical Southwestern Pacific', 'Northern New Zealand']","[0.0, 12.426430232198351, 63.882378609708965, 18.9557140322299, 30.24689246640207, 103.76261403542627]","[np.float64(38.81947181166601), np.float64(29.305302318763605), np.float64(24.78860552842021), np.float64(32.6932441904017), np.float64(92.22770687760745), 0.0]",18.6295,408.2889,AUCKLAND
syn_05982,2,General Cargo,12927.0,7,"['VILA', 'NOUMEA', 'SUVA', 'FUNAFUTI', 'TARAWA', 'LONDON', 'NEW PLYMOUTH']","['Vanuatu', 'New Caledonia', 'Fiji', 'Tuvalu', 'Kiribati', 'Kiribati', 'New Zealand']","[-17.754, -22.2633, -18.1339, -8.5032, 1.3673, 2.0062, -39.0577]","[168.3044, 166.4317, 178.4235, 179.1946, 172.9355, -157.4881, 174.0346]","['Tropical Southwestern Pacific', 'Tropical Southwestern Pacific', 'Tropical Southwestern Pacific', 'Marshall, Gilbert and Ellis Islands', 'Marshall, Gilbert and Ellis Islands', 'Central Polynesia', 'Southern New Zealand']","[0.0, 59.56838175086875, 49.69501990288565, 77.64747334975092, 63.78524193749824, 154.53020359679434, 278.10368001480396]","[15.112398783377843, 26.119230604767957, np.float64(13.68886228244927), 14.69870618877852, 14.84662856948659, 84.74791877514173, 0.0]",35.5227,837.4313,NEW PLYMOUTH
syn_05983,2,Container,22314.0,5,"['SUVA', 'LAUTOKA', 'PAGO PAGO HARBOR', ""NUKU'ALOFA"", 'TAURANGA']","['Fiji', 'Fiji', 'American Samoa', 'Tonga', 'New Zealand']","[-18.1339, -17.6036, -14.2765, -21.1362, -37.6444]","[178.4235, 177.4387, -170.6854, -175.1806, 176.1819]","['Tropical Southwestern Pacific', 'Tropical Southwestern Pacific', 'Central Polynesia', 'Tropical Southwestern Pacific', 'Northern New Zealand']","[0.0, 16.150815371981075, 143.47017458929307, 26.846684139547385, 127.69792053474988]","[np.float64(19.66043451357577), np.float64(44.99848761271581), np.float64(29.881531032852166), np.float64(9.572608452694668), 0.0]",17.4283,398.6182,TAURANGA
syn_05984,2,Container,8252.0,7,"['SUVA', 'LAUTOKA', 'PAGO PAGO HARBOR', ""NUKU'ALOFA"", 'SUVA', 'APIA', 'TAURANGA']","['Fiji', 'Fiji', 'American Samoa', 'Tonga', 'Fiji', 'Samoa', 'New Zealand']","[-18.1339, -17.6036, -14.2765, -21.1362, -18.1339, -13.826, -37.6444]","[178.4235, 177.4387, -170.6854, -175.1806, 178.4235, -171.7622, 176.1819]","['Tropical Southwestern Pacific', 'Tropical Southwestern Pacific', 'Central Polynesia', 'Tropical Southwestern Pacific', 'Tropical Southwestern Pacific', 'Central Polynesia', 'Northern New Zealand']","[0.0, 11.298498309146648, 74.45682705236318, 46.66293821550403, 66.93429213479651, 64.74805239284677, 96.65122190019453]","[np.float64(48.34643651656639), np.float64(64.7449967949322), np.float64(17.553378346050213), np.float64(25.13284655349404), np.float64(22.143271836154504), np.float64(36.676020570430765), 0.0]",23.9729,527.0023,TAURANGA
syn_05985,2,Container,22968.0,5,"['PAPEETE', 'LAUTOKA', 'NOUMEA', 'BRISBANE', 'AUCKLAND']","['French Polynesia', 'Fiji', 'New Caledonia', 'Australia', 'New Zealand']","[-17.5374, -17.6036, -22.2633, -27.3765, -36.8402]","[-149.5753, 177.4387, 166.4317, 153.1665, 174.7721]","['Southeast Polynesia', 'Tropical Southwestern Pacific', 'Tropical Southwestern Pacific', 'East Central Australian Shelf', 'Northern New Zealand']","[0.0, 221.04727333956686, 45.50338628717133, 53.54754449922489, 195.17897905941572]","[26.7374027551655, np.float64(51.24382318387139), 11.073140066377418, 13.387217106935301, 0.0]",25.7383,590.9814,AUCKLAND
syn_05986,2,General Cargo,5642.0,7,"['SUVA', 'LAUTOKA', 'APIA', 'PAGO PAGO HARBOR', 'RAROTONGA', 'AITUTAKI', 'AUCKLAND']","['Fiji', 'Fiji', 'Samoa', 'American Samoa', 'Cook Islands', 'Cook Islands', 'New Zealand']","[-18.1339, -17.6036, -13.826, -14.2765, -21.2046, -18.8505, -36.8402]","[178.4235, 177.4387, -171.7622, -170.6854, -159.7843, -159.8111, 174.7721]","['Tropical Southwestern Pacific', 'Tropical Southwestern Pacific', 'Central Polynesia', 'Central Polynesia', 'Southeast Polynesia', 'Southeast Polynesia', 'Northern New Zealand']","[0.0, 9.5383262794937, 78.61215362749874, 9.484210821285934, 107.13618865366524, 17.489257605134274, 212.6967620076352]","[np.float64(20.314972748356595), np.float64(60.4062600496253), np.float64(19.292212052558334), np.float64(52.6171736745665), np.float64(13.460088739815532), np.float64(55.51230444815636), 0.0]",27.3567,636.2449,AUCKLAND
syn_05987,2,General Cargo,20202.0,7,"['SUVA', 'APIA', 'RAROTONGA', 'AITUTAKI', 'ALOFI', ""NUKU'ALOFA"", 'AUCKLAND']","['Fiji', 'Samoa', 'Cook Islands', 'Cook Islands', 'Niue', 'Tonga', 'New Zealand']","[-18.1339, -13.826, -21.2046, -18.8505, -19.0532, -21.1362, -36.8402]","[178.4235, -171.7622, -159.7843, -159.8111, -169.9217, -175.1806, 174.7721]","['Tropical Southwestern Pacific', 'Central Polynesia', 'Southeast Polynesia', 'Southeast Polynesia', 'Tropical Southwestern Pacific', 'Tropical Southwestern Pacific', 'Northern New Zealand']","[0.0, 69.08614567977668, 72.51316707135766, 12.18856395367218, 46.96284704480567, 45.94784255449855, 89.59629111006535]","[np.float64(42.3910687683212), np.float64(43.69066497201367), np.float64(9.253773275009948), np.float64(11.094046180603646), np.float64(91.19580012625165), np.float64(6.511134013667191), 0.0]",22.518,498.0403,AUCKLAND
syn_05988,2,General Cargo,8378.0,7,"['SUVA', 'APIA', 'PAGO PAGO HARBOR', ""NUKU'ALOFA"", 'SUVA', 'APIA', 'AUCKLAND']","['Fiji', 'Samoa', 'American Samoa', 'Tonga', 'Fiji', 'Samoa', 'New Zealand']","[-18.1339, -13.826, -14.2765, -21.1362, -18.1339, -13.826, -36.8402]","[178.4235, -171.7622, -170.6854, -175.1806, 178.4235, -171.7622, 174.7721]","['Tropical Southwestern Pacific', 'Central Polynesia', 'Central Polynesia', 'Tropical Southwestern Pacific', 'Tropical Southwestern Pacific', 'Central Polynesia', 'Northern New Zealand']","[0.0, 78.66021839313447, 5.962905420314545, 89.23024350008727, 32.568713786087805, 58.99410650839996, 153.94191779232645]","[np.float64(49.568654976443355), np.float64(8.292992239707244), np.float64(11.277896618352656), np.float64(13.762067966581343), np.float64(26.4966401252275), np.float64(18.5149823491002), 0.0]",22.803,497.7027,AUCKLAND
syn_05989,2,General Cargo,5642.0,7,"['SUVA', 'LAUTOKA', 'APIA', 'PAGO PAGO HARBOR', 'RAROTONGA', 'AITUTAKI', 'AUCKLAND']","['Fiji', 'Fiji', 'Samoa', 'American Samoa', 'Cook Islands', 'Cook Islands', 'New Zealand']","[-18.1339, -17.6036, -13.826, -14.2765, -21.2046, -18.8505, -36.8402]","[178.4235, 177.4387, -171.7622, -170.6854, -159.7843, -159.8111, 174.7721]","['Tropical Southwestern Pacific', 'Tropical Southwestern Pacific', 'Central Polynesia', 'Central Polynesia', 'Southeast Polynesia', 'Southeast Polynesia', 'Northern New Zealand']","[0.0, 6.807147109133848, 132.97673415398992, 18.937898025504232, 101.66683989085844, 13.570736349216379, 362.1763496999216]","[np.float64(6.753526387946959), np.float64(40.89824733246714), np.float64(14.067094796041125), np.float64(14.93743110998748), np.float64(19.2269611146662), np.float64(14.425282034526175), 0.0]",31.1018,739.6907,AUCKLAND
syn_05990,2,General Cargo,20202.0,7,"['SUVA', 'LAUTOKA', 'APIA', 'PAGO PAGO HARBOR', 'ALOFI', 'NEIAFU', 'AUCKLAND']","['Fiji', 'Fiji', 'Samoa', 'American Samoa', 'Niue', 'Tonga', 'New Zealand']","[-18.1339, -17.6036, -13.826, -14.2765, -19.0532, -18.6529, -36.8402]","[178.4235, 177.4387, -171.7622, -170.6854, -169.9217, -173.9852, 174.7721]","['Tropical Southwestern Pacific', 'Tropical Southwestern Pacific', 'Central Polynesia', 'Central Polynesia', 'Tropical Southwestern Pacific', 'Tropical Southwestern Pacific', 'Northern New Zealand']","[0.0, 7.131286324567026, 59.862531704462754, 17.878138025634797, 46.36327979098441, 52.55290559850116, 196.19317845435023]","[np.float64(28.77339640448313), np.float64(96.1149053293279), np.float64(36.79896797216126), np.float64(7.363275637791761), np.float64(45.16123918154501), np.float64(8.981224820841133), 0.0]",25.1323,574.4009,AUCKLAND
syn_05991,2,General Cargo,8378.0,7,"['SUVA', 'APIA', 'PAGO PAGO HARBOR', 'ALOFI', 'NEIAFU', ""NUKU'ALOFA"", 'AUCKLAND']","['Fiji', 'Samoa', 'American Samoa', 'Niue', 'Tonga', 'Tonga', 'New Zealand']","[-18.1339, -13.826, -14.2765, -19.0532, -18.6529, -21.1362, -36.8402]","[178.4235, -171.7622, -170.6854, -169.9217, -173.9852, -175.1806, 174.7721]","['Tropical Southwestern Pacific', 'Central Polynesia', 'Central Polynesia', 'Tropical Southwestern Pacific', 'Tropical Southwestern Pacific', 'Tropical Southwestern Pacific', 'Northern New Zealand']","[0.0, 75.74239835450561, 17.476723161709877, 33.54119942786107, 52.75157335511994, 20.55376156935965, 100.26339736737044]","[np.float64(20.08006557396879), np.float64(20.51830654456709), np.float64(42.94213900544967), np.float64(49.19639111670912), np.float64(15.864587226488018), np.float64(7.417155593852176), 0.0]",19.0145,436.2676,AUCKLAND
syn_05992,2,Container,22968.0,6,"['LAUTOKA', 'APIA', 'PAGO PAGO HARBOR', 'ALOFI', 'NEIAFU', 'AUCKLAND']","['Fiji', 'Samoa', 'American Samoa', 'Niue', 'Tonga', 'New Zealand']","[-17.6036, -13.826, -14.2765, -19.0532, -18.6529, -36.8402]","[177.4387, -171.7622, -170.6854, -169.9217, -173.9852, 174.7721]","['Tropical Southwestern Pacific', 'Central Polynesia', 'Central Polynesia', 'Tropical Southwestern Pacific', 'Tropical Southwestern Pacific', 'Northern New Zealand']","[0.0, 61.110994168941374, 15.146688006237584, 30.425464255937257, 27.031221927641152, 153.56828074093627]","[np.float64(67.2387358727602), np.float64(13.405640689767518), np.float64(34.787643884412255), np.float64(47.92420198212375), np.float64(9.174730946874691), 0.0]",19.1589,392.5749,AUCKLAND
syn_05993,2,Container,22708.0,6,"['SUVA', 'LAUTOKA', 'APIA', 'PAGO PAGO HARBOR', 'RAROTONGA', 'AUCKLAND']","['Fiji', 'Fiji', 'Samoa', 'American Samoa', 'Cook Islands', 'New Zealand']","[-18.1339, -17.6036, -13.826, -14.2765, -21.2046, -36.8402]","[178.4235, 177.4387, -171.7622, -170.6854, -159.7843, 174.7721]","['Tropical Southwestern Pacific', 'Tropical Southwestern Pacific', 'Central Polynesia', 'Central Polynesia', 'Southeast Polynesia', 'Northern New Zealand']","[0.0, 11.396206925308434, 68.946198990389, 16.518708212987878, 117.05684471503768, 396.8666386354354]","[np.float64(25.302369740205776), np.float64(21.620910118402364), np.float64(9.623653442362462), np.float64(85.2167756701624), np.float64(29.25024499163731), 0.0]",32.5749,756.4962,AUCKLAND
syn_05994,2,Container,22314.0,5,"['SUVA', 'APIA', 'RAROTONGA', 'AITUTAKI', 'AUCKLAND']","['Fiji', 'Samoa', 'Cook Islands', 'Cook Islands', 'New Zealand']","[-18.1339, -13.826, -21.2046, -18.8505, -36.8402]","[178.4235, -171.7622, -159.7843, -159.8111, 174.7721]","['Tropical Southwestern Pacific', 'Central Polynesia', 'Southeast Polynesia', 'Southeast Polynesia', 'Northern New Zealand']","[0.0, 67.31814908531877, 117.31320894083424, 6.5403479904202735, 137.55739837300246]","[np.float64(37.56599718356011), np.float64(17.67339987862641), np.float64(105.60967989186312), np.float64(36.623523445136904), 0.0]",21.9251,488.6357,AUCKLAND
syn_05995,2,Container,22708.0,7,"['SUVA', 'LAUTOKA', 'APIA', 'PAGO PAGO HARBOR', 'RAROTONGA', 'AITUTAKI', 'AUCKLAND']","['Fiji', 'Fiji', 'Samoa', 'American Samoa', 'Cook Islands', 'Cook Islands', 'New Zealand']","[-18.1339, -17.6036, -13.826, -14.2765, -21.2046, -18.8505, -36.8402]","[178.4235, 177.4387, -171.7622, -170.6854, -159.7843, -159.8111, 174.7721]","['Tropical Southwestern Pacific', 'Tropical Southwestern Pacific', 'Central Polynesia', 'Central Polynesia', 'Southeast Polynesia', 'Southeast Polynesia', 'Northern New Zealand']","[0.0, 14.013170475004454, 66.89876474360919, 6.47894005621354, 55.135226574205554, 5.349814922529773, 161.48584214888328]","[np.float64(31.569240573241007), np.float64(81.03488505787867), np.float64(14.118909588366893), np.float64(16.834456793822554), np.float64(38.62765503697651), np.float64(40.85140762526906), 0.0]",22.1833,500.8291,AUCKLAND
syn_05996,2,Container,22708.0,7,"['SUVA', 'LAUTOKA', 'SUVA', 'APIA', 'RAROTONGA', 'ALOFI', 'AUCKLAND']","['Fiji', 'Fiji', 'Fiji', 'Samoa', 'Cook Islands', 'Niue', 'New Zealand']","[-18.1339, -17.6036, -18.1339, -13.826, -21.2046, -19.0532, -36.8402]","[178.4235, 177.4387, 178.4235, -171.7622, -159.7843, -169.9217, 174.7721]","['Tropical Southwestern Pacific', 'Tropical Southwestern Pacific', 'Tropical Southwestern Pacific', 'Central Polynesia', 'Southeast Polynesia', 'Tropical Southwestern Pacific', 'Northern New Zealand']","[0.0, 9.114388059235583, 6.78941859226781, 54.47978140992285, 57.45268781988841, 54.38006950732254, 80.07027834001781]","[np.float64(37.83998588993689), np.float64(43.8310320959589), np.float64(35.309346660711604), np.float64(42.827607633810686), np.float64(24.701300027115455), np.float64(8.925055396080765), 0.0]",18.9884,417.881,AUCKLAND
syn_05997,2,Container,22314.0,7,"['SUVA', 'LAUTOKA', 'APIA', 'PAGO PAGO HARBOR', 'ALOFI', 'NEIAFU', 'AUCKLAND']","['Fiji', 'Fiji', 'Samoa', 'American Samoa', 'Niue', 'Tonga', 'New Zealand']","[-18.1339, -17.6036, -13.826, -14.2765, -19.0532, -18.6529, -36.8402]","[178.4235, 177.4387, -171.7622, -170.6854, -169.9217, -173.9852, 174.7721]","['Tropical Southwestern Pacific', 'Tropical Southwestern Pacific', 'Central Polynesia', 'Central Polynesia', 'Tropical Southwestern Pacific', 'Tropical Southwestern Pacific', 'Northern New Zealand']","[0.0, 9.205688459391347, 85.72741231783107, 14.354652674208943, 43.95802096030549, 35.04468449950284, 133.15053116287172]","[np.float64(9.968600660512278), np.float64(60.82595339810413), np.float64(18.001708012059026), np.float64(9.334504262307805), np.float64(36.56919380149075), np.float64(21.178000728316405), 0.0]",19.8883,467.3504,AUCKLAND
syn_05998,2,General Cargo,5642.0,7,"['SUVA', 'LAUTOKA', 'APIA', 'PAGO PAGO HARBOR', 'RAROTONGA', 'AITUTAKI', 'AUCKLAND']","['Fiji', 'Fiji', 'Samoa', 'American Samoa', 'Cook Islands', 'Cook Islands', 'New Zealand']","[-18.1339, -17.6036, -13.826, -14.2765, -21.2046, -18.8505, -36.8402]","[178.4235, 177.4387, -171.7622, -170.6854, -159.7843, -159.8111, 174.7721]","['Tropical Southwestern Pacific', 'Tropical Southwestern Pacific', 'Central Polynesia', 'Central Polynesia', 'Southeast Polynesia', 'Southeast Polynesia', 'Northern New Zealand']","[0.0, 14.033399662379358, 138.78919054716772, 8.117408024087135, 136.56141381690472, 18.243871971313997, 201.58144399847163]","[np.float64(32.06055893285077), np.float64(63.28997553328163), np.float64(17.064843998330648), np.float64(50.43501089623063), np.float64(72.24383467868104), np.float64(61.6656897923517), 0.0]",33.9203,782.0261,AUCKLAND
syn_05999,2,Container,22968.0,5,"['LAUTOKA', 'SUVA', 'FUNAFUTI', 'TARAWA', 'AUCKLAND']","['Fiji', 'Fiji', 'Tuvalu', 'Kiribati', 'New Zealand']","[-17.6036, -18.1339, -8.5032, 1.3673, -36.8402]","[177.4387, 178.4235, 179.1946, 172.9355, 174.7721]","['Tropical Southwestern Pacific', 'Tropical Southwestern Pacific', 'Marshall, Gilbert and Ellis Islands', 'Marshall, Gilbert and Ellis Islands', 'Northern New Zealand']","[0.0, 12.530605219239876, 34.676298750861775, 69.53803310059564, 145.47048170970774]","[np.float64(11.30395176452901), np.float64(13.088258497598742), 23.408408455713932, 26.054973957753305, 0.0]",14.003,324.7671,AUCKLAND
syn_06000,2,Container,22314.0,6,"['SUVA', 'APIA', 'RAROTONGA', 'AITUTAKI', ""NUKU'ALOFA"", 'AUCKLAND']","['Fiji', 'Samoa', 'Cook Islands', 'Cook Islands', 'Tonga', 'New Zealand']","[-18.1339, -13.826, -21.2046, -18.8505, -21.1362, -36.8402]","[178.4235, -171.7622, -159.7843, -159.8111, -175.1806, 174.7721]","['Tropical Southwestern Pacific', 'Central Polynesia', 'Southeast Polynesia', 'Southeast Polynesia', 'Tropical Southwestern Pacific', 'Northern New Zealand']","[0.0, 65.62063499811819, 112.67683424236668, 4.203457640233555, 125.27357812935358, 76.41362292194009]","[np.float64(14.352808753041566), np.float64(40.127627764507196), np.float64(53.65658448844877), np.float64(26.21828317798966), np.float64(28.255819015892712), 0.0]",22.7833,532.4464,AUCKLAND
syn_06001,2,General Cargo,8378.0,7,"['SUVA', 'PAGO PAGO HARBOR', 'APIA', 'RAROTONGA', 'AITUTAKI', ""NUKU'ALOFA"", 'AUCKLAND']","['Fiji', 'American Samoa', 'Samoa', 'Cook Islands', 'Cook Islands', 'Tonga', 'New Zealand']","[-18.1339, -14.2765, -13.826, -21.2046, -18.8505, -21.1362, -36.8402]","[178.4235, -170.6854, -171.7622, -159.7843, -159.8111, -175.1806, 174.7721]","['Tropical Southwestern Pacific', 'Central Polynesia', 'Central Polynesia', 'Southeast Polynesia', 'Southeast Polynesia', 'Tropical Southwestern Pacific', 'Northern New Zealand']","[0.0, 102.93117166501328, 18.30263092359226, 83.39159478888365, 12.84044972708307, 89.252116907923, 100.54739483527122]","[np.float64(39.79921219094266), np.float64(12.566377305366277), np.float64(11.348827709121805), np.float64(51.041896428577346), np.float64(101.41057191507404), np.float64(12.497868555827186), 0.0]",26.4971,596.1309,AUCKLAND
syn_06002,2,General Cargo,20202.0,7,"['SUVA', 'LAUTOKA', 'APIA', 'PAGO PAGO HARBOR', 'ALOFI', 'NEIAFU', 'AUCKLAND']","['Fiji', 'Fiji', 'Samoa', 'American Samoa', 'Niue', 'Tonga', 'New Zealand']","[-18.1339, -17.6036, -13.826, -14.2765, -19.0532, -18.6529, -36.8402]","[178.4235, 177.4387, -171.7622, -170.6854, -169.9217, -173.9852, 174.7721]","['Tropical Southwestern Pacific', 'Tropical Southwestern Pacific', 'Central Polynesia', 'Central Polynesia', 'Tropical Southwestern Pacific', 'Tropical Southwestern Pacific', 'Northern New Zealand']","[0.0, 8.021551489849768, 145.23038769947922, 7.475423233085099, 30.622117070142266, 38.73693661213642, 155.87901704488542]","[np.float64(12.513764999773176), np.float64(39.90985240809913), np.float64(18.633522756596832), np.float64(50.780412869945536), np.float64(25.400451587785906), np.float64(60.50881928869056), 0.0]",24.738,581.1985,AUCKLAND
syn_06003,2,Container,22968.0,5,"['SUVA', 'LAUTOKA', 'APIA', 'PAGO PAGO HARBOR', 'TAURANGA']","['Fiji', 'Fiji', 'Samoa', 'American Samoa', 'New Zealand']","[-18.1339, -17.6036, -13.826, -14.2765, -37.6444]","[178.4235, 177.4387, -171.7622, -170.6854, 176.1819]","['Tropical Southwestern Pacific', 'Tropical Southwestern Pacific', 'Central Polynesia', 'Central Polynesia', 'Northern New Zealand']","[0.0, 13.603464079070939, 69.26264523701087, 10.348559048592891, 159.8575603025]","[np.float64(35.39414840286861), np.float64(40.88833933610559), np.float64(15.366479950877338), np.float64(17.683559798082804), 0.0]",15.1002,327.0106,TAURANGA
syn_06004,2,Container,22968.0,7,"['SUVA', 'APIA', 'RAROTONGA', 'AITUTAKI', 'ALOFI', ""NUKU'ALOFA"", 'AUCKLAND']","['Fiji', 'Samoa', 'Cook Islands', 'Cook Islands', 'Niue', 'Tonga', 'New Zealand']","[-18.1339, -13.826, -21.2046, -18.8505, -19.0532, -21.1362, -36.8402]","[178.4235, -171.7622, -159.7843, -159.8111, -169.9217, -175.1806, 174.7721]","['Tropical Southwestern Pacific', 'Central Polynesia', 'Southeast Polynesia', 'Southeast Polynesia', 'Tropical Southwestern Pacific', 'Tropical Southwestern Pacific', 'Northern New Zealand']","[0.0, 60.8042344627818, 87.87165665759987, 6.816762292634101, 103.63782132767051, 21.566541096096984, 87.64866480341094]","[np.float64(41.11121646677664), np.float64(13.396557963398731), np.float64(66.08554671141506), np.float64(21.306023348175763), np.float64(45.56203904195409), np.float64(11.17346308826667), 0.0]",23.6242,525.8693,AUCKLAND
syn_06005,2,Tanker,5183.0,5,"['SUVA', 'LAUTOKA', 'SUVA', 'APIA', 'AUCKLAND']","['Fiji', 'Fiji', 'Fiji', 'Samoa', 'New Zealand']","[-18.1339, -17.6036, -18.1339, -13.826, -36.8402]","[178.4235, 177.4387, 178.4235, -171.7622, 174.7721]","['Tropical Southwestern Pacific', 'Tropical Southwestern Pacific', 'Tropical Southwestern Pacific', 'Central Polynesia', 'Northern New Zealand']","[0.0, 7.926962398421199, 13.490441492796506, 134.7518422926609, 210.49536664177828]","[np.float64(8.231889170826392), np.float64(98.9130640659108), np.float64(9.709964580558552), np.float64(29.575021406479156), 0.0]",21.3789,504.8627,AUCKLAND
syn_06006,2,Container,22314.0,7,"['SUVA', 'LAUTOKA', 'APIA', 'PAGO PAGO HARBOR', 'RAROTONGA', 'AITUTAKI', 'AUCKLAND']","['Fiji', 'Fiji', 'Samoa', 'American Samoa', 'Cook Islands', 'Cook Islands', 'New Zealand']","[-18.1339, -17.6036, -13.826, -14.2765, -21.2046, -18.8505, -36.8402]","[178.4235, 177.4387, -171.7622, -170.6854, -159.7843, -159.8111, 174.7721]","['Tropical Southwestern Pacific', 'Tropical Southwestern Pacific', 'Central Polynesia', 'Central Polynesia', 'Southeast Polynesia', 'Southeast Polynesia', 'Northern New Zealand']","[0.0, 18.196535775007522, 68.24278143947124, 15.347383801052374, 104.10786988690299, 6.939699545146688, 226.68995676162228]","[np.float64(33.0088136816558), np.float64(70.36317799389566), np.float64(26.845173718659858), np.float64(86.7135483762818), np.float64(116.99985384714196), np.float64(33.35273106387719), 0.0]",33.617,773.7987,AUCKLAND
syn_06007,2,Container,8252.0,5,"['SUVA', 'APIA', 'PAGO PAGO HARBOR', 'ALOFI', 'AUCKLAND']","['Fiji', 'Samoa', 'American Samoa', 'Niue', 'New Zealand']","[-18.1339, -13.826, -14.2765, -19.0532, -36.8402]","[178.4235, -171.7622, -170.6854, -169.9217, 174.7721]","['Tropical Southwestern Pacific', 'Central Polynesia', 'Central Polynesia', 'Tropical Southwestern Pacific', 'Northern New Zealand']","[0.0, 60.12400215755908, 9.86302523916988, 50.78799381345433, 271.27997887392473]","[np.float64(22.37013606626866), np.float64(8.409732896575917), np.float64(46.79125311095154), np.float64(55.53396755342057), 0.0]",21.8817,502.79,AUCKLAND
syn_06008,2,General Cargo,20202.0,7,"['SUVA', 'APIA', 'PAGO PAGO HARBOR', 'ALOFI', 'RAROTONGA', 'AITUTAKI', 'AUCKLAND']","['Fiji', 'Samoa', 'American Samoa', 'Niue', 'Cook Islands', 'Cook Islands', 'New Zealand']","[-18.1339, -13.826, -14.2765, -19.0532, -21.2046, -18.8505, -36.8402]","[178.4235, -171.7622, -170.6854, -169.9217, -159.7843, -159.8111, 174.7721]","['Tropical Southwestern Pacific', 'Central Polynesia', 'Central Polynesia', 'Tropical Southwestern Pacific', 'Southeast Polynesia', 'Southeast Polynesia', 'Northern New Zealand']","[0.0, 86.98560663841528, 12.570201221905384, 38.44727661141423, 77.2124005291678, 14.797161480247293, 268.09023557777107]","[np.float64(14.241973678687161), np.float64(41.57313684269716), np.float64(20.853125829961332), np.float64(29.09127827406201), np.float64(106.0927959900828), np.float64(60.355876047169424), 0.0]",32.0963,756.0691,AUCKLAND
syn_06009,2,General Cargo,12927.0,6,"['SUVA', 'APIA', 'PAGO PAGO HARBOR', 'ALOFI', 'NEIAFU', 'AUCKLAND']","['Fiji', 'Samoa', 'American Samoa', 'Niue', 'Tonga', 'New Zealand']","[-18.1339, -13.826, -14.2765, -19.0532, -18.6529, -36.8402]","[178.4235, -171.7622, -170.6854, -169.9217, -173.9852, 174.7721]","['Tropical Southwestern Pacific', 'Central Polynesia', 'Central Polynesia', 'Tropical Southwestern Pacific', 'Tropical Southwestern Pacific', 'Northern New Zealand']","[0.0, 82.39167945699556, 7.223259744671827, 26.447626623400094, 68.42912901206046, 97.99015046391577]","[np.float64(43.731638051641504), np.float64(21.613225162633462), np.float64(86.09140532200169), np.float64(97.64624552077355), np.float64(10.949923454657274), 0.0]",22.6048,498.7826,AUCKLAND
syn_06010,2,Container,26947.0,7,"['SUVA', 'PAGO PAGO HARBOR', 'APIA', 'RAROTONGA', 'AITUTAKI', ""NUKU'ALOFA"", 'AUCKLAND']","['Fiji', 'American Samoa', 'Samoa', 'Cook Islands', 'Cook Islands', 'Tonga', 'New Zealand']","[-18.1339, -14.2765, -13.826, -21.2046, -18.8505, -21.1362, -36.8402]","[178.4235, -170.6854, -171.7622, -159.7843, -159.8111, -175.1806, 174.7721]","['Tropical Southwestern Pacific', 'Central Polynesia', 'Central Polynesia', 'Southeast Polynesia', 'Southeast Polynesia', 'Tropical Southwestern Pacific', 'Northern New Zealand']","[0.0, 111.37757738675597, 9.584261483144147, 123.58373262647407, 4.2011171055953245, 81.45635108597735, 145.10934239982174]","[np.float64(48.66719156381396), np.float64(15.787459055931159), np.float64(12.293045651768354), np.float64(17.397462570625365), np.float64(112.7152224232254), np.float64(10.825493905477446), 0.0]",28.8749,644.3311,AUCKLAND
syn_06011,2,General Cargo,5642.0,7,"['SUVA', 'LAUTOKA', 'APIA', 'PAGO PAGO HARBOR', 'ALOFI', 'NEIAFU', 'AUCKLAND']","['Fiji', 'Fiji', 'Samoa', 'American Samoa', 'Niue', 'Tonga', 'New Zealand']","[-18.1339, -17.6036, -13.826, -14.2765, -19.0532, -18.6529, -36.8402]","[178.4235, 177.4387, -171.7622, -170.6854, -169.9217, -173.9852, 174.7721]","['Tropical Southwestern Pacific', 'Tropical Southwestern Pacific', 'Central Polynesia', 'Central Polynesia', 'Tropical Southwestern Pacific', 'Tropical Southwestern Pacific', 'Northern New Zealand']","[0.0, 11.815474285862264, 116.54285814270604, 5.923612112347303, 21.90481019314604, 88.06573247311348, 312.7876491888768]","[np.float64(9.062020207643787), np.float64(45.562606089317605), np.float64(14.608212090002112), np.float64(16.34969209280461), np.float64(26.87683898575131), np.float64(20.472171193149254), 0.0]",28.7488,680.9097,AUCKLAND
syn_06012,2,Tanker,3854.0,7,"['SUVA', 'LAUTOKA', 'SUVA', 'APIA', 'RAROTONGA', 'ALOFI', 'AUCKLAND']","['Fiji', 'Fiji', 'Fiji', 'Samoa', 'Cook Islands', 'Niue', 'New Zealand']","[-18.1339, -17.6036, -18.1339, -13.826, -21.2046, -19.0532, -36.8402]","[178.4235, 177.4387, 178.4235, -171.7622, -159.7843, -169.9217, 174.7721]","['Tropical Southwestern Pacific', 'Tropical Southwestern Pacific', 'Tropical Southwestern Pacific', 'Central Polynesia', 'Southeast Polynesia', 'Tropical Southwestern Pacific', 'Northern New Zealand']","[0.0, 9.94045416834594, 8.692161028607982, 83.33469673142751, 101.0051279347677, 64.29358141022986, 144.9383387345471]","[np.float64(26.20312073090736), np.float64(28.39661832149251), np.float64(51.18551492460121), np.float64(27.009111569839668), np.float64(131.899522870914), np.float64(127.37385776125592), 0.0]",33.5113,778.069,AUCKLAND
syn_06013,2,Container,22708.0,6,"['PAGO PAGO HARBOR', 'APIA', 'ALOFI', 'RAROTONGA', 'AITUTAKI', 'AUCKLAND']","['American Samoa', 'Samoa', 'Niue', 'Cook Islands', 'Cook Islands', 'New Zealand']","[-14.2765, -13.826, -19.0532, -21.2046, -18.8505, -36.8402]","[-170.6854, -171.7622, -169.9217, -159.7843, -159.8111, 174.7721]","['Central Polynesia', 'Central Polynesia', 'Tropical Southwestern Pacific', 'Southeast Polynesia', 'Southeast Polynesia', 'Northern New Zealand']","[0.0, 8.724508888497219, 40.94690968524794, 149.3780752094367, 5.375901841369311, 146.46980810452908]","[np.float64(21.57641085741758), np.float64(37.277422140190794), np.float64(122.14262382265584), np.float64(26.651648930947786), np.float64(56.633650733528675), 0.0]",25.6324,593.6005,AUCKLAND
syn_06014,2,General Cargo,20202.0,7,"['LAUTOKA', 'SUVA', 'APIA', 'RAROTONGA', 'AITUTAKI', ""NUKU'ALOFA"", 'AUCKLAND']","['Fiji', 'Fiji', 'Samoa', 'Cook Islands', 'Cook Islands', 'Tonga', 'New Zealand']","[-17.6036, -18.1339, -13.826, -21.2046, -18.8505, -21.1362, -36.8402]","[177.4387, 178.4235, -171.7622, -159.7843, -159.8111, -175.1806, 174.7721]","['Tropical Southwestern Pacific', 'Tropical Southwestern Pacific', 'Central Polynesia', 'Southeast Polynesia', 'Southeast Polynesia', 'Tropical Southwestern Pacific', 'Northern New Zealand']","[0.0, 9.113049959448567, 79.14853479278753, 110.5312620988918, 16.002439279969856, 78.61061922582073, 86.02219665564584]","[np.float64(81.0896264707291), np.float64(38.557173387486856), np.float64(27.22494765561876), np.float64(55.987726926293576), np.float64(46.56685320194555), np.float64(8.978544129209334), 0.0]",26.5764,556.7433,AUCKLAND
syn_06015,2,Container,8252.0,5,"[""NUKU'ALOFA"", 'SUVA', 'PAGO PAGO HARBOR', 'PAPEETE', 'TIMARU']","['Tonga', 'Fiji', 'American Samoa', 'French Polynesia', 'New Zealand']","[-21.1362, -18.1339, -14.2765, -17.5374, -44.3931]","[-175.1806, 178.4235, -170.6854, -149.5753, 171.258]","['Tropical Southwestern Pacific', 'Tropical Southwestern Pacific', 'Central Polynesia', 'Southeast Polynesia', 'Southern New Zealand']","[0.0, 40.20556305383928, 185.75115111269747, 72.45719840136807, 320.0495504719046]","[np.float64(12.524083985117759), np.float64(28.76483259192604), np.float64(6.621088112639918), 117.72871707656074, 0.0]",32.6709,771.5781,TIMARU
syn_06016,2,General Cargo,8378.0,7,"['LAUTOKA', 'SUVA', 'APIA', 'PAGO PAGO HARBOR', 'ALOFI', 'NEIAFU', 'AUCKLAND']","['Fiji', 'Fiji', 'Samoa', 'American Samoa', 'Niue', 'Tonga', 'New Zealand']","[-17.6036, -18.1339, -13.826, -14.2765, -19.0532, -18.6529, -36.8402]","[177.4387, 178.4235, -171.7622, -170.6854, -169.9217, -173.9852, 174.7721]","['Tropical Southwestern Pacific', 'Tropical Southwestern Pacific', 'Central Polynesia', 'Central Polynesia', 'Tropical Southwestern Pacific', 'Tropical Southwestern Pacific', 'Northern New Zealand']","[0.0, 9.121992425122443, 62.112139633349145, 15.624601950558576, 48.813854046205165, 44.47077587976261, 184.95840644584754]","[np.float64(62.30155951630779), np.float64(48.853749314919064), np.float64(17.052955162669548), np.float64(19.239376185991873), np.float64(29.90072270652243), np.float64(9.393940356244034), 0.0]",22.9935,489.5425,AUCKLAND
syn_06017,2,General Cargo,8378.0,7,"['NADI BAY', 'VUDA', 'SUVA', 'PAGO PAGO HARBOR', 'APIA', ""NUKU'ALOFA"", 'TAURANGA']","['Fiji', 'Fiji', 'Fiji', 'American Samoa', 'Samoa', 'Tonga', 'New Zealand']","[-17.7162, -17.6861, -18.1339, -14.2765, -13.826, -21.1362, -37.6444]","[177.371, 177.3849, 178.4235, -170.6854, -171.7622, -175.1806, 176.1819]","['Tropical Southwestern Pacific', 'Tropical Southwestern Pacific', 'Tropical Southwestern Pacific', 'Central Polynesia', 'Central Polynesia', 'Tropical Southwestern Pacific', 'Northern New Zealand']","[0.0, 47.95658350455919, 19.935686178066447, 134.51101744511075, 8.696656229524308, 47.118065392875764, 155.8881033283793]","[18.887296337791216, 8.408958532992425, np.float64(22.278490597737356), np.float64(80.1661098848472), np.float64(16.36194851788129), np.float64(27.585167497044537), 0.0]",24.4914,568.9068,TAURANGA
syn_06018,2,General Cargo,8378.0,5,"['SUVA', 'LAUTOKA', 'APIA', ""NUKU'ALOFA"", 'TAURANGA']","['Fiji', 'Fiji', 'Samoa', 'Tonga', 'New Zealand']","[-18.1339, -17.6036, -13.826, -21.1362, -37.6444]","[178.4235, 177.4387, -171.7622, -175.1806, 176.1819]","['Tropical Southwestern Pacific', 'Tropical Southwestern Pacific', 'Central Polynesia', 'Tropical Southwestern Pacific', 'Northern New Zealand']","[0.0, 16.442792965270936, 197.16591568821258, 42.16073576369837, 163.8088296290583]","[np.float64(15.67533889946786), np.float64(12.165316627318228), np.float64(36.56382461553345), np.float64(12.250470677029323), 0.0]",20.6764,480.5579,TAURANGA
syn_06019,2,Container,22314.0,6,"['SUVA', 'PAGO PAGO HARBOR', 'APIA', 'ALOFI', 'RAROTONGA', 'AUCKLAND']","['Fiji', 'American Samoa', 'Samoa', 'Niue', 'Cook Islands', 'New Zealand']","[-18.1339, -14.2765, -13.826, -19.0532, -21.2046, -36.8402]","[178.4235, -170.6854, -171.7622, -169.9217, -159.7843, 174.7721]","['Tropical Southwestern Pacific', 'Central Polynesia', 'Central Polynesia', 'Tropical Southwestern Pacific', 'Southeast Polynesia', 'Northern New Zealand']","[0.0, 62.23676626443699, 6.125490409278455, 51.281698038775616, 60.967088624183376, 190.72999792596391]","[np.float64(26.88245191825005), np.float64(20.67627032147984), np.float64(69.04779468331552), np.float64(79.81152005034184), np.float64(11.42521808949879), 0.0]",24.1327,552.3018,AUCKLAND
syn_06020,2,Container,22968.0,7,"['SUVA', 'LAUTOKA', 'APIA', ""NUKU'ALOFA"", 'RAROTONGA', 'AITUTAKI', 'AUCKLAND']","['Fiji', 'Fiji', 'Samoa', 'Tonga', 'Cook Islands', 'Cook Islands', 'New Zealand']","[-18.1339, -17.6036, -13.826, -21.1362, -21.2046, -18.8505, -36.8402]","[178.4235, 177.4387, -171.7622, -175.1806, -159.7843, -159.8111, 174.7721]","['Tropical Southwestern Pacific', 'Tropical Southwestern Pacific', 'Central Polynesia', 'Tropical Southwestern Pacific', 'Southeast Polynesia', 'Southeast Polynesia', 'Northern New Zealand']","[0.0, 8.574023629442035, 63.28772122464913, 43.13432328930265, 62.638807278897765, 4.873208238210626, 130.82448551896346]","[np.float64(48.739380861418226), np.float64(16.78539969386752), np.float64(7.095485971731329), np.float64(12.329650624881985), np.float64(30.78513033884975), np.float64(11.498350712840088), 0.0]",18.3569,391.8266,AUCKLAND
syn_06021,2,General Cargo,8378.0,7,"['SUVA', 'APIA', 'PAGO PAGO HARBOR', 'RAROTONGA', 'AITUTAKI', ""NUKU'ALOFA"", 'AUCKLAND']","['Fiji', 'Samoa', 'American Samoa', 'Cook Islands', 'Cook Islands', 'Tonga', 'New Zealand']","[-18.1339, -13.826, -14.2765, -21.2046, -18.8505, -21.1362, -36.8402]","[178.4235, -171.7622, -170.6854, -159.7843, -159.8111, -175.1806, 174.7721]","['Tropical Southwestern Pacific', 'Central Polynesia', 'Central Polynesia', 'Southeast Polynesia', 'Southeast Polynesia', 'Tropical Southwestern Pacific', 'Northern New Zealand']","[0.0, 75.71354976067987, 10.559018845559184, 95.34609207561179, 8.316839385116857, 86.768517338074, 92.92912947196663]","[np.float64(26.29003504113399), np.float64(24.462932212453484), np.float64(43.19471268591162), np.float64(34.62868411818475), np.float64(13.80603194669904), np.float64(13.478060252248845), 0.0]",21.8956,499.2036,AUCKLAND
syn_06022,2,General Cargo,12927.0,6,"['SUVA', 'APIA', 'RAROTONGA', 'AITUTAKI', 'ALOFI', 'AUCKLAND']","['Fiji', 'Samoa', 'Cook Islands', 'Cook Islands', 'Niue', 'New Zealand']","[-18.1339, -13.826, -21.2046, -18.8505, -19.0532, -36.8402]","[178.4235, -171.7622, -159.7843, -159.8111, -169.9217, 174.7721]","['Tropical Southwestern Pacific', 'Central Polynesia', 'Southeast Polynesia', 'Southeast Polynesia', 'Tropical Southwestern Pacific', 'Northern New Zealand']","[0.0, 55.365107740519974, 171.02451809465077, 15.8263266432674, 89.10549474397965, 145.19606485095093]","[np.float64(7.309706366287691), np.float64(36.67735184150487), np.float64(35.3736897974547), np.float64(54.771761746396656), np.float64(43.76338311385839), 0.0]",27.2672,647.1037,AUCKLAND
syn_06023,2,Container,22314.0,6,"['SUVA', 'LAUTOKA', 'APIA', 'PAGO PAGO HARBOR', ""NUKU'ALOFA"", 'TAURANGA']","['Fiji', 'Fiji', 'Samoa', 'American Samoa', 'Tonga', 'New Zealand']","[-18.1339, -17.6036, -13.826, -14.2765, -21.1362, -37.6444]","[178.4235, 177.4387, -171.7622, -170.6854, -175.1806, 176.1819]","['Tropical Southwestern Pacific', 'Tropical Southwestern Pacific', 'Central Polynesia', 'Central Polynesia', 'Tropical Southwestern Pacific', 'Northern New Zealand']","[0.0, 8.008552200620668, 84.13577623072169, 7.520023645516198, 61.10289303866354, 82.4067649208891]","[np.float64(14.617385869280197), np.float64(122.56584327284926), np.float64(47.95167440800156), np.float64(15.878315037268125), np.float64(19.80568347710076), 0.0]",19.333,449.3755,TAURANGA
syn_06024,2,General Cargo,5642.0,7,"['LAUTOKA', 'SUVA', 'APIA', 'RAROTONGA', 'AITUTAKI', ""NUKU'ALOFA"", 'AUCKLAND']","['Fiji', 'Fiji', 'Samoa', 'Cook Islands', 'Cook Islands', 'Tonga', 'New Zealand']","[-17.6036, -18.1339, -13.826, -21.2046, -18.8505, -21.1362, -36.8402]","[177.4387, 178.4235, -171.7622, -159.7843, -159.8111, -175.1806, 174.7721]","['Tropical Southwestern Pacific', 'Tropical Southwestern Pacific', 'Central Polynesia', 'Southeast Polynesia', 'Southeast Polynesia', 'Tropical Southwestern Pacific', 'Northern New Zealand']","[0.0, 16.143061305276735, 63.27463428445159, 81.80253570936425, 14.63699522644834, 59.41733599601215, 89.36941615140877]","[np.float64(69.70857341150295), np.float64(32.23581151664111), np.float64(9.959561474763241), np.float64(47.1389784799012), np.float64(10.449606196466508), np.float64(6.5991390559227465), 0.0]",20.864,431.0271,AUCKLAND
syn_06025,2,Container,26947.0,6,"['SUVA', 'LAUTOKA', 'APIA', 'PAGO PAGO HARBOR', 'RAROTONGA', 'AUCKLAND']","['Fiji', 'Fiji', 'Samoa', 'American Samoa', 'Cook Islands', 'New Zealand']","[-18.1339, -17.6036, -13.826, -14.2765, -21.2046, -36.8402]","[178.4235, 177.4387, -171.7622, -170.6854, -159.7843, 174.7721]","['Tropical Southwestern Pacific', 'Tropical Southwestern Pacific', 'Central Polynesia', 'Central Polynesia', 'Southeast Polynesia', 'Northern New Zealand']","[0.0, 9.960475388697057, 64.6572026707815, 10.59578459934753, 56.237636943504825, 104.94222628936659]","[np.float64(43.39348910391782), np.float64(13.985405625490918), np.float64(13.395188318294426), np.float64(21.048906434315086), np.float64(113.78324624811454), 0.0]",18.8333,408.6061,AUCKLAND
syn_06026,2,Container,22708.0,7,"['SUVA', 'LAUTOKA', 'SUVA', 'APIA', 'RAROTONGA', ""NUKU'ALOFA"", 'AUCKLAND']","['Fiji', 'Fiji', 'Fiji', 'Samoa', 'Cook Islands', 'Tonga', 'New Zealand']","[-18.1339, -17.6036, -18.1339, -13.826, -21.2046, -21.1362, -36.8402]","[178.4235, 177.4387, 178.4235, -171.7622, -159.7843, -175.1806, 174.7721]","['Tropical Southwestern Pacific', 'Tropical Southwestern Pacific', 'Tropical Southwestern Pacific', 'Central Polynesia', 'Southeast Polynesia', 'Tropical Southwestern Pacific', 'Northern New Zealand']","[0.0, 16.93750705826237, 8.355437460933144, 56.31666073076492, 119.22005322053624, 132.5170333616488, 108.73129460857727]","[np.float64(27.905673331588623), np.float64(28.50497208260772), np.float64(21.30909821380795), np.float64(10.424989249617699), np.float64(43.27550258343489), np.float64(15.945441085539821), 0.0]",24.5602,561.538,AUCKLAND
syn_06027,2,General Cargo,20202.0,7,"['SUVA', 'APIA', 'PAGO PAGO HARBOR', 'ALOFI', 'NEIAFU', ""NUKU'ALOFA"", 'AUCKLAND']","['Fiji', 'Samoa', 'American Samoa', 'Niue', 'Tonga', 'Tonga', 'New Zealand']","[-18.1339, -13.826, -14.2765, -19.0532, -18.6529, -21.1362, -36.8402]","[178.4235, -171.7622, -170.6854, -169.9217, -173.9852, -175.1806, 174.7721]","['Tropical Southwestern Pacific', 'Central Polynesia', 'Central Polynesia', 'Tropical Southwestern Pacific', 'Tropical Southwestern Pacific', 'Tropical Southwestern Pacific', 'Northern New Zealand']","[0.0, 55.39841627406664, 19.670600951510824, 21.511375795529005, 85.59623951289275, 38.64315181659012, 93.05246557866525]","[np.float64(14.684652606473632), np.float64(9.271280121694472), np.float64(24.50327269432657), np.float64(53.30177787918422), np.float64(21.168844982122245), np.float64(9.580597046658571), 0.0]",18.5993,431.698,AUCKLAND
syn_06028,2,Container,22708.0,7,"['SUVA', 'LAUTOKA', 'SUVA', 'APIA', 'PAGO PAGO HARBOR', 'ALOFI', 'AUCKLAND']","['Fiji', 'Fiji', 'Fiji', 'Samoa', 'American Samoa', 'Niue', 'New Zealand']","[-18.1339, -17.6036, -18.1339, -13.826, -14.2765, -19.0532, -36.8402]","[178.4235, 177.4387, 178.4235, -171.7622, -170.6854, -169.9217, 174.7721]","['Tropical Southwestern Pacific', 'Tropical Southwestern Pacific', 'Tropical Southwestern Pacific', 'Central Polynesia', 'Central Polynesia', 'Tropical Southwestern Pacific', 'Northern New Zealand']","[0.0, 10.828773040822911, 10.221433907002949, 60.67469394758949, 16.313515889436665, 44.67091598636041, 110.21032833301213]","[np.float64(37.12999015072607), np.float64(40.66426470525575), np.float64(16.094844654819934), np.float64(101.10486526161007), np.float64(7.715452373350809), np.float64(90.87485649080918), 0.0]",22.771,509.3739,AUCKLAND
syn_06029,2,General Cargo,20202.0,7,"['SUVA', 'LAUTOKA', 'SUVA', 'APIA', 'PAGO PAGO HARBOR', 'RAROTONGA', 'AUCKLAND']","['Fiji', 'Fiji', 'Fiji', 'Samoa', 'American Samoa', 'Cook Islands', 'New Zealand']","[-18.1339, -17.6036, -18.1339, -13.826, -14.2765, -21.2046, -36.8402]","[178.4235, 177.4387, 178.4235, -171.7622, -170.6854, -159.7843, 174.7721]","['Tropical Southwestern Pacific', 'Tropical Southwestern Pacific', 'Tropical Southwestern Pacific', 'Central Polynesia', 'Central Polynesia', 'Southeast Polynesia', 'Northern New Zealand']","[0.0, 7.27651542245674, 9.060691554211276, 61.61100892127946, 17.65412900617143, 99.53472867045181, 117.67261914958382]","[np.float64(30.487349849654358), np.float64(20.098338081964883), np.float64(27.23827101347244), np.float64(6.573756734567274), np.float64(50.06238896044058), np.float64(50.389907712484316), 0.0]",20.7358,467.1724,AUCKLAND
syn_06030,2,Container,8252.0,5,"['SUVA', 'APIA', 'RAROTONGA', 'AITUTAKI', 'AUCKLAND']","['Fiji', 'Samoa', 'Cook Islands', 'Cook Islands', 'New Zealand']","[-18.1339, -13.826, -21.2046, -18.8505, -36.8402]","[178.4235, -171.7622, -159.7843, -159.8111, 174.7721]","['Tropical Southwestern Pacific', 'Central Polynesia', 'Southeast Polynesia', 'Southeast Polynesia', 'Northern New Zealand']","[0.0, 69.40955174385212, 112.95307707197423, 6.415265196075002, 195.87646008984308]","[np.float64(115.74624908796214), np.float64(10.647675275042282), np.float64(47.18642438346312), np.float64(16.1012060123274), 0.0]",23.9307,458.5897,AUCKLAND
syn_06031,2,Container,22314.0,6,"['LAUTOKA', 'APIA', ""NUKU'ALOFA"", 'RAROTONGA', 'AITUTAKI', 'AUCKLAND']","['Fiji', 'Samoa', 'Tonga', 'Cook Islands', 'Cook Islands', 'New Zealand']","[-17.6036, -13.826, -21.1362, -21.2046, -18.8505, -36.8402]","[177.4387, -171.7622, -175.1806, -159.7843, -159.8111, 174.7721]","['Tropical Southwestern Pacific', 'Central Polynesia', 'Tropical Southwestern Pacific', 'Southeast Polynesia', 'Southeast Polynesia', 'Northern New Zealand']","[0.0, 80.32719865590978, 38.820684674113714, 85.3797202735753, 6.751468353300396, 173.01427080707705]","[np.float64(44.446111795355236), np.float64(49.982228861484145), np.float64(20.590616160130168), np.float64(113.2447239922923), np.float64(19.52357381908029), 0.0]",26.3367,587.6345,AUCKLAND
syn_06032,2,General Cargo,8378.0,7,"['SUVA', 'LAUTOKA', 'PAGO PAGO HARBOR', 'APIA', 'RAROTONGA', ""NUKU'ALOFA"", 'AUCKLAND']","['Fiji', 'Fiji', 'American Samoa', 'Samoa', 'Cook Islands', 'Tonga', 'New Zealand']","[-18.1339, -17.6036, -14.2765, -13.826, -21.2046, -21.1362, -36.8402]","[178.4235, 177.4387, -170.6854, -171.7622, -159.7843, -175.1806, 174.7721]","['Tropical Southwestern Pacific', 'Tropical Southwestern Pacific', 'Central Polynesia', 'Central Polynesia', 'Southeast Polynesia', 'Tropical Southwestern Pacific', 'Northern New Zealand']","[0.0, 8.487316647357563, 100.05140929981533, 14.766183447480305, 70.8143244961233, 60.80364919626013, 98.95139027466448]","[np.float64(102.80513687271575), np.float64(18.57857800163646), np.float64(75.3634197970766), np.float64(12.06480616464743), np.float64(24.496029536207505), np.float64(6.782966733953018), 0.0]",24.7486,491.1601,AUCKLAND
syn_06033,2,General Cargo,8378.0,6,"['SUVA', 'PAGO PAGO HARBOR', 'APIA', 'RAROTONGA', 'AITUTAKI', 'AUCKLAND']","['Fiji', 'American Samoa', 'Samoa', 'Cook Islands', 'Cook Islands', 'New Zealand']","[-18.1339, -14.2765, -13.826, -21.2046, -18.8505, -36.8402]","[178.4235, -170.6854, -171.7622, -159.7843, -159.8111, 174.7721]","['Tropical Southwestern Pacific', 'Central Polynesia', 'Central Polynesia', 'Southeast Polynesia', 'Southeast Polynesia', 'Northern New Zealand']","[0.0, 79.00925814813327, 19.36328981716683, 87.4729745223211, 16.179822748875715, 186.9136580697517]","[np.float64(12.685704830462177), np.float64(16.330332776289108), np.float64(19.320722085270425), np.float64(27.87409002969277), np.float64(36.74384071216098), 0.0]",20.9122,489.208,AUCKLAND
syn_06034,2,General Cargo,20202.0,6,"['SUVA', 'LAUTOKA', 'APIA', 'PAGO PAGO HARBOR', ""NUKU'ALOFA"", 'TAURANGA']","['Fiji', 'Fiji', 'Samoa', 'American Samoa', 'Tonga', 'New Zealand']","[-18.1339, -17.6036, -13.826, -14.2765, -21.1362, -37.6444]","[178.4235, 177.4387, -171.7622, -170.6854, -175.1806, 176.1819]","['Tropical Southwestern Pacific', 'Tropical Southwestern Pacific', 'Central Polynesia', 'Central Polynesia', 'Tropical Southwestern Pacific', 'Northern New Zealand']","[0.0, 12.369211812049407, 104.6317505270233, 10.993933170828086, 42.60157452377136, 102.07572484876661]","[np.float64(19.97096370005329), np.float64(17.527164440455746), np.float64(25.23941419521782), np.float64(7.941079397190433), np.float64(14.173767642657015), 0.0]",14.8969,337.5536,TAURANGA
syn_06035,2,General Cargo,5642.0,7,"['SUVA', 'APIA', 'PAGO PAGO HARBOR', 'RAROTONGA', 'AITUTAKI', ""NUKU'ALOFA"", 'AUCKLAND']","['Fiji', 'Samoa', 'American Samoa', 'Cook Islands', 'Cook Islands', 'Tonga', 'New Zealand']","[-18.1339, -13.826, -14.2765, -21.2046, -18.8505, -21.1362, -36.8402]","[178.4235, -171.7622, -170.6854, -159.7843, -159.8111, -175.1806, 174.7721]","['Tropical Southwestern Pacific', 'Central Polynesia', 'Central Polynesia', 'Southeast Polynesia', 'Southeast Polynesia', 'Tropical Southwestern Pacific', 'Northern New Zealand']","[0.0, 58.5217121228065, 12.42523851775811, 79.02790261472654, 16.91424309189736, 83.6308716994214, 86.64649294485646]","[np.float64(21.857051197248165), np.float64(7.252372536661191), np.float64(48.727364732485654), np.float64(98.97892367128135), np.float64(22.942367144105642), np.float64(17.373341533403266), 0.0]",23.0957,532.4408,AUCKLAND
syn_06036,2,General Cargo,20202.0,5,"['VILA', 'HONIARA', 'NAPA NAPA', 'LAE', 'AUCKLAND']","['Vanuatu', 'Solomon Islands', 'Papua New Guinea', 'Papua New Guinea', 'New Zealand']","[-17.754, -9.4274, -9.5056, -6.8146, -36.8402]","[168.3044, 159.9603, 147.1542, 146.9681, 174.7721]","['Tropical Southwestern Pacific', 'Eastern Coral Triangle', 'Eastern Coral Triangle', 'Eastern Coral Triangle', 'Northern New Zealand']","[0.0, 127.00441380462509, 113.66957352547568, 48.46010950527654, 585.185454035871]","[15.398334678062513, 7.933395322216836, 32.403881032977615, 18.098328838954036, 0.0]",39.5064,932.7552,AUCKLAND
syn_06037,2,General Cargo,20202.0,7,"['SUVA', 'LAUTOKA', 'SUVA', 'APIA', 'RAROTONGA', 'ALOFI', 'AUCKLAND']","['Fiji', 'Fiji', 'Fiji', 'Samoa', 'Cook Islands', 'Niue', 'New Zealand']","[-18.1339, -17.6036, -18.1339, -13.826, -21.2046, -19.0532, -36.8402]","[178.4235, 177.4387, 178.4235, -171.7622, -159.7843, -169.9217, 174.7721]","['Tropical Southwestern Pacific', 'Tropical Southwestern Pacific', 'Tropical Southwestern Pacific', 'Central Polynesia', 'Southeast Polynesia', 'Tropical Southwestern Pacific', 'Northern New Zealand']","[0.0, 11.818917734046595, 10.588947369552546, 55.95818080483936, 90.6567442855627, 66.53327204873177, 231.8457783683487]","[np.float64(32.16890167251792), np.float64(25.145233294352856), np.float64(28.327115692792564), np.float64(11.191604898889993), np.float64(8.186059572925881), np.float64(23.295508800883255), 0.0]",24.8215,563.5474,AUCKLAND
syn_06038,2,Container,8252.0,7,"['SUVA', 'APIA', 'RAROTONGA', 'AITUTAKI', 'NEIAFU', ""NUKU'ALOFA"", 'AUCKLAND']","['Fiji', 'Samoa', 'Cook Islands', 'Cook Islands', 'Tonga', 'Tonga', 'New Zealand']","[-18.1339, -13.826, -21.2046, -18.8505, -18.6529, -21.1362, -36.8402]","[178.4235, -171.7622, -159.7843, -159.8111, -173.9852, -175.1806, 174.7721]","['Tropical Southwestern Pacific', 'Central Polynesia', 'Southeast Polynesia', 'Southeast Polynesia', 'Tropical Southwestern Pacific', 'Tropical Southwestern Pacific', 'Northern New Zealand']","[0.0, 51.84333458972584, 112.46583551057323, 6.867024854081123, 68.29772578084251, 16.28296888889356, 89.9635082966974]","[np.float64(59.24984401724876), np.float64(9.218346696581344), np.float64(10.555222096672694), np.float64(44.38943725388644), np.float64(39.166990110313435), np.float64(8.977174516638744), 0.0]",21.5532,458.0276,AUCKLAND
syn_06039,2,General Cargo,20202.0,5,"['SUVA', 'FUNAFUTI', 'TARAWA', 'LONDON', 'AUCKLAND']","['Fiji', 'Tuvalu', 'Kiribati', 'Kiribati', 'New Zealand']","[-18.1339, -8.5032, 1.3673, 2.0062, -36.8402]","[178.4235, 179.1946, 172.9355, -157.4881, 174.7721]","['Tropical Southwestern Pacific', 'Marshall, Gilbert and Ellis Islands', 'Marshall, Gilbert and Ellis Islands', 'Central Polynesia', 'Northern New Zealand']","[0.0, 54.08846649367724, 67.40494907665264, 431.23932149116, 368.4371348751001]","[np.float64(92.01820556321722), 20.281684990789987, 7.732855808560617, 67.95624471422059, 0.0]",46.215,1017.1407,AUCKLAND
syn_06040,2,Container,22314.0,7,"['SUVA', 'APIA', 'RAROTONGA', 'AITUTAKI', ""NUKU'ALOFA"", 'NEIAFU', 'AUCKLAND']","['Fiji', 'Samoa', 'Cook Islands', 'Cook Islands', 'Tonga', 'Tonga', 'New Zealand']","[-18.1339, -13.826, -21.2046, -18.8505, -21.1362, -18.6529, -36.8402]","[178.4235, -171.7622, -159.7843, -159.8111, -175.1806, -173.9852, 174.7721]","['Tropical Southwestern Pacific', 'Central Polynesia', 'Southeast Polynesia', 'Southeast Polynesia', 'Tropical Southwestern Pacific', 'Tropical Southwestern Pacific', 'Northern New Zealand']","[0.0, 55.626997442364875, 56.54674885439931, 7.849832860933637, 103.05777982305642, 19.333772624094745, 159.58243148248772]","[np.float64(16.19290005211119), np.float64(10.681047384894685), np.float64(67.59065608803532), np.float64(13.196596232268847), np.float64(11.322450287703223), np.float64(85.16272948745144), 0.0]",25.256,589.951,AUCKLAND
syn_06041,2,Container,5923.0,7,"['SUVA', 'PAPEETE', 'NADI BAY', 'VUDA', 'SUVA', 'PAGO PAGO HARBOR', 'AUCKLAND']","['Fiji', 'French Polynesia', 'Fiji', 'Fiji', 'Fiji', 'American Samoa', 'New Zealand']","[-18.1339, -17.5374, -17.7162, -17.6861, -18.1339, -14.2765, -36.8402]","[178.4235, -149.5753, 177.371, 177.3849, 178.4235, -170.6854, 174.7721]","['Tropical Southwestern Pacific', 'Southeast Polynesia', 'Tropical Southwestern Pacific', 'Tropical Southwestern Pacific', 'Tropical Southwestern Pacific', 'Central Polynesia', 'Northern New Zealand']","[0.0, 190.47594333639512, 295.0289621415417, 95.31316106587535, 12.04109542663691, 133.15536540384767, 136.79747452116803]","[np.float64(79.31734630299603), 43.79765151038018, 6.248101595328826, 10.206910013290802, np.float64(30.21133676271306), np.float64(75.13245944441654), 0.0]",46.1552,1028.4085,AUCKLAND
syn_06042,2,General Cargo,8378.0,5,"['PAGO PAGO HARBOR', 'RAROTONGA', 'AITUTAKI', ""NUKU'ALOFA"", 'AUCKLAND']","['American Samoa', 'Cook Islands', 'Cook Islands', 'Tonga', 'New Zealand']","[-14.2765, -21.2046, -18.8505, -21.1362, -36.8402]","[-170.6854, -159.7843, -159.8111, -175.1806, 174.7721]","['Central Polynesia', 'Southeast Polynesia', 'Southeast Polynesia', 'Tropical Southwestern Pacific', 'Northern New Zealand']","[0.0, 98.7283280148828, 11.827441031949066, 98.2741556739009, 95.86467136488568]","[np.float64(30.969237305965297), np.float64(41.87848456682174), np.float64(24.48381098564512), np.float64(7.927190140944421), 0.0]",17.0814,378.9841,AUCKLAND
syn_06043,2,General Cargo,8378.0,7,"['LAUTOKA', 'APIA', 'PAGO PAGO HARBOR', 'RAROTONGA', 'AITUTAKI', ""NUKU'ALOFA"", 'AUCKLAND']","['Fiji', 'Samoa', 'American Samoa', 'Cook Islands', 'Cook Islands', 'Tonga', 'New Zealand']","[-17.6036, -13.826, -14.2765, -21.2046, -18.8505, -21.1362, -36.8402]","[177.4387, -171.7622, -170.6854, -159.7843, -159.8111, -175.1806, 174.7721]","['Tropical Southwestern Pacific', 'Central Polynesia', 'Central Polynesia', 'Southeast Polynesia', 'Southeast Polynesia', 'Tropical Southwestern Pacific', 'Northern New Zealand']","[0.0, 168.68172997923685, 16.96172796089008, 75.31809503961571, 14.660167040709213, 68.57084935977107, 90.82637283229589]","[np.float64(64.6223520996216), np.float64(12.375718593699306), np.float64(16.568588708258808), np.float64(30.673310957103503), np.float64(25.286239856679725), np.float64(7.155695006017508), 0.0]",24.6542,527.0785,AUCKLAND
syn_06044,2,General Cargo,12927.0,7,"['LAUTOKA', 'APIA', ""NUKU'ALOFA"", 'RAROTONGA', 'AITUTAKI', 'NEIAFU', 'AUCKLAND']","['Fiji', 'Samoa', 'Tonga', 'Cook Islands', 'Cook Islands', 'Tonga', 'New Zealand']","[-17.6036, -13.826, -21.1362, -21.2046, -18.8505, -18.6529, -36.8402]","[177.4387, -171.7622, -175.1806, -159.7843, -159.8111, -173.9852, 174.7721]","['Tropical Southwestern Pacific', 'Central Polynesia', 'Tropical Southwestern Pacific', 'Southeast Polynesia', 'Southeast Polynesia', 'Tropical Southwestern Pacific', 'Northern New Zealand']","[0.0, 96.8097781054397, 115.33480215439553, 100.31829136133719, 13.523781099980313, 73.39900121165611, 204.4056402334572]","[np.float64(14.587464435689725), np.float64(6.78298572834435), np.float64(8.346470261089284), np.float64(21.427485955905183), np.float64(16.386725465169114), np.float64(14.679308274485916), 0.0]",28.5834,671.4143,AUCKLAND
syn_06045,2,Container,22314.0,7,"['SUVA', 'MAT_Ã\x8aÂ»UTU', 'SIGAV_', 'SUVA', 'LUGANVILLE', 'VILA', 'AUCKLAND']","['Fiji', 'Wallis And Futuna', 'Wallis And Futuna', 'Fiji', 'Vanuatu', 'Vanuatu', 'New Zealand']","[-18.1339, -13.2857, -14.2964, -18.1339, -15.515, -17.754, -36.8402]","[178.4235, -176.1689, -178.1609, 178.4235, 167.1867, 168.3044, 174.7721]","['Tropical Southwestern Pacific', 'Central Polynesia', 'Central Polynesia', 'Tropical Southwestern Pacific', 'Tropical Southwestern Pacific', 'Tropical Southwestern Pacific', 'Northern New Zealand']","[0.0, 86.21884404133785, 44.22344005130458, 58.82001105871394, 83.31653945584233, 82.97389100140204, 105.53739428282998]","[np.float64(14.360043660026196), 18.89921058244841, 46.6213701573263, np.float64(51.64019008836191), 84.4284674137437, 18.198867557259035, 0.0]",28.9683,680.8782,AUCKLAND
syn_06046,2,Tanker,3854.0,6,"['VILA', 'NOUMEA', 'SUVA', 'FUNAFUTI', 'MAT_Ã\x8aÂ»UTU', 'TAURANGA']","['Vanuatu', 'New Caledonia', 'Fiji', 'Tuvalu', 'Wallis And Futuna', 'New Zealand']","[-17.754, -22.2633, -18.1339, -8.5032, -13.2857, -37.6444]","[168.3044, 166.4317, 178.4235, 179.1946, -176.1689, 176.1819]","['Tropical Southwestern Pacific', 'Tropical Southwestern Pacific', 'Tropical Southwestern Pacific', 'Marshall, Gilbert and Ellis Islands', 'Central Polynesia', 'Northern New Zealand']","[0.0, 35.52086187350561, 90.63603707171812, 41.829649300501174, 28.9839913750809, 181.98443923877133]","[40.74350758446779, 18.740347838036033, np.float64(17.806395728237597), 37.590522369092845, 25.56397577146437, 0.0]",21.6417,478.6562,TAURANGA
syn_06047,2,General Cargo,8378.0,6,"['VILA', 'NOUMEA', 'SUVA', 'FUNAFUTI', 'TARAWA', 'TAURANGA']","['Vanuatu', 'New Caledonia', 'Fiji', 'Tuvalu', 'Kiribati', 'New Zealand']","[-17.754, -22.2633, -18.1339, -8.5032, 1.3673, -37.6444]","[168.3044, 166.4317, 178.4235, 179.1946, 172.9355, 176.1819]","['Tropical Southwestern Pacific', 'Tropical Southwestern Pacific', 'Tropical Southwestern Pacific', 'Marshall, Gilbert and Ellis Islands', 'Marshall, Gilbert and Ellis Islands', 'Northern New Zealand']","[0.0, 34.689556525275265, 74.04303381275635, 83.39947749430767, 88.52425942540629, 184.94764437445326]","[16.16216600673224, 53.796896610679035, np.float64(64.25470634123927), 20.65708208710119, 22.957548466643356, 0.0]",26.8097,627.2702,TAURANGA
syn_06048,2,General Cargo,5642.0,7,"['SUVA', 'APIA', 'PAGO PAGO HARBOR', 'ALOFI', 'NEIAFU', ""NUKU'ALOFA"", 'AUCKLAND']","['Fiji', 'Samoa', 'American Samoa', 'Niue', 'Tonga', 'Tonga', 'New Zealand']","[-18.1339, -13.826, -14.2765, -19.0532, -18.6529, -21.1362, -36.8402]","[178.4235, -171.7622, -170.6854, -169.9217, -173.9852, -175.1806, 174.7721]","['Tropical Southwestern Pacific', 'Central Polynesia', 'Central Polynesia', 'Tropical Southwestern Pacific', 'Tropical Southwestern Pacific', 'Tropical Southwestern Pacific', 'Northern New Zealand']","[0.0, 66.53122211656935, 5.53992152615347, 24.902330341875672, 85.16475473678008, 25.703594468907742, 95.87527194956881]","[np.float64(33.86531974334293), np.float64(10.485575686129335), np.float64(33.700528446012406), np.float64(15.535901960326132), np.float64(22.831917864461047), np.float64(7.156662719744485), 0.0]",17.8039,393.4277,AUCKLAND
syn_06049,2,General Cargo,20202.0,5,"['SUVA', 'APIA', 'PAGO PAGO HARBOR', 'RAROTONGA', 'AUCKLAND']","['Fiji', 'Samoa', 'American Samoa', 'Cook Islands', 'New Zealand']","[-18.1339, -13.826, -14.2765, -21.2046, -36.8402]","[178.4235, -171.7622, -170.6854, -159.7843, 174.7721]","['Tropical Southwestern Pacific', 'Central Polynesia', 'Central Polynesia', 'Southeast Polynesia', 'Northern New Zealand']","[0.0, 72.17774181222646, 13.056748753820749, 105.36848269497264, 243.88997498184247]","[np.float64(29.704729768194586), np.float64(11.419029072985202), np.float64(76.47333510421684), np.float64(51.13455797935408), 0.0]",25.1344,573.5199,AUCKLAND
syn_06050,2,Container,22314.0,7,"['EBAYE', 'KWAJALEIN', 'APRA HARBOR', 'POHNPEI', 'SUVA', ""NUKU'ALOFA"", 'AUCKLAND']","['Marshall Islands', 'Marshall Islands', 'Guam', 'Micronesia', 'Fiji', 'Tonga', 'New Zealand']","[8.7783, 8.7325, 13.4594, 6.9793, -18.1339, -21.1362, -36.8402]","[167.7331, 167.7351, 144.6655, 158.201, 178.4235, -175.1806, 174.7721]","['Marshall, Gilbert and Ellis Islands', 'Marshall, Gilbert and Ellis Islands', 'Tropical Northwestern Pacific', 'Tropical Northwestern Pacific', 'Tropical Southwestern Pacific', 'Tropical Southwestern Pacific', 'Northern New Zealand']","[0.0, 56.18494203394161, 125.76876347393294, 53.93828839716989, 179.78659629576714, 31.47515461534737, 92.00557831325413]","[47.91582873382889, 74.0129501592961, 20.938784768148125, 39.07287393850366, np.float64(74.06443761480446), np.float64(13.757038079057251), 0.0]",33.7051,761.0054,AUCKLAND
syn_06051,2,General Cargo,8378.0,6,"['SUVA', 'LAUTOKA', 'APIA', 'PAGO PAGO HARBOR', 'ALOFI', 'AUCKLAND']","['Fiji', 'Fiji', 'Samoa', 'American Samoa', 'Niue', 'New Zealand']","[-18.1339, -17.6036, -13.826, -14.2765, -19.0532, -36.8402]","[178.4235, 177.4387, -171.7622, -170.6854, -169.9217, 174.7721]","['Tropical Southwestern Pacific', 'Tropical Southwestern Pacific', 'Central Polynesia', 'Central Polynesia', 'Tropical Southwestern Pacific', 'Northern New Zealand']","[0.0, 10.258847619570078, 125.99653514836103, 18.238655825643843, 28.348878217560816, 169.97678433982028]","[np.float64(25.718530532499166), np.float64(17.258750594091627), np.float64(12.784703781800873), np.float64(11.624227771131924), np.float64(54.33896857024065), 0.0]",19.7727,448.8264,AUCKLAND
syn_06052,2,Container,8252.0,7,"['LAUTOKA', 'APIA', 'PAGO PAGO HARBOR', 'RAROTONGA', 'AITUTAKI', ""NUKU'ALOFA"", 'AUCKLAND']","['Fiji', 'Samoa', 'American Samoa', 'Cook Islands', 'Cook Islands', 'Tonga', 'New Zealand']","[-17.6036, -13.826, -14.2765, -21.2046, -18.8505, -21.1362, -36.8402]","[177.4387, -171.7622, -170.6854, -159.7843, -159.8111, -175.1806, 174.7721]","['Tropical Southwestern Pacific', 'Central Polynesia', 'Central Polynesia', 'Southeast Polynesia', 'Southeast Polynesia', 'Tropical Southwestern Pacific', 'Northern New Zealand']","[0.0, 70.04407160031137, 15.900759423427754, 76.67426016239449, 10.616494907055039, 80.73829850745692, 115.21117883289637]","[np.float64(45.76351262769883), np.float64(10.020155233603674), np.float64(15.933611343395487), np.float64(49.607267622017105), np.float64(14.044921111308534), np.float64(37.914893636649126), 0.0]",22.6029,496.7059,AUCKLAND
syn_06053,2,General Cargo,20202.0,7,"['LAUTOKA', 'SUVA', 'APIA', 'PAGO PAGO HARBOR', 'ALOFI', 'NEIAFU', 'AUCKLAND']","['Fiji', 'Fiji', 'Samoa', 'American Samoa', 'Niue', 'Tonga', 'New Zealand']","[-17.6036, -18.1339, -13.826, -14.2765, -19.0532, -18.6529, -36.8402]","[177.4387, 178.4235, -171.7622, -170.6854, -169.9217, -173.9852, 174.7721]","['Tropical Southwestern Pacific', 'Tropical Southwestern Pacific', 'Central Polynesia', 'Central Polynesia', 'Tropical Southwestern Pacific', 'Tropical Southwestern Pacific', 'Northern New Zealand']","[0.0, 14.693569748793927, 60.200306796258225, 8.267846138169912, 44.31570233612455, 60.452140022868704, 89.03717259720325]","[np.float64(52.892750634815556), np.float64(37.198762900002826), np.float64(21.770272844578006), np.float64(7.838037721149935), np.float64(53.51666358680834), np.float64(15.86476390425862), 0.0]",19.4187,413.1552,AUCKLAND
syn_06054,2,Container,5923.0,6,"['SUVA', 'APIA', 'PAGO PAGO HARBOR', 'ALOFI', 'NEIAFU', 'AUCKLAND']","['Fiji', 'Samoa', 'American Samoa', 'Niue', 'Tonga', 'New Zealand']","[-18.1339, -13.826, -14.2765, -19.0532, -18.6529, -36.8402]","[178.4235, -171.7622, -170.6854, -169.9217, -173.9852, 174.7721]","['Tropical Southwestern Pacific', 'Central Polynesia', 'Central Polynesia', 'Tropical Southwestern Pacific', 'Tropical Southwestern Pacific', 'Northern New Zealand']","[0.0, 59.1289640785774, 13.537997547717133, 57.36703282772028, 28.632016517031044, 73.28237464948724]","[np.float64(8.898215436726751), np.float64(6.779987271107857), np.float64(14.879846283270707), np.float64(29.593996638459803), np.float64(43.779721960941856), 0.0]",13.995,326.9819,AUCKLAND
syn_06055,2,Container,22708.0,7,"['SUVA', 'PAGO PAGO HARBOR', 'APIA', 'RAROTONGA', 'AITUTAKI', ""NUKU'ALOFA"", 'AUCKLAND']","['Fiji', 'American Samoa', 'Samoa', 'Cook Islands', 'Cook Islands', 'Tonga', 'New Zealand']","[-18.1339, -14.2765, -13.826, -21.2046, -18.8505, -21.1362, -36.8402]","[178.4235, -170.6854, -171.7622, -159.7843, -159.8111, -175.1806, 174.7721]","['Tropical Southwestern Pacific', 'Central Polynesia', 'Central Polynesia', 'Southeast Polynesia', 'Southeast Polynesia', 'Tropical Southwestern Pacific', 'Northern New Zealand']","[0.0, 104.58985180545454, 14.274494054409383, 101.7290197357367, 6.850932332300072, 69.65061213689584, 110.45009774155831]","[np.float64(45.74482914153977), np.float64(63.354695645277125), np.float64(58.745597277724706), np.float64(90.98538389857161), np.float64(17.371092902829382), np.float64(17.896256212188728), 0.0]",29.2351,655.898,AUCKLAND
syn_06056,2,General Cargo,12927.0,6,"['SUVA', 'LAUTOKA', 'APIA', 'PAGO PAGO HARBOR', 'RAROTONGA', 'AUCKLAND']","['Fiji', 'Fiji', 'Samoa', 'American Samoa', 'Cook Islands', 'New Zealand']","[-18.1339, -17.6036, -13.826, -14.2765, -21.2046, -36.8402]","[178.4235, 177.4387, -171.7622, -170.6854, -159.7843, 174.7721]","['Tropical Southwestern Pacific', 'Tropical Southwestern Pacific', 'Central Polynesia', 'Central Polynesia', 'Southeast Polynesia', 'Northern New Zealand']","[0.0, 8.849765747048957, 132.73667495073767, 12.958306371993713, 95.61685321063548, 246.75530523693124]","[np.float64(54.55362456794273), np.float64(25.828127725774902), np.float64(12.055119545494051), np.float64(9.524200962374934), np.float64(52.549349488467186), 0.0]",27.1428,596.8737,AUCKLAND
syn_06057,2,Container,22314.0,7,"['SUVA', 'APIA', 'PAGO PAGO HARBOR', 'RAROTONGA', 'AITUTAKI', ""NUKU'ALOFA"", 'AUCKLAND']","['Fiji', 'Samoa', 'American Samoa', 'Cook Islands', 'Cook Islands', 'Tonga', 'New Zealand']","[-18.1339, -13.826, -14.2765, -21.2046, -18.8505, -21.1362, -36.8402]","[178.4235, -171.7622, -170.6854, -159.7843, -159.8111, -175.1806, 174.7721]","['Tropical Southwestern Pacific', 'Central Polynesia', 'Central Polynesia', 'Southeast Polynesia', 'Southeast Polynesia', 'Tropical Southwestern Pacific', 'Northern New Zealand']","[0.0, 73.29846202628512, 15.05689641967625, 84.1473458032218, 4.6786156654001525, 83.06413171932437, 86.45296322379669]","[np.float64(28.485489402566593), np.float64(11.41500208002581), np.float64(48.24157114473149), np.float64(112.38247666485569), np.float64(6.187224167064773), np.float64(19.075014872275926), 0.0]",23.8535,543.9997,AUCKLAND
syn_06058,2,General Cargo,5642.0,7,"['LAUTOKA', 'APIA', 'PAGO PAGO HARBOR', 'RAROTONGA', 'AITUTAKI', 'NEIAFU', 'AUCKLAND']","['Fiji', 'Samoa', 'American Samoa', 'Cook Islands', 'Cook Islands', 'Tonga', 'New Zealand']","[-17.6036, -13.826, -14.2765, -21.2046, -18.8505, -18.6529, -36.8402]","[177.4387, -171.7622, -170.6854, -159.7843, -159.8111, -173.9852, 174.7721]","['Tropical Southwestern Pacific', 'Central Polynesia', 'Central Polynesia', 'Southeast Polynesia', 'Southeast Polynesia', 'Tropical Southwestern Pacific', 'Northern New Zealand']","[0.0, 83.82576450137012, 9.60007452944895, 60.95706804026971, 16.300156315074084, 69.09124059668524, 97.12112470094748]","[np.float64(81.67257860113325), np.float64(15.093538451821091), np.float64(11.611514503780056), np.float64(59.326903240707004), np.float64(9.935937933213335), np.float64(26.920816762623467), 0.0]",22.5607,459.7841,AUCKLAND
syn_06059,2,Container,8252.0,7,"['LAUTOKA', 'APIA', 'PAGO PAGO HARBOR', 'RAROTONGA', 'AITUTAKI', 'ALOFI', 'AUCKLAND']","['Fiji', 'Samoa', 'American Samoa', 'Cook Islands', 'Cook Islands', 'Niue', 'New Zealand']","[-17.6036, -13.826, -14.2765, -21.2046, -18.8505, -19.0532, -36.8402]","[177.4387, -171.7622, -170.6854, -159.7843, -159.8111, -169.9217, 174.7721]","['Tropical Southwestern Pacific', 'Central Polynesia', 'Central Polynesia', 'Southeast Polynesia', 'Southeast Polynesia', 'Tropical Southwestern Pacific', 'Northern New Zealand']","[0.0, 105.81941193135975, 6.591443196686723, 49.36289511892158, 5.1763940762223735, 59.851283734551956, 110.48859323561113]","[np.float64(23.524321504470375), np.float64(23.38593210033061), np.float64(11.153256915878314), np.float64(94.74069581010197), np.float64(16.045637084061088), np.float64(40.989077906841125), 0.0]",22.797,523.6046,AUCKLAND
syn_06060,2,Tanker,49999.0,7,"['SUVA', 'LAUTOKA', 'APIA', 'PAGO PAGO HARBOR', 'ALOFI', 'NEIAFU', 'AUCKLAND']","['Fiji', 'Fiji', 'Samoa', 'American Samoa', 'Niue', 'Tonga', 'New Zealand']","[-18.1339, -17.6036, -13.826, -14.2765, -19.0532, -18.6529, -36.8402]","[178.4235, 177.4387, -171.7622, -170.6854, -169.9217, -173.9852, 174.7721]","['Tropical Southwestern Pacific', 'Tropical Southwestern Pacific', 'Central Polynesia', 'Central Polynesia', 'Tropical Southwestern Pacific', 'Tropical Southwestern Pacific', 'Northern New Zealand']","[0.0, 10.555110683888552, 89.86994664280894, 16.73776911259705, 45.99499645050293, 57.902779837962576, 187.49100512988164]","[np.float64(12.892412398836639), np.float64(84.87904745147377), np.float64(16.46467854500996), np.float64(44.80037395205779), np.float64(89.01836302953735), np.float64(21.615336141535625), 0.0]",28.2592,665.3294,AUCKLAND
syn_06061,2,General Cargo,20202.0,5,"['LAUTOKA', 'APIA', 'PAGO PAGO HARBOR', 'ALOFI', 'TAURANGA']","['Fiji', 'Samoa', 'American Samoa', 'Niue', 'New Zealand']","[-17.6036, -13.826, -14.2765, -19.0532, -37.6444]","[177.4387, -171.7622, -170.6854, -169.9217, 176.1819]","['Tropical Southwestern Pacific', 'Central Polynesia', 'Central Polynesia', 'Tropical Southwestern Pacific', 'Northern New Zealand']","[0.0, 175.3470135916413, 15.670039557770268, 51.98128216150288, 100.24367178037757]","[np.float64(29.67281424233199), np.float64(16.304005385554454), np.float64(94.06767716460782), np.float64(18.538090094598996), 0.0]",20.9094,472.1518,TAURANGA
syn_06062,2,General Cargo,20202.0,7,"[""NUKU'ALOFA"", 'SUVA', 'APIA', 'PAGO PAGO HARBOR', 'RAROTONGA', 'AITUTAKI', 'AUCKLAND']","['Tonga', 'Fiji', 'Samoa', 'American Samoa', 'Cook Islands', 'Cook Islands', 'New Zealand']","[-21.1362, -18.1339, -13.826, -14.2765, -21.2046, -18.8505, -36.8402]","[-175.1806, 178.4235, -171.7622, -170.6854, -159.7843, -159.8111, 174.7721]","['Tropical Southwestern Pacific', 'Tropical Southwestern Pacific', 'Central Polynesia', 'Central Polynesia', 'Southeast Polynesia', 'Southeast Polynesia', 'Northern New Zealand']","[0.0, 43.389244699944015, 77.58594796117258, 14.420955978588516, 83.74432166695865, 12.341713982681648, 179.90024783095075]","[np.float64(12.591146721604904), np.float64(9.660125047737159), np.float64(7.964392010115659), np.float64(19.427505112108037), np.float64(7.605190581084657), np.float64(13.694315807037796), 0.0]",20.0969,469.734,AUCKLAND
syn_06063,2,General Cargo,8378.0,7,"['SUVA', 'LAUTOKA', 'APIA', 'PAGO PAGO HARBOR', 'ALOFI', 'NEIAFU', 'AUCKLAND']","['Fiji', 'Fiji', 'Samoa', 'American Samoa', 'Niue', 'Tonga', 'New Zealand']","[-18.1339, -17.6036, -13.826, -14.2765, -19.0532, -18.6529, -36.8402]","[178.4235, 177.4387, -171.7622, -170.6854, -169.9217, -173.9852, 174.7721]","['Tropical Southwestern Pacific', 'Tropical Southwestern Pacific', 'Central Polynesia', 'Central Polynesia', 'Tropical Southwestern Pacific', 'Tropical Southwestern Pacific', 'Northern New Zealand']","[0.0, 11.323889345859829, 130.88912671259777, 11.959151677527496, 34.81117247728531, 93.16047411059438, 224.36931772057798]","[np.float64(16.219185547282493), np.float64(8.608456066866474), np.float64(13.368885490073461), np.float64(45.5992777324798), np.float64(94.53820759003108), np.float64(14.29290006435283), 0.0]",29.1308,682.9209,AUCKLAND
syn_06064,2,Container,8252.0,7,"['SUVA', 'LAUTOKA', 'APIA', 'PAGO PAGO HARBOR', 'ALOFI', 'NEIAFU', 'AUCKLAND']","['Fiji', 'Fiji', 'Samoa', 'American Samoa', 'Niue', 'Tonga', 'New Zealand']","[-18.1339, -17.6036, -13.826, -14.2765, -19.0532, -18.6529, -36.8402]","[178.4235, 177.4387, -171.7622, -170.6854, -169.9217, -173.9852, 174.7721]","['Tropical Southwestern Pacific', 'Tropical Southwestern Pacific', 'Central Polynesia', 'Central Polynesia', 'Tropical Southwestern Pacific', 'Tropical Southwestern Pacific', 'Northern New Zealand']","[0.0, 8.589763409780513, 72.0488603759049, 18.035006913535746, 28.927233277967883, 49.62182139058158, 76.22433954286996]","[np.float64(37.20309383798418), np.float64(26.68132895571956), np.float64(10.029935364074504), np.float64(29.787370762464583), np.float64(68.91361039407977), np.float64(19.58935842125742), 0.0]",18.5688,408.4486,AUCKLAND
syn_06065,2,General Cargo,12927.0,7,"['LAUTOKA', 'SUVA', 'APIA', 'RAROTONGA', 'AITUTAKI', 'NEIAFU', 'AUCKLAND']","['Fiji', 'Fiji', 'Samoa', 'Cook Islands', 'Cook Islands', 'Tonga', 'New Zealand']","[-17.6036, -18.1339, -13.826, -21.2046, -18.8505, -18.6529, -36.8402]","[177.4387, 178.4235, -171.7622, -159.7843, -159.8111, -173.9852, 174.7721]","['Tropical Southwestern Pacific', 'Tropical Southwestern Pacific', 'Central Polynesia', 'Southeast Polynesia', 'Southeast Polynesia', 'Tropical Southwestern Pacific', 'Northern New Zealand']","[0.0, 12.245893817033997, 72.64819953390571, 96.91881557982563, 16.51400351625351, 91.19791490599587, 145.33100268035767]","[np.float64(24.897204675686538), np.float64(52.209574740988394), np.float64(10.987799190894314), np.float64(45.34015306740653), np.float64(92.44569129531081), np.float64(11.55262814539487), 0.0]",28.012,647.3917,AUCKLAND
syn_06066,2,General Cargo,5642.0,6,"['LAUTOKA', 'SUVA', 'APIA', 'RAROTONGA', 'AITUTAKI', 'AUCKLAND']","['Fiji', 'Fiji', 'Samoa', 'Cook Islands', 'Cook Islands', 'New Zealand']","[-17.6036, -18.1339, -13.826, -21.2046, -18.8505, -36.8402]","[177.4387, 178.4235, -171.7622, -159.7843, -159.8111, 174.7721]","['Tropical Southwestern Pacific', 'Tropical Southwestern Pacific', 'Central Polynesia', 'Southeast Polynesia', 'Southeast Polynesia', 'Northern New Zealand']","[0.0, 13.87184003860648, 62.38435192391635, 110.91364027589503, 15.923305125240423, 166.3590976895628]","[np.float64(80.1412911773151), np.float64(30.02543940767685), np.float64(11.349400369791379), np.float64(61.82938516561092), np.float64(14.044522106557938), 0.0]",23.6184,486.701,AUCKLAND
syn_06067,2,Container,8252.0,7,"['SUVA', 'LAUTOKA', 'APIA', 'PAGO PAGO HARBOR', 'RAROTONGA', 'AITUTAKI', 'AUCKLAND']","['Fiji', 'Fiji', 'Samoa', 'American Samoa', 'Cook Islands', 'Cook Islands', 'New Zealand']","[-18.1339, -17.6036, -13.826, -14.2765, -21.2046, -18.8505, -36.8402]","[178.4235, 177.4387, -171.7622, -170.6854, -159.7843, -159.8111, 174.7721]","['Tropical Southwestern Pacific', 'Tropical Southwestern Pacific', 'Central Polynesia', 'Central Polynesia', 'Southeast Polynesia', 'Southeast Polynesia', 'Northern New Zealand']","[0.0, 16.205464814793693, 63.63647632879283, 9.85662862545808, 60.97951933119909, 12.026419225218877, 265.065732307095]","[np.float64(36.298410951458145), np.float64(64.34984769399006), np.float64(8.855180184243205), np.float64(32.30131174754299), np.float64(124.21304826187266), np.float64(11.562734465973856), 0.0]",29.3896,669.0524,AUCKLAND
syn_06068,2,Container,22968.0,6,"['APIA', 'PAGO PAGO HARBOR', 'ALOFI', 'NEIAFU', ""NUKU'ALOFA"", 'AUCKLAND']","['Samoa', 'American Samoa', 'Niue', 'Tonga', 'Tonga', 'New Zealand']","[-13.826, -14.2765, -19.0532, -18.6529, -21.1362, -36.8402]","[-171.7622, -170.6854, -169.9217, -173.9852, -175.1806, 174.7721]","['Central Polynesia', 'Central Polynesia', 'Tropical Southwestern Pacific', 'Tropical Southwestern Pacific', 'Tropical Southwestern Pacific', 'Northern New Zealand']","[0.0, 12.49539963576302, 19.242345645350287, 34.10907287671002, 31.92968434125388, 92.45283522737573]","[np.float64(16.480240871959815), np.float64(111.24013018852516), np.float64(48.00548901248299), np.float64(8.45309324200921), np.float64(9.751576917667128), 0.0]",16.0067,367.6796,AUCKLAND
syn_06069,2,Container,22314.0,7,"['SUVA', 'APIA', 'PAGO PAGO HARBOR', 'RAROTONGA', 'AITUTAKI', 'NEIAFU', 'TAURANGA']","['Fiji', 'Samoa', 'American Samoa', 'Cook Islands', 'Cook Islands', 'Tonga', 'New Zealand']","[-18.1339, -13.826, -14.2765, -21.2046, -18.8505, -18.6529, -37.6444]","[178.4235, -171.7622, -170.6854, -159.7843, -159.8111, -173.9852, 176.1819]","['Tropical Southwestern Pacific', 'Central Polynesia', 'Central Polynesia', 'Southeast Polynesia', 'Southeast Polynesia', 'Tropical Southwestern Pacific', 'Northern New Zealand']","[0.0, 57.86526606213492, 10.465326819191239, 124.3089697931586, 8.409421024656584, 102.04553718533492, 103.12249516862492]","[np.float64(29.663782124944213), np.float64(25.72761523966553), np.float64(22.05131851777015), np.float64(28.194951640001612), np.float64(43.36341980260226), np.float64(35.9815086095086), 0.0]",24.6333,561.5358,TAURANGA
syn_06070,2,Container,8252.0,6,"['SUVA', 'APIA', 'PAGO PAGO HARBOR', 'ALOFI', 'NEIAFU', 'AUCKLAND']","['Fiji', 'Samoa', 'American Samoa', 'Niue', 'Tonga', 'New Zealand']","[-18.1339, -13.826, -14.2765, -19.0532, -18.6529, -36.8402]","[178.4235, -171.7622, -170.6854, -169.9217, -173.9852, 174.7721]","['Tropical Southwestern Pacific', 'Central Polynesia', 'Central Polynesia', 'Tropical Southwestern Pacific', 'Tropical Southwestern Pacific', 'Northern New Zealand']","[0.0, 69.14435930085948, 7.187604871082857, 49.817267603309084, 32.90392516002336, 203.5536807831486]","[np.float64(40.51950755339822), np.float64(29.680565217156307), np.float64(13.981222755024188), np.float64(125.45914976370587), np.float64(10.578837430402752), 0.0]",24.2844,542.3066,AUCKLAND
syn_06071,2,Tanker,49999.0,7,"['EBAYE', 'KWAJALEIN', 'APRA HARBOR', 'POHNPEI', 'SUVA', 'APIA', 'AUCKLAND']","['Marshall Islands', 'Marshall Islands', 'Guam', 'Micronesia', 'Fiji', 'Samoa', 'New Zealand']","[8.7783, 8.7325, 13.4594, 6.9793, -18.1339, -13.826, -36.8402]","[167.7331, 167.7351, 144.6655, 158.201, 178.4235, -171.7622, 174.7721]","['Marshall, Gilbert and Ellis Islands', 'Marshall, Gilbert and Ellis Islands', 'Tropical Northwestern Pacific', 'Tropical Northwestern Pacific', 'Tropical Southwestern Pacific', 'Central Polynesia', 'Northern New Zealand']","[0.0, 57.563477387814615, 142.47018579134942, 147.212691517508, 387.7024946128839, 90.85430925725302, 349.7264521855982]","[28.230739975628197, 19.387547497554802, 30.388868281713137, 13.016300429412526, np.float64(12.039239704349356), np.float64(7.3943423156759005), 0.0]",53.5828,1257.7559,AUCKLAND
syn_06072,2,General Cargo,12927.0,7,"['SUVA', 'LAUTOKA', 'APIA', 'PAGO PAGO HARBOR', 'RAROTONGA', 'AITUTAKI', 'AUCKLAND']","['Fiji', 'Fiji', 'Samoa', 'American Samoa', 'Cook Islands', 'Cook Islands', 'New Zealand']","[-18.1339, -17.6036, -13.826, -14.2765, -21.2046, -18.8505, -36.8402]","[178.4235, 177.4387, -171.7622, -170.6854, -159.7843, -159.8111, 174.7721]","['Tropical Southwestern Pacific', 'Tropical Southwestern Pacific', 'Central Polynesia', 'Central Polynesia', 'Southeast Polynesia', 'Southeast Polynesia', 'Northern New Zealand']","[0.0, 6.81684885634993, 174.83315740788436, 9.62490344027255, 119.57712080641002, 17.924726150067382, 228.34777064964535]","[np.float64(11.6479689342841), np.float64(20.807192893976808), np.float64(11.80169565435891), np.float64(18.93875432256063), np.float64(33.46545006707217), np.float64(50.07280915949361), 0.0]",29.3274,692.2104,AUCKLAND
syn_06073,2,Container,22968.0,5,"['SUVA', 'LAUTOKA', 'APIA', 'PAGO PAGO HARBOR', 'TAURANGA']","['Fiji', 'Fiji', 'Samoa', 'American Samoa', 'New Zealand']","[-18.1339, -17.6036, -13.826, -14.2765, -37.6444]","[178.4235, 177.4387, -171.7622, -170.6854, 176.1819]","['Tropical Southwestern Pacific', 'Tropical Southwestern Pacific', 'Central Polynesia', 'Central Polynesia', 'Northern New Zealand']","[0.0, 18.073659986373336, 46.55151724879713, 10.495920267719109, 108.042007809003]","[np.float64(33.11825442331823), np.float64(21.15804157934566), np.float64(14.384436251948404), np.float64(27.21630818134628), 0.0]",11.6267,245.9219,TAURANGA
syn_06074,2,Container,22968.0,7,"['LAUTOKA', 'PAGO PAGO HARBOR', 'APIA', 'RAROTONGA', 'AITUTAKI', ""NUKU'ALOFA"", 'AUCKLAND']","['Fiji', 'American Samoa', 'Samoa', 'Cook Islands', 'Cook Islands', 'Tonga', 'New Zealand']","[-17.6036, -14.2765, -13.826, -21.2046, -18.8505, -21.1362, -36.8402]","[177.4387, -170.6854, -171.7622, -159.7843, -159.8111, -175.1806, 174.7721]","['Tropical Southwestern Pacific', 'Central Polynesia', 'Central Polynesia', 'Southeast Polynesia', 'Southeast Polynesia', 'Tropical Southwestern Pacific', 'Northern New Zealand']","[0.0, 99.804780847107, 10.586924315033016, 75.99836714054094, 9.450010637415293, 125.16091053821248, 104.45713650875958]","[np.float64(96.45524112497876), np.float64(56.801749586521844), np.float64(12.900281669040535), np.float64(12.582537819527676), np.float64(7.003358836919274), np.float64(9.459589489359322), 0.0]",25.8609,524.2056,AUCKLAND
syn_06075,2,General Cargo,8378.0,6,"['SUVA', 'APIA', 'RAROTONGA', 'ALOFI', ""NUKU'ALOFA"", 'AUCKLAND']","['Fiji', 'Samoa', 'Cook Islands', 'Niue', 'Tonga', 'New Zealand']","[-18.1339, -13.826, -21.2046, -19.0532, -21.1362, -36.8402]","[178.4235, -171.7622, -159.7843, -169.9217, -175.1806, 174.7721]","['Tropical Southwestern Pacific', 'Central Polynesia', 'Southeast Polynesia', 'Tropical Southwestern Pacific', 'Tropical Southwestern Pacific', 'Northern New Zealand']","[0.0, 67.81132956479162, 106.16226896444248, 111.29183939338873, 32.08535586933632, 85.81102994468804]","[np.float64(40.193260652266964), np.float64(6.417889821205183), np.float64(40.284677770954424), np.float64(43.85921699368902), np.float64(11.220238696401118), 0.0]",22.714,504.9438,AUCKLAND
syn_06076,2,General Cargo,8378.0,7,"['SUVA', 'APIA', 'PAGO PAGO HARBOR', 'ALOFI', 'NEIAFU', ""NUKU'ALOFA"", 'AUCKLAND']","['Fiji', 'Samoa', 'American Samoa', 'Niue', 'Tonga', 'Tonga', 'New Zealand']","[-18.1339, -13.826, -14.2765, -19.0532, -18.6529, -21.1362, -36.8402]","[178.4235, -171.7622, -170.6854, -169.9217, -173.9852, -175.1806, 174.7721]","['Tropical Southwestern Pacific', 'Central Polynesia', 'Central Polynesia', 'Tropical Southwestern Pacific', 'Tropical Southwestern Pacific', 'Tropical Southwestern Pacific', 'Northern New Zealand']","[0.0, 57.55634510208307, 11.287771419979686, 53.99319837184099, 39.762656459774426, 41.310757845949205, 93.41200311775195]","[np.float64(28.986894194141684), np.float64(17.418599748343315), np.float64(10.110755275254943), np.float64(11.20483758856996), np.float64(60.89370184418724), np.float64(22.417972102930083), 0.0]",18.6815,419.3686,AUCKLAND
syn_06077,2,Container,22968.0,7,"['SUVA', 'APIA', 'RAROTONGA', 'AITUTAKI', ""NUKU'ALOFA"", 'NEIAFU', 'AUCKLAND']","['Fiji', 'Samoa', 'Cook Islands', 'Cook Islands', 'Tonga', 'Tonga', 'New Zealand']","[-18.1339, -13.826, -21.2046, -18.8505, -21.1362, -18.6529, -36.8402]","[178.4235, -171.7622, -159.7843, -159.8111, -175.1806, -173.9852, 174.7721]","['Tropical Southwestern Pacific', 'Central Polynesia', 'Southeast Polynesia', 'Southeast Polynesia', 'Tropical Southwestern Pacific', 'Tropical Southwestern Pacific', 'Northern New Zealand']","[0.0, 59.1390634476002, 62.64255515241582, 9.527761171745468, 49.3395637485919, 29.254556637598355, 122.62694989363987]","[np.float64(9.206438530476296), np.float64(72.03508265410905), np.float64(38.37318541321417), np.float64(35.30882772736808), np.float64(7.833753046616285), np.float64(22.37381351926209), 0.0]",21.5692,508.4551,AUCKLAND
syn_06078,2,Container,8252.0,6,"['SUVA', 'APIA', 'PAGO PAGO HARBOR', 'RAROTONGA', 'AITUTAKI', 'AUCKLAND']","['Fiji', 'Samoa', 'American Samoa', 'Cook Islands', 'Cook Islands', 'New Zealand']","[-18.1339, -13.826, -14.2765, -21.2046, -18.8505, -36.8402]","[178.4235, -171.7622, -170.6854, -159.7843, -159.8111, 174.7721]","['Tropical Southwestern Pacific', 'Central Polynesia', 'Central Polynesia', 'Southeast Polynesia', 'Southeast Polynesia', 'Northern New Zealand']","[0.0, 70.84603499790464, 13.676098354416728, 88.44428886856291, 7.447018304690232, 135.88558523262822]","[np.float64(28.18657246016776), np.float64(12.410629762707204), np.float64(40.012329062191526), np.float64(62.242055482538674), np.float64(14.702522618955133), 0.0]",19.7439,445.6666,AUCKLAND
syn_06079,2,General Cargo,5642.0,6,"['SUVA', 'LAUTOKA', 'APIA', 'PAGO PAGO HARBOR', 'RAROTONGA', 'AUCKLAND']","['Fiji', 'Fiji', 'Samoa', 'American Samoa', 'Cook Islands', 'New Zealand']","[-18.1339, -17.6036, -13.826, -14.2765, -21.2046, -36.8402]","[178.4235, 177.4387, -171.7622, -170.6854, -159.7843, 174.7721]","['Tropical Southwestern Pacific', 'Tropical Southwestern Pacific', 'Central Polynesia', 'Central Polynesia', 'Southeast Polynesia', 'Northern New Zealand']","[0.0, 19.666860632212757, 87.62185291255196, 20.045030407876467, 67.07786845880538, 166.82032021383398]","[np.float64(38.66765665899391), np.float64(8.702995321997658), np.float64(16.773867011412136), np.float64(22.54307153548766), np.float64(98.49193656499043), 0.0]",22.7671,507.7438,AUCKLAND
syn_06080,2,General Cargo,5642.0,7,"['EBAYE', 'KWAJALEIN', 'APRA HARBOR', 'POHNPEI', 'SUVA', ""NUKU'ALOFA"", 'AUCKLAND']","['Marshall Islands', 'Marshall Islands', 'Guam', 'Micronesia', 'Fiji', 'Tonga', 'New Zealand']","[8.7783, 8.7325, 13.4594, 6.9793, -18.1339, -21.1362, -36.8402]","[167.7331, 167.7351, 144.6655, 158.201, 178.4235, -175.1806, 174.7721]","['Marshall, Gilbert and Ellis Islands', 'Marshall, Gilbert and Ellis Islands', 'Tropical Northwestern Pacific', 'Tropical Northwestern Pacific', 'Tropical Southwestern Pacific', 'Tropical Southwestern Pacific', 'Northern New Zealand']","[0.0, 101.87182505364929, 184.2080871515598, 116.1997783110176, 238.97141549176393, 37.2410485593269, 106.66315841642816]","[22.755272437726028, 33.65225006629837, 22.553682310738818, 16.92892759246478, np.float64(78.70782002813372), np.float64(8.860963179581924), 0.0]",40.3589,945.859,AUCKLAND
syn_06081,2,General Cargo,8378.0,5,"['SUVA', 'APIA', 'PAGO PAGO HARBOR', ""NUKU'ALOFA"", 'TAURANGA']","['Fiji', 'Samoa', 'American Samoa', 'Tonga', 'New Zealand']","[-18.1339, -13.826, -14.2765, -21.1362, -37.6444]","[178.4235, -171.7622, -170.6854, -175.1806, 176.1819]","['Tropical Southwestern Pacific', 'Central Polynesia', 'Central Polynesia', 'Tropical Southwestern Pacific', 'Northern New Zealand']","[0.0, 80.27279819527047, 15.325791320993353, 68.56662771363598, 142.3582547288545]","[np.float64(56.912715129397874), np.float64(14.944598923699866), np.float64(20.85414739215274), np.float64(7.574303992478221), 0.0]",16.9504,349.8965,TAURANGA
syn_06082,2,Container,22968.0,6,"['SUVA', 'LAUTOKA', 'APIA', 'PAGO PAGO HARBOR', 'ALOFI', 'AUCKLAND']","['Fiji', 'Fiji', 'Samoa', 'American Samoa', 'Niue', 'New Zealand']","[-18.1339, -17.6036, -13.826, -14.2765, -19.0532, -36.8402]","[178.4235, 177.4387, -171.7622, -170.6854, -169.9217, 174.7721]","['Tropical Southwestern Pacific', 'Tropical Southwestern Pacific', 'Central Polynesia', 'Central Polynesia', 'Tropical Southwestern Pacific', 'Northern New Zealand']","[0.0, 12.692798969308727, 68.32390498485098, 12.344052658565793, 27.65494257739647, 103.89833548636669]","[np.float64(12.665026883871542), np.float64(44.443208158132585), np.float64(6.423742098163673), np.float64(63.284057027509405), np.float64(54.23520671462612), 0.0]",16.9152,393.3002,AUCKLAND
syn_06083,2,General Cargo,8378.0,5,"['SUVA', 'APIA', 'PAGO PAGO HARBOR', 'ALOFI', 'AUCKLAND']","['Fiji', 'Samoa', 'American Samoa', 'Niue', 'New Zealand']","[-18.1339, -13.826, -14.2765, -19.0532, -36.8402]","[178.4235, -171.7622, -170.6854, -169.9217, 174.7721]","['Tropical Southwestern Pacific', 'Central Polynesia', 'Central Polynesia', 'Tropical Southwestern Pacific', 'Northern New Zealand']","[0.0, 60.420457213477874, 19.614060878575643, 20.596273043963073, 292.98482089995633]","[np.float64(28.2870149029009), np.float64(9.914525941382045), np.float64(14.311471185565452), np.float64(31.720427759603623), 0.0]",19.9104,449.562,AUCKLAND
syn_06084,2,General Cargo,8378.0,6,"['SUVA', 'APIA', 'RAROTONGA', 'AITUTAKI', 'ALOFI', 'AUCKLAND']","['Fiji', 'Samoa', 'Cook Islands', 'Cook Islands', 'Niue', 'New Zealand']","[-18.1339, -13.826, -21.2046, -18.8505, -19.0532, -36.8402]","[178.4235, -171.7622, -159.7843, -159.8111, -169.9217, 174.7721]","['Tropical Southwestern Pacific', 'Central Polynesia', 'Southeast Polynesia', 'Southeast Polynesia', 'Tropical Southwestern Pacific', 'Northern New Zealand']","[0.0, 66.65543568038035, 61.301155863953674, 17.89510087045458, 105.67760994592766, 133.63859731636762]","[np.float64(8.102951492275087), np.float64(7.792569377498058), np.float64(47.99853735059434), np.float64(23.960797349809138), np.float64(46.49711431393546), 0.0]",21.6467,511.4169,AUCKLAND
syn_06085,2,Container,22314.0,5,"['SUVA', 'APIA', 'PAGO PAGO HARBOR', 'RAROTONGA', 'AUCKLAND']","['Fiji', 'Samoa', 'American Samoa', 'Cook Islands', 'New Zealand']","[-18.1339, -13.826, -14.2765, -21.2046, -36.8402]","[178.4235, -171.7622, -170.6854, -159.7843, 174.7721]","['Tropical Southwestern Pacific', 'Central Polynesia', 'Central Polynesia', 'Southeast Polynesia', 'Northern New Zealand']","[0.0, 61.160213412311585, 14.817494015350967, 64.2227400763499, 246.723732267182]","[np.float64(22.456696063941127), np.float64(17.088291954462164), np.float64(32.439904130605015), np.float64(8.724686493978854), 0.0]",19.4847,445.1771,AUCKLAND
syn_06086,2,Container,22708.0,5,"['APIA', 'PAGO PAGO HARBOR', 'RAROTONGA', ""NUKU'ALOFA"", 'AUCKLAND']","['Samoa', 'American Samoa', 'Cook Islands', 'Tonga', 'New Zealand']","[-13.826, -14.2765, -21.2046, -21.1362, -36.8402]","[-171.7622, -170.6854, -159.7843, -175.1806, 174.7721]","['Central Polynesia', 'Central Polynesia', 'Southeast Polynesia', 'Tropical Southwestern Pacific', 'Northern New Zealand']","[0.0, 5.269711461607795, 65.78306243697521, 107.56870714534871, 108.83502666261539]","[np.float64(8.655744035372559), np.float64(39.16802053950409), np.float64(47.622937987153946), np.float64(13.603615011071925), 0.0]",16.5211,387.8511,AUCKLAND
syn_06087,2,Container,8252.0,7,"['PAGO PAGO HARBOR', 'APIA', 'ALOFI', 'RAROTONGA', 'AITUTAKI', ""NUKU'ALOFA"", 'AUCKLAND']","['American Samoa', 'Samoa', 'Niue', 'Cook Islands', 'Cook Islands', 'Tonga', 'New Zealand']","[-14.2765, -13.826, -19.0532, -21.2046, -18.8505, -21.1362, -36.8402]","[-170.6854, -171.7622, -169.9217, -159.7843, -159.8111, -175.1806, 174.7721]","['Central Polynesia', 'Central Polynesia', 'Tropical Southwestern Pacific', 'Southeast Polynesia', 'Southeast Polynesia', 'Tropical Southwestern Pacific', 'Northern New Zealand']","[0.0, 12.040559115273183, 20.485046117410658, 65.72079211440894, 8.501000822932454, 73.02625193854345, 101.7634850959208]","[np.float64(84.57102618444834), np.float64(11.242492548090505), np.float64(20.356127052123508), np.float64(49.31791904559671), np.float64(28.270585876723707), np.float64(7.308584219736212), 0.0]",20.1085,398.0328,AUCKLAND
syn_06088,2,General Cargo,8378.0,7,"['SUVA', 'APIA', 'RAROTONGA', 'AITUTAKI', 'ALOFI', ""NUKU'ALOFA"", 'AUCKLAND']","['Fiji', 'Samoa', 'Cook Islands', 'Cook Islands', 'Niue', 'Tonga', 'New Zealand']","[-18.1339, -13.826, -21.2046, -18.8505, -19.0532, -21.1362, -36.8402]","[178.4235, -171.7622, -159.7843, -159.8111, -169.9217, -175.1806, 174.7721]","['Tropical Southwestern Pacific', 'Central Polynesia', 'Southeast Polynesia', 'Southeast Polynesia', 'Tropical Southwestern Pacific', 'Tropical Southwestern Pacific', 'Northern New Zealand']","[0.0, 93.25071980864826, 76.56311694547385, 16.837675792778796, 131.70502205722866, 40.68615581637065, 93.7666851479087]","[np.float64(38.732985393039385), np.float64(11.219781778000604), np.float64(26.94190878309478), np.float64(25.166375017272287), np.float64(36.9313523020689), np.float64(24.152482965802466), 0.0]",25.6648,577.2213,AUCKLAND
syn_06089,2,Container,22968.0,7,"['PAPEETE', 'LAUTOKA', 'NOUMEA', 'BRISBANE', 'BOTANY', 'MELBOURNE', 'TAURANGA']","['French Polynesia', 'Fiji', 'New Caledonia', 'Australia', 'Australia', 'Australia', 'New Zealand']","[-17.5374, -17.6036, -22.2633, -27.3765, -33.9682, -37.844, -37.6444]","[-149.5753, 177.4387, 166.4317, 153.1665, 151.2149, 144.905, 176.1819]","['Southeast Polynesia', 'Tropical Southwestern Pacific', 'Tropical Southwestern Pacific', 'East Central Australian Shelf', 'East Central Australian Shelf', 'Southeast Australian Shelf', 'Northern New Zealand']","[0.0, 157.1476624680981, 58.29692631725212, 152.12360979238377, 35.03391281221416, 36.69725210866466, 301.3474056307952]","[8.526069992836211, np.float64(27.307098779366505), 14.019784939387295, 15.01474468792298, 45.76366810098127, 22.436993415838135, 0.0]",36.4048,865.1891,TAURANGA
syn_06090,2,Container,22314.0,5,"['POHNPEI', 'SUVA', 'APIA', 'PAGO PAGO HARBOR', 'TAURANGA']","['Micronesia', 'Fiji', 'Samoa', 'American Samoa', 'New Zealand']","[6.9793, -18.1339, -13.826, -14.2765, -37.6444]","[158.201, 178.4235, -171.7622, -170.6854, 176.1819]","['Tropical Northwestern Pacific', 'Tropical Southwestern Pacific', 'Central Polynesia', 'Central Polynesia', 'Northern New Zealand']","[0.0, 128.58293633778493, 62.87560162752641, 19.029789497725254, 120.63440899746016]","[15.491382569579883, np.float64(8.567786629900905), np.float64(15.61766729771103), np.float64(17.101830487271215), 0.0]",16.1626,372.41,TAURANGA
syn_06091,2,General Cargo,5642.0,7,"['VILA', 'NOUMEA', 'SUVA', 'FUNAFUTI', 'MAT_Ã\x8aÂ»UTU', 'SIGAV_', 'AUCKLAND']","['Vanuatu', 'New Caledonia', 'Fiji', 'Tuvalu', 'Wallis And Futuna', 'Wallis And Futuna', 'New Zealand']","[-17.754, -22.2633, -18.1339, -8.5032, -13.2857, -14.2964, -36.8402]","[168.3044, 166.4317, 178.4235, 179.1946, -176.1689, -178.1609, 174.7721]","['Tropical Southwestern Pacific', 'Tropical Southwestern Pacific', 'Tropical Southwestern Pacific', 'Marshall, Gilbert and Ellis Islands', 'Central Polynesia', 'Central Polynesia', 'Northern New Zealand']","[0.0, 64.77476458106239, 132.59744043586588, 63.33217225828574, 34.91696235390036, 80.1835874433316, 336.778360261988]","[10.086886660153414, 50.04140466246756, np.float64(12.708520630733924), 62.881117811321495, 83.44384715031346, 10.819649661598417, 0.0]",39.2735,932.4778,AUCKLAND
syn_06092,2,Container,22968.0,5,"['SUVA', 'APIA', 'PAGO PAGO HARBOR', 'RAROTONGA', 'AUCKLAND']","['Fiji', 'Samoa', 'American Samoa', 'Cook Islands', 'New Zealand']","[-18.1339, -13.826, -14.2765, -21.2046, -36.8402]","[178.4235, -171.7622, -170.6854, -159.7843, 174.7721]","['Tropical Southwestern Pacific', 'Central Polynesia', 'Central Polynesia', 'Southeast Polynesia', 'Northern New Zealand']","[0.0, 65.08619084877132, 16.33077208051396, 170.27039805491475, 128.84420984012883]","[np.float64(38.387048628755885), np.float64(10.895113902581421), np.float64(21.072475353378064), np.float64(67.45223868983314), 0.0]",21.5974,479.9514,AUCKLAND
syn_06093,2,General Cargo,8378.0,7,"['LAUTOKA', 'SUVA', 'APIA', 'PAGO PAGO HARBOR', 'RAROTONGA', 'AITUTAKI', 'AUCKLAND']","['Fiji', 'Fiji', 'Samoa', 'American Samoa', 'Cook Islands', 'Cook Islands', 'New Zealand']","[-17.6036, -18.1339, -13.826, -14.2765, -21.2046, -18.8505, -36.8402]","[177.4387, 178.4235, -171.7622, -170.6854, -159.7843, -159.8111, 174.7721]","['Tropical Southwestern Pacific', 'Tropical Southwestern Pacific', 'Central Polynesia', 'Central Polynesia', 'Southeast Polynesia', 'Southeast Polynesia', 'Northern New Zealand']","[0.0, 12.977857931517937, 54.249631888131326, 11.423330661741465, 129.75351219507075, 8.291725971399938, 193.94527849954383]","[np.float64(30.22383037010928), np.float64(18.043687617400085), np.float64(26.30365831316793), np.float64(32.676047901450644), np.float64(128.35464573601618), np.float64(29.549284530571423), 0.0]",28.158,645.5687,AUCKLAND
syn_06094,2,Container,22708.0,7,"['SUVA', 'LAUTOKA', 'PAGO PAGO HARBOR', 'APIA', 'RAROTONGA', 'AITUTAKI', 'AUCKLAND']","['Fiji', 'Fiji', 'American Samoa', 'Samoa', 'Cook Islands', 'Cook Islands', 'New Zealand']","[-18.1339, -17.6036, -14.2765, -13.826, -21.2046, -18.8505, -36.8402]","[178.4235, 177.4387, -170.6854, -171.7622, -159.7843, -159.8111, 174.7721]","['Tropical Southwestern Pacific', 'Tropical Southwestern Pacific', 'Central Polynesia', 'Central Polynesia', 'Southeast Polynesia', 'Southeast Polynesia', 'Northern New Zealand']","[0.0, 17.987909437903, 80.68684315705978, 7.943564250407894, 78.18646688493988, 6.532403964546178, 214.0655207349366]","[np.float64(27.381746499644272), np.float64(39.23236581365589), np.float64(42.585242412757), np.float64(19.933173623392843), np.float64(41.892009848007476), np.float64(127.05935744856308), 0.0]",29.3119,676.1049,AUCKLAND
syn_06095,2,Container,22314.0,6,"['LAUTOKA', 'SUVA', 'APIA', 'RAROTONGA', 'AITUTAKI', 'AUCKLAND']","['Fiji', 'Fiji', 'Samoa', 'Cook Islands', 'Cook Islands', 'New Zealand']","[-17.6036, -18.1339, -13.826, -21.2046, -18.8505, -36.8402]","[177.4387, 178.4235, -171.7622, -159.7843, -159.8111, 174.7721]","['Tropical Southwestern Pacific', 'Tropical Southwestern Pacific', 'Central Polynesia', 'Southeast Polynesia', 'Southeast Polynesia', 'Northern New Zealand']","[0.0, 9.040293112548808, 67.07282100125491, 196.9843753535172, 5.348514706782164, 200.77474083589928]","[np.float64(81.95606755608276), np.float64(8.755550522195232), np.float64(6.082704006315348), np.float64(108.80165914587762), np.float64(18.416297491210514), 0.0]",29.3014,621.277,AUCKLAND
syn_06096,2,General Cargo,8378.0,7,"['APIA', 'PAGO PAGO HARBOR', 'RAROTONGA', 'AITUTAKI', 'ALOFI', ""NUKU'ALOFA"", 'AUCKLAND']","['Samoa', 'American Samoa', 'Cook Islands', 'Cook Islands', 'Niue', 'Tonga', 'New Zealand']","[-13.826, -14.2765, -21.2046, -18.8505, -19.0532, -21.1362, -36.8402]","[-171.7622, -170.6854, -159.7843, -159.8111, -169.9217, -175.1806, 174.7721]","['Central Polynesia', 'Central Polynesia', 'Southeast Polynesia', 'Southeast Polynesia', 'Tropical Southwestern Pacific', 'Tropical Southwestern Pacific', 'Northern New Zealand']","[0.0, 9.004428661547644, 66.69525710615335, 9.759973586222932, 48.460462166517246, 43.403606703798644, 93.505123794533]","[np.float64(35.51181456539692), np.float64(36.072304116995554), np.float64(24.24392801140991), np.float64(57.380039367077934), np.float64(52.520112852970456), np.float64(7.855159911296059), 0.0]",20.1838,448.9004,AUCKLAND
syn_06097,2,General Cargo,8378.0,7,"['SUVA', 'LAUTOKA', 'APIA', 'PAGO PAGO HARBOR', 'RAROTONGA', 'AITUTAKI', 'AUCKLAND']","['Fiji', 'Fiji', 'Samoa', 'American Samoa', 'Cook Islands', 'Cook Islands', 'New Zealand']","[-18.1339, -17.6036, -13.826, -14.2765, -21.2046, -18.8505, -36.8402]","[178.4235, 177.4387, -171.7622, -170.6854, -159.7843, -159.8111, 174.7721]","['Tropical Southwestern Pacific', 'Tropical Southwestern Pacific', 'Central Polynesia', 'Central Polynesia', 'Southeast Polynesia', 'Southeast Polynesia', 'Northern New Zealand']","[0.0, 7.2736299273169935, 66.39770739930965, 9.122445683038611, 90.55791058299658, 15.138780153274482, 392.77438396847236]","[np.float64(57.18183510144539), np.float64(27.907691086620837), np.float64(38.784551149830925), np.float64(67.41067818447321), np.float64(51.658334462233434), np.float64(38.10402996295691), 0.0]",35.9297,805.1301,AUCKLAND
syn_06098,2,Container,22708.0,6,"['SUVA', 'LAUTOKA', 'APIA', 'PAGO PAGO HARBOR', 'RAROTONGA', 'AUCKLAND']","['Fiji', 'Fiji', 'Samoa', 'American Samoa', 'Cook Islands', 'New Zealand']","[-18.1339, -17.6036, -13.826, -14.2765, -21.2046, -36.8402]","[178.4235, 177.4387, -171.7622, -170.6854, -159.7843, 174.7721]","['Tropical Southwestern Pacific', 'Tropical Southwestern Pacific', 'Central Polynesia', 'Central Polynesia', 'Southeast Polynesia', 'Northern New Zealand']","[0.0, 9.966323299070606, 49.200145651241876, 17.259680016901452, 115.01193088212489, 249.15785745879185]","[np.float64(15.508549107797291), np.float64(67.07648518907241), np.float64(13.887905623995156), np.float64(43.91933922915115), np.float64(46.62295760019022), 0.0]",26.1505,612.1026,AUCKLAND
syn_06099,2,General Cargo,20202.0,7,"['LAUTOKA', 'APIA', 'PAGO PAGO HARBOR', 'ALOFI', 'NEIAFU', ""NUKU'ALOFA"", 'AUCKLAND']","['Fiji', 'Samoa', 'American Samoa', 'Niue', 'Tonga', 'Tonga', 'New Zealand']","[-17.6036, -13.826, -14.2765, -19.0532, -18.6529, -21.1362, -36.8402]","[177.4387, -171.7622, -170.6854, -169.9217, -173.9852, -175.1806, 174.7721]","['Tropical Southwestern Pacific', 'Central Polynesia', 'Central Polynesia', 'Tropical Southwestern Pacific', 'Tropical Southwestern Pacific', 'Tropical Southwestern Pacific', 'Northern New Zealand']","[0.0, 63.31626930562319, 10.79370926414418, 38.72484136257362, 83.41611853121287, 43.57147200060611, 98.34884568330389]","[np.float64(27.964270894623787), np.float64(8.520818463583268), np.float64(26.843061153725905), np.float64(24.697482044892883), np.float64(12.24927429177288), np.float64(10.448294172294698), 0.0]",18.7039,420.9302,AUCKLAND
syn_06100,2,Container,8252.0,7,"['SUVA', 'APIA', 'PAGO PAGO HARBOR', 'ALOFI', 'NEIAFU', ""NUKU'ALOFA"", 'AUCKLAND']","['Fiji', 'Samoa', 'American Samoa', 'Niue', 'Tonga', 'Tonga', 'New Zealand']","[-18.1339, -13.826, -14.2765, -19.0532, -18.6529, -21.1362, -36.8402]","[178.4235, -171.7622, -170.6854, -169.9217, -173.9852, -175.1806, 174.7721]","['Tropical Southwestern Pacific', 'Central Polynesia', 'Central Polynesia', 'Tropical Southwestern Pacific', 'Tropical Southwestern Pacific', 'Tropical Southwestern Pacific', 'Northern New Zealand']","[0.0, 62.75886149368259, 18.112711547734555, 49.83021040478831, 28.117987455380806, 20.673830428618032, 114.12519576465857]","[np.float64(15.033238092894813), np.float64(15.169872839338678), np.float64(99.11562795934181), np.float64(131.20073727372983), np.float64(9.166003046816053), np.float64(15.025301225766047), 0.0]",24.0971,563.2963,AUCKLAND
syn_06101,2,General Cargo,20202.0,7,"['VUDA', 'SUVA', 'PAGO PAGO HARBOR', 'APIA', 'RAROTONGA', 'AITUTAKI', 'AUCKLAND']","['Fiji', 'Fiji', 'American Samoa', 'Samoa', 'Cook Islands', 'Cook Islands', 'New Zealand']","[-17.6861, -18.1339, -14.2765, -13.826, -21.2046, -18.8505, -36.8402]","[177.3849, 178.4235, -170.6854, -171.7622, -159.7843, -159.8111, 174.7721]","['Tropical Southwestern Pacific', 'Tropical Southwestern Pacific', 'Central Polynesia', 'Central Polynesia', 'Southeast Polynesia', 'Southeast Polynesia', 'Northern New Zealand']","[0.0, 6.995680322489806, 78.14337626651667, 6.097001483103682, 105.19841330729443, 17.36976150033741, 187.16428066973373]","[31.730441262479392, np.float64(70.50375432979675), np.float64(49.230343114178574), np.float64(31.636818123144817), np.float64(106.85325728451862), np.float64(21.05368075645266), 0.0]",29.6657,680.2464,AUCKLAND
syn_06102,2,Container,22968.0,7,"['SUVA', 'APIA', 'PAGO PAGO HARBOR', 'RAROTONGA', ""NUKU'ALOFA"", 'NEIAFU', 'AUCKLAND']","['Fiji', 'Samoa', 'American Samoa', 'Cook Islands', 'Tonga', 'Tonga', 'New Zealand']","[-18.1339, -13.826, -14.2765, -21.2046, -21.1362, -18.6529, -36.8402]","[178.4235, -171.7622, -170.6854, -159.7843, -175.1806, -173.9852, 174.7721]","['Tropical Southwestern Pacific', 'Central Polynesia', 'Central Polynesia', 'Southeast Polynesia', 'Tropical Southwestern Pacific', 'Tropical Southwestern Pacific', 'Northern New Zealand']","[0.0, 75.77333165669299, 17.51964921905678, 90.03350590364663, 89.52501803305545, 16.781221624815675, 136.54268537141488]","[np.float64(54.391629055810995), np.float64(7.621914288958005), np.float64(18.268995739176862), np.float64(40.33119917297311), np.float64(31.93124420949834), np.float64(19.10232902062166), 0.0]",24.9093,543.4311,AUCKLAND
syn_06103,2,General Cargo,20202.0,7,"['SUVA', 'APIA', 'PAGO PAGO HARBOR', 'RAROTONGA', 'AITUTAKI', ""NUKU'ALOFA"", 'AUCKLAND']","['Fiji', 'Samoa', 'American Samoa', 'Cook Islands', 'Cook Islands', 'Tonga', 'New Zealand']","[-18.1339, -13.826, -14.2765, -21.2046, -18.8505, -21.1362, -36.8402]","[178.4235, -171.7622, -170.6854, -159.7843, -159.8111, -175.1806, 174.7721]","['Tropical Southwestern Pacific', 'Central Polynesia', 'Central Polynesia', 'Southeast Polynesia', 'Southeast Polynesia', 'Tropical Southwestern Pacific', 'Northern New Zealand']","[0.0, 60.09689930329842, 9.354334345674475, 112.74701747473745, 10.558002036868139, 77.17698935692438, 98.52491113787389]","[np.float64(82.13835805473548), np.float64(72.2544470961012), np.float64(35.185922210458266), np.float64(27.081626892853453), np.float64(22.604523583829845), np.float64(18.632491489994877), 0.0]",26.0981,544.2172,AUCKLAND
syn_06104,2,General Cargo,8378.0,7,"['SUVA', 'APIA', 'PAGO PAGO HARBOR', 'ALOFI', 'NEIAFU', ""NUKU'ALOFA"", 'AUCKLAND']","['Fiji', 'Samoa', 'American Samoa', 'Niue', 'Tonga', 'Tonga', 'New Zealand']","[-18.1339, -13.826, -14.2765, -19.0532, -18.6529, -21.1362, -36.8402]","[178.4235, -171.7622, -170.6854, -169.9217, -173.9852, -175.1806, 174.7721]","['Tropical Southwestern Pacific', 'Central Polynesia', 'Central Polynesia', 'Tropical Southwestern Pacific', 'Tropical Southwestern Pacific', 'Tropical Southwestern Pacific', 'Northern New Zealand']","[0.0, 68.63573213316656, 7.44211583729641, 22.72399373934495, 47.73400539268869, 28.732762979070625, 83.56584475477023]","[np.float64(25.42059935228584), np.float64(26.756565928707225), np.float64(13.6008111650504), np.float64(95.68941359525759), np.float64(6.345767153441799), np.float64(7.696196418435936), 0.0]",18.0977,408.9232,AUCKLAND
syn_06105,2,Container,22314.0,6,"['LONG ISLAND POINT', 'SUVA', 'PAPEETE', 'NADI BAY', 'VUDA', 'NEW PLYMOUTH']","['Australia', 'Fiji', 'French Polynesia', 'Fiji', 'Fiji', 'New Zealand']","[-38.2983, -18.1339, -17.5374, -17.7162, -17.6861, -39.0577]","[145.2386, 178.4235, -149.5753, 177.371, 177.3849, 174.0346]","['Southeast Australian Shelf', 'Tropical Southwestern Pacific', 'Southeast Polynesia', 'Tropical Southwestern Pacific', 'Tropical Southwestern Pacific', 'Southern New Zealand']","[0.0, 220.53411574676602, 341.6127055249088, 112.93844853827491, 53.402974182634516, 82.94346677557104]","[10.976942014531902, np.float64(8.650470331486769), 9.797232040135254, 21.129271289908672, 46.56632822847694, 0.0]",37.8563,897.575,NEW PLYMOUTH
syn_06106,2,General Cargo,8378.0,6,"['SUVA', 'APIA', 'PAGO PAGO HARBOR', 'ALOFI', 'NEIAFU', 'AUCKLAND']","['Fiji', 'Samoa', 'American Samoa', 'Niue', 'Tonga', 'New Zealand']","[-18.1339, -13.826, -14.2765, -19.0532, -18.6529, -36.8402]","[178.4235, -171.7622, -170.6854, -169.9217, -173.9852, 174.7721]","['Tropical Southwestern Pacific', 'Central Polynesia', 'Central Polynesia', 'Tropical Southwestern Pacific', 'Tropical Southwestern Pacific', 'Northern New Zealand']","[0.0, 67.94916635702533, 17.822107288222984, 19.1452450490184, 89.29239166777609, 233.14036752436422]","[np.float64(43.92331940394818), np.float64(52.007464332429436), np.float64(43.13610229368706), np.float64(100.19188772421776), np.float64(15.424501823499357), 0.0]",28.418,638.1092,AUCKLAND
syn_06107,2,Container,22314.0,7,"['SUVA', 'LAUTOKA', 'APIA', 'PAGO PAGO HARBOR', 'RAROTONGA', 'AITUTAKI', 'AUCKLAND']","['Fiji', 'Fiji', 'Samoa', 'American Samoa', 'Cook Islands', 'Cook Islands', 'New Zealand']","[-18.1339, -17.6036, -13.826, -14.2765, -21.2046, -18.8505, -36.8402]","[178.4235, 177.4387, -171.7622, -170.6854, -159.7843, -159.8111, 174.7721]","['Tropical Southwestern Pacific', 'Tropical Southwestern Pacific', 'Central Polynesia', 'Central Polynesia', 'Southeast Polynesia', 'Southeast Polynesia', 'Northern New Zealand']","[0.0, 13.533457796749072, 54.76467627881266, 11.471919184259654, 95.99523772207901, 16.332931596033315, 228.32743845843996]","[np.float64(33.46899742550109), np.float64(133.7432015734623), np.float64(15.871716346870226), np.float64(21.680667611933103), np.float64(54.20636309864744), np.float64(46.17763616420861), 0.0]",30.2323,692.1052,AUCKLAND
syn_06108,2,General Cargo,20202.0,6,"['LONG ISLAND POINT', 'SUVA', 'PAPEETE', 'NADI BAY', 'VUDA', 'NEW PLYMOUTH']","['Australia', 'Fiji', 'French Polynesia', 'Fiji', 'Fiji', 'New Zealand']","[-38.2983, -18.1339, -17.5374, -17.7162, -17.6861, -39.0577]","[145.2386, 178.4235, -149.5753, 177.371, 177.3849, 174.0346]","['Southeast Australian Shelf', 'Tropical Southwestern Pacific', 'Southeast Polynesia', 'Tropical Southwestern Pacific', 'Tropical Southwestern Pacific', 'Southern New Zealand']","[0.0, 232.9614387117459, 147.26339798795223, 269.75199383347876, 63.78785386574646, 153.69025199212354]","[31.81274927024588, np.float64(7.355845617200856), 14.414118137881724, 37.970518175556464, 12.187679031835145, 0.0]",40.4665,939.3831,NEW PLYMOUTH
syn_06109,2,General Cargo,5642.0,7,"['SUVA', 'APIA', 'PAGO PAGO HARBOR', 'RAROTONGA', 'AITUTAKI', 'NEIAFU', 'AUCKLAND']","['Fiji', 'Samoa', 'American Samoa', 'Cook Islands', 'Cook Islands', 'Tonga', 'New Zealand']","[-18.1339, -13.826, -14.2765, -21.2046, -18.8505, -18.6529, -36.8402]","[178.4235, -171.7622, -170.6854, -159.7843, -159.8111, -173.9852, 174.7721]","['Tropical Southwestern Pacific', 'Central Polynesia', 'Central Polynesia', 'Southeast Polynesia', 'Southeast Polynesia', 'Tropical Southwestern Pacific', 'Northern New Zealand']","[0.0, 77.16140186733949, 5.502900624159643, 79.95605115241253, 12.284568947114762, 86.4516613519668, 186.1832989704055]","[np.float64(44.896860823542774), np.float64(12.201716646370725), np.float64(41.27929821267998), np.float64(16.641958864748474), np.float64(18.09127684188888), np.float64(23.570850976381394), 0.0]",25.1759,559.325,AUCKLAND
syn_06110,2,General Cargo,20202.0,7,"['SUVA', 'LAUTOKA', 'PAGO PAGO HARBOR', 'APIA', 'ALOFI', 'RAROTONGA', 'AUCKLAND']","['Fiji', 'Fiji', 'American Samoa', 'Samoa', 'Niue', 'Cook Islands', 'New Zealand']","[-18.1339, -17.6036, -14.2765, -13.826, -19.0532, -21.2046, -36.8402]","[178.4235, 177.4387, -170.6854, -171.7622, -169.9217, -159.7843, 174.7721]","['Tropical Southwestern Pacific', 'Tropical Southwestern Pacific', 'Central Polynesia', 'Central Polynesia', 'Tropical Southwestern Pacific', 'Southeast Polynesia', 'Northern New Zealand']","[0.0, 6.649414992640762, 164.0671856068544, 7.477437884271957, 83.14396034416343, 71.46248159130803, 291.12678171622167]","[np.float64(10.625948449769302), np.float64(26.37547308886344), np.float64(22.835522978899238), np.float64(24.328849748590468), np.float64(55.72282814334746), np.float64(27.350204020058843), 0.0]",32.9653,780.5401,AUCKLAND
syn_06111,2,General Cargo,20202.0,7,"['SUVA', 'LAUTOKA', 'APIA', 'PAGO PAGO HARBOR', 'RAROTONGA', 'AITUTAKI', 'AUCKLAND']","['Fiji', 'Fiji', 'Samoa', 'American Samoa', 'Cook Islands', 'Cook Islands', 'New Zealand']","[-18.1339, -17.6036, -13.826, -14.2765, -21.2046, -18.8505, -36.8402]","[178.4235, 177.4387, -171.7622, -170.6854, -159.7843, -159.8111, 174.7721]","['Tropical Southwestern Pacific', 'Tropical Southwestern Pacific', 'Central Polynesia', 'Central Polynesia', 'Southeast Polynesia', 'Southeast Polynesia', 'Northern New Zealand']","[0.0, 9.647947945770047, 147.24144288248715, 11.815267259180303, 83.86522890383054, 12.11168091787473, 339.99259338709066]","[np.float64(17.875647422065413), np.float64(8.269065661685636), np.float64(8.06663425057648), np.float64(9.61834789247138), np.float64(14.616098800741499), np.float64(73.57534047583441), 0.0]",30.6956,718.8196,AUCKLAND
syn_06112,2,Container,8252.0,6,"['NADI BAY', 'VUDA', 'SUVA', 'PAGO PAGO HARBOR', 'APIA', 'TAURANGA']","['Fiji', 'Fiji', 'Fiji', 'American Samoa', 'Samoa', 'New Zealand']","[-17.7162, -17.6861, -18.1339, -14.2765, -13.826, -37.6444]","[177.371, 177.3849, 178.4235, -170.6854, -171.7622, 176.1819]","['Tropical Southwestern Pacific', 'Tropical Southwestern Pacific', 'Tropical Southwestern Pacific', 'Central Polynesia', 'Central Polynesia', 'Northern New Zealand']","[0.0, 42.779316746107014, 12.722962066538024, 67.89304026221804, 9.73656327530498, 139.9971867496053]","[18.65435068505189, 25.304456633924957, np.float64(13.095623014663824), np.float64(25.295651534084957), np.float64(13.282079299107608), 0.0]",15.3651,350.1069,TAURANGA
syn_06113,2,General Cargo,8378.0,7,"['LONG ISLAND POINT', 'SUVA', 'PAPEETE', 'NADI BAY', 'VUDA', 'MALAU', 'AUCKLAND']","['Australia', 'Fiji', 'French Polynesia', 'Fiji', 'Fiji', 'Fiji', 'New Zealand']","[-38.2983, -18.1339, -17.5374, -17.7162, -17.6861, -16.3591, -36.8402]","[145.2386, 178.4235, -149.5753, 177.371, 177.3849, 179.3631, 174.7721]","['Southeast Australian Shelf', 'Tropical Southwestern Pacific', 'Southeast Polynesia', 'Tropical Southwestern Pacific', 'Tropical Southwestern Pacific', 'Tropical Southwestern Pacific', 'Northern New Zealand']","[0.0, 192.54391022944455, 218.27886098632342, 412.93895016038994, 35.00456166195088, 20.67878557989869, 99.29731837736915]","[53.82381601751322, np.float64(26.04575402517553), 77.57363154808998, 12.399608225925546, 8.756228852167665, 10.014278482605476, 0.0]",48.6398,1113.5319,AUCKLAND
syn_06114,2,General Cargo,20202.0,7,"['SUVA', 'LAUTOKA', 'APIA', 'PAGO PAGO HARBOR', 'RAROTONGA', 'AITUTAKI', 'AUCKLAND']","['Fiji', 'Fiji', 'Samoa', 'American Samoa', 'Cook Islands', 'Cook Islands', 'New Zealand']","[-18.1339, -17.6036, -13.826, -14.2765, -21.2046, -18.8505, -36.8402]","[178.4235, 177.4387, -171.7622, -170.6854, -159.7843, -159.8111, 174.7721]","['Tropical Southwestern Pacific', 'Tropical Southwestern Pacific', 'Central Polynesia', 'Central Polynesia', 'Southeast Polynesia', 'Southeast Polynesia', 'Northern New Zealand']","[0.0, 7.757808697660279, 99.15311693110807, 10.083043231506217, 105.29298001202899, 12.43401832042815, 337.3138873906224]","[np.float64(32.0095256708145), np.float64(85.91466982355917), np.float64(32.47644943973522), np.float64(26.340225276618288), np.float64(43.410408747266196), np.float64(10.38471069543858), 0.0]",33.4405,770.5613,AUCKLAND
syn_06115,2,Container,5923.0,6,"['SUVA', 'APIA', 'RAROTONGA', 'AITUTAKI', ""NUKU'ALOFA"", 'AUCKLAND']","['Fiji', 'Samoa', 'Cook Islands', 'Cook Islands', 'Tonga', 'New Zealand']","[-18.1339, -13.826, -21.2046, -18.8505, -21.1362, -36.8402]","[178.4235, -171.7622, -159.7843, -159.8111, -175.1806, 174.7721]","['Tropical Southwestern Pacific', 'Central Polynesia', 'Southeast Polynesia', 'Southeast Polynesia', 'Tropical Southwestern Pacific', 'Northern New Zealand']","[0.0, 68.86158981234621, 66.34689203016072, 5.054397919888608, 50.4633243140498, 127.69771819040116]","[np.float64(98.39327148685408), np.float64(17.750661855810062), np.float64(26.458730855255094), np.float64(43.180946806588445), np.float64(22.46365112647248), 0.0]",21.9446,428.2779,AUCKLAND
syn_06116,2,General Cargo,8378.0,6,"['SUVA', 'APIA', 'RAROTONGA', 'AITUTAKI', 'ALOFI', 'AUCKLAND']","['Fiji', 'Samoa', 'Cook Islands', 'Cook Islands', 'Niue', 'New Zealand']","[-18.1339, -13.826, -21.2046, -18.8505, -19.0532, -36.8402]","[178.4235, -171.7622, -159.7843, -159.8111, -169.9217, 174.7721]","['Tropical Southwestern Pacific', 'Central Polynesia', 'Southeast Polynesia', 'Southeast Polynesia', 'Tropical Southwestern Pacific', 'Northern New Zealand']","[0.0, 73.48801234056387, 124.77915687415073, 14.867185820999156, 58.51076681138332, 138.1533492784694]","[np.float64(32.99178141352043), np.float64(51.72459765791845), np.float64(23.764082108888694), np.float64(31.644371961465126), np.float64(61.611946345692914), 0.0]",25.4806,578.5435,AUCKLAND
syn_06117,2,Container,22314.0,7,"['SUVA', 'PAGO PAGO HARBOR', 'APIA', 'ALOFI', 'RAROTONGA', 'AITUTAKI', 'AUCKLAND']","['Fiji', 'American Samoa', 'Samoa', 'Niue', 'Cook Islands', 'Cook Islands', 'New Zealand']","[-18.1339, -14.2765, -13.826, -19.0532, -21.2046, -18.8505, -36.8402]","[178.4235, -170.6854, -171.7622, -169.9217, -159.7843, -159.8111, 174.7721]","['Tropical Southwestern Pacific', 'Central Polynesia', 'Central Polynesia', 'Tropical Southwestern Pacific', 'Southeast Polynesia', 'Southeast Polynesia', 'Northern New Zealand']","[0.0, 72.16739142381806, 6.435730874446658, 31.431624224883485, 63.2897533461202, 6.805558726875321, 167.30821105563223]","[np.float64(27.112968802262856), np.float64(44.464941435166125), np.float64(56.01456617979395), np.float64(102.13112289208851), np.float64(54.055574683473814), np.float64(51.3324915422088), 0.0]",28.4396,655.437,AUCKLAND
syn_06118,2,General Cargo,20202.0,6,"['LAUTOKA', 'SUVA', 'APIA', 'RAROTONGA', 'AITUTAKI', 'AUCKLAND']","['Fiji', 'Fiji', 'Samoa', 'Cook Islands', 'Cook Islands', 'New Zealand']","[-17.6036, -18.1339, -13.826, -21.2046, -18.8505, -36.8402]","[177.4387, 178.4235, -171.7622, -159.7843, -159.8111, 174.7721]","['Tropical Southwestern Pacific', 'Tropical Southwestern Pacific', 'Central Polynesia', 'Southeast Polynesia', 'Southeast Polynesia', 'Northern New Zealand']","[0.0, 9.287068967814166, 64.8276011800277, 87.44020131030983, 13.711997259974673, 230.51898202540522]","[np.float64(14.442122147210245), np.float64(9.528773287962922), np.float64(15.801801549059476), np.float64(20.07338567883011), np.float64(6.9871728289278305), 0.0]",19.6925,458.177,AUCKLAND
syn_06119,2,General Cargo,8378.0,5,"['SUVA', 'APIA', 'PAGO PAGO HARBOR', ""NUKU'ALOFA"", 'TAURANGA']","['Fiji', 'Samoa', 'American Samoa', 'Tonga', 'New Zealand']","[-18.1339, -13.826, -14.2765, -21.1362, -37.6444]","[178.4235, -171.7622, -170.6854, -175.1806, 176.1819]","['Tropical Southwestern Pacific', 'Central Polynesia', 'Central Polynesia', 'Tropical Southwestern Pacific', 'Northern New Zealand']","[0.0, 74.17617628870553, 11.03984456887551, 58.21009878306964, 147.59783169355927]","[np.float64(54.41205877326), np.float64(65.56118454976134), np.float64(9.138818680411267), np.float64(10.644009421814763), 0.0]",17.9492,376.368,TAURANGA
syn_06120,2,Container,22968.0,6,"['SUVA', 'APIA', 'RAROTONGA', 'AITUTAKI', ""NUKU'ALOFA"", 'AUCKLAND']","['Fiji', 'Samoa', 'Cook Islands', 'Cook Islands', 'Tonga', 'New Zealand']","[-18.1339, -13.826, -21.2046, -18.8505, -21.1362, -36.8402]","[178.4235, -171.7622, -159.7843, -159.8111, -175.1806, 174.7721]","['Tropical Southwestern Pacific', 'Central Polynesia', 'Southeast Polynesia', 'Southeast Polynesia', 'Tropical Southwestern Pacific', 'Northern New Zealand']","[0.0, 54.738820899324125, 59.328127008778715, 8.829210974898206, 56.38644049160888, 88.13897848328422]","[np.float64(81.17333289290887), np.float64(17.302572180227315), np.float64(65.94079904893071), np.float64(56.50143350669707), np.float64(14.138912186350993), 0.0]",20.9366,421.3053,AUCKLAND
syn_06121,2,Container,22708.0,6,"['APIA', 'PAGO PAGO HARBOR', 'RAROTONGA', 'AITUTAKI', ""NUKU'ALOFA"", 'AUCKLAND']","['Samoa', 'American Samoa', 'Cook Islands', 'Cook Islands', 'Tonga', 'New Zealand']","[-13.826, -14.2765, -21.2046, -18.8505, -21.1362, -36.8402]","[-171.7622, -170.6854, -159.7843, -159.8111, -175.1806, 174.7721]","['Central Polynesia', 'Central Polynesia', 'Southeast Polynesia', 'Southeast Polynesia', 'Tropical Southwestern Pacific', 'Northern New Zealand']","[0.0, 7.557869609114366, 82.39772086542406, 9.426356156786495, 97.27549497886184, 145.95588931625133]","[np.float64(8.548724066787416), np.float64(50.82577240146617), np.float64(112.04332318264429), np.float64(48.21371886128815), np.float64(36.56831565067296), 0.0]",24.9505,590.2645,AUCKLAND
syn_06122,2,Container,8252.0,7,"['SUVA', 'LAUTOKA', 'APIA', 'PAGO PAGO HARBOR', 'ALOFI', 'NEIAFU', 'AUCKLAND']","['Fiji', 'Fiji', 'Samoa', 'American Samoa', 'Niue', 'Tonga', 'New Zealand']","[-18.1339, -17.6036, -13.826, -14.2765, -19.0532, -18.6529, -36.8402]","[178.4235, 177.4387, -171.7622, -170.6854, -169.9217, -173.9852, 174.7721]","['Tropical Southwestern Pacific', 'Tropical Southwestern Pacific', 'Central Polynesia', 'Central Polynesia', 'Tropical Southwestern Pacific', 'Tropical Southwestern Pacific', 'Northern New Zealand']","[0.0, 12.916181749949724, 60.815597396518584, 7.842771425273449, 64.65742576938186, 32.383101186178244, 126.81784394575467]","[np.float64(131.61885149370306), np.float64(25.437341979388002), np.float64(24.676473714124054), np.float64(19.27904721641058), np.float64(11.629688881568745), np.float64(6.04843935549372), 0.0]",21.8384,392.5039,AUCKLAND
syn_06123,2,General Cargo,8378.0,7,"['SUVA', 'PAGO PAGO HARBOR', 'APIA', 'ALOFI', 'RAROTONGA', 'AITUTAKI', 'AUCKLAND']","['Fiji', 'American Samoa', 'Samoa', 'Niue', 'Cook Islands', 'Cook Islands', 'New Zealand']","[-18.1339, -14.2765, -13.826, -19.0532, -21.2046, -18.8505, -36.8402]","[178.4235, -170.6854, -171.7622, -169.9217, -159.7843, -159.8111, 174.7721]","['Tropical Southwestern Pacific', 'Central Polynesia', 'Central Polynesia', 'Tropical Southwestern Pacific', 'Southeast Polynesia', 'Southeast Polynesia', 'Northern New Zealand']","[0.0, 67.76752564877081, 14.302800128931384, 82.92726758033075, 99.25306858989683, 11.563520592115298, 186.5480619233762]","[np.float64(9.797109704014238), np.float64(132.5882210508796), np.float64(15.404561779117426), np.float64(47.484617900530495), np.float64(15.840419048496733), np.float64(29.389945500562575), 0.0]",29.7028,703.07,AUCKLAND
syn_06124,2,General Cargo,8378.0,7,"['LAUTOKA', 'PAGO PAGO HARBOR', 'APIA', 'RAROTONGA', 'ALOFI', ""NUKU'ALOFA"", 'AUCKLAND']","['Fiji', 'American Samoa', 'Samoa', 'Cook Islands', 'Niue', 'Tonga', 'New Zealand']","[-17.6036, -14.2765, -13.826, -21.2046, -19.0532, -21.1362, -36.8402]","[177.4387, -170.6854, -171.7622, -159.7843, -169.9217, -175.1806, 174.7721]","['Tropical Southwestern Pacific', 'Central Polynesia', 'Central Polynesia', 'Southeast Polynesia', 'Tropical Southwestern Pacific', 'Tropical Southwestern Pacific', 'Northern New Zealand']","[0.0, 91.89570721223592, 14.976024105649476, 73.16447546353757, 77.65040592060923, 49.9467308159008, 106.98443919976391]","[np.float64(76.9850793366351), np.float64(22.72507386948781), np.float64(10.279531857545557), np.float64(16.912059234754658), np.float64(17.681422755450264), np.float64(15.688348774745222), 0.0]",23.9537,497.9042,AUCKLAND
syn_06125,2,Container,8252.0,5,"['SUVA', 'APIA', 'PAGO PAGO HARBOR', 'ALOFI', 'AUCKLAND']","['Fiji', 'Samoa', 'American Samoa', 'Niue', 'New Zealand']","[-18.1339, -13.826, -14.2765, -19.0532, -36.8402]","[178.4235, -171.7622, -170.6854, -169.9217, 174.7721]","['Tropical Southwestern Pacific', 'Central Polynesia', 'Central Polynesia', 'Tropical Southwestern Pacific', 'Northern New Zealand']","[0.0, 53.97802980527167, 10.624605285706883, 33.056899450436056, 107.08053062957966]","[np.float64(33.21786770137376), np.float64(10.030376732729849), np.float64(12.805470297099534), np.float64(42.82285171161682), 0.0]",12.6507,270.3988,AUCKLAND
syn_06126,2,General Cargo,8378.0,5,"[""NUKU'ALOFA"", 'APIA', 'PAGO PAGO HARBOR', 'ALOFI', 'AUCKLAND']","['Tonga', 'Samoa', 'American Samoa', 'Niue', 'New Zealand']","[-21.1362, -13.826, -14.2765, -19.0532, -36.8402]","[-175.1806, -171.7622, -170.6854, -169.9217, 174.7721]","['Tropical Southwestern Pacific', 'Central Polynesia', 'Central Polynesia', 'Tropical Southwestern Pacific', 'Northern New Zealand']","[0.0, 68.34062234643514, 16.822090901077264, 36.46395821459941, 244.46977545587092]","[np.float64(9.674068661575982), np.float64(14.84721015901319), np.float64(62.37195979368692), np.float64(73.94801255976235), 0.0]",21.9557,517.2636,AUCKLAND
syn_06127,2,Container,22314.0,6,"['PAGO PAGO HARBOR', 'APIA', 'RAROTONGA', 'AITUTAKI', ""NUKU'ALOFA"", 'AUCKLAND']","['American Samoa', 'Samoa', 'Cook Islands', 'Cook Islands', 'Tonga', 'New Zealand']","[-14.2765, -13.826, -21.2046, -18.8505, -21.1362, -36.8402]","[-170.6854, -171.7622, -159.7843, -159.8111, -175.1806, 174.7721]","['Central Polynesia', 'Central Polynesia', 'Southeast Polynesia', 'Southeast Polynesia', 'Tropical Southwestern Pacific', 'Northern New Zealand']","[0.0, 5.358851189876244, 98.99236631185032, 4.294149849136068, 140.48046295917234, 106.40309444972578]","[np.float64(35.87083622670947), np.float64(7.604169783163968), np.float64(44.429870648941204), np.float64(12.05968443934702), np.float64(16.371240865914864), 0.0]",19.661,435.9939,AUCKLAND
syn_06128,2,General Cargo,8378.0,5,"['SUVA', 'LAUTOKA', 'PAGO PAGO HARBOR', 'APIA', 'TAURANGA']","['Fiji', 'Fiji', 'American Samoa', 'Samoa', 'New Zealand']","[-18.1339, -17.6036, -14.2765, -13.826, -37.6444]","[178.4235, 177.4387, -170.6854, -171.7622, 176.1819]","['Tropical Southwestern Pacific', 'Tropical Southwestern Pacific', 'Central Polynesia', 'Central Polynesia', 'Northern New Zealand']","[0.0, 7.002146297315968, 176.16715281879547, 12.91488222247975, 183.2024875359358]","[np.float64(13.155701675210869), np.float64(58.92194621457133), np.float64(54.89824185485254), np.float64(19.32147353943763), 0.0]",21.8993,512.4283,TAURANGA
syn_06129,2,General Cargo,8378.0,7,"['SUVA', 'APIA', 'PAGO PAGO HARBOR', 'ALOFI', ""NUKU'ALOFA"", 'NEIAFU', 'AUCKLAND']","['Fiji', 'Samoa', 'American Samoa', 'Niue', 'Tonga', 'Tonga', 'New Zealand']","[-18.1339, -13.826, -14.2765, -19.0532, -21.1362, -18.6529, -36.8402]","[178.4235, -171.7622, -170.6854, -169.9217, -175.1806, -173.9852, 174.7721]","['Tropical Southwestern Pacific', 'Central Polynesia', 'Central Polynesia', 'Tropical Southwestern Pacific', 'Tropical Southwestern Pacific', 'Tropical Southwestern Pacific', 'Northern New Zealand']","[0.0, 68.45148658708703, 19.391772822665835, 20.823129208481365, 56.046921367844774, 22.923133717615823, 139.20061559696535]","[np.float64(12.794744778390506), np.float64(8.76657349472135), np.float64(10.336808785832972), np.float64(33.73487966502976), np.float64(17.07683667361218), np.float64(24.244579559733886), 0.0]",18.0746,420.9967,AUCKLAND
syn_06130,2,General Cargo,20202.0,7,"['SUVA', 'LAUTOKA', 'APIA', 'PAGO PAGO HARBOR', 'ALOFI', 'NEIAFU', 'AUCKLAND']","['Fiji', 'Fiji', 'Samoa', 'American Samoa', 'Niue', 'Tonga', 'New Zealand']","[-18.1339, -17.6036, -13.826, -14.2765, -19.0532, -18.6529, -36.8402]","[178.4235, 177.4387, -171.7622, -170.6854, -169.9217, -173.9852, 174.7721]","['Tropical Southwestern Pacific', 'Tropical Southwestern Pacific', 'Central Polynesia', 'Central Polynesia', 'Tropical Southwestern Pacific', 'Tropical Southwestern Pacific', 'Northern New Zealand']","[0.0, 7.237918118859335, 107.7356331031476, 14.218268931201715, 39.48072139292305, 102.89108506526007, 145.0322799842469]","[np.float64(15.16213332429818), np.float64(71.71868679520917), np.float64(9.890193999448385), np.float64(15.120921141935902), np.float64(97.25012664672157), np.float64(9.34109765519327), 0.0]",26.4616,619.9169,AUCKLAND
syn_06131,2,General Cargo,5642.0,6,"['LAUTOKA', 'APIA', 'PAGO PAGO HARBOR', 'ALOFI', 'RAROTONGA', 'AUCKLAND']","['Fiji', 'Samoa', 'American Samoa', 'Niue', 'Cook Islands', 'New Zealand']","[-17.6036, -13.826, -14.2765, -19.0532, -21.2046, -36.8402]","[177.4387, -171.7622, -170.6854, -169.9217, -159.7843, 174.7721]","['Tropical Southwestern Pacific', 'Central Polynesia', 'Central Polynesia', 'Tropical Southwestern Pacific', 'Southeast Polynesia', 'Northern New Zealand']","[0.0, 170.4921431901121, 8.22718936805392, 27.913520349823127, 76.13666738909416, 196.24218041923788]","[np.float64(28.930320231232407), np.float64(16.96233409611891), np.float64(19.026412547486345), np.float64(59.158119512733556), np.float64(18.37411398750103), 0.0]",25.8943,592.5327,AUCKLAND
syn_06132,2,General Cargo,5642.0,6,"['SUVA', 'LAUTOKA', 'APIA', 'PAGO PAGO HARBOR', ""NUKU'ALOFA"", 'TAURANGA']","['Fiji', 'Fiji', 'Samoa', 'American Samoa', 'Tonga', 'New Zealand']","[-18.1339, -17.6036, -13.826, -14.2765, -21.1362, -37.6444]","[178.4235, 177.4387, -171.7622, -170.6854, -175.1806, 176.1819]","['Tropical Southwestern Pacific', 'Tropical Southwestern Pacific', 'Central Polynesia', 'Central Polynesia', 'Tropical Southwestern Pacific', 'Northern New Zealand']","[0.0, 7.299071351877992, 75.92559216036591, 7.799170873984924, 44.660877802712015, 149.61749201162004]","[np.float64(20.683103923321383), np.float64(83.05475225562571), np.float64(35.55007290257806), np.float64(53.31010911088219), np.float64(7.109645563650689), 0.0]",20.2087,464.3268,TAURANGA
syn_06133,2,Container,22968.0,7,"['SUVA', 'APIA', 'PAGO PAGO HARBOR', 'ALOFI', 'NEIAFU', ""NUKU'ALOFA"", 'AUCKLAND']","['Fiji', 'Samoa', 'American Samoa', 'Niue', 'Tonga', 'Tonga', 'New Zealand']","[-18.1339, -13.826, -14.2765, -19.0532, -18.6529, -21.1362, -36.8402]","[178.4235, -171.7622, -170.6854, -169.9217, -173.9852, -175.1806, 174.7721]","['Tropical Southwestern Pacific', 'Central Polynesia', 'Central Polynesia', 'Tropical Southwestern Pacific', 'Tropical Southwestern Pacific', 'Tropical Southwestern Pacific', 'Northern New Zealand']","[0.0, 56.3880996851564, 7.747520944721226, 25.34776424033676, 33.57642232839872, 35.935105360626636, 104.26235262620727]","[np.float64(22.415393339250794), np.float64(23.79965490777561), np.float64(23.884377310761767), np.float64(63.914816507768585), np.float64(75.74267878723437), np.float64(20.739506884766598), 0.0]",20.5731,471.3383,AUCKLAND
syn_06134,2,Container,22314.0,7,"['SUVA', 'LAUTOKA', 'APIA', 'PAGO PAGO HARBOR', 'ALOFI', 'NEIAFU', 'AUCKLAND']","['Fiji', 'Fiji', 'Samoa', 'American Samoa', 'Niue', 'Tonga', 'New Zealand']","[-18.1339, -17.6036, -13.826, -14.2765, -19.0532, -18.6529, -36.8402]","[178.4235, 177.4387, -171.7622, -170.6854, -169.9217, -173.9852, 174.7721]","['Tropical Southwestern Pacific', 'Tropical Southwestern Pacific', 'Central Polynesia', 'Central Polynesia', 'Tropical Southwestern Pacific', 'Tropical Southwestern Pacific', 'Northern New Zealand']","[0.0, 15.273223374447438, 89.4775820512219, 13.072261116109964, 30.30527472238668, 27.803066163168594, 134.27347165924658]","[np.float64(88.53572684867714), np.float64(135.4719143379297), np.float64(7.961112912367925), np.float64(9.814080789140142), np.float64(94.92128450104579), np.float64(17.165048527203826), 0.0]",27.6698,575.5383,AUCKLAND
syn_06135,2,General Cargo,8378.0,6,"['SUVA', 'LAUTOKA', 'APIA', 'PAGO PAGO HARBOR', 'ALOFI', 'AUCKLAND']","['Fiji', 'Fiji', 'Samoa', 'American Samoa', 'Niue', 'New Zealand']","[-18.1339, -17.6036, -13.826, -14.2765, -19.0532, -36.8402]","[178.4235, 177.4387, -171.7622, -170.6854, -169.9217, 174.7721]","['Tropical Southwestern Pacific', 'Tropical Southwestern Pacific', 'Central Polynesia', 'Central Polynesia', 'Tropical Southwestern Pacific', 'Northern New Zealand']","[0.0, 13.228546446060315, 100.0134853500342, 8.056211563973285, 34.52372430500085, 114.30013956232119]","[np.float64(19.076957532557692), np.float64(13.0543093098564), np.float64(38.196719660546286), np.float64(6.611930471180541), np.float64(64.51296179391683), 0.0]",17.149,392.498,AUCKLAND
syn_06136,2,General Cargo,8378.0,6,"['SUVA', 'APIA', 'PAGO PAGO HARBOR', 'RAROTONGA', 'AITUTAKI', 'AUCKLAND']","['Fiji', 'Samoa', 'American Samoa', 'Cook Islands', 'Cook Islands', 'New Zealand']","[-18.1339, -13.826, -14.2765, -21.2046, -18.8505, -36.8402]","[178.4235, -171.7622, -170.6854, -159.7843, -159.8111, 174.7721]","['Tropical Southwestern Pacific', 'Central Polynesia', 'Central Polynesia', 'Southeast Polynesia', 'Southeast Polynesia', 'Northern New Zealand']","[0.0, 66.01752083507972, 19.496871103492804, 135.5372899105092, 9.850309707607211, 201.36740545477952]","[np.float64(56.75831893572513), np.float64(16.086276622101312), np.float64(65.20146021377921), np.float64(40.32837434180216), np.float64(53.41979329974933), 0.0]",27.6693,607.3053,AUCKLAND
syn_06137,2,Container,22708.0,7,"['LAUTOKA', 'SUVA', 'APIA', 'PAGO PAGO HARBOR', 'RAROTONGA', 'AITUTAKI', 'AUCKLAND']","['Fiji', 'Fiji', 'Samoa', 'American Samoa', 'Cook Islands', 'Cook Islands', 'New Zealand']","[-17.6036, -18.1339, -13.826, -14.2765, -21.2046, -18.8505, -36.8402]","[177.4387, 178.4235, -171.7622, -170.6854, -159.7843, -159.8111, 174.7721]","['Tropical Southwestern Pacific', 'Tropical Southwestern Pacific', 'Central Polynesia', 'Central Polynesia', 'Southeast Polynesia', 'Southeast Polynesia', 'Northern New Zealand']","[0.0, 10.333793488970562, 58.153704885442934, 13.59182626392892, 46.98960798558746, 8.61859998427307, 190.8033065331668]","[np.float64(118.33548269868729), np.float64(28.119702390452787), np.float64(44.89133179710839), np.float64(13.229129883984745), np.float64(53.12810530318401), np.float64(16.70150828894146), 0.0]",25.1207,484.5606,AUCKLAND
syn_06138,2,Container,22314.0,7,"['SUVA', 'APIA', 'PAGO PAGO HARBOR', 'ALOFI', 'NEIAFU', ""NUKU'ALOFA"", 'AUCKLAND']","['Fiji', 'Samoa', 'American Samoa', 'Niue', 'Tonga', 'Tonga', 'New Zealand']","[-18.1339, -13.826, -14.2765, -19.0532, -18.6529, -21.1362, -36.8402]","[178.4235, -171.7622, -170.6854, -169.9217, -173.9852, -175.1806, 174.7721]","['Tropical Southwestern Pacific', 'Central Polynesia', 'Central Polynesia', 'Tropical Southwestern Pacific', 'Tropical Southwestern Pacific', 'Tropical Southwestern Pacific', 'Northern New Zealand']","[0.0, 62.563248272983685, 9.193126960792098, 30.030046742317754, 28.204293968613825, 15.176899046126813, 75.82148881325918]","[np.float64(56.002635299553454), np.float64(35.19499388682577), np.float64(89.39710378891648), np.float64(28.97154679746094), np.float64(6.645601205906082), np.float64(25.817491114075413), 0.0]",19.2924,407.0158,AUCKLAND
syn_06139,2,General Cargo,12927.0,7,"['SUVA', 'LAUTOKA', 'APIA', 'PAGO PAGO HARBOR', 'ALOFI', 'RAROTONGA', 'AUCKLAND']","['Fiji', 'Fiji', 'Samoa', 'American Samoa', 'Niue', 'Cook Islands', 'New Zealand']","[-18.1339, -17.6036, -13.826, -14.2765, -19.0532, -21.2046, -36.8402]","[178.4235, 177.4387, -171.7622, -170.6854, -169.9217, -159.7843, 174.7721]","['Tropical Southwestern Pacific', 'Tropical Southwestern Pacific', 'Central Polynesia', 'Central Polynesia', 'Tropical Southwestern Pacific', 'Southeast Polynesia', 'Northern New Zealand']","[0.0, 7.62579772699269, 62.510409980808106, 8.56264550928587, 25.018816739056795, 49.230851366968366, 205.87386289740377]","[np.float64(17.076322315955323), np.float64(21.62644844523681), np.float64(11.744354567446226), np.float64(13.327978662934903), np.float64(71.48022974156734), np.float64(42.29505620682922), 0.0]",22.3489,519.2965,AUCKLAND
syn_06140,2,General Cargo,20202.0,7,"['SUVA', 'APIA', 'PAGO PAGO HARBOR', 'ALOFI', 'NEIAFU', ""NUKU'ALOFA"", 'AUCKLAND']","['Fiji', 'Samoa', 'American Samoa', 'Niue', 'Tonga', 'Tonga', 'New Zealand']","[-18.1339, -13.826, -14.2765, -19.0532, -18.6529, -21.1362, -36.8402]","[178.4235, -171.7622, -170.6854, -169.9217, -173.9852, -175.1806, 174.7721]","['Tropical Southwestern Pacific', 'Central Polynesia', 'Central Polynesia', 'Tropical Southwestern Pacific', 'Tropical Southwestern Pacific', 'Tropical Southwestern Pacific', 'Northern New Zealand']","[0.0, 70.42611121161644, 18.848362072531703, 35.265302981000126, 41.86077750722917, 21.531852875780924, 89.70689179284264]","[np.float64(65.23623996100164), np.float64(11.508789229436621), np.float64(13.384975381471412), np.float64(68.36968578579254), np.float64(11.723154823394397), np.float64(38.70049124374934), 0.0]",20.2734,421.3264,AUCKLAND
syn_06141,2,Container,8252.0,6,"['SUVA', 'APIA', 'RAROTONGA', 'AITUTAKI', ""NUKU'ALOFA"", 'AUCKLAND']","['Fiji', 'Samoa', 'Cook Islands', 'Cook Islands', 'Tonga', 'New Zealand']","[-18.1339, -13.826, -21.2046, -18.8505, -21.1362, -36.8402]","[178.4235, -171.7622, -159.7843, -159.8111, -175.1806, 174.7721]","['Tropical Southwestern Pacific', 'Central Polynesia', 'Southeast Polynesia', 'Southeast Polynesia', 'Tropical Southwestern Pacific', 'Northern New Zealand']","[0.0, 60.353470236039314, 93.4335583101204, 14.207920391758202, 95.87133842076881, 100.42684097501343]","[np.float64(47.161115021191335), np.float64(18.142383841251586), np.float64(88.71229696113488), np.float64(59.811994714592984), np.float64(26.82517760454328), 0.0]",25.2061,557.785,AUCKLAND
syn_06142,2,General Cargo,20202.0,7,"['SUVA', 'LAUTOKA', 'APIA', 'PAGO PAGO HARBOR', 'ALOFI', ""NUKU'ALOFA"", 'AUCKLAND']","['Fiji', 'Fiji', 'Samoa', 'American Samoa', 'Niue', 'Tonga', 'New Zealand']","[-18.1339, -17.6036, -13.826, -14.2765, -19.0532, -21.1362, -36.8402]","[178.4235, 177.4387, -171.7622, -170.6854, -169.9217, -175.1806, 174.7721]","['Tropical Southwestern Pacific', 'Tropical Southwestern Pacific', 'Central Polynesia', 'Central Polynesia', 'Tropical Southwestern Pacific', 'Tropical Southwestern Pacific', 'Northern New Zealand']","[0.0, 8.48156490725402, 79.94978937563936, 15.51500429131334, 26.732095139019734, 27.018238832725523, 94.03778046698599]","[np.float64(25.596375665130555), np.float64(61.530452542166394), np.float64(9.838313778174664), np.float64(26.355015660442813), np.float64(24.1132993237648), np.float64(11.730534132844836), 0.0]",17.1208,385.3021,AUCKLAND
syn_06143,2,Container,8252.0,5,"['SUVA', 'APIA', 'PAGO PAGO HARBOR', ""NUKU'ALOFA"", 'TAURANGA']","['Fiji', 'Samoa', 'American Samoa', 'Tonga', 'New Zealand']","[-18.1339, -13.826, -14.2765, -21.1362, -37.6444]","[178.4235, -171.7622, -170.6854, -175.1806, 176.1819]","['Tropical Southwestern Pacific', 'Central Polynesia', 'Central Polynesia', 'Tropical Southwestern Pacific', 'Northern New Zealand']","[0.0, 71.32233778078164, 13.449248438682934, 37.74475385363773, 134.74294622178795]","[np.float64(18.92476468770882), np.float64(9.551480456860482), np.float64(40.087652980257545), np.float64(12.12576586590187), 0.0]",14.0812,319.0242,TAURANGA
syn_06144,2,Container,22968.0,7,"['SUVA', 'LAUTOKA', 'APIA', 'PAGO PAGO HARBOR', ""NUKU'ALOFA"", 'SUVA', 'AUCKLAND']","['Fiji', 'Fiji', 'Samoa', 'American Samoa', 'Tonga', 'Fiji', 'New Zealand']","[-18.1339, -17.6036, -13.826, -14.2765, -21.1362, -18.1339, -36.8402]","[178.4235, 177.4387, -171.7622, -170.6854, -175.1806, 178.4235, 174.7721]","['Tropical Southwestern Pacific', 'Tropical Southwestern Pacific', 'Central Polynesia', 'Central Polynesia', 'Tropical Southwestern Pacific', 'Tropical Southwestern Pacific', 'Northern New Zealand']","[0.0, 11.784411684921022, 86.82720455106835, 14.785266393994327, 36.556240466780224, 37.90722986006279, 147.84817705294574]","[np.float64(51.76728335882411), np.float64(49.04219593298821), np.float64(19.657395382731536), np.float64(9.27503379005905), np.float64(8.417850986996136), np.float64(9.406717244378989), 0.0]",20.1365,431.5077,AUCKLAND
syn_06145,2,General Cargo,5642.0,6,"['LAUTOKA', 'APIA', 'PAGO PAGO HARBOR', 'ALOFI', 'NEIAFU', 'AUCKLAND']","['Fiji', 'Samoa', 'American Samoa', 'Niue', 'Tonga', 'New Zealand']","[-17.6036, -13.826, -14.2765, -19.0532, -18.6529, -36.8402]","[177.4387, -171.7622, -170.6854, -169.9217, -173.9852, 174.7721]","['Tropical Southwestern Pacific', 'Central Polynesia', 'Central Polynesia', 'Tropical Southwestern Pacific', 'Tropical Southwestern Pacific', 'Northern New Zealand']","[0.0, 126.18745180559426, 9.754375491933148, 28.80586080077893, 41.62568412234291, 180.9834968185573]","[np.float64(62.5953526307803), np.float64(10.67395793196461), np.float64(68.33424947937239), np.float64(48.678534978168976), np.float64(36.118074665124375), 0.0]",25.5732,551.1617,AUCKLAND
syn_06146,2,General Cargo,12927.0,6,"['SUVA', 'APIA', 'PAGO PAGO HARBOR', 'ALOFI', 'NEIAFU', 'AUCKLAND']","['Fiji', 'Samoa', 'American Samoa', 'Niue', 'Tonga', 'New Zealand']","[-18.1339, -13.826, -14.2765, -19.0532, -18.6529, -36.8402]","[178.4235, -171.7622, -170.6854, -169.9217, -173.9852, 174.7721]","['Tropical Southwestern Pacific', 'Central Polynesia', 'Central Polynesia', 'Tropical Southwestern Pacific', 'Tropical Southwestern Pacific', 'Northern New Zealand']","[0.0, 68.814406950589, 10.637569292653282, 42.6211893278165, 73.23442633579113, 158.3701173965007]","[np.float64(14.284911761750076), np.float64(8.896543700126331), np.float64(26.1747826472946), np.float64(64.94937190220358), np.float64(19.907220977865617), 0.0]",20.3288,473.6056,AUCKLAND
syn_06147,2,Container,8252.0,7,"['PAPEETE', 'LAUTOKA', 'NOUMEA', 'BRISBANE', 'BOTANY', 'MELBOURNE', 'TAURANGA']","['French Polynesia', 'Fiji', 'New Caledonia', 'Australia', 'Australia', 'Australia', 'New Zealand']","[-17.5374, -17.6036, -22.2633, -27.3765, -33.9682, -37.844, -37.6444]","[-149.5753, 177.4387, 166.4317, 153.1665, 151.2149, 144.905, 176.1819]","['Southeast Polynesia', 'Tropical Southwestern Pacific', 'Tropical Southwestern Pacific', 'East Central Australian Shelf', 'East Central Australian Shelf', 'Southeast Australian Shelf', 'Northern New Zealand']","[0.0, 133.98995533092935, 87.59859004888362, 115.51733065983144, 57.83046878039109, 34.562569441630046, 108.28941847337478]","[35.927751125688154, np.float64(116.05644222988518), 12.652543946962822, 44.90174077115355, 69.6831133762971, 14.201863005894976, 0.0]",34.6338,795.284,TAURANGA
syn_06148,2,General Cargo,8378.0,7,"['SUVA', 'LAUTOKA', 'PAGO PAGO HARBOR', 'APIA', 'ALOFI', 'RAROTONGA', 'AUCKLAND']","['Fiji', 'Fiji', 'American Samoa', 'Samoa', 'Niue', 'Cook Islands', 'New Zealand']","[-18.1339, -17.6036, -14.2765, -13.826, -19.0532, -21.2046, -36.8402]","[178.4235, 177.4387, -170.6854, -171.7622, -169.9217, -159.7843, 174.7721]","['Tropical Southwestern Pacific', 'Tropical Southwestern Pacific', 'Central Polynesia', 'Central Polynesia', 'Tropical Southwestern Pacific', 'Southeast Polynesia', 'Northern New Zealand']","[0.0, 6.8199302807022075, 121.03697246793406, 8.701950757996963, 40.83046363704385, 61.75399833901332, 226.67218635258638]","[np.float64(97.90943666979045), np.float64(38.219171481525095), np.float64(7.123939495825348), np.float64(14.44265820339946), np.float64(81.87680951843934), np.float64(39.77606885542786), 0.0]",31.0485,647.2541,AUCKLAND
syn_06149,2,General Cargo,20202.0,5,"['SUVA', 'APIA', 'PAGO PAGO HARBOR', 'ALOFI', 'TAURANGA']","['Fiji', 'Samoa', 'American Samoa', 'Niue', 'New Zealand']","[-18.1339, -13.826, -14.2765, -19.0532, -37.6444]","[178.4235, -171.7622, -170.6854, -169.9217, 176.1819]","['Tropical Southwestern Pacific', 'Central Polynesia', 'Central Polynesia', 'Tropical Southwestern Pacific', 'Northern New Zealand']","[0.0, 77.10507592031045, 10.468269450147021, 47.47220448519577, 186.8901941664573]","[np.float64(7.574809498708606), np.float64(6.196066617166854), np.float64(53.945066572779105), np.float64(16.685065666648303), 0.0]",16.9307,398.7619,TAURANGA
syn_06150,2,General Cargo,5642.0,6,"['LAUTOKA', 'SUVA', 'APIA', 'RAROTONGA', 'ALOFI', 'AUCKLAND']","['Fiji', 'Fiji', 'Samoa', 'Cook Islands', 'Niue', 'New Zealand']","[-17.6036, -18.1339, -13.826, -21.2046, -19.0532, -36.8402]","[177.4387, 178.4235, -171.7622, -159.7843, -169.9217, 174.7721]","['Tropical Southwestern Pacific', 'Tropical Southwestern Pacific', 'Central Polynesia', 'Southeast Polynesia', 'Tropical Southwestern Pacific', 'Northern New Zealand']","[0.0, 13.957124454459702, 78.20235699007439, 96.60375960239566, 61.679731796382036, 145.40853966986663]","[np.float64(22.234591116280193), np.float64(13.16968978632889), np.float64(23.137538116106743), np.float64(33.22229886358018), np.float64(23.13630954261928), 0.0]",21.2813,488.5173,AUCKLAND
syn_06151,2,Container,22968.0,5,"['SUVA', 'FUNAFUTI', 'MAT_Ã\x8aÂ»UTU', 'SIGAV_', 'AUCKLAND']","['Fiji', 'Tuvalu', 'Wallis And Futuna', 'Wallis And Futuna', 'New Zealand']","[-18.1339, -8.5032, -13.2857, -14.2964, -36.8402]","[178.4235, 179.1946, -176.1689, -178.1609, 174.7721]","['Tropical Southwestern Pacific', 'Marshall, Gilbert and Ellis Islands', 'Central Polynesia', 'Central Polynesia', 'Northern New Zealand']","[0.0, 57.90059328283835, 23.719771999701383, 63.513949381378325, 91.71369294270687]","[np.float64(8.06129368106813), 17.43727934888666, 37.13707675931055, 16.482884348513462, 0.0]",13.1653,307.9052,AUCKLAND
syn_06152,2,General Cargo,8378.0,6,"[""NUKU'ALOFA"", 'SUVA', 'APIA', 'PAGO PAGO HARBOR', ""NUKU'ALOFA"", 'TAURANGA']","['Tonga', 'Fiji', 'Samoa', 'American Samoa', 'Tonga', 'New Zealand']","[-21.1362, -18.1339, -13.826, -14.2765, -21.1362, -37.6444]","[-175.1806, 178.4235, -171.7622, -170.6854, -175.1806, 176.1819]","['Tropical Southwestern Pacific', 'Tropical Southwestern Pacific', 'Central Polynesia', 'Central Polynesia', 'Tropical Southwestern Pacific', 'Northern New Zealand']","[0.0, 38.55166412331503, 88.30573431410734, 11.391086414811758, 78.30131978519172, 198.3176591534168]","[np.float64(8.752192134617788), np.float64(17.288867609583317), np.float64(38.677049954144685), np.float64(90.13004646787884), np.float64(19.420403265955716), 0.0]",24.5473,580.3838,TAURANGA
syn_06153,2,General Cargo,8378.0,6,"['SUVA', 'LAUTOKA', 'APIA', 'PAGO PAGO HARBOR', 'PAPEETE', 'TIMARU']","['Fiji', 'Fiji', 'Samoa', 'American Samoa', 'French Polynesia', 'New Zealand']","[-18.1339, -17.6036, -13.826, -14.2765, -17.5374, -44.3931]","[178.4235, 177.4387, -171.7622, -170.6854, -149.5753, 171.258]","['Tropical Southwestern Pacific', 'Tropical Southwestern Pacific', 'Central Polynesia', 'Central Polynesia', 'Southeast Polynesia', 'Southern New Zealand']","[0.0, 19.6277553075147, 81.46976012455606, 14.779794311852951, 124.65436124410145, 210.4700286808518]","[np.float64(52.2868472365513), np.float64(32.280532460452385), np.float64(18.450282324726988), np.float64(16.960443724402268), 87.26866173567845, 0.0]",27.427,605.9616,TIMARU
syn_06154,2,Container,22314.0,7,"['LAUTOKA', 'SUVA', 'APIA', 'PAGO PAGO HARBOR', 'RAROTONGA', 'AITUTAKI', 'AUCKLAND']","['Fiji', 'Fiji', 'Samoa', 'American Samoa', 'Cook Islands', 'Cook Islands', 'New Zealand']","[-17.6036, -18.1339, -13.826, -14.2765, -21.2046, -18.8505, -36.8402]","[177.4387, 178.4235, -171.7622, -170.6854, -159.7843, -159.8111, 174.7721]","['Tropical Southwestern Pacific', 'Tropical Southwestern Pacific', 'Central Polynesia', 'Central Polynesia', 'Southeast Polynesia', 'Southeast Polynesia', 'Northern New Zealand']","[0.0, 16.847405850389112, 68.17886946581129, 13.832001250987236, 70.03850544385037, 7.142776432923363, 142.04358921838107]","[np.float64(64.30447732600716), np.float64(10.880389700812506), np.float64(32.72893504339731), np.float64(29.680060480249242), np.float64(77.38548239288637), np.float64(10.831312127908186), 0.0]",22.6622,479.5893,AUCKLAND
syn_06155,2,Container,8252.0,7,"['SUVA', 'APIA', 'RAROTONGA', 'AITUTAKI', 'ALOFI', ""NUKU'ALOFA"", 'AUCKLAND']","['Fiji', 'Samoa', 'Cook Islands', 'Cook Islands', 'Niue', 'Tonga', 'New Zealand']","[-18.1339, -13.826, -21.2046, -18.8505, -19.0532, -21.1362, -36.8402]","[178.4235, -171.7622, -159.7843, -159.8111, -169.9217, -175.1806, 174.7721]","['Tropical Southwestern Pacific', 'Central Polynesia', 'Southeast Polynesia', 'Southeast Polynesia', 'Tropical Southwestern Pacific', 'Tropical Southwestern Pacific', 'Northern New Zealand']","[0.0, 64.3974602202005, 88.83658822932077, 8.161842016149615, 42.02862000832843, 37.807280222788265, 114.85421043336368]","[np.float64(50.67159115269218), np.float64(23.277963248833608), np.float64(43.82485083532455), np.float64(25.547363540176974), np.float64(16.158652460567442), np.float64(6.553686932748127), 0.0]",21.755,471.4485,AUCKLAND
syn_06156,2,General Cargo,8378.0,6,"['SUVA', 'LAUTOKA', 'APIA', 'PAGO PAGO HARBOR', 'RAROTONGA', 'AUCKLAND']","['Fiji', 'Fiji', 'Samoa', 'American Samoa', 'Cook Islands', 'New Zealand']","[-18.1339, -17.6036, -13.826, -14.2765, -21.2046, -36.8402]","[178.4235, 177.4387, -171.7622, -170.6854, -159.7843, 174.7721]","['Tropical Southwestern Pacific', 'Tropical Southwestern Pacific', 'Central Polynesia', 'Central Polynesia', 'Southeast Polynesia', 'Northern New Zealand']","[0.0, 7.0698515590625, 106.66826513777325, 14.093729135203885, 114.06625467123615, 158.44907877168654]","[np.float64(14.6660381284215), np.float64(35.961033655761774), np.float64(14.984386521508158), np.float64(13.196519989718244), np.float64(76.56809018813858), 0.0]",23.1551,541.0572,AUCKLAND
syn_06157,2,General Cargo,20202.0,7,"['SUVA', 'APIA', 'PAGO PAGO HARBOR', 'ALOFI', 'NEIAFU', ""NUKU'ALOFA"", 'AUCKLAND']","['Fiji', 'Samoa', 'American Samoa', 'Niue', 'Tonga', 'Tonga', 'New Zealand']","[-18.1339, -13.826, -14.2765, -19.0532, -18.6529, -21.1362, -36.8402]","[178.4235, -171.7622, -170.6854, -169.9217, -173.9852, -175.1806, 174.7721]","['Tropical Southwestern Pacific', 'Central Polynesia', 'Central Polynesia', 'Tropical Southwestern Pacific', 'Tropical Southwestern Pacific', 'Tropical Southwestern Pacific', 'Northern New Zealand']","[0.0, 54.06707703907681, 8.607658601977029, 27.18853103187017, 46.52522071360545, 21.179503734694897, 106.88936179419596]","[np.float64(28.70926396488173), np.float64(10.374122719675999), np.float64(121.84567569111054), np.float64(90.19756141998552), np.float64(8.299312876126102), np.float64(9.23644981332483), 0.0]",22.2133,504.4105,AUCKLAND
syn_06158,2,Container,8252.0,5,"['LAUTOKA', 'APIA', 'PAGO PAGO HARBOR', 'ALOFI', 'TAURANGA']","['Fiji', 'Samoa', 'American Samoa', 'Niue', 'New Zealand']","[-17.6036, -13.826, -14.2765, -19.0532, -37.6444]","[177.4387, -171.7622, -170.6854, -169.9217, 176.1819]","['Tropical Southwestern Pacific', 'Central Polynesia', 'Central Polynesia', 'Tropical Southwestern Pacific', 'Northern New Zealand']","[0.0, 63.49285920615813, 5.897826955022906, 27.201680636695418, 94.578460150614]","[np.float64(63.065213104020536), np.float64(12.687201371945445), np.float64(16.938956020829412), np.float64(74.85739742350091), 0.0]",14.9466,295.6544,TAURANGA
syn_06159,2,Container,22968.0,7,"['SUVA', 'PAGO PAGO HARBOR', 'APIA', 'RAROTONGA', 'AITUTAKI', 'ALOFI', 'AUCKLAND']","['Fiji', 'American Samoa', 'Samoa', 'Cook Islands', 'Cook Islands', 'Niue', 'New Zealand']","[-18.1339, -14.2765, -13.826, -21.2046, -18.8505, -19.0532, -36.8402]","[178.4235, -170.6854, -171.7622, -159.7843, -159.8111, -169.9217, 174.7721]","['Tropical Southwestern Pacific', 'Central Polynesia', 'Central Polynesia', 'Southeast Polynesia', 'Southeast Polynesia', 'Tropical Southwestern Pacific', 'Northern New Zealand']","[0.0, 129.14340548577707, 17.373883433747956, 126.52924354574687, 9.33500892883919, 37.81169760040109, 125.04500639909504]","[np.float64(60.15360859729471), np.float64(50.53348382642724), np.float64(16.010989594126237), np.float64(73.81531409083034), np.float64(25.29250547778454), np.float64(35.2590020138581), 0.0]",29.4293,646.1495,AUCKLAND
syn_06160,2,General Cargo,12927.0,7,"['SUVA', 'LAUTOKA', 'APIA', 'PAGO PAGO HARBOR', 'ALOFI', 'NEIAFU', 'AUCKLAND']","['Fiji', 'Fiji', 'Samoa', 'American Samoa', 'Niue', 'Tonga', 'New Zealand']","[-18.1339, -17.6036, -13.826, -14.2765, -19.0532, -18.6529, -36.8402]","[178.4235, 177.4387, -171.7622, -170.6854, -169.9217, -173.9852, 174.7721]","['Tropical Southwestern Pacific', 'Tropical Southwestern Pacific', 'Central Polynesia', 'Central Polynesia', 'Tropical Southwestern Pacific', 'Tropical Southwestern Pacific', 'Northern New Zealand']","[0.0, 7.5679986337528105, 82.44885660149488, 8.968134948654752, 24.70776435396424, 77.44743147626411, 93.14875622024026]","[np.float64(27.146303316818837), np.float64(37.222352412636155), np.float64(12.163301494645788), np.float64(8.900825282197115), np.float64(16.75965150654448), np.float64(12.248588036197471), 0.0]",17.0304,381.5837,AUCKLAND
syn_06161,2,General Cargo,20202.0,6,"['SUVA', 'LAUTOKA', 'APIA', 'PAGO PAGO HARBOR', 'RAROTONGA', 'AUCKLAND']","['Fiji', 'Fiji', 'Samoa', 'American Samoa', 'Cook Islands', 'New Zealand']","[-18.1339, -17.6036, -13.826, -14.2765, -21.2046, -36.8402]","[178.4235, 177.4387, -171.7622, -170.6854, -159.7843, 174.7721]","['Tropical Southwestern Pacific', 'Tropical Southwestern Pacific', 'Central Polynesia', 'Central Polynesia', 'Southeast Polynesia', 'Northern New Zealand']","[0.0, 7.675409796872112, 86.63087105179426, 11.6988007386247, 68.85177320615853, 199.1578531221895]","[np.float64(28.779019460708543), np.float64(38.1905349252688), np.float64(6.364144257993387), np.float64(18.93442684539618), np.float64(11.112307677875851), 0.0]",19.8915,448.6161,AUCKLAND
syn_06162,2,General Cargo,8378.0,7,"['SUVA', 'LAUTOKA', 'APIA', 'PAGO PAGO HARBOR', 'RAROTONGA', 'AITUTAKI', 'AUCKLAND']","['Fiji', 'Fiji', 'Samoa', 'American Samoa', 'Cook Islands', 'Cook Islands', 'New Zealand']","[-18.1339, -17.6036, -13.826, -14.2765, -21.2046, -18.8505, -36.8402]","[178.4235, 177.4387, -171.7622, -170.6854, -159.7843, -159.8111, 174.7721]","['Tropical Southwestern Pacific', 'Tropical Southwestern Pacific', 'Central Polynesia', 'Central Polynesia', 'Southeast Polynesia', 'Southeast Polynesia', 'Northern New Zealand']","[0.0, 9.571332917556, 104.6343065241957, 11.274874071874533, 100.23358884669628, 11.122106818699622, 187.7595702741313]","[np.float64(48.829090290252175), np.float64(76.56702196412026), np.float64(32.1676471244566), np.float64(20.319561031874283), np.float64(79.6917851795934), np.float64(34.045441696345705), 0.0]",29.8423,667.3872,AUCKLAND
syn_06163,2,Tanker,3854.0,7,"[""NUKU'ALOFA"", 'SUVA', 'APIA', 'PAGO PAGO HARBOR', 'RAROTONGA', 'AITUTAKI', 'AUCKLAND']","['Tonga', 'Fiji', 'Samoa', 'American Samoa', 'Cook Islands', 'Cook Islands', 'New Zealand']","[-21.1362, -18.1339, -13.826, -14.2765, -21.2046, -18.8505, -36.8402]","[-175.1806, 178.4235, -171.7622, -170.6854, -159.7843, -159.8111, 174.7721]","['Tropical Southwestern Pacific', 'Tropical Southwestern Pacific', 'Central Polynesia', 'Central Polynesia', 'Southeast Polynesia', 'Southeast Polynesia', 'Northern New Zealand']","[0.0, 57.36388902462855, 144.72681961184864, 9.133226865632313, 87.64414960406792, 7.309871563342785, 178.9295148099354]","[np.float64(18.883883380233765), np.float64(20.694618529508695), np.float64(14.367534840054608), np.float64(26.123763567696486), np.float64(95.14507964415517), np.float64(29.87582161727117), 0.0]",28.7583,671.3143,AUCKLAND
syn_06164,2,Container,22968.0,7,"['LAUTOKA', 'SUVA', 'APIA', 'RAROTONGA', 'AITUTAKI', 'NEIAFU', 'AUCKLAND']","['Fiji', 'Fiji', 'Samoa', 'Cook Islands', 'Cook Islands', 'Tonga', 'New Zealand']","[-17.6036, -18.1339, -13.826, -21.2046, -18.8505, -18.6529, -36.8402]","[177.4387, 178.4235, -171.7622, -159.7843, -159.8111, -173.9852, 174.7721]","['Tropical Southwestern Pacific', 'Tropical Southwestern Pacific', 'Central Polynesia', 'Southeast Polynesia', 'Southeast Polynesia', 'Tropical Southwestern Pacific', 'Northern New Zealand']","[0.0, 5.984580130811565, 75.65806387490257, 81.61561687545068, 9.91054053950342, 106.31439633312503, 115.60898606946986]","[np.float64(32.48659928400584), np.float64(135.38147989001124), np.float64(32.27189411492615), np.float64(23.68121593676182), np.float64(15.063379884574609), np.float64(9.715390629522968), 0.0]",26.8205,611.2055,AUCKLAND
syn_06165,2,Container,22314.0,7,"['LAUTOKA', 'APIA', 'PAGO PAGO HARBOR', 'RAROTONGA', 'AITUTAKI', ""NUKU'ALOFA"", 'AUCKLAND']","['Fiji', 'Samoa', 'American Samoa', 'Cook Islands', 'Cook Islands', 'Tonga', 'New Zealand']","[-17.6036, -13.826, -14.2765, -21.2046, -18.8505, -21.1362, -36.8402]","[177.4387, -171.7622, -170.6854, -159.7843, -159.8111, -175.1806, 174.7721]","['Tropical Southwestern Pacific', 'Central Polynesia', 'Central Polynesia', 'Southeast Polynesia', 'Southeast Polynesia', 'Tropical Southwestern Pacific', 'Northern New Zealand']","[0.0, 74.79384777776598, 9.43322505568296, 99.4000688189265, 11.061623324123785, 101.08030531213213, 123.72600048318671]","[np.float64(23.81735343320505), np.float64(33.569143806553356), np.float64(122.90329417587354), np.float64(37.7291571044293), np.float64(89.01843896699177), np.float64(6.982340662543743), 0.0]",30.5631,709.6974,AUCKLAND
syn_06166,2,General Cargo,8378.0,7,"['NADI BAY', 'VUDA', 'SUVA', 'PAGO PAGO HARBOR', 'APIA', 'RAROTONGA', 'AUCKLAND']","['Fiji', 'Fiji', 'Fiji', 'American Samoa', 'Samoa', 'Cook Islands', 'New Zealand']","[-17.7162, -17.6861, -18.1339, -14.2765, -13.826, -21.2046, -36.8402]","[177.371, 177.3849, 178.4235, -170.6854, -171.7622, -159.7843, 174.7721]","['Tropical Southwestern Pacific', 'Tropical Southwestern Pacific', 'Tropical Southwestern Pacific', 'Central Polynesia', 'Central Polynesia', 'Southeast Polynesia', 'Northern New Zealand']","[0.0, 38.25320910720723, 8.056564872675489, 68.68903402243785, 18.99470025942062, 90.71530382375211, 177.04000212351116]","[25.602378136284344, 21.234318658388975, np.float64(12.36721258847569), np.float64(17.084157285956532), np.float64(11.168008496320548), np.float64(25.74778990536493), 0.0]",21.4564,489.3503,AUCKLAND
syn_06167,2,Container,22968.0,7,"['SUVA', 'PAGO PAGO HARBOR', 'APIA', 'ALOFI', 'RAROTONGA', 'AITUTAKI', 'AUCKLAND']","['Fiji', 'American Samoa', 'Samoa', 'Niue', 'Cook Islands', 'Cook Islands', 'New Zealand']","[-18.1339, -14.2765, -13.826, -19.0532, -21.2046, -18.8505, -36.8402]","[178.4235, -170.6854, -171.7622, -169.9217, -159.7843, -159.8111, 174.7721]","['Tropical Southwestern Pacific', 'Central Polynesia', 'Central Polynesia', 'Tropical Southwestern Pacific', 'Southeast Polynesia', 'Southeast Polynesia', 'Northern New Zealand']","[0.0, 110.44643106533587, 7.228893814491375, 32.78165131198504, 71.50814993155575, 7.920824777877575, 242.06188783241132]","[np.float64(37.84696661131755), np.float64(18.683473736097827), np.float64(12.915224428919064), np.float64(42.5852776834545), np.float64(81.17883520379054), np.float64(20.470609515011525), 0.0]",28.5678,647.7813,AUCKLAND
syn_06168,2,General Cargo,20202.0,7,"['SUVA', 'APIA', 'PAGO PAGO HARBOR', ""NUKU'ALOFA"", 'SUVA', 'APIA', 'AUCKLAND']","['Fiji', 'Samoa', 'American Samoa', 'Tonga', 'Fiji', 'Samoa', 'New Zealand']","[-18.1339, -13.826, -14.2765, -21.1362, -18.1339, -13.826, -36.8402]","[178.4235, -171.7622, -170.6854, -175.1806, 178.4235, -171.7622, 174.7721]","['Tropical Southwestern Pacific', 'Central Polynesia', 'Central Polynesia', 'Tropical Southwestern Pacific', 'Tropical Southwestern Pacific', 'Central Polynesia', 'Northern New Zealand']","[0.0, 55.539213993544806, 17.644844294808856, 86.48334782148413, 43.73752207615527, 85.48039879636364, 254.62106105972254]","[np.float64(8.695451373238361), np.float64(24.513154814413628), np.float64(36.253817722803525), np.float64(14.817693581144013), np.float64(86.45422406358968), np.float64(8.237132801328222), 0.0]",30.1032,713.7824,AUCKLAND
syn_06169,2,Container,22708.0,7,"['SUVA', 'APIA', 'PAGO PAGO HARBOR', 'ALOFI', 'NEIAFU', ""NUKU'ALOFA"", 'AUCKLAND']","['Fiji', 'Samoa', 'American Samoa', 'Niue', 'Tonga', 'Tonga', 'New Zealand']","[-18.1339, -13.826, -14.2765, -19.0532, -18.6529, -21.1362, -36.8402]","[178.4235, -171.7622, -170.6854, -169.9217, -173.9852, -175.1806, 174.7721]","['Tropical Southwestern Pacific', 'Central Polynesia', 'Central Polynesia', 'Tropical Southwestern Pacific', 'Tropical Southwestern Pacific', 'Tropical Southwestern Pacific', 'Northern New Zealand']","[0.0, 58.97941549648186, 13.929368258982707, 63.54642024417114, 34.83462345709487, 41.19377189167819, 116.73669744326986]","[np.float64(13.758355823559727), np.float64(15.188365541509336), np.float64(27.234532769756914), np.float64(78.53064809531149), np.float64(15.33542061002733), np.float64(16.357443964826597), 0.0]",20.651,481.8667,AUCKLAND
syn_06170,2,Container,5923.0,6,"['SUVA', 'APIA', 'PAGO PAGO HARBOR', 'ALOFI', ""NUKU'ALOFA"", 'AUCKLAND']","['Fiji', 'Samoa', 'American Samoa', 'Niue', 'Tonga', 'New Zealand']","[-18.1339, -13.826, -14.2765, -19.0532, -21.1362, -36.8402]","[178.4235, -171.7622, -170.6854, -169.9217, -175.1806, 174.7721]","['Tropical Southwestern Pacific', 'Central Polynesia', 'Central Polynesia', 'Tropical Southwestern Pacific', 'Tropical Southwestern Pacific', 'Northern New Zealand']","[0.0, 64.99709746153076, 8.737083706878268, 22.36898676773838, 26.921128501584633, 100.69966109500494]","[np.float64(51.12850245435124), np.float64(6.277951860564486), np.float64(23.21634662933492), np.float64(79.39920027145959), np.float64(10.46273043824868), 0.0]",16.4254,343.0802,AUCKLAND
syn_06171,2,Container,22314.0,7,"['PAGO PAGO HARBOR', 'APIA', 'ALOFI', 'RAROTONGA', 'AITUTAKI', ""NUKU'ALOFA"", 'AUCKLAND']","['American Samoa', 'Samoa', 'Niue', 'Cook Islands', 'Cook Islands', 'Tonga', 'New Zealand']","[-14.2765, -13.826, -19.0532, -21.2046, -18.8505, -21.1362, -36.8402]","[-170.6854, -171.7622, -169.9217, -159.7843, -159.8111, -175.1806, 174.7721]","['Central Polynesia', 'Central Polynesia', 'Tropical Southwestern Pacific', 'Southeast Polynesia', 'Southeast Polynesia', 'Tropical Southwestern Pacific', 'Northern New Zealand']","[0.0, 7.555530180820371, 66.34942255671565, 61.242088758658504, 4.683277554105121, 77.20937296067818, 67.62983008662037]","[np.float64(13.901152705939978), np.float64(37.73238533122352), np.float64(60.09337970936128), np.float64(64.44959463727554), np.float64(51.56366654492369), np.float64(13.375278070030376), 0.0]",21.9077,511.8838,AUCKLAND
syn_06172,2,Container,22968.0,5,"['LAUTOKA', 'SUVA', 'APIA', 'PAGO PAGO HARBOR', 'TAURANGA']","['Fiji', 'Fiji', 'Samoa', 'American Samoa', 'New Zealand']","[-17.6036, -18.1339, -13.826, -14.2765, -37.6444]","[177.4387, 178.4235, -171.7622, -170.6854, 176.1819]","['Tropical Southwestern Pacific', 'Tropical Southwestern Pacific', 'Central Polynesia', 'Central Polynesia', 'Northern New Zealand']","[0.0, 16.89415783945717, 61.18888215036156, 18.728313985469025, 153.66301771559415]","[np.float64(82.99970620758958), np.float64(97.9824656086403), np.float64(13.274518751858803), np.float64(19.519685376089782), 0.0]",19.3438,381.251,TAURANGA
syn_06173,2,Container,22708.0,6,"['EBAYE', 'KWAJALEIN', 'APRA HARBOR', 'POHNPEI', 'SUVA', 'AUCKLAND']","['Marshall Islands', 'Marshall Islands', 'Guam', 'Micronesia', 'Fiji', 'New Zealand']","[8.7783, 8.7325, 13.4594, 6.9793, -18.1339, -36.8402]","[167.7331, 167.7351, 144.6655, 158.201, 178.4235, 174.7721]","['Marshall, Gilbert and Ellis Islands', 'Marshall, Gilbert and Ellis Islands', 'Tropical Northwestern Pacific', 'Tropical Northwestern Pacific', 'Tropical Southwestern Pacific', 'Northern New Zealand']","[0.0, 41.88522387881476, 158.03141740661238, 78.05502966038773, 153.85896618837984, 162.4278530326668]","[24.80946871765051, 89.66533986742601, 15.970070194605112, 11.597048774382928, np.float64(18.458910439104876), 0.0]",31.4483,729.9499,AUCKLAND
syn_06174,2,Container,22314.0,7,"['SUVA', 'APIA', 'PAGO PAGO HARBOR', 'RAROTONGA', 'AITUTAKI', ""NUKU'ALOFA"", 'AUCKLAND']","['Fiji', 'Samoa', 'American Samoa', 'Cook Islands', 'Cook Islands', 'Tonga', 'New Zealand']","[-18.1339, -13.826, -14.2765, -21.2046, -18.8505, -21.1362, -36.8402]","[178.4235, -171.7622, -170.6854, -159.7843, -159.8111, -175.1806, 174.7721]","['Tropical Southwestern Pacific', 'Central Polynesia', 'Central Polynesia', 'Southeast Polynesia', 'Southeast Polynesia', 'Tropical Southwestern Pacific', 'Northern New Zealand']","[0.0, 51.62589009389343, 17.335760748871465, 53.75597310029933, 10.531228856116309, 78.62009450928302, 112.41655981369706]","[np.float64(7.082088500471297), np.float64(41.72201078843251), np.float64(9.044079706119037), np.float64(114.24152180926282), np.float64(33.76869858840561), np.float64(63.91238722104733), 0.0]",24.7523,586.9742,AUCKLAND
syn_06175,2,Container,8252.0,7,"['SUVA', 'APIA', 'PAGO PAGO HARBOR', ""NUKU'ALOFA"", 'SUVA', 'APIA', 'TAURANGA']","['Fiji', 'Samoa', 'American Samoa', 'Tonga', 'Fiji', 'Samoa', 'New Zealand']","[-18.1339, -13.826, -14.2765, -21.1362, -18.1339, -13.826, -37.6444]","[178.4235, -171.7622, -170.6854, -175.1806, 178.4235, -171.7622, 176.1819]","['Tropical Southwestern Pacific', 'Central Polynesia', 'Central Polynesia', 'Tropical Southwestern Pacific', 'Tropical Southwestern Pacific', 'Central Polynesia', 'Northern New Zealand']","[0.0, 58.66378442352321, 10.617816001347988, 43.74772964102626, 63.15492879510876, 88.15288782608805, 211.9000944965505]","[np.float64(38.178328515581335), np.float64(9.015568957497855), np.float64(9.038458702322322), np.float64(8.258961974432877), np.float64(28.75650457303588), np.float64(33.71550048110624), 0.0]",25.1334,565.0222,TAURANGA
syn_06176,2,Container,22708.0,7,"['LAUTOKA', 'SUVA', 'APIA', 'PAGO PAGO HARBOR', 'ALOFI', 'NEIAFU', 'AUCKLAND']","['Fiji', 'Fiji', 'Samoa', 'American Samoa', 'Niue', 'Tonga', 'New Zealand']","[-17.6036, -18.1339, -13.826, -14.2765, -19.0532, -18.6529, -36.8402]","[177.4387, 178.4235, -171.7622, -170.6854, -169.9217, -173.9852, 174.7721]","['Tropical Southwestern Pacific', 'Tropical Southwestern Pacific', 'Central Polynesia', 'Central Polynesia', 'Tropical Southwestern Pacific', 'Tropical Southwestern Pacific', 'Northern New Zealand']","[0.0, 5.6166295346072435, 61.54226519385106, 8.654625068487066, 52.94714549898872, 29.88463291392643, 148.24111807650593]","[np.float64(115.4656992352623), np.float64(34.43075893885535), np.float64(29.138168742435077), np.float64(24.479773582471378), np.float64(52.296938742422626), np.float64(19.478813251545485), 0.0]",24.2574,466.7109,AUCKLAND
syn_06177,2,General Cargo,20202.0,7,"['SUVA', 'LAUTOKA', 'APIA', 'PAGO PAGO HARBOR', 'RAROTONGA', 'AITUTAKI', 'AUCKLAND']","['Fiji', 'Fiji', 'Samoa', 'American Samoa', 'Cook Islands', 'Cook Islands', 'New Zealand']","[-18.1339, -17.6036, -13.826, -14.2765, -21.2046, -18.8505, -36.8402]","[178.4235, 177.4387, -171.7622, -170.6854, -159.7843, -159.8111, 174.7721]","['Tropical Southwestern Pacific', 'Tropical Southwestern Pacific', 'Central Polynesia', 'Central Polynesia', 'Southeast Polynesia', 'Southeast Polynesia', 'Northern New Zealand']","[0.0, 12.67643671531259, 92.5082513944259, 11.605915027690406, 64.1032342290297, 16.20642349453829, 248.81240698236488]","[np.float64(7.710719129690248), np.float64(14.759873840257008), np.float64(18.25031222025494), np.float64(10.843475720151817), np.float64(33.176186947235244), np.float64(25.607307180371066), 0.0]",23.1775,548.5498,AUCKLAND
syn_06178,2,General Cargo,20202.0,7,"['SUVA', 'LAUTOKA', 'SUVA', 'APIA', 'PAGO PAGO HARBOR', 'RAROTONGA', 'AUCKLAND']","['Fiji', 'Fiji', 'Fiji', 'Samoa', 'American Samoa', 'Cook Islands', 'New Zealand']","[-18.1339, -17.6036, -18.1339, -13.826, -14.2765, -21.2046, -36.8402]","[178.4235, 177.4387, 178.4235, -171.7622, -170.6854, -159.7843, 174.7721]","['Tropical Southwestern Pacific', 'Tropical Southwestern Pacific', 'Tropical Southwestern Pacific', 'Central Polynesia', 'Central Polynesia', 'Southeast Polynesia', 'Northern New Zealand']","[0.0, 8.468699716536515, 15.660229639910034, 58.23929157097774, 17.960038622267714, 78.64445277364483, 120.61941604847355]","[np.float64(9.551975420772123), np.float64(115.37308114236669), np.float64(19.006337938989777), np.float64(14.217624875203226), np.float64(15.723274654371561), np.float64(38.9326252814863), 0.0]",21.3499,502.8451,AUCKLAND
syn_06179,2,Container,22314.0,5,"['APIA', 'PAGO PAGO HARBOR', 'RAROTONGA', 'AITUTAKI', 'AUCKLAND']","['Samoa', 'American Samoa', 'Cook Islands', 'Cook Islands', 'New Zealand']","[-13.826, -14.2765, -21.2046, -18.8505, -36.8402]","[-171.7622, -170.6854, -159.7843, -159.8111, 174.7721]","['Central Polynesia', 'Central Polynesia', 'Southeast Polynesia', 'Southeast Polynesia', 'Northern New Zealand']","[0.0, 17.389167487810827, 146.93615874040873, 5.697872831936756, 129.8581823915915]","[np.float64(26.862883294293614), np.float64(33.044619308725146), np.float64(35.94001841559872), np.float64(22.241843624938056), 0.0]",17.4154,391.1079,AUCKLAND
syn_06180,2,Container,22314.0,7,"['SUVA', 'PAPEETE', 'NADI BAY', 'VUDA', 'MALAU', 'BOTANY', 'LYTTELTON']","['Fiji', 'French Polynesia', 'Fiji', 'Fiji', 'Fiji', 'Australia', 'New Zealand']","[-18.1339, -17.5374, -17.7162, -17.6861, -16.3591, -33.9682, -43.606]","[178.4235, -149.5753, 177.371, 177.3849, 179.3631, 151.2149, 172.7213]","['Tropical Southwestern Pacific', 'Southeast Polynesia', 'Tropical Southwestern Pacific', 'Tropical Southwestern Pacific', 'Tropical Southwestern Pacific', 'East Central Australian Shelf', 'Southern New Zealand']","[0.0, 390.78466573218924, 151.06582103917958, 62.27390165299872, 14.204489584175638, 137.41479865451294, 192.49245603669814]","[np.float64(33.039429998694644), 13.331468510536123, 29.505190691608963, 39.61474069984965, 17.720849812959738, 22.2466656892742, 0.0]",45.9873,1070.655,LYTTELTON
syn_06181,2,General Cargo,20202.0,5,"['SUVA', 'LAUTOKA', 'APIA', 'PAGO PAGO HARBOR', 'TAURANGA']","['Fiji', 'Fiji', 'Samoa', 'American Samoa', 'New Zealand']","[-18.1339, -17.6036, -13.826, -14.2765, -37.6444]","[178.4235, 177.4387, -171.7622, -170.6854, 176.1819]","['Tropical Southwestern Pacific', 'Tropical Southwestern Pacific', 'Central Polynesia', 'Central Polynesia', 'Northern New Zealand']","[0.0, 6.542484897917535, 86.2320826416313, 7.803339740213153, 152.75223846426726]","[np.float64(43.78755397192559), np.float64(52.450929426081515), np.float64(21.95496060335407), np.float64(23.597245268365437), 0.0]",16.4634,351.3333,TAURANGA
syn_06182,2,General Cargo,20202.0,5,"['SUVA', 'LAUTOKA', 'APIA', 'PAGO PAGO HARBOR', 'TAURANGA']","['Fiji', 'Fiji', 'Samoa', 'American Samoa', 'New Zealand']","[-18.1339, -17.6036, -13.826, -14.2765, -37.6444]","[178.4235, 177.4387, -171.7622, -170.6854, 176.1819]","['Tropical Southwestern Pacific', 'Tropical Southwestern Pacific', 'Central Polynesia', 'Central Polynesia', 'Northern New Zealand']","[0.0, 5.547511809307657, 69.76858800780418, 9.095906511909025, 158.84914516228784]","[np.float64(12.399230375251559), np.float64(25.696318093128014), np.float64(11.929396726152486), np.float64(18.03720027592149), 0.0]",12.9718,298.9241,TAURANGA
syn_06183,2,Container,22708.0,6,"[""NUKU'ALOFA"", 'SUVA', 'APIA', 'PAGO PAGO HARBOR', 'ALOFI', 'AUCKLAND']","['Tonga', 'Fiji', 'Samoa', 'American Samoa', 'Niue', 'New Zealand']","[-21.1362, -18.1339, -13.826, -14.2765, -19.0532, -36.8402]","[-175.1806, 178.4235, -171.7622, -170.6854, -169.9217, 174.7721]","['Tropical Southwestern Pacific', 'Tropical Southwestern Pacific', 'Central Polynesia', 'Central Polynesia', 'Tropical Southwestern Pacific', 'Northern New Zealand']","[0.0, 55.7280647696195, 53.451402210402364, 4.7730743082452145, 33.358383305080906, 101.66333085387323]","[np.float64(7.8331251997443205), np.float64(19.490825986995613), np.float64(15.562056197627705), np.float64(16.862527247055112), np.float64(78.87052045490714), 0.0]",16.1497,379.7602,AUCKLAND
syn_06184,2,General Cargo,20202.0,6,"['SUVA', 'APIA', 'PAGO PAGO HARBOR', 'RAROTONGA', 'AITUTAKI', 'AUCKLAND']","['Fiji', 'Samoa', 'American Samoa', 'Cook Islands', 'Cook Islands', 'New Zealand']","[-18.1339, -13.826, -14.2765, -21.2046, -18.8505, -36.8402]","[178.4235, -171.7622, -170.6854, -159.7843, -159.8111, 174.7721]","['Tropical Southwestern Pacific', 'Central Polynesia', 'Central Polynesia', 'Southeast Polynesia', 'Southeast Polynesia', 'Northern New Zealand']","[0.0, 66.1464372010461, 16.543551838163143, 97.30430633818902, 12.168520224993499, 271.0871567025833]","[np.float64(91.43722549100681), np.float64(12.35792225042819), np.float64(24.233399994800244), np.float64(46.38228734891397), np.float64(16.51322378269337), 0.0]",27.2573,562.7368,AUCKLAND
syn_06185,2,Container,22708.0,7,"['LONG ISLAND POINT', 'SUVA', 'PAPEETE', 'NADI BAY', 'VUDA', 'SUVA', 'AUCKLAND']","['Australia', 'Fiji', 'French Polynesia', 'Fiji', 'Fiji', 'Fiji', 'New Zealand']","[-38.2983, -18.1339, -17.5374, -17.7162, -17.6861, -18.1339, -36.8402]","[145.2386, 178.4235, -149.5753, 177.371, 177.3849, 178.4235, 174.7721]","['Southeast Australian Shelf', 'Tropical Southwestern Pacific', 'Southeast Polynesia', 'Tropical Southwestern Pacific', 'Tropical Southwestern Pacific', 'Tropical Southwestern Pacific', 'Northern New Zealand']","[0.0, 276.15103077802604, 170.42775424720918, 159.84051616074697, 30.77579409600074, 6.879653335003472, 133.39196182170434]","[45.03386506533261, np.float64(33.88784650823348), 19.92850599145931, 34.96600491737745, 26.219471612624364, np.float64(18.273806176305413), 0.0]",39.824,910.7423,AUCKLAND
syn_06186,2,General Cargo,8378.0,7,"['SUVA', 'LAUTOKA', 'APIA', 'PAGO PAGO HARBOR', 'ALOFI', 'NEIAFU', 'AUCKLAND']","['Fiji', 'Fiji', 'Samoa', 'American Samoa', 'Niue', 'Tonga', 'New Zealand']","[-18.1339, -17.6036, -13.826, -14.2765, -19.0532, -18.6529, -36.8402]","[178.4235, 177.4387, -171.7622, -170.6854, -169.9217, -173.9852, 174.7721]","['Tropical Southwestern Pacific', 'Tropical Southwestern Pacific', 'Central Polynesia', 'Central Polynesia', 'Tropical Southwestern Pacific', 'Tropical Southwestern Pacific', 'Northern New Zealand']","[0.0, 14.848286184622108, 70.66262373031722, 17.18075491141164, 71.03864987262278, 63.29931770652142, 259.38384925225273]","[np.float64(34.00616230380713), np.float64(62.10979083303082), np.float64(8.50834121547946), np.float64(18.133894729379104), np.float64(29.81967863995649), np.float64(8.321681959190546), 0.0]",27.388,623.3069,AUCKLAND
syn_06187,2,General Cargo,8378.0,5,"['SUVA', 'APIA', 'PAGO PAGO HARBOR', 'RAROTONGA', 'AUCKLAND']","['Fiji', 'Samoa', 'American Samoa', 'Cook Islands', 'New Zealand']","[-18.1339, -13.826, -14.2765, -21.2046, -36.8402]","[178.4235, -171.7622, -170.6854, -159.7843, 174.7721]","['Tropical Southwestern Pacific', 'Central Polynesia', 'Central Polynesia', 'Southeast Polynesia', 'Northern New Zealand']","[0.0, 77.85980577942632, 15.54138293545981, 76.64963800351555, 115.64079251925949]","[np.float64(6.296345642637087), np.float64(18.902756019374426), np.float64(40.441432710982504), np.float64(31.401715901401108), 0.0]",15.9472,376.4375,AUCKLAND
syn_06188,2,General Cargo,20202.0,7,"['SUVA', 'APIA', 'RAROTONGA', 'ALOFI', ""NUKU'ALOFA"", 'NEIAFU', 'AUCKLAND']","['Fiji', 'Samoa', 'Cook Islands', 'Niue', 'Tonga', 'Tonga', 'New Zealand']","[-18.1339, -13.826, -21.2046, -19.0532, -21.1362, -18.6529, -36.8402]","[178.4235, -171.7622, -159.7843, -169.9217, -175.1806, -173.9852, 174.7721]","['Tropical Southwestern Pacific', 'Central Polynesia', 'Southeast Polynesia', 'Tropical Southwestern Pacific', 'Tropical Southwestern Pacific', 'Tropical Southwestern Pacific', 'Northern New Zealand']","[0.0, 73.05108857450567, 73.65406186573063, 87.82068887197764, 89.80969080175137, 21.78142014557316, 112.0518980994732]","[np.float64(51.33020995821874), np.float64(30.371684040403924), np.float64(30.7386159973551), np.float64(57.028626608854424), np.float64(12.227112778324262), np.float64(20.768417290213712), 0.0]",27.5264,609.3033,AUCKLAND
syn_06189,2,General Cargo,8378.0,7,"['SUVA', 'APIA', 'PAGO PAGO HARBOR', 'RAROTONGA', 'AITUTAKI', 'PAGO PAGO HARBOR', 'AUCKLAND']","['Fiji', 'Samoa', 'American Samoa', 'Cook Islands', 'Cook Islands', 'American Samoa', 'New Zealand']","[-18.1339, -13.826, -14.2765, -21.2046, -18.8505, -14.2765, -36.8402]","[178.4235, -171.7622, -170.6854, -159.7843, -159.8111, -170.6854, 174.7721]","['Tropical Southwestern Pacific', 'Central Polynesia', 'Central Polynesia', 'Southeast Polynesia', 'Southeast Polynesia', 'Central Polynesia', 'Northern New Zealand']","[0.0, 69.04710532214793, 7.18996930669432, 106.98955444353584, 15.626498347384807, 93.43963630669154, 129.01152817423778]","[np.float64(66.9494639953242), np.float64(30.294416754868603), np.float64(60.40141193008454), np.float64(15.078556587612054), np.float64(20.21632831598561), np.float64(9.601163951569392), 0.0]",25.9936,556.8962,AUCKLAND
syn_06190,2,General Cargo,8378.0,7,"['SUVA', 'APIA', 'PAGO PAGO HARBOR', 'ALOFI', 'NEIAFU', ""NUKU'ALOFA"", 'AUCKLAND']","['Fiji', 'Samoa', 'American Samoa', 'Niue', 'Tonga', 'Tonga', 'New Zealand']","[-18.1339, -13.826, -14.2765, -19.0532, -18.6529, -21.1362, -36.8402]","[178.4235, -171.7622, -170.6854, -169.9217, -173.9852, -175.1806, 174.7721]","['Tropical Southwestern Pacific', 'Central Polynesia', 'Central Polynesia', 'Tropical Southwestern Pacific', 'Tropical Southwestern Pacific', 'Tropical Southwestern Pacific', 'Northern New Zealand']","[0.0, 60.90718431441823, 5.6471022212465485, 29.450092765847234, 58.62455297045802, 33.098930433939735, 85.21437272707925]","[np.float64(6.739245412355549), np.float64(19.00652276040441), np.float64(11.616130235360098), np.float64(19.51250890459663), np.float64(12.428475251909141), np.float64(66.01385282789953), 0.0]",17.0108,401.5197,AUCKLAND
syn_06191,2,Container,8252.0,7,"['SUVA', 'LAUTOKA', 'APIA', 'PAGO PAGO HARBOR', 'RAROTONGA', ""NUKU'ALOFA"", 'AUCKLAND']","['Fiji', 'Fiji', 'Samoa', 'American Samoa', 'Cook Islands', 'Tonga', 'New Zealand']","[-18.1339, -17.6036, -13.826, -14.2765, -21.2046, -21.1362, -36.8402]","[178.4235, 177.4387, -171.7622, -170.6854, -159.7843, -175.1806, 174.7721]","['Tropical Southwestern Pacific', 'Tropical Southwestern Pacific', 'Central Polynesia', 'Central Polynesia', 'Southeast Polynesia', 'Tropical Southwestern Pacific', 'Northern New Zealand']","[0.0, 15.510895000266599, 66.84174165161333, 7.01498928500818, 179.7424556128289, 79.14919959856522, 118.84346627129386]","[np.float64(32.71039737340343), np.float64(64.49807199746151), np.float64(31.846184407582836), np.float64(10.128841756454129), np.float64(25.149423308483197), np.float64(7.459225328281271), 0.0]",26.6206,606.1845,AUCKLAND
syn_06192,2,General Cargo,8378.0,6,"['LAUTOKA', 'APIA', 'PAGO PAGO HARBOR', 'ALOFI', 'NEIAFU', 'AUCKLAND']","['Fiji', 'Samoa', 'American Samoa', 'Niue', 'Tonga', 'New Zealand']","[-17.6036, -13.826, -14.2765, -19.0532, -18.6529, -36.8402]","[177.4387, -171.7622, -170.6854, -169.9217, -173.9852, 174.7721]","['Tropical Southwestern Pacific', 'Central Polynesia', 'Central Polynesia', 'Tropical Southwestern Pacific', 'Tropical Southwestern Pacific', 'Northern New Zealand']","[0.0, 149.77955225725938, 11.210134886047655, 28.832564513096195, 59.573704748678715, 185.1185119537065]","[np.float64(15.090836568823454), np.float64(8.825363163247918), np.float64(28.121708034539463), np.float64(41.29857468935146), np.float64(10.14244887353115), 0.0]",22.4164,522.9026,AUCKLAND
syn_06193,2,General Cargo,5642.0,7,"['SUVA', 'PAGO PAGO HARBOR', 'APIA', 'ALOFI', 'RAROTONGA', 'AITUTAKI', 'AUCKLAND']","['Fiji', 'American Samoa', 'Samoa', 'Niue', 'Cook Islands', 'Cook Islands', 'New Zealand']","[-18.1339, -14.2765, -13.826, -19.0532, -21.2046, -18.8505, -36.8402]","[178.4235, -170.6854, -171.7622, -169.9217, -159.7843, -159.8111, 174.7721]","['Tropical Southwestern Pacific', 'Central Polynesia', 'Central Polynesia', 'Tropical Southwestern Pacific', 'Southeast Polynesia', 'Southeast Polynesia', 'Northern New Zealand']","[0.0, 113.93517124363987, 15.711888881031227, 31.913761418248598, 49.960521414817, 11.203133761755984, 120.80014762508493]","[np.float64(17.697738032436806), np.float64(8.1034066412702), np.float64(14.121403418241835), np.float64(34.42854565616422), np.float64(40.5518429025635), np.float64(22.709426775706167), 0.0]",20.0474,463.4392,AUCKLAND
syn_06194,2,General Cargo,8378.0,6,"['LAUTOKA', 'PAGO PAGO HARBOR', 'APIA', 'RAROTONGA', 'AITUTAKI', 'AUCKLAND']","['Fiji', 'American Samoa', 'Samoa', 'Cook Islands', 'Cook Islands', 'New Zealand']","[-17.6036, -14.2765, -13.826, -21.2046, -18.8505, -36.8402]","[177.4387, -170.6854, -171.7622, -159.7843, -159.8111, 174.7721]","['Tropical Southwestern Pacific', 'Central Polynesia', 'Central Polynesia', 'Southeast Polynesia', 'Southeast Polynesia', 'Northern New Zealand']","[0.0, 77.98093748833692, 15.171643984350013, 112.28935799239684, 15.700820114021766, 174.4664978703936]","[np.float64(46.89623002862298), np.float64(19.885010854065122), np.float64(47.492104965329496), np.float64(30.339915619843577), np.float64(18.749950616251695), 0.0]",23.2905,512.0762,AUCKLAND
syn_06195,2,General Cargo,8378.0,7,"['SUVA', 'LAUTOKA', 'APIA', 'PAGO PAGO HARBOR', 'ALOFI', ""NUKU'ALOFA"", 'AUCKLAND']","['Fiji', 'Fiji', 'Samoa', 'American Samoa', 'Niue', 'Tonga', 'New Zealand']","[-18.1339, -17.6036, -13.826, -14.2765, -19.0532, -21.1362, -36.8402]","[178.4235, 177.4387, -171.7622, -170.6854, -169.9217, -175.1806, 174.7721]","['Tropical Southwestern Pacific', 'Tropical Southwestern Pacific', 'Central Polynesia', 'Central Polynesia', 'Tropical Southwestern Pacific', 'Tropical Southwestern Pacific', 'Northern New Zealand']","[0.0, 6.995527598871915, 80.26592657940624, 19.521570743256007, 20.00580258095626, 57.431109562745554, 85.48604250384005]","[np.float64(14.976246426767485), np.float64(32.919802252689095), np.float64(27.920728930539077), np.float64(24.34699390229406), np.float64(15.159724248682254), np.float64(10.2985022069974), 0.0]",16.472,380.3517,AUCKLAND
syn_06196,2,Container,22968.0,7,"['LAUTOKA', 'SUVA', 'APIA', 'RAROTONGA', 'AITUTAKI', ""NUKU'ALOFA"", 'AUCKLAND']","['Fiji', 'Fiji', 'Samoa', 'Cook Islands', 'Cook Islands', 'Tonga', 'New Zealand']","[-17.6036, -18.1339, -13.826, -21.2046, -18.8505, -21.1362, -36.8402]","[177.4387, 178.4235, -171.7622, -159.7843, -159.8111, -175.1806, 174.7721]","['Tropical Southwestern Pacific', 'Tropical Southwestern Pacific', 'Central Polynesia', 'Southeast Polynesia', 'Southeast Polynesia', 'Tropical Southwestern Pacific', 'Northern New Zealand']","[0.0, 7.536595825555064, 69.99458776509753, 103.72250181589688, 7.542897307238129, 100.76019450364674, 143.39505071750335]","[np.float64(46.84798158553766), np.float64(9.772023906546758), np.float64(9.56284691417396), np.float64(34.73204397028536), np.float64(60.26525877686477), np.float64(13.60688370961373), 0.0]",25.3225,560.8909,AUCKLAND
syn_06197,2,Container,8252.0,7,"['SUVA', 'LAUTOKA', 'APIA', 'PAGO PAGO HARBOR', 'RAROTONGA', 'AITUTAKI', 'AUCKLAND']","['Fiji', 'Fiji', 'Samoa', 'American Samoa', 'Cook Islands', 'Cook Islands', 'New Zealand']","[-18.1339, -17.6036, -13.826, -14.2765, -21.2046, -18.8505, -36.8402]","[178.4235, 177.4387, -171.7622, -170.6854, -159.7843, -159.8111, 174.7721]","['Tropical Southwestern Pacific', 'Tropical Southwestern Pacific', 'Central Polynesia', 'Central Polynesia', 'Southeast Polynesia', 'Southeast Polynesia', 'Northern New Zealand']","[0.0, 13.932844982429275, 49.39555072493951, 9.43855408801961, 78.05491165826972, 4.3753437890677, 103.64838779899165]","[np.float64(67.56250243086032), np.float64(114.65973872546425), np.float64(25.681653099100718), np.float64(16.906830192491967), np.float64(32.19762418952174), np.float64(10.537426682500444), 0.0]",21.933,458.8289,AUCKLAND
syn_06198,2,General Cargo,8378.0,7,"['VILA', 'HONIARA', 'NAPA NAPA', 'LAE', 'NOUMEA', 'BOTANY', 'LYTTELTON']","['Vanuatu', 'Solomon Islands', 'Papua New Guinea', 'Papua New Guinea', 'New Caledonia', 'Australia', 'New Zealand']","[-17.754, -9.4274, -9.5056, -6.8146, -22.2633, -33.9682, -43.606]","[168.3044, 159.9603, 147.1542, 146.9681, 166.4317, 151.2149, 172.7213]","['Tropical Southwestern Pacific', 'Eastern Coral Triangle', 'Eastern Coral Triangle', 'Eastern Coral Triangle', 'Tropical Southwestern Pacific', 'East Central Australian Shelf', 'Southern New Zealand']","[0.0, 76.31135406686214, 111.88990310267518, 119.90076256697694, 106.60488770397289, 114.27700627404374, 146.1725707849623]","[17.937935613802154, 46.81433518655354, 11.452304702156002, 36.456022345371785, 22.498030194218355, 6.151356667037746, 0.0]",34.0194,798.5285,LYTTELTON
syn_06199,2,General Cargo,8378.0,5,"['SUVA', 'APIA', 'PAGO PAGO HARBOR', 'RAROTONGA', 'AUCKLAND']","['Fiji', 'Samoa', 'American Samoa', 'Cook Islands', 'New Zealand']","[-18.1339, -13.826, -14.2765, -21.2046, -36.8402]","[178.4235, -171.7622, -170.6854, -159.7843, 174.7721]","['Tropical Southwestern Pacific', 'Central Polynesia', 'Central Polynesia', 'Southeast Polynesia', 'Northern New Zealand']","[0.0, 77.08070479378699, 6.041634399790896, 82.9467513113991, 118.08400426385701]","[np.float64(91.66895582855494), np.float64(8.029400055914332), np.float64(17.797225156990077), np.float64(43.07239806144034), 0.0]",18.53,353.0521,AUCKLAND
syn_06200,2,General Cargo,8378.0,6,"['SUVA', 'PAGO PAGO HARBOR', 'APIA', 'ALOFI', 'RAROTONGA', 'AUCKLAND']","['Fiji', 'American Samoa', 'Samoa', 'Niue', 'Cook Islands', 'New Zealand']","[-18.1339, -14.2765, -13.826, -19.0532, -21.2046, -36.8402]","[178.4235, -170.6854, -171.7622, -169.9217, -159.7843, 174.7721]","['Tropical Southwestern Pacific', 'Central Polynesia', 'Central Polynesia', 'Tropical Southwestern Pacific', 'Southeast Polynesia', 'Northern New Zealand']","[0.0, 150.77587953544773, 18.761982766901465, 24.34589358971847, 135.71788035491426, 354.90880213519546]","[np.float64(37.28155379230615), np.float64(15.89441685838835), np.float64(7.8345399550441055), np.float64(15.681517038632371), np.float64(55.386144130897996), 0.0]",34.0245,779.3071,AUCKLAND
syn_06201,2,General Cargo,20202.0,6,"['LAUTOKA', 'SUVA', 'APIA', 'PAGO PAGO HARBOR', 'ALOFI', 'AUCKLAND']","['Fiji', 'Fiji', 'Samoa', 'American Samoa', 'Niue', 'New Zealand']","[-17.6036, -18.1339, -13.826, -14.2765, -19.0532, -36.8402]","[177.4387, 178.4235, -171.7622, -170.6854, -169.9217, 174.7721]","['Tropical Southwestern Pacific', 'Tropical Southwestern Pacific', 'Central Polynesia', 'Central Polynesia', 'Tropical Southwestern Pacific', 'Northern New Zealand']","[0.0, 13.915184188718035, 58.61711237187337, 7.928882228999514, 40.792825525752676, 191.20686167483774]","[np.float64(12.67205188534247), np.float64(38.47425126570105), np.float64(6.3429506844014245), np.float64(15.181862542981456), np.float64(35.84630472530027), 0.0]",17.5408,408.3062,AUCKLAND
syn_06202,2,Container,8252.0,7,"['SUVA', 'APIA', 'RAROTONGA', 'AITUTAKI', 'ALOFI', ""NUKU'ALOFA"", 'AUCKLAND']","['Fiji', 'Samoa', 'Cook Islands', 'Cook Islands', 'Niue', 'Tonga', 'New Zealand']","[-18.1339, -13.826, -21.2046, -18.8505, -19.0532, -21.1362, -36.8402]","[178.4235, -171.7622, -159.7843, -159.8111, -169.9217, -175.1806, 174.7721]","['Tropical Southwestern Pacific', 'Central Polynesia', 'Southeast Polynesia', 'Southeast Polynesia', 'Tropical Southwestern Pacific', 'Tropical Southwestern Pacific', 'Northern New Zealand']","[0.0, 59.63995433801728, 60.66374311291828, 3.96843142351226, 56.377627951230444, 59.17495630537687, 135.98318577382798]","[np.float64(13.377339012999919), np.float64(7.088685457857372), np.float64(104.44046216773722), np.float64(17.45876116362067), np.float64(65.34624386338355), np.float64(13.837725292366388), 0.0]",24.8899,583.9798,AUCKLAND
syn_06203,2,General Cargo,8378.0,7,"['SUVA', 'APIA', 'PAGO PAGO HARBOR', 'ALOFI', 'NEIAFU', ""NUKU'ALOFA"", 'AUCKLAND']","['Fiji', 'Samoa', 'American Samoa', 'Niue', 'Tonga', 'Tonga', 'New Zealand']","[-18.1339, -13.826, -14.2765, -19.0532, -18.6529, -21.1362, -36.8402]","[178.4235, -171.7622, -170.6854, -169.9217, -173.9852, -175.1806, 174.7721]","['Tropical Southwestern Pacific', 'Central Polynesia', 'Central Polynesia', 'Tropical Southwestern Pacific', 'Tropical Southwestern Pacific', 'Tropical Southwestern Pacific', 'Northern New Zealand']","[0.0, 70.85922058611499, 14.712184684250072, 18.454975769729295, 51.54138723344478, 26.030303971722184, 96.47334114875659]","[np.float64(101.27720836773061), np.float64(33.234776138841966), np.float64(12.929716960241437), np.float64(18.124447496682187), np.float64(13.236035386807368), np.float64(18.289415599250365), 0.0]",19.7985,373.8858,AUCKLAND
syn_06204,2,General Cargo,20202.0,7,"['LAUTOKA', 'APIA', 'PAGO PAGO HARBOR', 'RAROTONGA', 'AITUTAKI', ""NUKU'ALOFA"", 'AUCKLAND']","['Fiji', 'Samoa', 'American Samoa', 'Cook Islands', 'Cook Islands', 'Tonga', 'New Zealand']","[-17.6036, -13.826, -14.2765, -21.2046, -18.8505, -21.1362, -36.8402]","[177.4387, -171.7622, -170.6854, -159.7843, -159.8111, -175.1806, 174.7721]","['Tropical Southwestern Pacific', 'Central Polynesia', 'Central Polynesia', 'Southeast Polynesia', 'Southeast Polynesia', 'Tropical Southwestern Pacific', 'Northern New Zealand']","[0.0, 67.9682426252376, 10.09574996701547, 86.19882797074982, 11.767416150454002, 73.57222304472621, 94.82184340820876]","[np.float64(82.07168813432286), np.float64(18.479806402428316), np.float64(29.415089889971593), np.float64(6.859272687565827), np.float64(6.693872740950708), np.float64(18.7686421049329), 0.0]",21.113,424.641,AUCKLAND
syn_06205,2,Container,22968.0,7,"['PAPEETE', 'LAUTOKA', 'NOUMEA', 'BRISBANE', 'BOTANY', 'MELBOURNE', 'TAURANGA']","['French Polynesia', 'Fiji', 'New Caledonia', 'Australia', 'Australia', 'Australia', 'New Zealand']","[-17.5374, -17.6036, -22.2633, -27.3765, -33.9682, -37.844, -37.6444]","[-149.5753, 177.4387, 166.4317, 153.1665, 151.2149, 144.905, 176.1819]","['Southeast Polynesia', 'Tropical Southwestern Pacific', 'Tropical Southwestern Pacific', 'East Central Australian Shelf', 'East Central Australian Shelf', 'Southeast Australian Shelf', 'Northern New Zealand']","[0.0, 261.77056114445844, 97.24060278489064, 46.18067190083652, 60.01055744339048, 41.693497375712404, 149.95945578174423]","[42.200370402145616, np.float64(78.41371968127707), 6.723474148559985, 16.259369004870756, 54.61023790389867, 40.745198780965026, 0.0]",37.3253,853.6073,TAURANGA
syn_06206,2,Tanker,3854.0,7,"['LAUTOKA', 'APIA', 'PAGO PAGO HARBOR', 'ALOFI', 'NEIAFU', ""NUKU'ALOFA"", 'AUCKLAND']","['Fiji', 'Samoa', 'American Samoa', 'Niue', 'Tonga', 'Tonga', 'New Zealand']","[-17.6036, -13.826, -14.2765, -19.0532, -18.6529, -21.1362, -36.8402]","[177.4387, -171.7622, -170.6854, -169.9217, -173.9852, -175.1806, 174.7721]","['Tropical Southwestern Pacific', 'Central Polynesia', 'Central Polynesia', 'Tropical Southwestern Pacific', 'Tropical Southwestern Pacific', 'Tropical Southwestern Pacific', 'Northern New Zealand']","[0.0, 159.34152549493822, 8.886685663802105, 24.83988297916582, 59.534696418628506, 39.58271981544989, 96.2882039885368]","[np.float64(24.647174113497567), np.float64(12.467966170484047), np.float64(29.935582706073983), np.float64(97.04300256393033), np.float64(8.45466221757995), np.float64(7.025277714768659), 0.0]",23.6686,543.4002,AUCKLAND
syn_06207,2,General Cargo,20202.0,7,"['SUVA', 'APIA', 'PAGO PAGO HARBOR', 'RAROTONGA', 'AITUTAKI', 'ALOFI', 'AUCKLAND']","['Fiji', 'Samoa', 'American Samoa', 'Cook Islands', 'Cook Islands', 'Niue', 'New Zealand']","[-18.1339, -13.826, -14.2765, -21.2046, -18.8505, -19.0532, -36.8402]","[178.4235, -171.7622, -170.6854, -159.7843, -159.8111, -169.9217, 174.7721]","['Tropical Southwestern Pacific', 'Central Polynesia', 'Central Polynesia', 'Southeast Polynesia', 'Southeast Polynesia', 'Tropical Southwestern Pacific', 'Northern New Zealand']","[0.0, 63.34972494383729, 12.478722500282073, 56.335824154874395, 16.423277092004664, 99.3001558903194, 154.70822374126917]","[np.float64(69.2869037206251), np.float64(6.232210712231056), np.float64(7.3807373214520915), np.float64(50.413675183171605), np.float64(40.850832762897866), np.float64(33.38849030298176), 0.0]",25.4229,540.8619,AUCKLAND
syn_06208,2,General Cargo,8378.0,7,"['SUVA', 'APIA', 'RAROTONGA', 'AITUTAKI', 'ALOFI', ""NUKU'ALOFA"", 'AUCKLAND']","['Fiji', 'Samoa', 'Cook Islands', 'Cook Islands', 'Niue', 'Tonga', 'New Zealand']","[-18.1339, -13.826, -21.2046, -18.8505, -19.0532, -21.1362, -36.8402]","[178.4235, -171.7622, -159.7843, -159.8111, -169.9217, -175.1806, 174.7721]","['Tropical Southwestern Pacific', 'Central Polynesia', 'Southeast Polynesia', 'Southeast Polynesia', 'Tropical Southwestern Pacific', 'Tropical Southwestern Pacific', 'Northern New Zealand']","[0.0, 76.10571940416818, 86.77262188415237, 13.209036924174058, 70.53734122151523, 50.36787606598908, 81.83739675172122]","[np.float64(36.87632185466315), np.float64(6.660414458333721), np.float64(21.32030937166722), np.float64(13.243952769753028), np.float64(16.816262293577154), np.float64(12.405662888970328), 0.0]",20.2564,449.2766,AUCKLAND
syn_06209,2,Container,8252.0,7,"['APIA', 'PAGO PAGO HARBOR', 'RAROTONGA', 'AITUTAKI', 'ALOFI', ""NUKU'ALOFA"", 'AUCKLAND']","['Samoa', 'American Samoa', 'Cook Islands', 'Cook Islands', 'Niue', 'Tonga', 'New Zealand']","[-13.826, -14.2765, -21.2046, -18.8505, -19.0532, -21.1362, -36.8402]","[-171.7622, -170.6854, -159.7843, -159.8111, -169.9217, -175.1806, 174.7721]","['Central Polynesia', 'Central Polynesia', 'Southeast Polynesia', 'Southeast Polynesia', 'Tropical Southwestern Pacific', 'Tropical Southwestern Pacific', 'Northern New Zealand']","[0.0, 19.10141981268114, 84.93380022162702, 9.29828418927635, 56.4041632449653, 31.498889618341966, 133.11189735130034]","[np.float64(15.672152412134892), np.float64(57.568791354122844), np.float64(10.308652833762439), np.float64(19.299614920684864), np.float64(130.7509557674412), np.float64(18.951536434358445), 0.0]",24.4542,571.228,AUCKLAND
syn_06210,2,General Cargo,20202.0,7,"['SUVA', 'PAGO PAGO HARBOR', 'APIA', ""NUKU'ALOFA"", 'RAROTONGA', 'AITUTAKI', 'AUCKLAND']","['Fiji', 'American Samoa', 'Samoa', 'Tonga', 'Cook Islands', 'Cook Islands', 'New Zealand']","[-18.1339, -14.2765, -13.826, -21.1362, -21.2046, -18.8505, -36.8402]","[178.4235, -170.6854, -171.7622, -175.1806, -159.7843, -159.8111, 174.7721]","['Tropical Southwestern Pacific', 'Central Polynesia', 'Central Polynesia', 'Tropical Southwestern Pacific', 'Southeast Polynesia', 'Southeast Polynesia', 'Northern New Zealand']","[0.0, 121.06964287369716, 10.351690757098243, 67.15364091404301, 106.90933886778696, 17.727378683652315, 438.71379112009276]","[np.float64(12.303270230157766), np.float64(16.980160076828085), np.float64(63.80617218084196), np.float64(15.107375847325281), np.float64(30.481439149972275), np.float64(29.10809773295846), 0.0]",38.738,917.4087,AUCKLAND
syn_06211,2,Container,22968.0,7,"['SUVA', 'PAGO PAGO HARBOR', 'APIA', 'RAROTONGA', 'AITUTAKI', ""NUKU'ALOFA"", 'AUCKLAND']","['Fiji', 'American Samoa', 'Samoa', 'Cook Islands', 'Cook Islands', 'Tonga', 'New Zealand']","[-18.1339, -14.2765, -13.826, -21.2046, -18.8505, -21.1362, -36.8402]","[178.4235, -170.6854, -171.7622, -159.7843, -159.8111, -175.1806, 174.7721]","['Tropical Southwestern Pacific', 'Central Polynesia', 'Central Polynesia', 'Southeast Polynesia', 'Southeast Polynesia', 'Tropical Southwestern Pacific', 'Northern New Zealand']","[0.0, 72.91346792604257, 6.780589340157832, 89.2189684259174, 6.12602666827113, 68.05638952742612, 88.59121697533395]","[np.float64(25.255042165592684), np.float64(44.41962585572806), np.float64(9.470000142603745), np.float64(36.757489178266916), np.float64(30.281445840288868), np.float64(7.63209880965485), 0.0]",20.2293,460.2473,AUCKLAND
syn_06212,2,General Cargo,8378.0,7,"['SUVA', 'APIA', 'RAROTONGA', 'AITUTAKI', 'ALOFI', ""NUKU'ALOFA"", 'AUCKLAND']","['Fiji', 'Samoa', 'Cook Islands', 'Cook Islands', 'Niue', 'Tonga', 'New Zealand']","[-18.1339, -13.826, -21.2046, -18.8505, -19.0532, -21.1362, -36.8402]","[178.4235, -171.7622, -159.7843, -159.8111, -169.9217, -175.1806, 174.7721]","['Tropical Southwestern Pacific', 'Central Polynesia', 'Southeast Polynesia', 'Southeast Polynesia', 'Tropical Southwestern Pacific', 'Tropical Southwestern Pacific', 'Northern New Zealand']","[0.0, 80.16745031903412, 73.3056664592918, 11.713080735757497, 63.36994481123498, 64.59086956347691, 95.38299611741567]","[np.float64(31.60738575291509), np.float64(14.545687414478612), np.float64(35.06668272731454), np.float64(15.630094334073041), np.float64(27.490129221602412), np.float64(33.06667490276442), 0.0]",22.7474,514.3293,AUCKLAND
syn_06213,2,Container,22968.0,7,"['LAUTOKA', 'SUVA', 'APIA', 'PAGO PAGO HARBOR', 'ALOFI', 'NEIAFU', 'AUCKLAND']","['Fiji', 'Fiji', 'Samoa', 'American Samoa', 'Niue', 'Tonga', 'New Zealand']","[-17.6036, -18.1339, -13.826, -14.2765, -19.0532, -18.6529, -36.8402]","[177.4387, 178.4235, -171.7622, -170.6854, -169.9217, -173.9852, 174.7721]","['Tropical Southwestern Pacific', 'Tropical Southwestern Pacific', 'Central Polynesia', 'Central Polynesia', 'Tropical Southwestern Pacific', 'Tropical Southwestern Pacific', 'Northern New Zealand']","[0.0, 13.693243125826658, 49.10230150296814, 16.34280290971805, 36.8358739117321, 28.49995474625252, 245.04687011354838]","[np.float64(124.45383452771483), np.float64(20.30927792283299), np.float64(8.066139519587615), np.float64(25.147689489614656), np.float64(53.52416769187939), np.float64(16.979756241723322), 0.0]",26.5834,513.5481,AUCKLAND
syn_06214,2,Container,22968.0,7,"['LAUTOKA', 'APIA', ""NUKU'ALOFA"", 'RAROTONGA', 'AITUTAKI', 'PAGO PAGO HARBOR', 'AUCKLAND']","['Fiji', 'Samoa', 'Tonga', 'Cook Islands', 'Cook Islands', 'American Samoa', 'New Zealand']","[-17.6036, -13.826, -21.1362, -21.2046, -18.8505, -14.2765, -36.8402]","[177.4387, -171.7622, -175.1806, -159.7843, -159.8111, -170.6854, 174.7721]","['Tropical Southwestern Pacific', 'Central Polynesia', 'Tropical Southwestern Pacific', 'Southeast Polynesia', 'Southeast Polynesia', 'Central Polynesia', 'Northern New Zealand']","[0.0, 77.03137466765008, 55.30555839382055, 59.029276433131194, 5.377828997796186, 88.52073282652097, 149.90599425105262]","[np.float64(10.535410130292325), np.float64(35.936681569079376), np.float64(25.606675953499042), np.float64(30.682559468161678), np.float64(49.49389346625765), np.float64(33.628860510211084), 0.0]",25.8773,610.5194,AUCKLAND
syn_06215,2,Container,22314.0,7,"['SUVA', 'LAUTOKA', 'PAGO PAGO HARBOR', 'APIA', 'RAROTONGA', 'ALOFI', 'AUCKLAND']","['Fiji', 'Fiji', 'American Samoa', 'Samoa', 'Cook Islands', 'Niue', 'New Zealand']","[-18.1339, -17.6036, -14.2765, -13.826, -21.2046, -19.0532, -36.8402]","[178.4235, 177.4387, -170.6854, -171.7622, -159.7843, -169.9217, 174.7721]","['Tropical Southwestern Pacific', 'Tropical Southwestern Pacific', 'Central Polynesia', 'Central Polynesia', 'Southeast Polynesia', 'Tropical Southwestern Pacific', 'Northern New Zealand']","[0.0, 13.163088973472924, 138.0240063174762, 5.689075073392579, 49.7596818173501, 48.1652021894952, 183.36270461182]","[np.float64(20.241578882895293), np.float64(69.05717450736316), np.float64(22.22259875382024), np.float64(39.49688589949042), np.float64(126.03644126571753), np.float64(37.69981446297735), 0.0]",31.3716,732.6767,AUCKLAND
syn_06216,2,Container,8252.0,6,"[""NUKU'ALOFA"", 'SUVA', 'APIA', 'PAGO PAGO HARBOR', ""NUKU'ALOFA"", 'TAURANGA']","['Tonga', 'Fiji', 'Samoa', 'American Samoa', 'Tonga', 'New Zealand']","[-21.1362, -18.1339, -13.826, -14.2765, -21.1362, -37.6444]","[-175.1806, 178.4235, -171.7622, -170.6854, -175.1806, 176.1819]","['Tropical Southwestern Pacific', 'Tropical Southwestern Pacific', 'Central Polynesia', 'Central Polynesia', 'Tropical Southwestern Pacific', 'Northern New Zealand']","[0.0, 83.15740641676241, 62.04777036417369, 12.034191079561804, 44.55881096618759, 148.03065834481473]","[np.float64(14.997514488855526), np.float64(17.749181809196873), np.float64(23.653038451043127), np.float64(36.97543055597752), np.float64(6.962105547966441), 0.0]",18.7569,435.1686,TAURANGA
syn_06217,2,General Cargo,8378.0,6,"['EBAYE', 'KWAJALEIN', 'APRA HARBOR', 'POHNPEI', 'SUVA', 'TAURANGA']","['Marshall Islands', 'Marshall Islands', 'Guam', 'Micronesia', 'Fiji', 'New Zealand']","[8.7783, 8.7325, 13.4594, 6.9793, -18.1339, -37.6444]","[167.7331, 167.7351, 144.6655, 158.201, 178.4235, 176.1819]","['Marshall, Gilbert and Ellis Islands', 'Marshall, Gilbert and Ellis Islands', 'Tropical Northwestern Pacific', 'Tropical Northwestern Pacific', 'Tropical Southwestern Pacific', 'Northern New Zealand']","[0.0, 35.833719201453626, 122.99346403139639, 147.091613448954, 218.55025662761216, 188.55280383573293]","[20.838664865126404, 10.73332015705873, 48.44716490879297, 22.441883726854748, np.float64(35.44189679432685), 0.0]",35.4552,830.0861,TAURANGA
syn_06218,2,General Cargo,20202.0,5,"['SUVA', 'LAUTOKA', 'APIA', 'PAGO PAGO HARBOR', 'TAURANGA']","['Fiji', 'Fiji', 'Samoa', 'American Samoa', 'New Zealand']","[-18.1339, -17.6036, -13.826, -14.2765, -37.6444]","[178.4235, 177.4387, -171.7622, -170.6854, 176.1819]","['Tropical Southwestern Pacific', 'Tropical Southwestern Pacific', 'Central Polynesia', 'Central Polynesia', 'Northern New Zealand']","[0.0, 13.454379757262931, 98.02065728971787, 18.041931349977077, 230.80204692914438]","[np.float64(30.764093530568786), np.float64(51.39859987921565), np.float64(28.755537556992344), np.float64(134.22066995052745), 0.0]",25.2274,574.6938,TAURANGA
syn_06219,2,General Cargo,8378.0,6,"['SUVA', 'LAUTOKA', 'APIA', 'PAGO PAGO HARBOR', 'RAROTONGA', 'AUCKLAND']","['Fiji', 'Fiji', 'Samoa', 'American Samoa', 'Cook Islands', 'New Zealand']","[-18.1339, -17.6036, -13.826, -14.2765, -21.2046, -36.8402]","[178.4235, 177.4387, -171.7622, -170.6854, -159.7843, 174.7721]","['Tropical Southwestern Pacific', 'Tropical Southwestern Pacific', 'Central Polynesia', 'Central Polynesia', 'Southeast Polynesia', 'Northern New Zealand']","[0.0, 14.1111790649926, 78.15995780418426, 20.39968235651173, 162.41837026010725, 161.80697973202268]","[np.float64(33.23232419828652), np.float64(22.76250862336549), np.float64(18.632438607762516), np.float64(15.141216889488415), np.float64(51.651010160341706), 0.0]",24.0965,545.0833,AUCKLAND
syn_06220,2,General Cargo,8378.0,7,"['LAUTOKA', 'APIA', 'PAGO PAGO HARBOR', 'ALOFI', 'NEIAFU', ""NUKU'ALOFA"", 'AUCKLAND']","['Fiji', 'Samoa', 'American Samoa', 'Niue', 'Tonga', 'Tonga', 'New Zealand']","[-17.6036, -13.826, -14.2765, -19.0532, -18.6529, -21.1362, -36.8402]","[177.4387, -171.7622, -170.6854, -169.9217, -173.9852, -175.1806, 174.7721]","['Tropical Southwestern Pacific', 'Central Polynesia', 'Central Polynesia', 'Tropical Southwestern Pacific', 'Tropical Southwestern Pacific', 'Tropical Southwestern Pacific', 'Northern New Zealand']","[0.0, 151.7909233225151, 16.705387346580487, 25.69360342909283, 76.59457783222705, 18.668611422070665, 85.93156981152107]","[np.float64(22.34668424626851), np.float64(17.621347309968016), np.float64(8.913077824920348), np.float64(31.14645728901499), np.float64(11.582716022688503), np.float64(10.706664441567906), 0.0]",19.9042,455.3549,AUCKLAND
syn_06221,2,Container,22968.0,7,"['SUVA', 'LAUTOKA', 'APIA', 'PAGO PAGO HARBOR', 'RAROTONGA', 'AITUTAKI', 'AUCKLAND']","['Fiji', 'Fiji', 'Samoa', 'American Samoa', 'Cook Islands', 'Cook Islands', 'New Zealand']","[-18.1339, -17.6036, -13.826, -14.2765, -21.2046, -18.8505, -36.8402]","[178.4235, 177.4387, -171.7622, -170.6854, -159.7843, -159.8111, 174.7721]","['Tropical Southwestern Pacific', 'Tropical Southwestern Pacific', 'Central Polynesia', 'Central Polynesia', 'Southeast Polynesia', 'Southeast Polynesia', 'Northern New Zealand']","[0.0, 13.834867219205858, 83.9405952033434, 18.68721093984886, 45.176290247689515, 8.506678008056573, 287.6698001221122]","[np.float64(11.50811048468272), np.float64(40.51936629638852), np.float64(26.238514574786453), np.float64(19.162680132588864), np.float64(24.354437612672232), np.float64(12.454392129010067), 0.0]",24.6689,580.5448,AUCKLAND
syn_06222,2,General Cargo,8378.0,6,"['SUVA', 'LAUTOKA', 'APIA', ""NUKU'ALOFA"", 'RAROTONGA', 'TAURANGA']","['Fiji', 'Fiji', 'Samoa', 'Tonga', 'Cook Islands', 'New Zealand']","[-18.1339, -17.6036, -13.826, -21.1362, -21.2046, -37.6444]","[178.4235, 177.4387, -171.7622, -175.1806, -159.7843, 176.1819]","['Tropical Southwestern Pacific', 'Tropical Southwestern Pacific', 'Central Polynesia', 'Tropical Southwestern Pacific', 'Southeast Polynesia', 'Northern New Zealand']","[0.0, 14.004481080846494, 122.61433092662988, 118.04517850559212, 76.39208931566222, 338.2999170330649]","[np.float64(55.332922781225584), np.float64(124.2258833811921), np.float64(18.089737346948485), np.float64(11.701774505160492), np.float64(12.941180061886495), 0.0]",37.152,836.3146,TAURANGA
syn_06223,2,Container,22314.0,7,"['SUVA', 'APIA', 'PAGO PAGO HARBOR', 'RAROTONGA', 'AITUTAKI', ""NUKU'ALOFA"", 'AUCKLAND']","['Fiji', 'Samoa', 'American Samoa', 'Cook Islands', 'Cook Islands', 'Tonga', 'New Zealand']","[-18.1339, -13.826, -14.2765, -21.2046, -18.8505, -21.1362, -36.8402]","[178.4235, -171.7622, -170.6854, -159.7843, -159.8111, -175.1806, 174.7721]","['Tropical Southwestern Pacific', 'Central Polynesia', 'Central Polynesia', 'Southeast Polynesia', 'Southeast Polynesia', 'Tropical Southwestern Pacific', 'Northern New Zealand']","[0.0, 67.3131909915824, 11.429084965146616, 89.28976315592554, 12.045984394695328, 121.74236561593986, 122.22581584879393]","[np.float64(18.909432188069843), np.float64(41.28252724264891), np.float64(11.562757660723681), np.float64(25.885294526856427), np.float64(12.451153380247387), np.float64(9.895296528630423), 0.0]",22.668,525.1232,AUCKLAND
syn_06224,2,General Cargo,8378.0,7,"['SUVA', 'APIA', 'RAROTONGA', 'AITUTAKI', ""NUKU'ALOFA"", 'NEIAFU', 'AUCKLAND']","['Fiji', 'Samoa', 'Cook Islands', 'Cook Islands', 'Tonga', 'Tonga', 'New Zealand']","[-18.1339, -13.826, -21.2046, -18.8505, -21.1362, -18.6529, -36.8402]","[178.4235, -171.7622, -159.7843, -159.8111, -175.1806, -173.9852, 174.7721]","['Tropical Southwestern Pacific', 'Central Polynesia', 'Southeast Polynesia', 'Southeast Polynesia', 'Tropical Southwestern Pacific', 'Tropical Southwestern Pacific', 'Northern New Zealand']","[0.0, 64.61672012516543, 91.92794886082125, 14.918888953070361, 100.88202705417679, 17.251618496205978, 333.61540466626127]","[np.float64(18.250251789691422), np.float64(23.87938233922918), np.float64(45.651295528740725), np.float64(43.50317887706514), np.float64(13.890051614223001), np.float64(10.903977722714076), 0.0]",32.4704,761.0405,AUCKLAND
syn_06225,2,Tanker,49999.0,7,"['SUVA', 'LAUTOKA', 'APIA', 'PAGO PAGO HARBOR', 'RAROTONGA', 'AITUTAKI', 'AUCKLAND']","['Fiji', 'Fiji', 'Samoa', 'American Samoa', 'Cook Islands', 'Cook Islands', 'New Zealand']","[-18.1339, -17.6036, -13.826, -14.2765, -21.2046, -18.8505, -36.8402]","[178.4235, 177.4387, -171.7622, -170.6854, -159.7843, -159.8111, 174.7721]","['Tropical Southwestern Pacific', 'Tropical Southwestern Pacific', 'Central Polynesia', 'Central Polynesia', 'Southeast Polynesia', 'Southeast Polynesia', 'Northern New Zealand']","[0.0, 6.27250001661978, 123.38282797367822, 7.187837175039318, 80.06299212850226, 5.82493012026613, 186.56202692753942]","[np.float64(19.20066438193412), np.float64(92.09945166379697), np.float64(19.009075203704896), np.float64(15.781484563992668), np.float64(49.72694361698979), np.float64(26.57853080954708), 0.0]",26.3204,612.4886,AUCKLAND
syn_06226,2,Container,22314.0,7,"['PAGO PAGO HARBOR', 'APIA', 'RAROTONGA', 'AITUTAKI', ""NUKU'ALOFA"", 'NEIAFU', 'AUCKLAND']","['American Samoa', 'Samoa', 'Cook Islands', 'Cook Islands', 'Tonga', 'Tonga', 'New Zealand']","[-14.2765, -13.826, -21.2046, -18.8505, -21.1362, -18.6529, -36.8402]","[-170.6854, -171.7622, -159.7843, -159.8111, -175.1806, -173.9852, 174.7721]","['Central Polynesia', 'Central Polynesia', 'Southeast Polynesia', 'Southeast Polynesia', 'Tropical Southwestern Pacific', 'Tropical Southwestern Pacific', 'Northern New Zealand']","[0.0, 8.043172291874995, 49.08763444851927, 8.971816600497666, 119.66536047071946, 13.010136548961526, 182.47410384485204]","[np.float64(52.60168547458446), np.float64(9.943612121359852), np.float64(84.3528141646571), np.float64(44.56624182078275), np.float64(26.387030664559568), np.float64(17.98261087103576), 0.0]",25.7119,564.4845,AUCKLAND
syn_06227,2,General Cargo,12927.0,7,"['VUDA', 'HALALO', 'PAPEETE', 'BOTANY', 'VILA', 'LAUTOKA', 'NEW PLYMOUTH']","['Fiji', 'Wallis And Futuna', 'French Polynesia', 'Australia', 'Vanuatu', 'Fiji', 'New Zealand']","[-17.6861, -13.3421, -17.5374, -33.9682, -17.754, -17.6036, -39.0577]","[177.3849, -176.2256, -149.5753, 151.2149, 168.3044, 177.4387, 174.0346]","['Tropical Southwestern Pacific', 'Central Polynesia', 'Southeast Polynesia', 'East Central Australian Shelf', 'Tropical Southwestern Pacific', 'Tropical Southwestern Pacific', 'Southern New Zealand']","[0.0, 41.80598632601937, 256.60264292123463, 297.6595766100605, 257.1547377075447, 64.87938324647781, 185.260156376273]","[42.71910568988505, 73.42230977897304, 58.767971053643485, 9.437157488466262, 71.5830670942102, np.float64(54.27281526461185), 0.0]",58.8985,1370.8458,NEW PLYMOUTH
syn_06228,2,Container,22968.0,6,"['SUVA', 'LAUTOKA', 'APIA', 'PAGO PAGO HARBOR', 'NEIAFU', 'TAURANGA']","['Fiji', 'Fiji', 'Samoa', 'American Samoa', 'Tonga', 'New Zealand']","[-18.1339, -17.6036, -13.826, -14.2765, -18.6529, -37.6444]","[178.4235, 177.4387, -171.7622, -170.6854, -173.9852, 176.1819]","['Tropical Southwestern Pacific', 'Tropical Southwestern Pacific', 'Central Polynesia', 'Central Polynesia', 'Tropical Southwestern Pacific', 'Northern New Zealand']","[0.0, 10.951292893838497, 66.47433896793476, 11.040934562190305, 16.918374538121345, 98.05563500842814]","[np.float64(71.91730686783839), np.float64(44.71912755471146), np.float64(6.91102707746869), np.float64(41.65185229476676), np.float64(28.308213014685013), 0.0]",16.5395,325.0308,TAURANGA
syn_06229,2,General Cargo,12927.0,6,"['SUVA', 'APIA', 'RAROTONGA', 'AITUTAKI', ""NUKU'ALOFA"", 'AUCKLAND']","['Fiji', 'Samoa', 'Cook Islands', 'Cook Islands', 'Tonga', 'New Zealand']","[-18.1339, -13.826, -21.2046, -18.8505, -21.1362, -36.8402]","[178.4235, -171.7622, -159.7843, -159.8111, -175.1806, 174.7721]","['Tropical Southwestern Pacific', 'Central Polynesia', 'Southeast Polynesia', 'Southeast Polynesia', 'Tropical Southwestern Pacific', 'Northern New Zealand']","[0.0, 56.795222346051645, 66.21936929841502, 7.774135534945637, 70.24963010769662, 87.90195984347189]","[np.float64(63.291478365078895), np.float64(16.177402250518295), np.float64(47.700069705132705), np.float64(37.32401830261206), np.float64(6.548716269437287), 0.0]",19.1659,396.6905,AUCKLAND
syn_06230,2,Container,22968.0,7,"['SUVA', 'LAUTOKA', 'APIA', 'PAGO PAGO HARBOR', 'ALOFI', 'NEIAFU', 'AUCKLAND']","['Fiji', 'Fiji', 'Samoa', 'American Samoa', 'Niue', 'Tonga', 'New Zealand']","[-18.1339, -17.6036, -13.826, -14.2765, -19.0532, -18.6529, -36.8402]","[178.4235, 177.4387, -171.7622, -170.6854, -169.9217, -173.9852, 174.7721]","['Tropical Southwestern Pacific', 'Tropical Southwestern Pacific', 'Central Polynesia', 'Central Polynesia', 'Tropical Southwestern Pacific', 'Tropical Southwestern Pacific', 'Northern New Zealand']","[0.0, 9.633568371294935, 78.98816269937456, 12.175334747546831, 22.29291665613008, 29.701167313058647, 280.4487857813407]","[np.float64(17.613867108578965), np.float64(51.63874686203024), np.float64(8.734500681946106), np.float64(13.471201349277791), np.float64(89.08639956157808), np.float64(18.98989596257529), 0.0]",26.3656,615.1607,AUCKLAND
syn_06231,2,Container,8252.0,6,"['SUVA', 'LAUTOKA', 'APIA', 'PAGO PAGO HARBOR', ""NUKU'ALOFA"", 'TAURANGA']","['Fiji', 'Fiji', 'Samoa', 'American Samoa', 'Tonga', 'New Zealand']","[-18.1339, -17.6036, -13.826, -14.2765, -21.1362, -37.6444]","[178.4235, 177.4387, -171.7622, -170.6854, -175.1806, 176.1819]","['Tropical Southwestern Pacific', 'Tropical Southwestern Pacific', 'Central Polynesia', 'Central Polynesia', 'Tropical Southwestern Pacific', 'Northern New Zealand']","[0.0, 6.12041147058292, 60.07503886244719, 11.22098273372048, 40.74360405220344, 103.53966525207647]","[np.float64(20.494987946578654), np.float64(49.91734053213542), np.float64(20.50439980083569), np.float64(19.82054385965829), np.float64(14.795700354814159), 0.0]",14.468,326.7377,TAURANGA
syn_06232,2,General Cargo,8378.0,6,"['SUVA', 'APIA', 'RAROTONGA', 'AITUTAKI', ""NUKU'ALOFA"", 'AUCKLAND']","['Fiji', 'Samoa', 'Cook Islands', 'Cook Islands', 'Tonga', 'New Zealand']","[-18.1339, -13.826, -21.2046, -18.8505, -21.1362, -36.8402]","[178.4235, -171.7622, -159.7843, -159.8111, -175.1806, 174.7721]","['Tropical Southwestern Pacific', 'Central Polynesia', 'Southeast Polynesia', 'Southeast Polynesia', 'Tropical Southwestern Pacific', 'Northern New Zealand']","[0.0, 61.48965701589589, 79.29161976727517, 8.019161172703368, 76.84900478656262, 99.51005192067701]","[np.float64(36.50080817919147), np.float64(17.844729095150605), np.float64(34.25135366032656), np.float64(12.835221172020145), np.float64(12.036788232774903), 0.0]",18.2762,402.1276,AUCKLAND
syn_06233,2,General Cargo,5642.0,7,"['LAUTOKA', 'APIA', 'PAGO PAGO HARBOR', 'ALOFI', 'NEIAFU', ""NUKU'ALOFA"", 'AUCKLAND']","['Fiji', 'Samoa', 'American Samoa', 'Niue', 'Tonga', 'Tonga', 'New Zealand']","[-17.6036, -13.826, -14.2765, -19.0532, -18.6529, -21.1362, -36.8402]","[177.4387, -171.7622, -170.6854, -169.9217, -173.9852, -175.1806, 174.7721]","['Tropical Southwestern Pacific', 'Central Polynesia', 'Central Polynesia', 'Tropical Southwestern Pacific', 'Tropical Southwestern Pacific', 'Tropical Southwestern Pacific', 'Northern New Zealand']","[0.0, 129.50536952591995, 14.129419839314732, 25.911967542334743, 33.57685265384486, 38.77611544790163, 95.03343735850575]","[np.float64(84.34244180801903), np.float64(132.64811605693683), np.float64(34.37366962067565), np.float64(76.5503031192325), np.float64(9.375806310385137), np.float64(10.573993630295696), 0.0]",28.5332,600.4551,AUCKLAND
syn_06234,2,General Cargo,5642.0,7,"['LAUTOKA', 'PAGO PAGO HARBOR', 'APIA', 'RAROTONGA', 'AITUTAKI', ""NUKU'ALOFA"", 'AUCKLAND']","['Fiji', 'American Samoa', 'Samoa', 'Cook Islands', 'Cook Islands', 'Tonga', 'New Zealand']","[-17.6036, -14.2765, -13.826, -21.2046, -18.8505, -21.1362, -36.8402]","[177.4387, -170.6854, -171.7622, -159.7843, -159.8111, -175.1806, 174.7721]","['Tropical Southwestern Pacific', 'Central Polynesia', 'Central Polynesia', 'Southeast Polynesia', 'Southeast Polynesia', 'Tropical Southwestern Pacific', 'Northern New Zealand']","[0.0, 135.10717858324045, 13.64669106051516, 74.67902098076911, 14.98539114570339, 92.59513277359866, 101.79539242051905]","[np.float64(18.043421756346365), np.float64(10.466753242078873), np.float64(11.450026686419966), np.float64(23.609068053798868), np.float64(13.845581078347957), np.float64(13.710055464408716), 0.0]",21.8306,505.8903,AUCKLAND
syn_06235,2,General Cargo,8378.0,7,"['SUVA', 'LAUTOKA', 'APIA', 'PAGO PAGO HARBOR', 'RAROTONGA', 'AITUTAKI', 'AUCKLAND']","['Fiji', 'Fiji', 'Samoa', 'American Samoa', 'Cook Islands', 'Cook Islands', 'New Zealand']","[-18.1339, -17.6036, -13.826, -14.2765, -21.2046, -18.8505, -36.8402]","[178.4235, 177.4387, -171.7622, -170.6854, -159.7843, -159.8111, 174.7721]","['Tropical Southwestern Pacific', 'Tropical Southwestern Pacific', 'Central Polynesia', 'Central Polynesia', 'Southeast Polynesia', 'Southeast Polynesia', 'Northern New Zealand']","[0.0, 9.559774722101594, 140.24830882702045, 8.573834232486114, 114.66852265056147, 7.278014728081437, 195.5518302625531]","[np.float64(17.166860809907423), np.float64(20.747658828027195), np.float64(20.448563254524565), np.float64(68.72959918646862), np.float64(16.164773584798525), np.float64(106.70507855203627), 0.0]",30.2435,708.676,AUCKLAND
syn_06236,2,Container,8252.0,7,"['SUVA', 'LAUTOKA', 'APIA', 'PAGO PAGO HARBOR', 'NEIAFU', ""NUKU'ALOFA"", 'AUCKLAND']","['Fiji', 'Fiji', 'Samoa', 'American Samoa', 'Tonga', 'Tonga', 'New Zealand']","[-18.1339, -17.6036, -13.826, -14.2765, -18.6529, -21.1362, -36.8402]","[178.4235, 177.4387, -171.7622, -170.6854, -173.9852, -175.1806, 174.7721]","['Tropical Southwestern Pacific', 'Tropical Southwestern Pacific', 'Central Polynesia', 'Central Polynesia', 'Tropical Southwestern Pacific', 'Tropical Southwestern Pacific', 'Northern New Zealand']","[0.0, 10.890358623967398, 79.31737696207497, 12.559293413714562, 33.20722038169851, 18.558922482305846, 87.83800872283422]","[np.float64(30.41575377417873), np.float64(40.25446066536215), np.float64(9.20590129451199), np.float64(12.499096417674984), np.float64(60.29042929796262), np.float64(23.913319022575656), 0.0]",17.4563,388.5344,AUCKLAND
syn_06237,2,General Cargo,5642.0,7,"['LAUTOKA', 'APIA', 'PAGO PAGO HARBOR', 'ALOFI', 'NEIAFU', ""NUKU'ALOFA"", 'AUCKLAND']","['Fiji', 'Samoa', 'American Samoa', 'Niue', 'Tonga', 'Tonga', 'New Zealand']","[-17.6036, -13.826, -14.2765, -19.0532, -18.6529, -21.1362, -36.8402]","[177.4387, -171.7622, -170.6854, -169.9217, -173.9852, -175.1806, 174.7721]","['Tropical Southwestern Pacific', 'Central Polynesia', 'Central Polynesia', 'Tropical Southwestern Pacific', 'Tropical Southwestern Pacific', 'Tropical Southwestern Pacific', 'Northern New Zealand']","[0.0, 158.29752092514474, 12.684219653713344, 22.25654592710997, 36.915900632237275, 21.586006260067148, 95.47501330270204]","[np.float64(67.75760805927855), np.float64(18.794264434357274), np.float64(10.235119534058292), np.float64(52.37731986862267), np.float64(14.237970498814711), np.float64(28.83033736285309), 0.0]",22.477,471.6902,AUCKLAND
syn_06238,2,Container,8252.0,7,"['VILA', 'HONIARA', 'NAPA NAPA', 'LAE', 'NOUMEA', 'BOTANY', 'LYTTELTON']","['Vanuatu', 'Solomon Islands', 'Papua New Guinea', 'Papua New Guinea', 'New Caledonia', 'Australia', 'New Zealand']","[-17.754, -9.4274, -9.5056, -6.8146, -22.2633, -33.9682, -43.606]","[168.3044, 159.9603, 147.1542, 146.9681, 166.4317, 151.2149, 172.7213]","['Tropical Southwestern Pacific', 'Eastern Coral Triangle', 'Eastern Coral Triangle', 'Eastern Coral Triangle', 'Tropical Southwestern Pacific', 'East Central Australian Shelf', 'Southern New Zealand']","[0.0, 153.54184057716944, 105.19175241990295, 82.95437331757479, 130.14813937641344, 132.53833201018213, 76.54042202697472]","[45.84671139988266, 91.04529650682926, 22.80643525080102, 36.73916538410671, 59.76713504207945, 9.575438731222517, 0.0]",39.4456,900.8483,LYTTELTON
syn_06239,2,General Cargo,8378.0,6,"['LAUTOKA', 'SUVA', 'APIA', 'RAROTONGA', 'AITUTAKI', 'AUCKLAND']","['Fiji', 'Fiji', 'Samoa', 'Cook Islands', 'Cook Islands', 'New Zealand']","[-17.6036, -18.1339, -13.826, -21.2046, -18.8505, -36.8402]","[177.4387, 178.4235, -171.7622, -159.7843, -159.8111, 174.7721]","['Tropical Southwestern Pacific', 'Tropical Southwestern Pacific', 'Central Polynesia', 'Southeast Polynesia', 'Southeast Polynesia', 'Northern New Zealand']","[0.0, 11.601518657890098, 69.05798766611375, 99.99484877711318, 10.45477313830384, 175.66183490412425]","[np.float64(28.013651049029402), np.float64(40.4754762442618), np.float64(13.14370368053528), np.float64(12.28700082599559), np.float64(10.319228371053786), 0.0]",19.6254,442.9964,AUCKLAND
syn_06240,2,Container,8252.0,7,"['SUVA', 'LAUTOKA', 'PAGO PAGO HARBOR', 'APIA', 'RAROTONGA', 'AITUTAKI', 'AUCKLAND']","['Fiji', 'Fiji', 'American Samoa', 'Samoa', 'Cook Islands', 'Cook Islands', 'New Zealand']","[-18.1339, -17.6036, -14.2765, -13.826, -21.2046, -18.8505, -36.8402]","[178.4235, 177.4387, -170.6854, -171.7622, -159.7843, -159.8111, 174.7721]","['Tropical Southwestern Pacific', 'Tropical Southwestern Pacific', 'Central Polynesia', 'Central Polynesia', 'Southeast Polynesia', 'Southeast Polynesia', 'Northern New Zealand']","[0.0, 12.267643981925929, 111.11228880811579, 5.632367352123342, 101.82725700989357, 5.449925355453469, 145.62432348157543]","[np.float64(24.985284998769608), np.float64(122.5460245564929), np.float64(14.472866437972707), np.float64(7.055647340152546), np.float64(6.772869521862326), np.float64(61.64721058135084), 0.0]",25.8081,594.4084,AUCKLAND
syn_06241,2,Container,22968.0,6,"['SUVA', 'APIA', 'PAGO PAGO HARBOR', 'RAROTONGA', 'AITUTAKI', 'AUCKLAND']","['Fiji', 'Samoa', 'American Samoa', 'Cook Islands', 'Cook Islands', 'New Zealand']","[-18.1339, -13.826, -14.2765, -21.2046, -18.8505, -36.8402]","[178.4235, -171.7622, -170.6854, -159.7843, -159.8111, 174.7721]","['Tropical Southwestern Pacific', 'Central Polynesia', 'Central Polynesia', 'Southeast Polynesia', 'Southeast Polynesia', 'Northern New Zealand']","[0.0, 77.87217191114739, 10.554583453237917, 70.0115782410734, 6.8339633130868105, 217.95198988481164]","[np.float64(30.55193444297637), np.float64(9.01015001132416), np.float64(133.56832753655823), np.float64(11.704045328553265), np.float64(37.84665511212489), 0.0]",25.2461,575.3535,AUCKLAND
syn_06242,2,Container,22314.0,6,"['SUVA', 'LAUTOKA', 'APIA', 'PAGO PAGO HARBOR', 'RAROTONGA', 'AUCKLAND']","['Fiji', 'Fiji', 'Samoa', 'American Samoa', 'Cook Islands', 'New Zealand']","[-18.1339, -17.6036, -13.826, -14.2765, -21.2046, -36.8402]","[178.4235, 177.4387, -171.7622, -170.6854, -159.7843, 174.7721]","['Tropical Southwestern Pacific', 'Tropical Southwestern Pacific', 'Central Polynesia', 'Central Polynesia', 'Southeast Polynesia', 'Northern New Zealand']","[0.0, 17.77809244380412, 60.72867771216666, 15.277450144933098, 53.5854356398852, 124.37104784038773]","[np.float64(51.895879022058935), np.float64(12.760697866558727), np.float64(37.00640297171727), np.float64(24.244919077900104), np.float64(123.39222890568844), 0.0]",21.71,469.145,AUCKLAND
syn_06243,2,Container,8252.0,7,"['SUVA', 'LAUTOKA', 'PAGO PAGO HARBOR', 'APIA', 'RAROTONGA', 'AITUTAKI', 'AUCKLAND']","['Fiji', 'Fiji', 'American Samoa', 'Samoa', 'Cook Islands', 'Cook Islands', 'New Zealand']","[-18.1339, -17.6036, -14.2765, -13.826, -21.2046, -18.8505, -36.8402]","[178.4235, 177.4387, -170.6854, -171.7622, -159.7843, -159.8111, 174.7721]","['Tropical Southwestern Pacific', 'Tropical Southwestern Pacific', 'Central Polynesia', 'Central Polynesia', 'Southeast Polynesia', 'Southeast Polynesia', 'Northern New Zealand']","[0.0, 7.707590883811676, 122.57489137752538, 6.688141504871678, 152.3384120927711, 7.782696354333474, 167.0719904681981]","[np.float64(48.68099900649832), np.float64(31.351978118292664), np.float64(42.364849264633804), np.float64(11.59182188274734), np.float64(85.13652970673907), np.float64(76.1275114125376), 0.0]",31.6424,710.7364,AUCKLAND
syn_06244,2,Container,8252.0,7,"['SUVA', 'LAUTOKA', 'SUVA', 'APIA', 'PAGO PAGO HARBOR', ""NUKU'ALOFA"", 'TAURANGA']","['Fiji', 'Fiji', 'Fiji', 'Samoa', 'American Samoa', 'Tonga', 'New Zealand']","[-18.1339, -17.6036, -18.1339, -13.826, -14.2765, -21.1362, -37.6444]","[178.4235, 177.4387, 178.4235, -171.7622, -170.6854, -175.1806, 176.1819]","['Tropical Southwestern Pacific', 'Tropical Southwestern Pacific', 'Tropical Southwestern Pacific', 'Central Polynesia', 'Central Polynesia', 'Tropical Southwestern Pacific', 'Northern New Zealand']","[0.0, 13.102424632351802, 8.614331261203933, 68.60496233510034, 7.473317471950676, 64.97583050423763, 138.32077949162712]","[np.float64(81.22661164989168), np.float64(39.09551634539862), np.float64(83.23036851565014), np.float64(7.489510086760571), np.float64(13.798647581196658), np.float64(20.909876267526197), 0.0]",22.7851,465.6156,TAURANGA
syn_06245,2,General Cargo,5642.0,7,"['SUVA', 'LAUTOKA', 'APIA', 'PAGO PAGO HARBOR', 'ALOFI', 'NEIAFU', 'AUCKLAND']","['Fiji', 'Fiji', 'Samoa', 'American Samoa', 'Niue', 'Tonga', 'New Zealand']","[-18.1339, -17.6036, -13.826, -14.2765, -19.0532, -18.6529, -36.8402]","[178.4235, 177.4387, -171.7622, -170.6854, -169.9217, -173.9852, 174.7721]","['Tropical Southwestern Pacific', 'Tropical Southwestern Pacific', 'Central Polynesia', 'Central Polynesia', 'Tropical Southwestern Pacific', 'Tropical Southwestern Pacific', 'Northern New Zealand']","[0.0, 10.558970626244767, 86.00681294138549, 8.197886873005167, 37.663004692296234, 57.29567768825541, 199.12151995354913]","[np.float64(11.662168217059907), np.float64(90.90322884857645), np.float64(11.823263108597056), np.float64(23.62153031758426), np.float64(18.031754792144692), np.float64(8.733223216355231), 0.0]",23.4841,551.9569,AUCKLAND
syn_06246,2,General Cargo,20202.0,6,"['APIA', 'PAGO PAGO HARBOR', 'RAROTONGA', 'AITUTAKI', ""NUKU'ALOFA"", 'AUCKLAND']","['Samoa', 'American Samoa', 'Cook Islands', 'Cook Islands', 'Tonga', 'New Zealand']","[-13.826, -14.2765, -21.2046, -18.8505, -21.1362, -36.8402]","[-171.7622, -170.6854, -159.7843, -159.8111, -175.1806, 174.7721]","['Central Polynesia', 'Central Polynesia', 'Southeast Polynesia', 'Southeast Polynesia', 'Tropical Southwestern Pacific', 'Northern New Zealand']","[0.0, 17.53970993500384, 85.26753428776654, 16.48956658067522, 90.70482249930895, 106.16142440884668]","[np.float64(52.07984061677722), np.float64(26.129778101333834), np.float64(72.06962968913179), np.float64(39.21444695227756), np.float64(8.70980081557831), 0.0]",21.4319,462.2867,AUCKLAND
syn_06247,2,General Cargo,20202.0,5,"['SUVA', 'FUNAFUTI', 'TARAWA', 'LONDON', 'LYTTELTON']","['Fiji', 'Tuvalu', 'Kiribati', 'Kiribati', 'New Zealand']","[-18.1339, -8.5032, 1.3673, 2.0062, -43.606]","[178.4235, 179.1946, 172.9355, -157.4881, 172.7213]","['Tropical Southwestern Pacific', 'Marshall, Gilbert and Ellis Islands', 'Marshall, Gilbert and Ellis Islands', 'Central Polynesia', 'Southern New Zealand']","[0.0, 48.734496438205475, 67.49108556290665, 311.9841709733545, 300.2341305583702]","[np.float64(15.208141760143565), 10.012253756250313, 47.46652510639025, 121.80406425751636, 0.0]",38.4556,907.7267,LYTTELTON
syn_06248,2,General Cargo,20202.0,7,"['SUVA', 'LAUTOKA', 'APIA', 'PAGO PAGO HARBOR', 'ALOFI', 'NEIAFU', 'AUCKLAND']","['Fiji', 'Fiji', 'Samoa', 'American Samoa', 'Niue', 'Tonga', 'New Zealand']","[-18.1339, -17.6036, -13.826, -14.2765, -19.0532, -18.6529, -36.8402]","[178.4235, 177.4387, -171.7622, -170.6854, -169.9217, -173.9852, 174.7721]","['Tropical Southwestern Pacific', 'Tropical Southwestern Pacific', 'Central Polynesia', 'Central Polynesia', 'Tropical Southwestern Pacific', 'Tropical Southwestern Pacific', 'Northern New Zealand']","[0.0, 9.454704133358824, 142.62731732396398, 19.861639174622294, 50.35149274738962, 45.22004544469444, 247.19824824952826]","[np.float64(42.13661133673442), np.float64(33.638873864016446), np.float64(23.605849474302456), np.float64(16.973371548799793), np.float64(63.17331678139984), np.float64(6.035618384730792), 0.0]",29.1782,658.1405,AUCKLAND
syn_06249,2,General Cargo,8378.0,7,"['POHNPEI', 'SUVA', 'APIA', 'RAROTONGA', ""NUKU'ALOFA"", 'NEIAFU', 'AUCKLAND']","['Micronesia', 'Fiji', 'Samoa', 'Cook Islands', 'Tonga', 'Tonga', 'New Zealand']","[6.9793, -18.1339, -13.826, -21.2046, -21.1362, -18.6529, -36.8402]","[158.201, 178.4235, -171.7622, -159.7843, -175.1806, -173.9852, 174.7721]","['Tropical Northwestern Pacific', 'Tropical Southwestern Pacific', 'Central Polynesia', 'Southeast Polynesia', 'Tropical Southwestern Pacific', 'Tropical Southwestern Pacific', 'Northern New Zealand']","[0.0, 215.55019080027543, 53.68906231504954, 101.2347218959172, 76.8428353986007, 26.740835397248297, 166.23421146431207]","[46.17674306256305, np.float64(88.75659101096939), np.float64(6.942011616262379), np.float64(47.62974225564169), np.float64(19.38371908502571), np.float64(10.066109704483708), 0.0]",35.8019,813.07,AUCKLAND
syn_06250,2,Container,22968.0,7,"['SUVA', 'APIA', 'RAROTONGA', 'AITUTAKI', 'NEIAFU', ""NUKU'ALOFA"", 'AUCKLAND']","['Fiji', 'Samoa', 'Cook Islands', 'Cook Islands', 'Tonga', 'Tonga', 'New Zealand']","[-18.1339, -13.826, -21.2046, -18.8505, -18.6529, -21.1362, -36.8402]","[178.4235, -171.7622, -159.7843, -159.8111, -173.9852, -175.1806, 174.7721]","['Tropical Southwestern Pacific', 'Central Polynesia', 'Southeast Polynesia', 'Southeast Polynesia', 'Tropical Southwestern Pacific', 'Tropical Southwestern Pacific', 'Northern New Zealand']","[0.0, 76.5974060337066, 63.324015068082105, 8.80297992423036, 116.1741363364462, 40.877348643290894, 112.59968388702026]","[np.float64(14.801412760931452), np.float64(21.42074532181281), np.float64(63.320718542850535), np.float64(38.0974809370315), np.float64(24.718010651385995), np.float64(16.9991417619731), 0.0]",24.9055,582.9317,AUCKLAND
syn_06251,2,Container,8252.0,7,"['LAUTOKA', 'SUVA', 'APIA', 'PAGO PAGO HARBOR', 'RAROTONGA', ""NUKU'ALOFA"", 'AUCKLAND']","['Fiji', 'Fiji', 'Samoa', 'American Samoa', 'Cook Islands', 'Tonga', 'New Zealand']","[-17.6036, -18.1339, -13.826, -14.2765, -21.2046, -21.1362, -36.8402]","[177.4387, 178.4235, -171.7622, -170.6854, -159.7843, -175.1806, 174.7721]","['Tropical Southwestern Pacific', 'Tropical Southwestern Pacific', 'Central Polynesia', 'Central Polynesia', 'Southeast Polynesia', 'Tropical Southwestern Pacific', 'Northern New Zealand']","[0.0, 12.76922499911862, 69.94314806347711, 9.54736823645377, 59.67263234390451, 70.95472307421156, 121.3365242908834]","[np.float64(38.933504132548364), np.float64(27.094272142807363), np.float64(20.99568021641736), np.float64(25.80324192269611), np.float64(41.25095963228782), np.float64(7.2260322351775645), 0.0]",21.0636,466.5938,AUCKLAND
syn_06252,2,Container,22968.0,7,"['LAUTOKA', 'APIA', ""NUKU'ALOFA"", 'RAROTONGA', 'AITUTAKI', 'NEIAFU', 'TAURANGA']","['Fiji', 'Samoa', 'Tonga', 'Cook Islands', 'Cook Islands', 'Tonga', 'New Zealand']","[-17.6036, -13.826, -21.1362, -21.2046, -18.8505, -18.6529, -37.6444]","[177.4387, -171.7622, -175.1806, -159.7843, -159.8111, -173.9852, 176.1819]","['Tropical Southwestern Pacific', 'Central Polynesia', 'Tropical Southwestern Pacific', 'Southeast Polynesia', 'Southeast Polynesia', 'Tropical Southwestern Pacific', 'Northern New Zealand']","[0.0, 72.35698541494126, 51.94753426391758, 92.66194718852273, 7.952047674397279, 67.31116590122187, 208.24049724121528]","[np.float64(73.83093552546285), np.float64(16.124921724237026), np.float64(15.818600485205215), np.float64(25.009339896062148), np.float64(43.91513482629026), np.float64(17.421513615024853), 0.0]",28.8579,618.7597,TAURANGA
syn_06253,2,Container,8252.0,7,"['SUVA', 'LAUTOKA', 'APIA', 'PAGO PAGO HARBOR', 'ALOFI', ""NUKU'ALOFA"", 'AUCKLAND']","['Fiji', 'Fiji', 'Samoa', 'American Samoa', 'Niue', 'Tonga', 'New Zealand']","[-18.1339, -17.6036, -13.826, -14.2765, -19.0532, -21.1362, -36.8402]","[178.4235, 177.4387, -171.7622, -170.6854, -169.9217, -175.1806, 174.7721]","['Tropical Southwestern Pacific', 'Tropical Southwestern Pacific', 'Central Polynesia', 'Central Polynesia', 'Tropical Southwestern Pacific', 'Tropical Southwestern Pacific', 'Northern New Zealand']","[0.0, 9.761148760669561, 68.05303360770546, 19.150406488454507, 52.45048180821348, 20.02198494331729, 100.2656265567381]","[np.float64(69.67406972039906), np.float64(40.43666608126654), np.float64(10.18885418833046), np.float64(70.79718217809328), np.float64(130.68985722397449), np.float64(8.447384792181158), 0.0]",24.9974,530.2626,AUCKLAND
syn_06254,2,General Cargo,20202.0,5,"['SUVA', 'APIA', 'PAGO PAGO HARBOR', 'RAROTONGA', 'AUCKLAND']","['Fiji', 'Samoa', 'American Samoa', 'Cook Islands', 'New Zealand']","[-18.1339, -13.826, -14.2765, -21.2046, -36.8402]","[178.4235, -171.7622, -170.6854, -159.7843, 174.7721]","['Tropical Southwestern Pacific', 'Central Polynesia', 'Central Polynesia', 'Southeast Polynesia', 'Northern New Zealand']","[0.0, 54.42074892225867, 6.798594076221196, 102.6375844111182, 199.24777084388532]","[np.float64(131.59938944845152), np.float64(7.134821527390161), np.float64(27.524762585147055), np.float64(9.656730172000902), 0.0]",22.4592,407.421,AUCKLAND
syn_06255,2,Container,8252.0,7,"['SUVA', 'LAUTOKA', 'APIA', 'PAGO PAGO HARBOR', 'RAROTONGA', 'AITUTAKI', 'AUCKLAND']","['Fiji', 'Fiji', 'Samoa', 'American Samoa', 'Cook Islands', 'Cook Islands', 'New Zealand']","[-18.1339, -17.6036, -13.826, -14.2765, -21.2046, -18.8505, -36.8402]","[178.4235, 177.4387, -171.7622, -170.6854, -159.7843, -159.8111, 174.7721]","['Tropical Southwestern Pacific', 'Tropical Southwestern Pacific', 'Central Polynesia', 'Central Polynesia', 'Southeast Polynesia', 'Southeast Polynesia', 'Northern New Zealand']","[0.0, 16.94630663318057, 49.76091850648623, 9.89178426322469, 104.0756809638569, 5.621680129371295, 156.71889538678286]","[np.float64(9.155094116204003), np.float64(60.89184385472783), np.float64(36.303935700152685), np.float64(22.67097639323381), np.float64(39.29503362509134), np.float64(27.919889288197336), 0.0]",22.4688,530.0969,AUCKLAND
syn_06256,2,Container,22708.0,7,"['LONG ISLAND POINT', 'SUVA', 'PAPEETE', 'NADI BAY', 'VUDA', 'MALAU', 'AUCKLAND']","['Australia', 'Fiji', 'French Polynesia', 'Fiji', 'Fiji', 'Fiji', 'New Zealand']","[-38.2983, -18.1339, -17.5374, -17.7162, -17.6861, -16.3591, -36.8402]","[145.2386, 178.4235, -149.5753, 177.371, 177.3849, 179.3631, 174.7721]","['Southeast Australian Shelf', 'Tropical Southwestern Pacific', 'Southeast Polynesia', 'Tropical Southwestern Pacific', 'Tropical Southwestern Pacific', 'Tropical Southwestern Pacific', 'Northern New Zealand']","[0.0, 313.30336511727825, 112.45182755235606, 107.76714635450007, 39.63534005169408, 14.1901635740723, 99.85372558480283]","[17.974305753776996, np.float64(71.53570423505286), 7.205254658850505, 34.984657289240765, 10.684231195030058, 22.556605106412956, 0.0]",35.5059,834.168,AUCKLAND
syn_06257,2,Container,22314.0,7,"['SUVA', 'APIA', 'RAROTONGA', 'AITUTAKI', 'ALOFI', ""NUKU'ALOFA"", 'AUCKLAND']","['Fiji', 'Samoa', 'Cook Islands', 'Cook Islands', 'Niue', 'Tonga', 'New Zealand']","[-18.1339, -13.826, -21.2046, -18.8505, -19.0532, -21.1362, -36.8402]","[178.4235, -171.7622, -159.7843, -159.8111, -169.9217, -175.1806, 174.7721]","['Tropical Southwestern Pacific', 'Central Polynesia', 'Southeast Polynesia', 'Southeast Polynesia', 'Tropical Southwestern Pacific', 'Tropical Southwestern Pacific', 'Northern New Zealand']","[0.0, 73.0256815703503, 154.56853270709487, 6.743259680456188, 61.72470038421408, 33.09570555518068, 88.90536145769893]","[np.float64(21.58571000869833), np.float64(10.600156235571944), np.float64(63.15581232997932), np.float64(24.57982151313052), np.float64(135.4315857710653), np.float64(57.15160907843334), 0.0]",30.4403,708.9822,AUCKLAND
syn_06258,2,General Cargo,20202.0,7,"['SUVA', 'LAUTOKA', 'APIA', 'PAGO PAGO HARBOR', 'RAROTONGA', 'AITUTAKI', 'AUCKLAND']","['Fiji', 'Fiji', 'Samoa', 'American Samoa', 'Cook Islands', 'Cook Islands', 'New Zealand']","[-18.1339, -17.6036, -13.826, -14.2765, -21.2046, -18.8505, -36.8402]","[178.4235, 177.4387, -171.7622, -170.6854, -159.7843, -159.8111, 174.7721]","['Tropical Southwestern Pacific', 'Tropical Southwestern Pacific', 'Central Polynesia', 'Central Polynesia', 'Southeast Polynesia', 'Southeast Polynesia', 'Northern New Zealand']","[0.0, 10.331237215896579, 116.19162393721207, 17.27310550804746, 74.99567151462028, 4.6838520979517675, 149.04423857738183]","[np.float64(36.59099191953092), np.float64(24.679495955242732), np.float64(17.738710474318637), np.float64(45.613968834328084), np.float64(13.387636407239016), np.float64(18.047776108372265), 0.0]",22.0241,491.9873,AUCKLAND
syn_06259,2,Container,8252.0,6,"['SUVA', 'APIA', 'PAGO PAGO HARBOR', 'ALOFI', 'NEIAFU', 'AUCKLAND']","['Fiji', 'Samoa', 'American Samoa', 'Niue', 'Tonga', 'New Zealand']","[-18.1339, -13.826, -14.2765, -19.0532, -18.6529, -36.8402]","[178.4235, -171.7622, -170.6854, -169.9217, -173.9852, 174.7721]","['Tropical Southwestern Pacific', 'Central Polynesia', 'Central Polynesia', 'Tropical Southwestern Pacific', 'Tropical Southwestern Pacific', 'Northern New Zealand']","[0.0, 90.49597239806545, 14.401209546273533, 40.1776952388861, 30.70472317258483, 160.89557983212225]","[np.float64(15.094629310285207), np.float64(24.367814432734953), np.float64(61.69775225405732), np.float64(17.13804975757012), np.float64(8.333038744112336), 0.0]",19.3044,448.2118,AUCKLAND
syn_06260,2,Container,22314.0,7,"['SUVA', 'APIA', 'RAROTONGA', 'AITUTAKI', 'ALOFI', ""NUKU'ALOFA"", 'AUCKLAND']","['Fiji', 'Samoa', 'Cook Islands', 'Cook Islands', 'Niue', 'Tonga', 'New Zealand']","[-18.1339, -13.826, -21.2046, -18.8505, -19.0532, -21.1362, -36.8402]","[178.4235, -171.7622, -159.7843, -159.8111, -169.9217, -175.1806, 174.7721]","['Tropical Southwestern Pacific', 'Central Polynesia', 'Southeast Polynesia', 'Southeast Polynesia', 'Tropical Southwestern Pacific', 'Tropical Southwestern Pacific', 'Northern New Zealand']","[0.0, 61.8091792336, 150.70589902883714, 10.437005504301874, 61.55091761096296, 28.006173427689113, 92.1126781752546]","[np.float64(33.52365447613457), np.float64(26.232112007189208), np.float64(17.76541494675896), np.float64(17.247197940746833), np.float64(46.48008027586136), np.float64(9.002937416321725), 0.0]",23.1197,521.3496,AUCKLAND
syn_06261,2,Tanker,3854.0,7,"['SUVA', 'PAPEETE', 'NADI BAY', 'VUDA', 'SUVA', 'PAGO PAGO HARBOR', 'AUCKLAND']","['Fiji', 'French Polynesia', 'Fiji', 'Fiji', 'Fiji', 'American Samoa', 'New Zealand']","[-18.1339, -17.5374, -17.7162, -17.6861, -18.1339, -14.2765, -36.8402]","[178.4235, -149.5753, 177.371, 177.3849, 178.4235, -170.6854, 174.7721]","['Tropical Southwestern Pacific', 'Southeast Polynesia', 'Tropical Southwestern Pacific', 'Tropical Southwestern Pacific', 'Tropical Southwestern Pacific', 'Central Polynesia', 'Northern New Zealand']","[0.0, 203.10552228973938, 206.61392976166326, 37.70274789224921, 11.456186437045478, 66.63679030896239, 149.19061625570882]","[np.float64(13.364250514707589), 10.59897435266869, 50.50823684815479, 29.27135908607655, np.float64(41.6519449977591), np.float64(58.4462326958659), 0.0]",36.6061,865.1825,AUCKLAND
syn_06262,2,General Cargo,5642.0,7,"['SUVA', 'LAUTOKA', 'APIA', 'PAGO PAGO HARBOR', 'RAROTONGA', 'AITUTAKI', 'AUCKLAND']","['Fiji', 'Fiji', 'Samoa', 'American Samoa', 'Cook Islands', 'Cook Islands', 'New Zealand']","[-18.1339, -17.6036, -13.826, -14.2765, -21.2046, -18.8505, -36.8402]","[178.4235, 177.4387, -171.7622, -170.6854, -159.7843, -159.8111, 174.7721]","['Tropical Southwestern Pacific', 'Tropical Southwestern Pacific', 'Central Polynesia', 'Central Polynesia', 'Southeast Polynesia', 'Southeast Polynesia', 'Northern New Zealand']","[0.0, 7.257666769615862, 65.37440601972149, 8.48154132776825, 91.08956414086443, 8.406965521571093, 322.3831194920992]","[np.float64(16.007636761000082), np.float64(15.62973957105292), np.float64(6.585381754866925), np.float64(21.901924650987937), np.float64(121.79392504023436), np.float64(34.613038281495264), 0.0]",29.9802,703.5173,AUCKLAND
syn_06263,2,General Cargo,8378.0,7,"['SUVA', 'FUNAFUTI', 'MAT_Ã\x8aÂ»UTU', 'SIGAV_', 'SUVA', 'LUGANVILLE', 'AUCKLAND']","['Fiji', 'Tuvalu', 'Wallis And Futuna', 'Wallis And Futuna', 'Fiji', 'Vanuatu', 'New Zealand']","[-18.1339, -8.5032, -13.2857, -14.2964, -18.1339, -15.515, -36.8402]","[178.4235, 179.1946, -176.1689, -178.1609, 178.4235, 167.1867, 174.7721]","['Tropical Southwestern Pacific', 'Marshall, Gilbert and Ellis Islands', 'Central Polynesia', 'Central Polynesia', 'Tropical Southwestern Pacific', 'Tropical Southwestern Pacific', 'Northern New Zealand']","[0.0, 53.300161649059895, 82.60930230946248, 85.81391282366143, 42.856325306580594, 144.7705933957848, 174.1470302870181]","[np.float64(46.174940693358415), 65.67781433023316, 22.803639110079395, 18.87206745546247, np.float64(17.29267239687121), 9.231160388793631, 0.0]",31.8146,717.3747,AUCKLAND
syn_06264,2,General Cargo,20202.0,7,"['LAUTOKA', 'SUVA', 'APIA', 'RAROTONGA', 'AITUTAKI', ""NUKU'ALOFA"", 'AUCKLAND']","['Fiji', 'Fiji', 'Samoa', 'Cook Islands', 'Cook Islands', 'Tonga', 'New Zealand']","[-17.6036, -18.1339, -13.826, -21.2046, -18.8505, -21.1362, -36.8402]","[177.4387, 178.4235, -171.7622, -159.7843, -159.8111, -175.1806, 174.7721]","['Tropical Southwestern Pacific', 'Tropical Southwestern Pacific', 'Central Polynesia', 'Southeast Polynesia', 'Southeast Polynesia', 'Tropical Southwestern Pacific', 'Northern New Zealand']","[0.0, 14.710454620191397, 77.17268879651711, 134.97223157619808, 13.570513276716008, 94.73972462179358, 91.51103307161733]","[np.float64(63.06034638500889), np.float64(36.322557605903775), np.float64(29.09595572206096), np.float64(40.39077863169695), np.float64(21.839784212364787), np.float64(7.169678064308586), 0.0]",26.0232,561.4954,AUCKLAND
syn_06265,2,General Cargo,8378.0,6,"['SUVA', 'PAGO PAGO HARBOR', 'APIA', 'ALOFI', 'RAROTONGA', 'AUCKLAND']","['Fiji', 'American Samoa', 'Samoa', 'Niue', 'Cook Islands', 'New Zealand']","[-18.1339, -14.2765, -13.826, -19.0532, -21.2046, -36.8402]","[178.4235, -170.6854, -171.7622, -169.9217, -159.7843, 174.7721]","['Tropical Southwestern Pacific', 'Central Polynesia', 'Central Polynesia', 'Tropical Southwestern Pacific', 'Southeast Polynesia', 'Northern New Zealand']","[0.0, 112.31912740907808, 11.877758771690823, 46.74447398411894, 71.58582640029168, 126.28228181263528]","[np.float64(14.842451139939357), np.float64(33.52705191941466), np.float64(57.37848806114772), np.float64(48.54707947587954), np.float64(32.533829021848334), 0.0]",23.1516,540.7959,AUCKLAND
syn_06266,2,General Cargo,20202.0,7,"['SUVA', 'LAUTOKA', 'APIA', 'PAGO PAGO HARBOR', 'NEIAFU', ""NUKU'ALOFA"", 'AUCKLAND']","['Fiji', 'Fiji', 'Samoa', 'American Samoa', 'Tonga', 'Tonga', 'New Zealand']","[-18.1339, -17.6036, -13.826, -14.2765, -18.6529, -21.1362, -36.8402]","[178.4235, 177.4387, -171.7622, -170.6854, -173.9852, -175.1806, 174.7721]","['Tropical Southwestern Pacific', 'Tropical Southwestern Pacific', 'Central Polynesia', 'Central Polynesia', 'Tropical Southwestern Pacific', 'Tropical Southwestern Pacific', 'Northern New Zealand']","[0.0, 11.998281006142284, 101.84545639589511, 12.424507349759484, 35.49790781346628, 17.2210396755129, 93.49216371850423]","[np.float64(92.1816481941946), np.float64(71.87012771385753), np.float64(13.96002976405782), np.float64(17.222057676869), np.float64(24.039940947617865), np.float64(99.3834349019846), 0.0]",24.6307,498.9549,AUCKLAND
syn_06267,2,General Cargo,20202.0,7,"['SUVA', 'LAUTOKA', 'APIA', 'PAGO PAGO HARBOR', 'RAROTONGA', ""NUKU'ALOFA"", 'AUCKLAND']","['Fiji', 'Fiji', 'Samoa', 'American Samoa', 'Cook Islands', 'Tonga', 'New Zealand']","[-18.1339, -17.6036, -13.826, -14.2765, -21.2046, -21.1362, -36.8402]","[178.4235, 177.4387, -171.7622, -170.6854, -159.7843, -175.1806, 174.7721]","['Tropical Southwestern Pacific', 'Tropical Southwestern Pacific', 'Central Polynesia', 'Central Polynesia', 'Southeast Polynesia', 'Tropical Southwestern Pacific', 'Northern New Zealand']","[0.0, 5.705691117703914, 76.58791844793751, 8.577579484675, 109.78507923626451, 100.58894025856708, 82.49421496535338]","[np.float64(30.68185179412596), np.float64(72.86571059951774), np.float64(9.03041023985354), np.float64(13.061879349988356), np.float64(31.88240271013669), np.float64(13.257793603779993), 0.0]",23.105,523.8376,AUCKLAND
syn_06268,2,Tanker,5183.0,7,"['SUVA', 'LAUTOKA', 'PAGO PAGO HARBOR', 'APIA', 'RAROTONGA', 'AITUTAKI', 'AUCKLAND']","['Fiji', 'Fiji', 'American Samoa', 'Samoa', 'Cook Islands', 'Cook Islands', 'New Zealand']","[-18.1339, -17.6036, -14.2765, -13.826, -21.2046, -18.8505, -36.8402]","[178.4235, 177.4387, -170.6854, -171.7622, -159.7843, -159.8111, 174.7721]","['Tropical Southwestern Pacific', 'Tropical Southwestern Pacific', 'Central Polynesia', 'Central Polynesia', 'Southeast Polynesia', 'Southeast Polynesia', 'Northern New Zealand']","[0.0, 13.715847899390996, 102.65827177793827, 8.567214638311713, 90.21126490558183, 8.273478995081312, 129.36701194367427]","[np.float64(41.71588552466242), np.float64(100.29116162394884), np.float64(25.001484878027366), np.float64(26.67533845421586), np.float64(52.019600958296394), np.float64(78.03307685024961), 0.0]",28.1887,634.8138,AUCKLAND
syn_06269,2,Tanker,3854.0,5,"['SUVA', 'APIA', 'RAROTONGA', 'ALOFI', 'AUCKLAND']","['Fiji', 'Samoa', 'Cook Islands', 'Niue', 'New Zealand']","[-18.1339, -13.826, -21.2046, -19.0532, -36.8402]","[178.4235, -171.7622, -159.7843, -169.9217, 174.7721]","['Tropical Southwestern Pacific', 'Central Polynesia', 'Southeast Polynesia', 'Tropical Southwestern Pacific', 'Northern New Zealand']","[0.0, 110.87799479341872, 140.86081708322016, 57.03866205334502, 178.2166259116826]","[np.float64(42.93539509284137), np.float64(8.144195425787402), np.float64(55.97228944191258), np.float64(40.892720071544446), 0.0]",26.4558,592.0033,AUCKLAND
syn_06270,2,Container,22314.0,5,"['SUVA', 'PAGO PAGO HARBOR', 'APIA', 'RAROTONGA', 'AUCKLAND']","['Fiji', 'American Samoa', 'Samoa', 'Cook Islands', 'New Zealand']","[-18.1339, -14.2765, -13.826, -21.2046, -36.8402]","[178.4235, -170.6854, -171.7622, -159.7843, 174.7721]","['Tropical Southwestern Pacific', 'Central Polynesia', 'Central Polynesia', 'Southeast Polynesia', 'Northern New Zealand']","[0.0, 50.14503457717555, 5.547163496299549, 101.06363965625299, 120.2885979216664]","[np.float64(18.800984185854993), np.float64(9.901444766006025), np.float64(14.708003183123116), np.float64(69.00127033059445), 0.0]",16.2273,370.6552,AUCKLAND
syn_06271,2,Container,22314.0,7,"['SUVA', 'LAUTOKA', 'APIA', 'PAGO PAGO HARBOR', 'ALOFI', 'NEIAFU', 'AUCKLAND']","['Fiji', 'Fiji', 'Samoa', 'American Samoa', 'Niue', 'Tonga', 'New Zealand']","[-18.1339, -17.6036, -13.826, -14.2765, -19.0532, -18.6529, -36.8402]","[178.4235, 177.4387, -171.7622, -170.6854, -169.9217, -173.9852, 174.7721]","['Tropical Southwestern Pacific', 'Tropical Southwestern Pacific', 'Central Polynesia', 'Central Polynesia', 'Tropical Southwestern Pacific', 'Tropical Southwestern Pacific', 'Northern New Zealand']","[0.0, 11.079183042991284, 109.11193346136837, 11.02474862096938, 22.390665101543274, 36.732432520166675, 96.09107701301664]","[np.float64(35.93988759202699), np.float64(125.39265645281108), np.float64(9.227681937883972), np.float64(56.53943447033937), np.float64(13.124911162695419), np.float64(72.36429492344446), 0.0]",24.9591,563.079,AUCKLAND
syn_06272,2,Container,22314.0,7,"['LAUTOKA', 'PAGO PAGO HARBOR', 'APIA', 'RAROTONGA', 'AITUTAKI', ""NUKU'ALOFA"", 'AUCKLAND']","['Fiji', 'American Samoa', 'Samoa', 'Cook Islands', 'Cook Islands', 'Tonga', 'New Zealand']","[-17.6036, -14.2765, -13.826, -21.2046, -18.8505, -21.1362, -36.8402]","[177.4387, -170.6854, -171.7622, -159.7843, -159.8111, -175.1806, 174.7721]","['Tropical Southwestern Pacific', 'Central Polynesia', 'Central Polynesia', 'Southeast Polynesia', 'Southeast Polynesia', 'Tropical Southwestern Pacific', 'Northern New Zealand']","[0.0, 141.2346220237512, 9.123738821481188, 53.616902515001364, 10.041411536643025, 144.54320385670655, 118.3190360672549]","[np.float64(34.06939586561348), np.float64(7.296329262195259), np.float64(30.845694129138426), np.float64(34.87374718944782), np.float64(33.273802409806216), np.float64(35.32295349342617), 0.0]",27.19,618.4914,AUCKLAND
syn_06273,2,Container,22708.0,7,"['SUVA', 'APIA', 'RAROTONGA', 'AITUTAKI', ""NUKU'ALOFA"", 'NEIAFU', 'AUCKLAND']","['Fiji', 'Samoa', 'Cook Islands', 'Cook Islands', 'Tonga', 'Tonga', 'New Zealand']","[-18.1339, -13.826, -21.2046, -18.8505, -21.1362, -18.6529, -36.8402]","[178.4235, -171.7622, -159.7843, -159.8111, -175.1806, -173.9852, 174.7721]","['Tropical Southwestern Pacific', 'Central Polynesia', 'Southeast Polynesia', 'Southeast Polynesia', 'Tropical Southwestern Pacific', 'Tropical Southwestern Pacific', 'Northern New Zealand']","[0.0, 75.20345059742651, 47.62938284461038, 4.866090963171932, 147.7792390719505, 22.596327791597947, 130.46093266959767]","[np.float64(74.92056057366923), np.float64(13.027995294079615), np.float64(73.83449234908235), np.float64(8.279870530963942), np.float64(41.841525343510256), np.float64(72.01387499993865), 0.0]",29.6856,637.5332,AUCKLAND
syn_06274,2,General Cargo,8378.0,7,"['SUVA', 'LAUTOKA', 'SUVA', 'APIA', 'RAROTONGA', 'AITUTAKI', 'AUCKLAND']","['Fiji', 'Fiji', 'Fiji', 'Samoa', 'Cook Islands', 'Cook Islands', 'New Zealand']","[-18.1339, -17.6036, -18.1339, -13.826, -21.2046, -18.8505, -36.8402]","[178.4235, 177.4387, 178.4235, -171.7622, -159.7843, -159.8111, 174.7721]","['Tropical Southwestern Pacific', 'Tropical Southwestern Pacific', 'Tropical Southwestern Pacific', 'Central Polynesia', 'Southeast Polynesia', 'Southeast Polynesia', 'Northern New Zealand']","[0.0, 15.841487554564168, 12.897652464956044, 67.14038842605709, 85.51678782196251, 15.063837225863368, 128.63502850849542]","[np.float64(92.23250505694604), np.float64(47.6704696798036), np.float64(26.208195495363242), np.float64(8.993676071402037), np.float64(40.22708646065566), np.float64(17.130827592655425), 0.0]",23.2316,465.3254,AUCKLAND
syn_06275,2,General Cargo,8378.0,7,"['SUVA', 'APIA', 'PAGO PAGO HARBOR', 'ALOFI', 'NEIAFU', ""NUKU'ALOFA"", 'AUCKLAND']","['Fiji', 'Samoa', 'American Samoa', 'Niue', 'Tonga', 'Tonga', 'New Zealand']","[-18.1339, -13.826, -14.2765, -19.0532, -18.6529, -21.1362, -36.8402]","[178.4235, -171.7622, -170.6854, -169.9217, -173.9852, -175.1806, 174.7721]","['Tropical Southwestern Pacific', 'Central Polynesia', 'Central Polynesia', 'Tropical Southwestern Pacific', 'Tropical Southwestern Pacific', 'Tropical Southwestern Pacific', 'Northern New Zealand']","[0.0, 82.79052266809782, 10.592797284881534, 67.69374820116853, 70.66662894540802, 28.277408722795716, 89.68080506073106]","[np.float64(60.28449400958547), np.float64(7.68342068775922), np.float64(28.56166226516826), np.float64(48.54741058782156), np.float64(15.591263521650129), np.float64(9.026600510419414), 0.0]",21.6415,459.1123,AUCKLAND
syn_06276,2,Container,22708.0,7,"['PAPEETE', 'LAUTOKA', 'NOUMEA', 'BRISBANE', 'BOTANY', 'MELBOURNE', 'TAURANGA']","['French Polynesia', 'Fiji', 'New Caledonia', 'Australia', 'Australia', 'Australia', 'New Zealand']","[-17.5374, -17.6036, -22.2633, -27.3765, -33.9682, -37.844, -37.6444]","[-149.5753, 177.4387, 166.4317, 153.1665, 151.2149, 144.905, 176.1819]","['Southeast Polynesia', 'Tropical Southwestern Pacific', 'Tropical Southwestern Pacific', 'East Central Australian Shelf', 'East Central Australian Shelf', 'Southeast Australian Shelf', 'Northern New Zealand']","[0.0, 304.6306696977213, 98.21891627734212, 76.67157483489866, 58.41785668078837, 36.142671419628975, 125.28032594854132]","[13.325522995617472, np.float64(50.314567847607925), 18.260904541081107, 10.229473674579145, 28.1149006951542, 32.61085600567348, 0.0]",35.5091,838.8927,TAURANGA
syn_06277,2,Container,22708.0,7,"['LAUTOKA', 'SUVA', 'APIA', 'PAGO PAGO HARBOR', 'NEIAFU', ""NUKU'ALOFA"", 'AUCKLAND']","['Fiji', 'Fiji', 'Samoa', 'American Samoa', 'Tonga', 'Tonga', 'New Zealand']","[-17.6036, -18.1339, -13.826, -14.2765, -18.6529, -21.1362, -36.8402]","[177.4387, 178.4235, -171.7622, -170.6854, -173.9852, -175.1806, 174.7721]","['Tropical Southwestern Pacific', 'Tropical Southwestern Pacific', 'Central Polynesia', 'Central Polynesia', 'Tropical Southwestern Pacific', 'Tropical Southwestern Pacific', 'Northern New Zealand']","[0.0, 5.7727470905395295, 74.00094488871679, 9.96039209016483, 26.789870880295453, 18.06535905642698, 83.84308062270166]","[np.float64(71.42638976017315), np.float64(70.91594938007523), np.float64(87.03377774120396), np.float64(12.780743089409878), np.float64(54.93825577405561), np.float64(13.266214983324042), 0.0]",22.0331,457.3673,AUCKLAND
syn_06278,2,General Cargo,12927.0,7,"['LAUTOKA', 'APIA', 'PAGO PAGO HARBOR', 'RAROTONGA', 'AITUTAKI', ""NUKU'ALOFA"", 'AUCKLAND']","['Fiji', 'Samoa', 'American Samoa', 'Cook Islands', 'Cook Islands', 'Tonga', 'New Zealand']","[-17.6036, -13.826, -14.2765, -21.2046, -18.8505, -21.1362, -36.8402]","[177.4387, -171.7622, -170.6854, -159.7843, -159.8111, -175.1806, 174.7721]","['Tropical Southwestern Pacific', 'Central Polynesia', 'Central Polynesia', 'Southeast Polynesia', 'Southeast Polynesia', 'Tropical Southwestern Pacific', 'Northern New Zealand']","[0.0, 127.62280966776648, 10.653067879361554, 55.76239355243229, 17.494121865653444, 81.00924575978797, 88.312037452899]","[np.float64(79.5145786823298), np.float64(14.170583865383872), np.float64(10.14167955267712), np.float64(23.73671493338667), np.float64(31.608107795448007), np.float64(6.236596412304931), 0.0]",22.7609,466.7474,AUCKLAND
syn_06279,2,Container,8252.0,7,"['SUVA', 'LAUTOKA', 'APIA', 'PAGO PAGO HARBOR', 'ALOFI', 'NEIAFU', 'AUCKLAND']","['Fiji', 'Fiji', 'Samoa', 'American Samoa', 'Niue', 'Tonga', 'New Zealand']","[-18.1339, -17.6036, -13.826, -14.2765, -19.0532, -18.6529, -36.8402]","[178.4235, 177.4387, -171.7622, -170.6854, -169.9217, -173.9852, 174.7721]","['Tropical Southwestern Pacific', 'Tropical Southwestern Pacific', 'Central Polynesia', 'Central Polynesia', 'Tropical Southwestern Pacific', 'Tropical Southwestern Pacific', 'Northern New Zealand']","[0.0, 13.060702896315867, 88.79329959638613, 12.6156763197923, 57.57089571719812, 29.163684280921565, 218.48321310879686]","[np.float64(67.71187571461014), np.float64(98.62635199285143), np.float64(8.16367908425022), np.float64(16.455761985504804), np.float64(110.38566010635809), np.float64(17.424574960147094), 0.0]",30.769,670.7435,AUCKLAND
syn_06280,2,Container,22708.0,7,"['SUVA', 'APIA', 'PAGO PAGO HARBOR', 'RAROTONGA', 'AITUTAKI', ""NUKU'ALOFA"", 'AUCKLAND']","['Fiji', 'Samoa', 'American Samoa', 'Cook Islands', 'Cook Islands', 'Tonga', 'New Zealand']","[-18.1339, -13.826, -14.2765, -21.2046, -18.8505, -21.1362, -36.8402]","[178.4235, -171.7622, -170.6854, -159.7843, -159.8111, -175.1806, 174.7721]","['Tropical Southwestern Pacific', 'Central Polynesia', 'Central Polynesia', 'Southeast Polynesia', 'Southeast Polynesia', 'Tropical Southwestern Pacific', 'Northern New Zealand']","[0.0, 51.86191766277485, 17.153382702075465, 44.876619776363036, 13.74641925516847, 68.95977405402965, 139.21341490894366]","[np.float64(100.95601155189955), np.float64(8.962484523445955), np.float64(20.492273805685954), np.float64(54.68980590074288), np.float64(13.049027307442353), np.float64(39.86535694744052), 0.0]",23.9094,472.8705,AUCKLAND
syn_06281,2,General Cargo,8378.0,7,"['SUVA', 'APIA', 'PAGO PAGO HARBOR', 'ALOFI', 'NEIAFU', ""NUKU'ALOFA"", 'AUCKLAND']","['Fiji', 'Samoa', 'American Samoa', 'Niue', 'Tonga', 'Tonga', 'New Zealand']","[-18.1339, -13.826, -14.2765, -19.0532, -18.6529, -21.1362, -36.8402]","[178.4235, -171.7622, -170.6854, -169.9217, -173.9852, -175.1806, 174.7721]","['Tropical Southwestern Pacific', 'Central Polynesia', 'Central Polynesia', 'Tropical Southwestern Pacific', 'Tropical Southwestern Pacific', 'Tropical Southwestern Pacific', 'Northern New Zealand']","[0.0, 75.60794854826358, 7.281386675024689, 54.08504116274872, 55.43042469274416, 28.25488119745314, 105.365305490825]","[np.float64(62.74882224787787), np.float64(11.025224078662466), np.float64(11.048700172702357), np.float64(121.86181889714341), np.float64(8.444504458858459), np.float64(6.5655109742069975), 0.0]",22.8216,484.9707,AUCKLAND
syn_06282,2,General Cargo,8378.0,7,"['SUVA', 'LAUTOKA', 'APIA', 'PAGO PAGO HARBOR', 'RAROTONGA', 'AITUTAKI', 'AUCKLAND']","['Fiji', 'Fiji', 'Samoa', 'American Samoa', 'Cook Islands', 'Cook Islands', 'New Zealand']","[-18.1339, -17.6036, -13.826, -14.2765, -21.2046, -18.8505, -36.8402]","[178.4235, 177.4387, -171.7622, -170.6854, -159.7843, -159.8111, 174.7721]","['Tropical Southwestern Pacific', 'Tropical Southwestern Pacific', 'Central Polynesia', 'Central Polynesia', 'Southeast Polynesia', 'Southeast Polynesia', 'Northern New Zealand']","[0.0, 6.0767485537277315, 94.7371261902896, 13.510307324045716, 76.3376667876062, 11.473756883088404, 120.17816970904036]","[np.float64(9.585675709908806), np.float64(64.61573549339003), np.float64(63.51104598618098), np.float64(6.310130513367964), np.float64(92.995464862749), np.float64(6.8538611598530945), 0.0]",23.5911,556.6,AUCKLAND
syn_06283,2,Container,22968.0,7,"['LAUTOKA', 'SUVA', 'APIA', 'PAGO PAGO HARBOR', 'ALOFI', 'RAROTONGA', 'AUCKLAND']","['Fiji', 'Fiji', 'Samoa', 'American Samoa', 'Niue', 'Cook Islands', 'New Zealand']","[-17.6036, -18.1339, -13.826, -14.2765, -19.0532, -21.2046, -36.8402]","[177.4387, 178.4235, -171.7622, -170.6854, -169.9217, -159.7843, 174.7721]","['Tropical Southwestern Pacific', 'Tropical Southwestern Pacific', 'Central Polynesia', 'Central Polynesia', 'Tropical Southwestern Pacific', 'Southeast Polynesia', 'Northern New Zealand']","[0.0, 16.774073947841366, 62.794162227212595, 15.442324203935296, 35.23174151392478, 35.330719378057246, 197.7208481929198]","[np.float64(68.61513947022807), np.float64(55.10856348580458), np.float64(19.428135807267623), np.float64(6.77964392824168), np.float64(132.23001736547397), np.float64(76.17823731045446), 0.0]",30.0681,653.0185,AUCKLAND
syn_06284,2,General Cargo,20202.0,7,"['SUVA', 'APIA', 'PAGO PAGO HARBOR', 'RAROTONGA', 'AITUTAKI', ""NUKU'ALOFA"", 'AUCKLAND']","['Fiji', 'Samoa', 'American Samoa', 'Cook Islands', 'Cook Islands', 'Tonga', 'New Zealand']","[-18.1339, -13.826, -14.2765, -21.2046, -18.8505, -21.1362, -36.8402]","[178.4235, -171.7622, -170.6854, -159.7843, -159.8111, -175.1806, 174.7721]","['Tropical Southwestern Pacific', 'Central Polynesia', 'Central Polynesia', 'Southeast Polynesia', 'Southeast Polynesia', 'Tropical Southwestern Pacific', 'Northern New Zealand']","[0.0, 78.35562942926221, 10.483672832428356, 107.50862409686624, 11.281920235742968, 79.43696173828562, 100.33498831630865]","[np.float64(88.39142521412944), np.float64(19.18326854494248), np.float64(17.454287484288084), np.float64(9.26691989732936), np.float64(69.19390343681529), np.float64(15.892727260798935), 0.0]",25.2827,518.3929,AUCKLAND
syn_06285,2,General Cargo,20202.0,7,"['PAGO PAGO HARBOR', 'APIA', 'RAROTONGA', 'AITUTAKI', ""NUKU'ALOFA"", 'NEIAFU', 'AUCKLAND']","['American Samoa', 'Samoa', 'Cook Islands', 'Cook Islands', 'Tonga', 'Tonga', 'New Zealand']","[-14.2765, -13.826, -21.2046, -18.8505, -21.1362, -18.6529, -36.8402]","[-170.6854, -171.7622, -159.7843, -159.8111, -175.1806, -173.9852, 174.7721]","['Central Polynesia', 'Central Polynesia', 'Southeast Polynesia', 'Southeast Polynesia', 'Tropical Southwestern Pacific', 'Tropical Southwestern Pacific', 'Northern New Zealand']","[0.0, 13.571048544599234, 114.98375215652293, 17.765674656615023, 98.87253696484636, 39.83329805975254, 136.03566028331926]","[np.float64(39.91594634713767), np.float64(41.700273395536996), np.float64(49.57151491764027), np.float64(32.864028582420765), np.float64(11.951834564967994), np.float64(9.796877555487912), 0.0]",25.2859,566.9465,AUCKLAND
syn_06286,2,Container,22708.0,7,"['SUVA', 'PAGO PAGO HARBOR', 'APIA', 'ALOFI', 'RAROTONGA', 'AITUTAKI', 'AUCKLAND']","['Fiji', 'American Samoa', 'Samoa', 'Niue', 'Cook Islands', 'Cook Islands', 'New Zealand']","[-18.1339, -14.2765, -13.826, -19.0532, -21.2046, -18.8505, -36.8402]","[178.4235, -170.6854, -171.7622, -169.9217, -159.7843, -159.8111, 174.7721]","['Tropical Southwestern Pacific', 'Central Polynesia', 'Central Polynesia', 'Tropical Southwestern Pacific', 'Southeast Polynesia', 'Southeast Polynesia', 'Northern New Zealand']","[0.0, 50.77047221635797, 5.914924461481104, 37.2823288506151, 64.90253266298485, 6.62999944024791, 227.3848912679138]","[np.float64(63.090755302901), np.float64(13.750721819715373), np.float64(18.501162055389518), np.float64(20.224009865630826), np.float64(6.8629447229926805), np.float64(61.980275332442076), 0.0]",24.054,514.2043,AUCKLAND
syn_06287,2,General Cargo,20202.0,7,"['LAUTOKA', 'APIA', 'PAGO PAGO HARBOR', 'ALOFI', 'NEIAFU', ""NUKU'ALOFA"", 'AUCKLAND']","['Fiji', 'Samoa', 'American Samoa', 'Niue', 'Tonga', 'Tonga', 'New Zealand']","[-17.6036, -13.826, -14.2765, -19.0532, -18.6529, -21.1362, -36.8402]","[177.4387, -171.7622, -170.6854, -169.9217, -173.9852, -175.1806, 174.7721]","['Tropical Southwestern Pacific', 'Central Polynesia', 'Central Polynesia', 'Tropical Southwestern Pacific', 'Tropical Southwestern Pacific', 'Tropical Southwestern Pacific', 'Northern New Zealand']","[0.0, 109.27141812275038, 7.010168703687456, 31.46906238409963, 45.770761144679646, 31.780480097079767, 94.37035419962098]","[np.float64(27.365384345657436), np.float64(8.020044332429098), np.float64(10.140132076849866), np.float64(28.45958693347087), np.float64(11.813169725072683), np.float64(9.584209249232476), 0.0]",17.2939,387.6894,AUCKLAND
syn_06288,2,Container,8252.0,7,"['LONG ISLAND POINT', 'SUVA', 'PAPEETE', 'NADI BAY', 'VUDA', 'SUVA', 'TIMARU']","['Australia', 'Fiji', 'French Polynesia', 'Fiji', 'Fiji', 'Fiji', 'New Zealand']","[-38.2983, -18.1339, -17.5374, -17.7162, -17.6861, -18.1339, -44.3931]","[145.2386, 178.4235, -149.5753, 177.371, 177.3849, 178.4235, 171.258]","['Southeast Australian Shelf', 'Tropical Southwestern Pacific', 'Southeast Polynesia', 'Tropical Southwestern Pacific', 'Tropical Southwestern Pacific', 'Tropical Southwestern Pacific', 'Southern New Zealand']","[0.0, 286.88595239683264, 205.4720914310771, 157.3403768711285, 37.263229838006836, 12.357179424179593, 155.61606549259758]","[67.4501561723051, np.float64(21.22653532825965), 45.91265630735009, 7.959805509736843, 27.3800424630961, np.float64(80.24615400969628), 0.0]",46.0463,1037.6601,TIMARU
syn_06289,2,General Cargo,8378.0,7,"['LAUTOKA', 'APIA', 'PAGO PAGO HARBOR', 'ALOFI', ""NUKU'ALOFA"", 'NEIAFU', 'AUCKLAND']","['Fiji', 'Samoa', 'American Samoa', 'Niue', 'Tonga', 'Tonga', 'New Zealand']","[-17.6036, -13.826, -14.2765, -19.0532, -21.1362, -18.6529, -36.8402]","[177.4387, -171.7622, -170.6854, -169.9217, -175.1806, -173.9852, 174.7721]","['Tropical Southwestern Pacific', 'Central Polynesia', 'Central Polynesia', 'Tropical Southwestern Pacific', 'Tropical Southwestern Pacific', 'Tropical Southwestern Pacific', 'Northern New Zealand']","[0.0, 69.94891856785722, 6.988150721240202, 49.581530202212576, 50.01991896611595, 23.242733049254724, 258.76695622712487]","[np.float64(21.84270965728335), np.float64(13.159397661129013), np.float64(14.719801359663467), np.float64(27.891257691172793), np.float64(6.5734186316811565), np.float64(7.7479873275265225), 0.0]",22.9368,528.6401,AUCKLAND
syn_06290,2,General Cargo,20202.0,7,"['LAUTOKA', 'SUVA', 'PAGO PAGO HARBOR', 'APIA', 'RAROTONGA', 'AITUTAKI', 'AUCKLAND']","['Fiji', 'Fiji', 'American Samoa', 'Samoa', 'Cook Islands', 'Cook Islands', 'New Zealand']","[-17.6036, -18.1339, -14.2765, -13.826, -21.2046, -18.8505, -36.8402]","[177.4387, 178.4235, -170.6854, -171.7622, -159.7843, -159.8111, 174.7721]","['Tropical Southwestern Pacific', 'Tropical Southwestern Pacific', 'Central Polynesia', 'Central Polynesia', 'Southeast Polynesia', 'Southeast Polynesia', 'Northern New Zealand']","[0.0, 16.577163499538045, 94.92616893576155, 10.579849609121743, 86.46655896939713, 8.732514640679366, 141.23111318499843]","[np.float64(31.947952756313743), np.float64(10.480988296567352), np.float64(28.347651443287056), np.float64(6.175350277248796), np.float64(58.07392028540438), np.float64(8.343124039479475), 0.0]",20.9118,469.9344,AUCKLAND
syn_06291,2,Container,8252.0,7,"['LAUTOKA', 'SUVA', 'APIA', 'PAGO PAGO HARBOR', 'ALOFI', 'NEIAFU', 'AUCKLAND']","['Fiji', 'Fiji', 'Samoa', 'American Samoa', 'Niue', 'Tonga', 'New Zealand']","[-17.6036, -18.1339, -13.826, -14.2765, -19.0532, -18.6529, -36.8402]","[177.4387, 178.4235, -171.7622, -170.6854, -169.9217, -173.9852, 174.7721]","['Tropical Southwestern Pacific', 'Tropical Southwestern Pacific', 'Central Polynesia', 'Central Polynesia', 'Tropical Southwestern Pacific', 'Tropical Southwestern Pacific', 'Northern New Zealand']","[0.0, 11.900064942350694, 62.41291329474233, 10.186659039652545, 20.638751344186062, 27.096841349249257, 93.77886240870683]","[np.float64(13.548096608945166), np.float64(35.77772191712032), np.float64(25.543685960626973), np.float64(62.216650946639156), np.float64(25.178385386522695), np.float64(14.646763645399812), 0.0]",16.7886,389.3773,AUCKLAND
syn_06292,2,General Cargo,8378.0,7,"['VILA', 'HONIARA', 'NAPA NAPA', 'LAE', 'NOUMEA', 'BOTANY', 'LYTTELTON']","['Vanuatu', 'Solomon Islands', 'Papua New Guinea', 'Papua New Guinea', 'New Caledonia', 'Australia', 'New Zealand']","[-17.754, -9.4274, -9.5056, -6.8146, -22.2633, -33.9682, -43.606]","[168.3044, 159.9603, 147.1542, 146.9681, 166.4317, 151.2149, 172.7213]","['Tropical Southwestern Pacific', 'Eastern Coral Triangle', 'Eastern Coral Triangle', 'Eastern Coral Triangle', 'Tropical Southwestern Pacific', 'East Central Australian Shelf', 'Southern New Zealand']","[0.0, 142.44968918113193, 80.37970862057067, 66.71287186105049, 188.27487336565764, 178.11661640877054, 181.4514503212611]","[12.87267660156725, 20.25223230177861, 20.69126309003853, 22.715752678628462, 26.655552069741695, 10.382737774126845, 0.0]",39.6231,938.0827,LYTTELTON
syn_06293,2,General Cargo,20202.0,7,"['SUVA', 'LAUTOKA', 'APIA', 'PAGO PAGO HARBOR', 'NEIAFU', ""NUKU'ALOFA"", 'AUCKLAND']","['Fiji', 'Fiji', 'Samoa', 'American Samoa', 'Tonga', 'Tonga', 'New Zealand']","[-18.1339, -17.6036, -13.826, -14.2765, -18.6529, -21.1362, -36.8402]","[178.4235, 177.4387, -171.7622, -170.6854, -173.9852, -175.1806, 174.7721]","['Tropical Southwestern Pacific', 'Tropical Southwestern Pacific', 'Central Polynesia', 'Central Polynesia', 'Tropical Southwestern Pacific', 'Tropical Southwestern Pacific', 'Northern New Zealand']","[0.0, 20.476356609672855, 118.15548589796211, 20.3096808556466, 42.337783881706805, 37.43014651130306, 99.39896493642163]","[np.float64(20.317383503259208), np.float64(26.188503631517058), np.float64(13.651061989167074), np.float64(11.243058675413858), np.float64(10.42397196399138), np.float64(8.760506115628253), 0.0]",17.8622,408.3755,AUCKLAND
syn_06294,2,Container,8252.0,7,"['SUVA', 'LAUTOKA', 'APIA', 'PAGO PAGO HARBOR', ""NUKU'ALOFA"", 'SUVA', 'AUCKLAND']","['Fiji', 'Fiji', 'Samoa', 'American Samoa', 'Tonga', 'Fiji', 'New Zealand']","[-18.1339, -17.6036, -13.826, -14.2765, -21.1362, -18.1339, -36.8402]","[178.4235, 177.4387, -171.7622, -170.6854, -175.1806, 178.4235, 174.7721]","['Tropical Southwestern Pacific', 'Tropical Southwestern Pacific', 'Central Polynesia', 'Central Polynesia', 'Tropical Southwestern Pacific', 'Tropical Southwestern Pacific', 'Northern New Zealand']","[0.0, 11.976694580817988, 60.39457183917383, 8.939618798324947, 36.13429286092633, 27.69537286401109, 94.17027897961653]","[np.float64(40.45170510021027), np.float64(132.37470705852408), np.float64(17.639401425584854), np.float64(13.598580506654487), np.float64(10.257884227517742), np.float64(44.818262317861766), 0.0]",20.7688,457.9997,AUCKLAND
syn_06295,2,General Cargo,12927.0,7,"['LAUTOKA', 'SUVA', 'APIA', 'RAROTONGA', 'AITUTAKI', ""NUKU'ALOFA"", 'AUCKLAND']","['Fiji', 'Fiji', 'Samoa', 'Cook Islands', 'Cook Islands', 'Tonga', 'New Zealand']","[-17.6036, -18.1339, -13.826, -21.2046, -18.8505, -21.1362, -36.8402]","[177.4387, 178.4235, -171.7622, -159.7843, -159.8111, -175.1806, 174.7721]","['Tropical Southwestern Pacific', 'Tropical Southwestern Pacific', 'Central Polynesia', 'Southeast Polynesia', 'Southeast Polynesia', 'Tropical Southwestern Pacific', 'Northern New Zealand']","[0.0, 13.31511208070748, 65.69900284225174, 137.61272621307816, 13.258174358734324, 60.063773628366214, 96.2877009780179]","[np.float64(18.281076054226457), np.float64(24.853100254438697), np.float64(16.12135323715892), np.float64(36.794456205373685), np.float64(40.74402871225524), np.float64(9.42429749020304), 0.0]",22.1856,514.1737,AUCKLAND
syn_06296,2,General Cargo,20202.0,7,"['SUVA', 'PAGO PAGO HARBOR', 'APIA', 'RAROTONGA', 'AITUTAKI', ""NUKU'ALOFA"", 'AUCKLAND']","['Fiji', 'American Samoa', 'Samoa', 'Cook Islands', 'Cook Islands', 'Tonga', 'New Zealand']","[-18.1339, -14.2765, -13.826, -21.2046, -18.8505, -21.1362, -36.8402]","[178.4235, -170.6854, -171.7622, -159.7843, -159.8111, -175.1806, 174.7721]","['Tropical Southwestern Pacific', 'Central Polynesia', 'Central Polynesia', 'Southeast Polynesia', 'Southeast Polynesia', 'Tropical Southwestern Pacific', 'Northern New Zealand']","[0.0, 166.74653941844667, 6.780214426319194, 69.78802153231297, 15.565955275205699, 106.35211961395296, 94.31379561869058]","[np.float64(38.705255438267), np.float64(11.249541321360532), np.float64(10.92131892984818), np.float64(54.81802350021563), np.float64(7.270365202466813), np.float64(12.483915952682272), 0.0]",24.7915,556.2898,AUCKLAND
syn_06297,2,General Cargo,20202.0,7,"['SUVA', 'LAUTOKA', 'APIA', 'PAGO PAGO HARBOR', 'RAROTONGA', 'AITUTAKI', 'AUCKLAND']","['Fiji', 'Fiji', 'Samoa', 'American Samoa', 'Cook Islands', 'Cook Islands', 'New Zealand']","[-18.1339, -17.6036, -13.826, -14.2765, -21.2046, -18.8505, -36.8402]","[178.4235, 177.4387, -171.7622, -170.6854, -159.7843, -159.8111, 174.7721]","['Tropical Southwestern Pacific', 'Tropical Southwestern Pacific', 'Central Polynesia', 'Central Polynesia', 'Southeast Polynesia', 'Southeast Polynesia', 'Northern New Zealand']","[0.0, 10.446921497342732, 106.37973748371152, 9.049118321892365, 121.04665232511006, 14.01272389372949, 145.55783826489323]","[np.float64(77.887188410845), np.float64(56.44424241788878), np.float64(11.986264090898059), np.float64(21.55833822582895), np.float64(105.41390558681434), np.float64(28.678846847890114), 0.0]",29.5192,630.5746,AUCKLAND
syn_06298,2,General Cargo,8378.0,7,"['SUVA', 'LAUTOKA', 'APIA', 'PAGO PAGO HARBOR', 'ALOFI', 'NEIAFU', 'AUCKLAND']","['Fiji', 'Fiji', 'Samoa', 'American Samoa', 'Niue', 'Tonga', 'New Zealand']","[-18.1339, -17.6036, -13.826, -14.2765, -19.0532, -18.6529, -36.8402]","[178.4235, 177.4387, -171.7622, -170.6854, -169.9217, -173.9852, 174.7721]","['Tropical Southwestern Pacific', 'Tropical Southwestern Pacific', 'Central Polynesia', 'Central Polynesia', 'Tropical Southwestern Pacific', 'Tropical Southwestern Pacific', 'Northern New Zealand']","[0.0, 9.999882298939585, 153.43996718964172, 15.425549582449074, 21.258777446687386, 44.32505042534835, 224.48134371634467]","[np.float64(68.05922056032703), np.float64(58.392448413632195), np.float64(9.074715029262855), np.float64(14.811551485721244), np.float64(49.30649170158047), np.float64(11.064459801321533), 0.0]",28.3183,611.5802,AUCKLAND
syn_06299,2,Container,22968.0,7,"['SUVA', 'LAUTOKA', 'PAGO PAGO HARBOR', 'APIA', 'RAROTONGA', 'AITUTAKI', 'AUCKLAND']","['Fiji', 'Fiji', 'American Samoa', 'Samoa', 'Cook Islands', 'Cook Islands', 'New Zealand']","[-18.1339, -17.6036, -14.2765, -13.826, -21.2046, -18.8505, -36.8402]","[178.4235, 177.4387, -170.6854, -171.7622, -159.7843, -159.8111, 174.7721]","['Tropical Southwestern Pacific', 'Tropical Southwestern Pacific', 'Central Polynesia', 'Central Polynesia', 'Southeast Polynesia', 'Southeast Polynesia', 'Northern New Zealand']","[0.0, 14.693785269796964, 139.77953957998525, 5.927608291532414, 53.69213609930887, 15.698208389586517, 112.28588656533289]","[np.float64(30.73442642384675), np.float64(21.370210766991352), np.float64(12.422590200544441), np.float64(28.861581250700095), np.float64(43.37654249228074), np.float64(62.82570887497673), 0.0]",22.5695,510.9338,AUCKLAND
syn_06300,2,Container,22314.0,7,"['SUVA', 'LAUTOKA', 'APIA', 'PAGO PAGO HARBOR', 'RAROTONGA', 'AITUTAKI', 'AUCKLAND']","['Fiji', 'Fiji', 'Samoa', 'American Samoa', 'Cook Islands', 'Cook Islands', 'New Zealand']","[-18.1339, -17.6036, -13.826, -14.2765, -21.2046, -18.8505, -36.8402]","[178.4235, 177.4387, -171.7622, -170.6854, -159.7843, -159.8111, 174.7721]","['Tropical Southwestern Pacific', 'Tropical Southwestern Pacific', 'Central Polynesia', 'Central Polynesia', 'Southeast Polynesia', 'Southeast Polynesia', 'Northern New Zealand']","[0.0, 10.173338915408216, 57.1312610364702, 9.046321271982746, 72.88558120205923, 8.698434291265764, 227.27116553382587]","[np.float64(59.16562952282005), np.float64(132.10277351646576), np.float64(19.004597543634446), np.float64(84.80424154785683), np.float64(66.19994493019972), np.float64(30.247432187776692), 0.0]",32.3638,717.5651,AUCKLAND
syn_06301,2,General Cargo,20202.0,7,"['LAUTOKA', 'PAGO PAGO HARBOR', 'APIA', 'ALOFI', 'RAROTONGA', 'AITUTAKI', 'AUCKLAND']","['Fiji', 'American Samoa', 'Samoa', 'Niue', 'Cook Islands', 'Cook Islands', 'New Zealand']","[-17.6036, -14.2765, -13.826, -19.0532, -21.2046, -18.8505, -36.8402]","[177.4387, -170.6854, -171.7622, -169.9217, -159.7843, -159.8111, 174.7721]","['Tropical Southwestern Pacific', 'Central Polynesia', 'Central Polynesia', 'Tropical Southwestern Pacific', 'Southeast Polynesia', 'Southeast Polynesia', 'Northern New Zealand']","[0.0, 73.21159595969904, 12.65225659778716, 49.385368092449774, 76.6033988661459, 14.75456663062102, 203.67139781314512]","[np.float64(48.448757042551286), np.float64(9.400297568545518), np.float64(9.998130449436973), np.float64(71.24609181800905), np.float64(41.08486454410456), np.float64(12.78873388843279), 0.0]",25.9686,574.7967,AUCKLAND
syn_06302,2,Container,5923.0,7,"['SUVA', 'APIA', 'RAROTONGA', 'AITUTAKI', 'ALOFI', ""NUKU'ALOFA"", 'AUCKLAND']","['Fiji', 'Samoa', 'Cook Islands', 'Cook Islands', 'Niue', 'Tonga', 'New Zealand']","[-18.1339, -13.826, -21.2046, -18.8505, -19.0532, -21.1362, -36.8402]","[178.4235, -171.7622, -159.7843, -159.8111, -169.9217, -175.1806, 174.7721]","['Tropical Southwestern Pacific', 'Central Polynesia', 'Southeast Polynesia', 'Southeast Polynesia', 'Tropical Southwestern Pacific', 'Tropical Southwestern Pacific', 'Northern New Zealand']","[0.0, 64.39090108609511, 189.81950201705266, 6.0405988544497875, 85.16324999626134, 40.87459995102053, 77.86382587527092]","[np.float64(70.77366879913247), np.float64(19.51392488384647), np.float64(82.96189560577216), np.float64(7.340429677571053), np.float64(13.184627039159341), np.float64(24.667216852888735), 0.0]",28.4414,611.8208,AUCKLAND
syn_06303,2,General Cargo,8378.0,7,"['SUVA', 'LAUTOKA', 'PAGO PAGO HARBOR', 'APIA', 'RAROTONGA', 'AITUTAKI', 'AUCKLAND']","['Fiji', 'Fiji', 'American Samoa', 'Samoa', 'Cook Islands', 'Cook Islands', 'New Zealand']","[-18.1339, -17.6036, -14.2765, -13.826, -21.2046, -18.8505, -36.8402]","[178.4235, 177.4387, -170.6854, -171.7622, -159.7843, -159.8111, 174.7721]","['Tropical Southwestern Pacific', 'Tropical Southwestern Pacific', 'Central Polynesia', 'Central Polynesia', 'Southeast Polynesia', 'Southeast Polynesia', 'Northern New Zealand']","[0.0, 6.824343844097324, 111.88112658654875, 7.435437109224623, 90.16991478904215, 7.273386908285873, 202.1499015348481]","[np.float64(17.157033081160055), np.float64(48.86091929818873), np.float64(16.940351077373805), np.float64(7.903490190150542), np.float64(99.70082581673017), np.float64(27.640236007958688), 0.0]",26.8307,626.7799,AUCKLAND
syn_06304,2,Container,8252.0,7,"['SUVA', 'APIA', 'PAGO PAGO HARBOR', 'ALOFI', 'RAROTONGA', 'AITUTAKI', 'AUCKLAND']","['Fiji', 'Samoa', 'American Samoa', 'Niue', 'Cook Islands', 'Cook Islands', 'New Zealand']","[-18.1339, -13.826, -14.2765, -19.0532, -21.2046, -18.8505, -36.8402]","[178.4235, -171.7622, -170.6854, -169.9217, -159.7843, -159.8111, 174.7721]","['Tropical Southwestern Pacific', 'Central Polynesia', 'Central Polynesia', 'Tropical Southwestern Pacific', 'Southeast Polynesia', 'Southeast Polynesia', 'Northern New Zealand']","[0.0, 60.82122805455115, 5.457633678682784, 22.91942341977023, 123.06035892555502, 3.938473309729428, 196.30259237655252]","[np.float64(43.7088142428828), np.float64(83.76282967201867), np.float64(22.709696639623147), np.float64(74.19049489758255), np.float64(9.720995453871915), np.float64(40.19243125070985), 0.0]",28.616,643.0762,AUCKLAND
syn_06305,2,General Cargo,8378.0,7,"['SUVA', 'LAUTOKA', 'APIA', 'PAGO PAGO HARBOR', 'ALOFI', 'NEIAFU', 'AUCKLAND']","['Fiji', 'Fiji', 'Samoa', 'American Samoa', 'Niue', 'Tonga', 'New Zealand']","[-18.1339, -17.6036, -13.826, -14.2765, -19.0532, -18.6529, -36.8402]","[178.4235, 177.4387, -171.7622, -170.6854, -169.9217, -173.9852, 174.7721]","['Tropical Southwestern Pacific', 'Tropical Southwestern Pacific', 'Central Polynesia', 'Central Polynesia', 'Tropical Southwestern Pacific', 'Tropical Southwestern Pacific', 'Northern New Zealand']","[0.0, 11.653074692809414, 133.10706866249166, 14.441878932564773, 49.520235731202995, 52.19416685035256, 167.5126524689288]","[np.float64(10.483689868028272), np.float64(12.384645867041234), np.float64(26.95470192795372), np.float64(13.237155623529299), np.float64(60.93335124857645), np.float64(41.49016347678083), 0.0]",24.7464,583.4291,AUCKLAND
syn_06306,2,Container,22968.0,7,"['SUVA', 'APIA', 'PAGO PAGO HARBOR', 'ALOFI', 'NEIAFU', ""NUKU'ALOFA"", 'AUCKLAND']","['Fiji', 'Samoa', 'American Samoa', 'Niue', 'Tonga', 'Tonga', 'New Zealand']","[-18.1339, -13.826, -14.2765, -19.0532, -18.6529, -21.1362, -36.8402]","[178.4235, -171.7622, -170.6854, -169.9217, -173.9852, -175.1806, 174.7721]","['Tropical Southwestern Pacific', 'Central Polynesia', 'Central Polynesia', 'Tropical Southwestern Pacific', 'Tropical Southwestern Pacific', 'Tropical Southwestern Pacific', 'Northern New Zealand']","[0.0, 68.44206818514218, 8.894764114236308, 42.30953548739442, 28.908876182772154, 35.980530684128134, 91.53208320211623]","[np.float64(43.80651208491954), np.float64(39.19429833930819), np.float64(103.5037386244532), np.float64(40.269850196232255), np.float64(17.742014667244614), np.float64(14.002858367034879), 0.0]",22.2745,490.7806,AUCKLAND
syn_06307,2,General Cargo,8378.0,5,"['SUVA', 'PAGO PAGO HARBOR', 'APIA', ""NUKU'ALOFA"", 'TAURANGA']","['Fiji', 'American Samoa', 'Samoa', 'Tonga', 'New Zealand']","[-18.1339, -14.2765, -13.826, -21.1362, -37.6444]","[178.4235, -170.6854, -171.7622, -175.1806, 176.1819]","['Tropical Southwestern Pacific', 'Central Polynesia', 'Central Polynesia', 'Tropical Southwestern Pacific', 'Northern New Zealand']","[0.0, 103.81975413986295, 14.865988881462078, 57.793369783682586, 76.29348241008643]","[np.float64(70.86197859368399), np.float64(17.921162384838638), np.float64(8.341242582852573), np.float64(6.393802404960594), 0.0]",14.8454,285.4288,TAURANGA
syn_06308,2,General Cargo,8378.0,7,"['SUVA', 'LAUTOKA', 'APIA', 'PAGO PAGO HARBOR', 'ALOFI', 'NEIAFU', 'AUCKLAND']","['Fiji', 'Fiji', 'Samoa', 'American Samoa', 'Niue', 'Tonga', 'New Zealand']","[-18.1339, -17.6036, -13.826, -14.2765, -19.0532, -18.6529, -36.8402]","[178.4235, 177.4387, -171.7622, -170.6854, -169.9217, -173.9852, 174.7721]","['Tropical Southwestern Pacific', 'Tropical Southwestern Pacific', 'Central Polynesia', 'Central Polynesia', 'Tropical Southwestern Pacific', 'Tropical Southwestern Pacific', 'Northern New Zealand']","[0.0, 7.527444011919839, 105.66815422188816, 6.0395633678128675, 29.12647290414919, 40.10481847354929, 168.01467061531218]","[np.float64(19.17838637500576), np.float64(30.09494258015849), np.float64(20.89304230977636), np.float64(14.854492064284992), np.float64(78.83444186319157), np.float64(6.0362514353325265), 0.0]",21.9322,507.1943,AUCKLAND
syn_06309,2,General Cargo,20202.0,6,"['SUVA', 'APIA', 'RAROTONGA', 'ALOFI', ""NUKU'ALOFA"", 'AUCKLAND']","['Fiji', 'Samoa', 'Cook Islands', 'Niue', 'Tonga', 'New Zealand']","[-18.1339, -13.826, -21.2046, -19.0532, -21.1362, -36.8402]","[178.4235, -171.7622, -159.7843, -169.9217, -175.1806, 174.7721]","['Tropical Southwestern Pacific', 'Central Polynesia', 'Southeast Polynesia', 'Tropical Southwestern Pacific', 'Tropical Southwestern Pacific', 'Northern New Zealand']","[0.0, 64.14428987941865, 107.21676050587375, 115.62407549146756, 30.30998195140868, 94.88170143578742]","[np.float64(20.770222797784765), np.float64(25.854158096751956), np.float64(6.788337531912853), np.float64(124.26345122951614), np.float64(8.950663581441534), 0.0]",24.9502,578.0334,AUCKLAND
syn_06310,2,Tanker,5183.0,7,"['SUVA', 'APIA', 'PAGO PAGO HARBOR', 'RAROTONGA', 'AITUTAKI', ""NUKU'ALOFA"", 'AUCKLAND']","['Fiji', 'Samoa', 'American Samoa', 'Cook Islands', 'Cook Islands', 'Tonga', 'New Zealand']","[-18.1339, -13.826, -14.2765, -21.2046, -18.8505, -21.1362, -36.8402]","[178.4235, -171.7622, -170.6854, -159.7843, -159.8111, -175.1806, 174.7721]","['Tropical Southwestern Pacific', 'Central Polynesia', 'Central Polynesia', 'Southeast Polynesia', 'Southeast Polynesia', 'Tropical Southwestern Pacific', 'Northern New Zealand']","[0.0, 123.2380143740813, 12.318731146446526, 62.99331100670276, 7.502724776261576, 138.05691972538307, 129.9843692018036]","[np.float64(44.55090576619169), np.float64(7.6292496630433435), np.float64(18.365285254100066), np.float64(22.263284914164718), np.float64(27.00039764690684), np.float64(6.725171262660662), 0.0]",25.0262,556.0775,AUCKLAND
syn_06311,2,Container,22968.0,7,"['SUVA', 'LAUTOKA', 'APIA', 'PAGO PAGO HARBOR', 'NEIAFU', ""NUKU'ALOFA"", 'AUCKLAND']","['Fiji', 'Fiji', 'Samoa', 'American Samoa', 'Tonga', 'Tonga', 'New Zealand']","[-18.1339, -17.6036, -13.826, -14.2765, -18.6529, -21.1362, -36.8402]","[178.4235, 177.4387, -171.7622, -170.6854, -173.9852, -175.1806, 174.7721]","['Tropical Southwestern Pacific', 'Tropical Southwestern Pacific', 'Central Polynesia', 'Central Polynesia', 'Tropical Southwestern Pacific', 'Tropical Southwestern Pacific', 'Northern New Zealand']","[0.0, 6.999498907932182, 49.79253230145559, 14.096422420463359, 12.64583761043217, 12.797119025202203, 180.55669046136518]","[np.float64(15.426404875463293), np.float64(38.92391526301668), np.float64(9.011452595369985), np.float64(47.26016289257511), np.float64(8.046021588693561), np.float64(45.96588206054541), 0.0]",18.3967,426.0955,AUCKLAND
syn_06312,2,General Cargo,20202.0,7,"['SUVA', 'FUNAFUTI', 'MAT_Ã\x8aÂ»UTU', 'SIGAV_', 'SUVA', 'LUGANVILLE', 'TAURANGA']","['Fiji', 'Tuvalu', 'Wallis And Futuna', 'Wallis And Futuna', 'Fiji', 'Vanuatu', 'New Zealand']","[-18.1339, -8.5032, -13.2857, -14.2964, -18.1339, -15.515, -37.6444]","[178.4235, 179.1946, -176.1689, -178.1609, 178.4235, 167.1867, 176.1819]","['Tropical Southwestern Pacific', 'Marshall, Gilbert and Ellis Islands', 'Central Polynesia', 'Central Polynesia', 'Tropical Southwestern Pacific', 'Tropical Southwestern Pacific', 'Northern New Zealand']","[0.0, 60.481262919380924, 43.04705781334113, 41.142869337099256, 66.65924387725838, 110.53930092154103, 161.04832878764404]","[np.float64(14.690054342176836), 6.614160885210142, 19.076376247708776, 7.486204379328557, np.float64(13.303010801005914), 6.699733987418632, 0.0]",22.9495,536.0975,TAURANGA
syn_06313,2,General Cargo,5642.0,7,"['LAUTOKA', 'APIA', 'PAGO PAGO HARBOR', 'ALOFI', 'NEIAFU', ""NUKU'ALOFA"", 'AUCKLAND']","['Fiji', 'Samoa', 'American Samoa', 'Niue', 'Tonga', 'Tonga', 'New Zealand']","[-17.6036, -13.826, -14.2765, -19.0532, -18.6529, -21.1362, -36.8402]","[177.4387, -171.7622, -170.6854, -169.9217, -173.9852, -175.1806, 174.7721]","['Tropical Southwestern Pacific', 'Central Polynesia', 'Central Polynesia', 'Tropical Southwestern Pacific', 'Tropical Southwestern Pacific', 'Tropical Southwestern Pacific', 'Northern New Zealand']","[0.0, 95.97425773682883, 15.339243327565725, 32.8201716135797, 41.65025749915729, 17.973369550190142, 90.15853545402828]","[np.float64(20.652573173910014), np.float64(53.29693509390098), np.float64(9.408359413598843), np.float64(48.83917206100484), np.float64(14.376272034695447), np.float64(17.402366467848164), 0.0]",19.0788,437.2389,AUCKLAND
syn_06314,2,General Cargo,20202.0,7,"['LAUTOKA', 'SUVA', 'PAGO PAGO HARBOR', 'APIA', 'RAROTONGA', 'AITUTAKI', 'AUCKLAND']","['Fiji', 'Fiji', 'American Samoa', 'Samoa', 'Cook Islands', 'Cook Islands', 'New Zealand']","[-17.6036, -18.1339, -14.2765, -13.826, -21.2046, -18.8505, -36.8402]","[177.4387, 178.4235, -170.6854, -171.7622, -159.7843, -159.8111, 174.7721]","['Tropical Southwestern Pacific', 'Tropical Southwestern Pacific', 'Central Polynesia', 'Central Polynesia', 'Southeast Polynesia', 'Southeast Polynesia', 'Northern New Zealand']","[0.0, 12.669166907966575, 137.75504180213247, 10.987758371396135, 102.33254674425639, 12.84602000402304, 270.12932597393694]","[np.float64(51.797440756521716), np.float64(22.26230159268604), np.float64(57.712410287607135), np.float64(26.93606758929722), np.float64(40.30186805733298), np.float64(41.57495692087551), 0.0]",32.8044,735.5075,AUCKLAND
syn_06315,2,Container,22314.0,7,"['VILA', 'HONIARA', 'NAPA NAPA', 'LAE', 'NOUMEA', 'BOTANY', 'LYTTELTON']","['Vanuatu', 'Solomon Islands', 'Papua New Guinea', 'Papua New Guinea', 'New Caledonia', 'Australia', 'New Zealand']","[-17.754, -9.4274, -9.5056, -6.8146, -22.2633, -33.9682, -43.606]","[168.3044, 159.9603, 147.1542, 146.9681, 166.4317, 151.2149, 172.7213]","['Tropical Southwestern Pacific', 'Eastern Coral Triangle', 'Eastern Coral Triangle', 'Eastern Coral Triangle', 'Tropical Southwestern Pacific', 'East Central Australian Shelf', 'Southern New Zealand']","[0.0, 120.30157270576724, 67.26265500857943, 57.316593528208465, 208.12499335581398, 139.53203400916797, 88.74099401338678]","[26.39168839865251, 27.250163966767985, 14.011900076858087, 24.13274906209002, 11.83495854453056, 10.951352832314795, 0.0]",33.1605,769.46,LYTTELTON
syn_06316,2,Container,5923.0,7,"['SUVA', 'LAUTOKA', 'SUVA', 'APIA', 'RAROTONGA', 'AITUTAKI', 'AUCKLAND']","['Fiji', 'Fiji', 'Fiji', 'Samoa', 'Cook Islands', 'Cook Islands', 'New Zealand']","[-18.1339, -17.6036, -18.1339, -13.826, -21.2046, -18.8505, -36.8402]","[178.4235, 177.4387, 178.4235, -171.7622, -159.7843, -159.8111, 174.7721]","['Tropical Southwestern Pacific', 'Tropical Southwestern Pacific', 'Tropical Southwestern Pacific', 'Central Polynesia', 'Southeast Polynesia', 'Southeast Polynesia', 'Northern New Zealand']","[0.0, 15.393959869388075, 14.7018304637, 61.37968082090116, 68.87058678236757, 5.730183643850418, 125.43233998048545]","[np.float64(48.48349730452168), np.float64(60.996764912255465), np.float64(20.89592998587778), np.float64(9.644689404984073), np.float64(72.31820147365127), np.float64(59.60325983891817), 0.0]",23.4771,514.9674,AUCKLAND
syn_06317,2,General Cargo,20202.0,7,"['SUVA', 'APIA', 'PAGO PAGO HARBOR', 'ALOFI', 'NEIAFU', ""NUKU'ALOFA"", 'AUCKLAND']","['Fiji', 'Samoa', 'American Samoa', 'Niue', 'Tonga', 'Tonga', 'New Zealand']","[-18.1339, -13.826, -14.2765, -19.0532, -18.6529, -21.1362, -36.8402]","[178.4235, -171.7622, -170.6854, -169.9217, -173.9852, -175.1806, 174.7721]","['Tropical Southwestern Pacific', 'Central Polynesia', 'Central Polynesia', 'Tropical Southwestern Pacific', 'Tropical Southwestern Pacific', 'Tropical Southwestern Pacific', 'Northern New Zealand']","[0.0, 60.15683741022963, 15.546401339847666, 41.461208888742526, 53.73975961649841, 33.3196301807646, 86.52417977702646]","[np.float64(23.063273166826182), np.float64(18.659673048174856), np.float64(12.566900848894356), np.float64(61.7088863913838), np.float64(17.064191332761656), np.float64(10.199656698798176), 0.0]",18.0838,410.9473,AUCKLAND
syn_06318,2,General Cargo,20202.0,7,"['SUVA', 'LAUTOKA', 'APIA', 'PAGO PAGO HARBOR', 'RAROTONGA', 'AITUTAKI', 'AUCKLAND']","['Fiji', 'Fiji', 'Samoa', 'American Samoa', 'Cook Islands', 'Cook Islands', 'New Zealand']","[-18.1339, -17.6036, -13.826, -14.2765, -21.2046, -18.8505, -36.8402]","[178.4235, 177.4387, -171.7622, -170.6854, -159.7843, -159.8111, 174.7721]","['Tropical Southwestern Pacific', 'Tropical Southwestern Pacific', 'Central Polynesia', 'Central Polynesia', 'Southeast Polynesia', 'Southeast Polynesia', 'Northern New Zealand']","[0.0, 7.001692960566482, 131.47132050330677, 10.211471761924296, 76.94711279942175, 13.085356481116031, 295.6850801357307]","[np.float64(37.131382957490054), np.float64(71.72702764185573), np.float64(39.09175788664844), np.float64(8.620786901718962), np.float64(26.782447135541073), np.float64(17.007949121353093), 0.0]",30.6151,697.632,AUCKLAND
syn_06319,2,General Cargo,20202.0,7,"['SUVA', 'LAUTOKA', 'PAGO PAGO HARBOR', 'APIA', 'ALOFI', 'RAROTONGA', 'AUCKLAND']","['Fiji', 'Fiji', 'American Samoa', 'Samoa', 'Niue', 'Cook Islands', 'New Zealand']","[-18.1339, -17.6036, -14.2765, -13.826, -19.0532, -21.2046, -36.8402]","[178.4235, 177.4387, -170.6854, -171.7622, -169.9217, -159.7843, 174.7721]","['Tropical Southwestern Pacific', 'Tropical Southwestern Pacific', 'Central Polynesia', 'Central Polynesia', 'Tropical Southwestern Pacific', 'Southeast Polynesia', 'Northern New Zealand']","[0.0, 8.71226255716264, 64.93043839353987, 14.466175668546185, 33.91056127538566, 120.47353727490287, 256.7242884403495]","[np.float64(58.920320318820785), np.float64(29.55379239705417), np.float64(80.7950774753829), np.float64(12.872660191360435), np.float64(75.4145203637754), np.float64(76.1894372507799), 0.0]",34.7068,774.0428,AUCKLAND
syn_06320,2,Container,22968.0,7,"['SUVA', 'PAGO PAGO HARBOR', 'APIA', 'RAROTONGA', 'AITUTAKI', ""NUKU'ALOFA"", 'AUCKLAND']","['Fiji', 'American Samoa', 'Samoa', 'Cook Islands', 'Cook Islands', 'Tonga', 'New Zealand']","[-18.1339, -14.2765, -13.826, -21.2046, -18.8505, -21.1362, -36.8402]","[178.4235, -170.6854, -171.7622, -159.7843, -159.8111, -175.1806, 174.7721]","['Tropical Southwestern Pacific', 'Central Polynesia', 'Central Polynesia', 'Southeast Polynesia', 'Southeast Polynesia', 'Tropical Southwestern Pacific', 'Northern New Zealand']","[0.0, 78.02095818502947, 14.012937848163132, 95.03148850555371, 5.103023099591116, 101.49017386959329, 98.72463298944054]","[np.float64(58.51574438779097), np.float64(31.912039610885902), np.float64(22.968215043073283), np.float64(27.31111643331887), np.float64(90.36362926488295), np.float64(16.467037917846202), 0.0]",26.6634,581.4053,AUCKLAND
syn_06321,2,Container,8252.0,7,"['SUVA', 'LAUTOKA', 'APIA', ""NUKU'ALOFA"", 'RAROTONGA', 'AITUTAKI', 'AUCKLAND']","['Fiji', 'Fiji', 'Samoa', 'Tonga', 'Cook Islands', 'Cook Islands', 'New Zealand']","[-18.1339, -17.6036, -13.826, -21.1362, -21.2046, -18.8505, -36.8402]","[178.4235, 177.4387, -171.7622, -175.1806, -159.7843, -159.8111, 174.7721]","['Tropical Southwestern Pacific', 'Tropical Southwestern Pacific', 'Central Polynesia', 'Tropical Southwestern Pacific', 'Southeast Polynesia', 'Southeast Polynesia', 'Northern New Zealand']","[0.0, 11.149400633508822, 51.37135898089795, 38.498095697926175, 74.44861843033893, 3.793784684788513, 222.41735424786995]","[np.float64(57.198442302663324), np.float64(33.32409417142864), np.float64(16.025019188014408), np.float64(9.748966149180132), np.float64(37.83404043642811), np.float64(39.472490527885505), 0.0]",24.8034,538.0832,AUCKLAND
syn_06322,2,General Cargo,8378.0,7,"['SUVA', 'LAUTOKA', 'SUVA', 'APIA', 'PAGO PAGO HARBOR', 'ALOFI', 'AUCKLAND']","['Fiji', 'Fiji', 'Fiji', 'Samoa', 'American Samoa', 'Niue', 'New Zealand']","[-18.1339, -17.6036, -18.1339, -13.826, -14.2765, -19.0532, -36.8402]","[178.4235, 177.4387, 178.4235, -171.7622, -170.6854, -169.9217, 174.7721]","['Tropical Southwestern Pacific', 'Tropical Southwestern Pacific', 'Tropical Southwestern Pacific', 'Central Polynesia', 'Central Polynesia', 'Tropical Southwestern Pacific', 'Northern New Zealand']","[0.0, 12.52323089671929, 11.384717815213259, 64.15674935180111, 15.481879272003535, 23.041946620409025, 196.01900323693945]","[np.float64(25.553294240360305), np.float64(59.53077424745133), np.float64(14.751815705714241), np.float64(8.359268590733135), np.float64(49.643993930049625), np.float64(58.52630952010146), 0.0]",22.4572,513.4197,AUCKLAND
syn_06323,2,Container,22968.0,7,"['SUVA', 'LAUTOKA', 'APIA', 'PAGO PAGO HARBOR', 'RAROTONGA', 'AITUTAKI', 'AUCKLAND']","['Fiji', 'Fiji', 'Samoa', 'American Samoa', 'Cook Islands', 'Cook Islands', 'New Zealand']","[-18.1339, -17.6036, -13.826, -14.2765, -21.2046, -18.8505, -36.8402]","[178.4235, 177.4387, -171.7622, -170.6854, -159.7843, -159.8111, 174.7721]","['Tropical Southwestern Pacific', 'Tropical Southwestern Pacific', 'Central Polynesia', 'Central Polynesia', 'Southeast Polynesia', 'Southeast Polynesia', 'Northern New Zealand']","[0.0, 17.053622164720963, 65.51584169681816, 8.786960686756085, 99.56051855482251, 4.072816227012617, 258.36933111247345]","[np.float64(18.145008612338188), np.float64(72.25638254144692), np.float64(15.052660354239043), np.float64(11.44284194170077), np.float64(10.241799570989956), np.float64(80.47910287759507), 0.0]",27.5407,642.8319,AUCKLAND
syn_06324,2,General Cargo,8378.0,7,"['SUVA', 'LAUTOKA', 'APIA', 'PAGO PAGO HARBOR', 'ALOFI', 'NEIAFU', 'AUCKLAND']","['Fiji', 'Fiji', 'Samoa', 'American Samoa', 'Niue', 'Tonga', 'New Zealand']","[-18.1339, -17.6036, -13.826, -14.2765, -19.0532, -18.6529, -36.8402]","[178.4235, 177.4387, -171.7622, -170.6854, -169.9217, -173.9852, 174.7721]","['Tropical Southwestern Pacific', 'Tropical Southwestern Pacific', 'Central Polynesia', 'Central Polynesia', 'Tropical Southwestern Pacific', 'Tropical Southwestern Pacific', 'Northern New Zealand']","[0.0, 13.367628051209051, 72.01227254337141, 5.818287305712312, 34.13461277668625, 51.18235566556695, 90.74352733984284]","[np.float64(78.16056637599769), np.float64(16.126776535328553), np.float64(39.89828693394776), np.float64(14.586125688162642), np.float64(31.573237788209706), np.float64(14.46749311171399), 0.0]",19.253,383.9106,AUCKLAND
syn_06325,2,General Cargo,8378.0,7,"['SUVA', 'LAUTOKA', 'APIA', 'PAGO PAGO HARBOR', 'RAROTONGA', 'AITUTAKI', 'AUCKLAND']","['Fiji', 'Fiji', 'Samoa', 'American Samoa', 'Cook Islands', 'Cook Islands', 'New Zealand']","[-18.1339, -17.6036, -13.826, -14.2765, -21.2046, -18.8505, -36.8402]","[178.4235, 177.4387, -171.7622, -170.6854, -159.7843, -159.8111, 174.7721]","['Tropical Southwestern Pacific', 'Tropical Southwestern Pacific', 'Central Polynesia', 'Central Polynesia', 'Southeast Polynesia', 'Southeast Polynesia', 'Northern New Zealand']","[0.0, 7.9172426406792855, 135.68065613618214, 15.175985576180059, 157.7816336417865, 14.236946060537411, 192.9244917072639]","[np.float64(10.775393764859755), np.float64(91.67944750772988), np.float64(16.358102550442087), np.float64(11.614966755517694), np.float64(52.29038643057762), np.float64(54.49346638002859), 0.0]",31.7054,750.1533,AUCKLAND
syn_06326,2,General Cargo,20202.0,7,"['SUVA', 'LAUTOKA', 'SUVA', 'APIA', 'RAROTONGA', 'AITUTAKI', 'AUCKLAND']","['Fiji', 'Fiji', 'Fiji', 'Samoa', 'Cook Islands', 'Cook Islands', 'New Zealand']","[-18.1339, -17.6036, -18.1339, -13.826, -21.2046, -18.8505, -36.8402]","[178.4235, 177.4387, 178.4235, -171.7622, -159.7843, -159.8111, 174.7721]","['Tropical Southwestern Pacific', 'Tropical Southwestern Pacific', 'Tropical Southwestern Pacific', 'Central Polynesia', 'Southeast Polynesia', 'Southeast Polynesia', 'Northern New Zealand']","[0.0, 18.208839168912522, 18.28459729323099, 60.1385386493252, 107.8849131248684, 16.685854052914383, 141.1826346872182]","[np.float64(37.61240857469321), np.float64(65.10365395076401), np.float64(134.7220013574436), np.float64(39.45246171509575), np.float64(34.783842689884246), np.float64(57.15947517580391), 0.0]",30.4675,693.6068,AUCKLAND
syn_06327,2,General Cargo,20202.0,7,"['SUVA', 'LAUTOKA', 'APIA', 'PAGO PAGO HARBOR', 'RAROTONGA', 'AITUTAKI', 'AUCKLAND']","['Fiji', 'Fiji', 'Samoa', 'American Samoa', 'Cook Islands', 'Cook Islands', 'New Zealand']","[-18.1339, -17.6036, -13.826, -14.2765, -21.2046, -18.8505, -36.8402]","[178.4235, 177.4387, -171.7622, -170.6854, -159.7843, -159.8111, 174.7721]","['Tropical Southwestern Pacific', 'Tropical Southwestern Pacific', 'Central Polynesia', 'Central Polynesia', 'Southeast Polynesia', 'Southeast Polynesia', 'Northern New Zealand']","[0.0, 7.2472880270812015, 97.8292180490278, 13.850399841653738, 51.573976635987904, 15.129058116431787, 241.1514109116913]","[np.float64(51.63408466175427), np.float64(42.69233945903205), np.float64(10.930234684777762), np.float64(54.5236404785766), np.float64(34.09562802093841), np.float64(21.188924116080535), 0.0]",26.7436,590.2121,AUCKLAND
