voyage_id,cluster,vessel_type,DWT,n_ports,ports,port_territories,latitudes,longitudes,ecoprovinces,transits_hours,dwells_hours,total_span_days,delta_t_hours,nz_dest_port
syn_06328,3,General Cargo,9793.0,7,"['CAIRNS', 'MACKAY', 'BRISBANE', 'NEWCASTLE', 'BOTANY', 'MELBOURNE', 'AUCKLAND']","['Australia', 'Australia', 'Australia', 'Australia', 'Australia', 'Australia', 'New Zealand']","[-16.8017, -21.1059, -27.3765, -32.9182, -33.9682, -37.844, -36.8402]","[145.8833, 149.2318, 153.1665, 151.7701, 151.2149, 144.905, 174.7721]","['Northeast Australian Shelf', 'Northeast Australian Shelf', 'East Central Australian Shelf', 'East Central Australian Shelf', 'East Central Australian Shelf', 'Southeast Australian Shelf', 'Northern New Zealand']","[0.0, 40.08008537955746, 26.79319122344562, 55.176202803144754, 7.058861269391278, 57.49531505291892, 213.241819757803]","[16.842231839331298, 40.196844694055045, np.float64(71.0408704664967), np.float64(56.07349291720377), np.float64(24.6277210874928), np.float64(25.67671164262412), 0.0]",26.4293,617.4611,AUCKLAND
syn_06329,3,Bulker,35947.0,7,"['NEW PRIOK', 'KWINANA', 'FREMANTLE', 'ADELAIDE', 'MELBOURNE', 'KEMBLA', 'AUCKLAND']","['Indonesia', 'Australia', 'Australia', 'Australia', 'Australia', 'Australia', 'New Zealand']","[-6.0976, -32.0435, -32.051, -34.8169, -37.844, -34.4537, -36.8402]","[106.884, 115.6652, 115.7393, 138.2816, 144.905, 150.8864, 174.7721]","['Java Transitional', 'Southwest Australian Shelf', 'Southwest Australian Shelf', 'Southwest Australian Shelf', 'Southeast Australian Shelf', 'East Central Australian Shelf', 'Northern New Zealand']","[0.0, 297.2541605395951, 37.743090844848965, 99.25276475350994, 44.33046504676002, 72.37504873720628, 150.74602940370406]","[119.22679689507467, 10.51183826679044, 50.47750531094562, np.float64(37.735773845387854), np.float64(20.288389811749216), np.float64(65.15084829340327), 0.0]",41.8789,885.8659,AUCKLAND
syn_06330,3,Container,5923.0,7,"['BRISBANE', 'LAE', 'MOTUKEA ISLAND', 'BRISBANE', 'NOUMEA', 'SUVA', 'TAURANGA']","['Australia', 'Papua New Guinea', 'Papua New Guinea', 'Australia', 'New Caledonia', 'Fiji', 'New Zealand']","[-27.3765, -6.8146, -9.4328, -27.3765, -22.2633, -18.1339, -37.6444]","[153.1665, 146.9681, 147.1035, 153.1665, 166.4317, 178.4235, 176.1819]","['East Central Australian Shelf', 'Eastern Coral Triangle', 'Eastern Coral Triangle', 'East Central Australian Shelf', 'Tropical Southwestern Pacific', 'Tropical Southwestern Pacific', 'Northern New Zealand']","[0.0, 80.27186488234175, 108.62835523921706, 124.2912838693448, 30.375147349293567, 62.52985858067389, 174.54505747336168]","[np.float64(23.078150071950866), np.float64(40.2306068120555), np.float64(10.383976953436358), np.float64(39.49091716360103), 8.235774884098536, np.float64(11.126257252490914), 0.0]",29.7161,690.1091,TAURANGA
syn_06331,3,General Cargo,40527.0,6,"['COWES', 'LONG ISLAND POINT', 'PRONY BAY', 'BOTANY', 'BRISBANE', 'NEW PLYMOUTH']","['Australia', 'Australia', 'New Caledonia', 'Australia', 'Australia', 'New Zealand']","[-38.4372, -38.2983, -22.3524, -33.9682, -27.3765, -39.0577]","[145.2507, 145.2386, 166.8904, 151.2149, 153.1665, 174.0346]","['Southeast Australian Shelf', 'Southeast Australian Shelf', 'Tropical Southwestern Pacific', 'East Central Australian Shelf', 'East Central Australian Shelf', 'Southern New Zealand']","[0.0, 40.88963638741842, 88.74548662762442, 59.21540180636009, 63.46622054902428, 78.67574073906792]","[17.147749160911975, 12.710851765869213, 92.4865911301845, np.float64(30.28492630902927), np.float64(76.54887651821458), 0.0]",23.3405,543.0237,NEW PLYMOUTH
syn_06332,3,General Cargo,19497.0,6,"['MOTUKEA ISLAND', 'LAE', 'KIMBE', 'RABAUL', 'HONIARA', 'TAURANGA']","['Papua New Guinea', 'Papua New Guinea', 'Papua New Guinea', 'Papua New Guinea', 'Solomon Islands', 'New Zealand']","[-9.4328, -6.8146, -5.5497, -4.2033, -9.4274, -37.6444]","[147.1035, 146.9681, 150.1486, 152.1667, 159.9603, 176.1819]","['Eastern Coral Triangle', 'Eastern Coral Triangle', 'Eastern Coral Triangle', 'Eastern Coral Triangle', 'Eastern Coral Triangle', 'Northern New Zealand']","[0.0, 60.09539147605932, 3.18390357283885, 18.854264243368927, 41.918228268237016, 90.55468676427272]","[np.float64(28.656700630410427), np.float64(44.52570869192768), np.float64(10.229779105043757), 109.77606674817197, np.float64(34.411681003975815), 0.0]",18.4253,413.5497,TAURANGA
syn_06333,3,Container,17842.0,6,"['RABAUL', 'MOTUKEA ISLAND', 'TOWNSVILLE', 'BRISBANE', 'MELBOURNE', 'TAURANGA']","['Papua New Guinea', 'Papua New Guinea', 'Australia', 'Australia', 'Australia', 'New Zealand']","[-4.2033, -9.4328, -19.0942, -27.3765, -37.844, -37.6444]","[152.1667, 147.1035, 146.9491, 153.1665, 144.905, 176.1819]","['Eastern Coral Triangle', 'Eastern Coral Triangle', 'Northeast Australian Shelf', 'East Central Australian Shelf', 'Southeast Australian Shelf', 'Northern New Zealand']","[0.0, 38.13164339389938, 55.832098408791545, 59.22721239145557, 108.67128642808173, 176.50901318074818]","[20.864115670045745, np.float64(11.747647764479382), 79.02107148554882, np.float64(35.297875728113986), np.float64(24.020078029617363), 0.0]",25.3884,588.4579,TAURANGA
syn_06334,3,Container,13048.0,5,"['FREMANTLE', 'MELBOURNE', 'KEMBLA', 'BRISBANE', 'AUCKLAND']","['Australia', 'Australia', 'Australia', 'Australia', 'New Zealand']","[-32.051, -37.844, -34.4537, -27.3765, -36.8402]","[115.7393, 144.905, 150.8864, 153.1665, 174.7721]","['Southwest Australian Shelf', 'Southeast Australian Shelf', 'East Central Australian Shelf', 'East Central Australian Shelf', 'Northern New Zealand']","[0.0, 86.16354618799676, 47.247452599860516, 34.8466030532862, 121.09488119938993]","[7.8304865267705575, np.float64(23.182074511213948), np.float64(18.552595109700217), np.float64(13.461060784041807), 0.0]",14.6824,344.5482,AUCKLAND
syn_06335,3,Container,17842.0,5,"['KWINANA', 'GEELONG', 'LAE', 'LAUTOKA', 'NEW PLYMOUTH']","['Australia', 'Australia', 'Papua New Guinea', 'Fiji', 'New Zealand']","[-32.0435, -38.096, -6.8146, -17.6036, -39.0577]","[115.6652, 144.3819, 146.9681, 177.4387, 174.0346]","['Southwest Australian Shelf', 'Southeast Australian Shelf', 'Eastern Coral Triangle', 'Tropical Southwestern Pacific', 'Southern New Zealand']","[0.0, 140.7219730585889, 167.9435951706261, 186.8320798048245, 149.4711091163573]","[26.62958988450447, np.float64(11.926610389910163), np.float64(55.179299966326035), np.float64(54.73970156514856), 0.0]",33.0602,766.8144,NEW PLYMOUTH
syn_06336,3,Bulker,37155.0,7,"['TOWNSVILLE', 'BRISBANE', 'MELBOURNE', 'BELL BAY', 'BOTANY', 'BRISBANE', 'NEW PLYMOUTH']","['Australia', 'Australia', 'Australia', 'Australia', 'Australia', 'Australia', 'New Zealand']","[-19.0942, -27.3765, -37.844, -41.1352, -33.9682, -27.3765, -39.0577]","[146.9491, 153.1665, 144.905, 146.8752, 151.2149, 153.1665, 174.0346]","['Northeast Australian Shelf', 'East Central Australian Shelf', 'Southeast Australian Shelf', 'Southeast Australian Shelf', 'East Central Australian Shelf', 'East Central Australian Shelf', 'Southern New Zealand']","[0.0, 70.15741240745714, 138.80719576944645, 12.441039502037599, 65.29281620718413, 58.6511531341213, 170.59767416159815]","[106.50587238158, np.float64(29.34362267223926), np.float64(80.06406694530095), 72.90036354998881, np.float64(69.4891564940287), np.float64(57.26110995327832), 0.0]",38.813,825.0056,NEW PLYMOUTH
syn_06337,3,General Cargo,9793.0,7,"['ALBANY', 'ESPERANCE', 'THEVENARD', 'BUNDABERG', 'GLADSTONE', 'SOUTH TREES', 'GISBORNE']","['Australia', 'Australia', 'Australia', 'Australia', 'Australia', 'Australia', 'New Zealand']","[-35.0344, -33.8718, -32.1493, -24.7706, -23.8351, -23.8483, -38.6751]","[117.8934, 121.8997, 133.6409, 152.3816, 151.2712, 151.3268, 178.0221]","['Southwest Australian Shelf', 'Southwest Australian Shelf', 'Southwest Australian Shelf', 'East Central Australian Shelf', 'Northeast Australian Shelf', 'Northeast Australian Shelf', 'Northern New Zealand']","[0.0, 19.70096664131913, 22.905267270889606, 298.66581883209335, 38.07399840159924, 24.264043187347532, 138.15572359857407]","[18.824197941494642, 34.583275649561315, 59.57734961942289, 44.45012075160795, 22.30328279419622, 15.42775617525774, 0.0]",30.7055,718.1076,GISBORNE
syn_06338,3,General Cargo,19497.0,6,"['BIRINGKASSI', 'GEELONG', 'MELBOURNE', 'ARDROSSAN', 'KEMBLA', 'AUCKLAND']","['Indonesia', 'Australia', 'Australia', 'Australia', 'Australia', 'New Zealand']","[-4.816, -38.096, -37.844, -34.4394, -34.4537, -36.8402]","[119.4552, 144.3819, 144.905, 137.9262, 150.8864, 174.7721]","['Western Coral Triangle', 'Southeast Australian Shelf', 'Southeast Australian Shelf', 'Southwest Australian Shelf', 'East Central Australian Shelf', 'Northern New Zealand']","[0.0, 175.20431944458164, 39.367597342287524, 52.04686863935228, 95.56616988278648, 87.5715251668377]","[97.72510290636824, np.float64(42.51844382732151), np.float64(30.527595846738777), 13.11872473875217, np.float64(43.53809471310111), 0.0]",28.216,579.4593,AUCKLAND
syn_06339,3,Bulker,37987.0,5,"['NOUMEA', 'LAUTOKA', 'SUVA', 'LUGANVILLE', 'TAURANGA']","['New Caledonia', 'Fiji', 'Fiji', 'Vanuatu', 'New Zealand']","[-22.2633, -17.6036, -18.1339, -15.515, -37.6444]","[166.4317, 177.4387, 178.4235, 167.1867, 176.1819]","['Tropical Southwestern Pacific', 'Tropical Southwestern Pacific', 'Tropical Southwestern Pacific', 'Tropical Southwestern Pacific', 'Northern New Zealand']","[0.0, 68.39988224384705, 12.090392161309051, 185.43234834551177, 290.5557729614674]","[33.064792559167834, np.float64(13.972873943214417), np.float64(57.659123921850934), np.float64(11.233360778346778), 0.0]",28.017,639.3438,TAURANGA
syn_06340,3,Bulker,34439.0,6,"['NEW PRIOK', 'KWINANA', 'FREMANTLE', 'ADELAIDE', 'MELBOURNE', 'TAURANGA']","['Indonesia', 'Australia', 'Australia', 'Australia', 'Australia', 'New Zealand']","[-6.0976, -32.0435, -32.051, -34.8169, -37.844, -37.6444]","[106.884, 115.6652, 115.7393, 138.2816, 144.905, 176.1819]","['Java Transitional', 'Southwest Australian Shelf', 'Southwest Australian Shelf', 'Southwest Australian Shelf', 'Southeast Australian Shelf', 'Northern New Zealand']","[0.0, 169.5672580699161, 67.00192256645117, 174.45665395923012, 68.66884713060652, 185.2816287313293]","[42.37619637671589, 29.815631789853658, 18.910460376171773, np.float64(60.5818024681929), np.float64(11.806487443525779), 0.0]",34.5195,786.0907,TAURANGA
syn_06341,3,Container,17842.0,5,"['RABAUL', 'HONIARA', 'LUGANVILLE', 'VILA', 'TAURANGA']","['Papua New Guinea', 'Solomon Islands', 'Vanuatu', 'Vanuatu', 'New Zealand']","[-4.2033, -9.4274, -15.515, -17.754, -37.6444]","[152.1667, 159.9603, 167.1867, 168.3044, 176.1819]","['Eastern Coral Triangle', 'Eastern Coral Triangle', 'Tropical Southwestern Pacific', 'Tropical Southwestern Pacific', 'Northern New Zealand']","[0.0, 44.73342814411533, 38.10312328823128, 24.94235749942776, 140.35513542249572]","[71.89067387610407, np.float64(30.974473154380636), np.float64(16.277667750487176), np.float64(9.951031216960741), 0.0]",15.7178,305.3372,TAURANGA
syn_06342,3,Bulker,37743.0,7,"['HEDLAND', 'FREMANTLE', 'BURNIE', 'GLADSTONE', 'MACKAY', 'HAY POINT', 'GISBORNE']","['Australia', 'Australia', 'Australia', 'Australia', 'Australia', 'Australia', 'New Zealand']","[-20.0977, -32.051, -41.0534, -23.8351, -21.1059, -21.1629, -38.6751]","[118.5382, 115.7393, 145.9108, 151.2712, 149.2318, 149.3474, 178.0221]","['Northwest Australian Shelf', 'Southwest Australian Shelf', 'Southeast Australian Shelf', 'Northeast Australian Shelf', 'Northeast Australian Shelf', 'Northeast Australian Shelf', 'Northern New Zealand']","[0.0, 87.25854894404388, 166.54860957474673, 129.09107265984662, 36.744777254862484, 52.562050682987, 308.23064665876467]","[60.86897034356231, 85.20184391805901, 51.744861507257966, 49.06091745696458, 62.55940058413355, 45.24285274713973, 0.0]",47.2964,1074.2456,GISBORNE
syn_06343,3,Container,12502.0,5,"['BRISBANE', 'NAPA NAPA', 'MOTUKEA ISLAND', 'LAE', 'PORT CHALMERS']","['Australia', 'Papua New Guinea', 'Papua New Guinea', 'Papua New Guinea', 'New Zealand']","[-27.3765, -9.5056, -9.4328, -6.8146, -45.8742]","[153.1665, 147.1542, 147.1035, 146.9681, 170.5221]","['East Central Australian Shelf', 'Eastern Coral Triangle', 'Eastern Coral Triangle', 'Eastern Coral Triangle', 'Southern New Zealand']","[0.0, 71.78154409810536, 17.864509954840987, 68.44920219594123, 308.3501382677727]","[np.float64(26.263714939905075), 30.96094927057316, np.float64(6.732440269994359), np.float64(112.92714389370532), 0.0]",26.8054,617.0659,PORT CHALMERS
syn_06344,3,Bulker,37555.0,7,"['BIRINGKASSI', 'GEELONG', 'MELBOURNE', 'ARDROSSAN', 'KEMBLA', 'TOWNSVILLE', 'NEW PLYMOUTH']","['Indonesia', 'Australia', 'Australia', 'Australia', 'Australia', 'Australia', 'New Zealand']","[-4.816, -38.096, -37.844, -34.4394, -34.4537, -19.0942, -39.0577]","[119.4552, 144.3819, 144.905, 137.9262, 150.8864, 146.9491, 174.0346]","['Western Coral Triangle', 'Southeast Australian Shelf', 'Southeast Australian Shelf', 'Southwest Australian Shelf', 'East Central Australian Shelf', 'Northeast Australian Shelf', 'Southern New Zealand']","[0.0, 317.98697678211613, 83.21119583315402, 40.34725260678816, 120.10257874045348, 121.32937459765428, 166.85115025341284]","[24.636226152322322, np.float64(119.85889216889016), np.float64(59.76058973345158), 103.73402065058883, np.float64(96.79061822148353), 82.51800023860591, 0.0]",55.7136,1312.4906,NEW PLYMOUTH
syn_06345,3,RoRo,18924.0,6,"['BRISBANE', 'LAUTOKA', 'SUVA', 'VILA', 'LUGANVILLE', 'AUCKLAND']","['Australia', 'Fiji', 'Fiji', 'Vanuatu', 'Vanuatu', 'New Zealand']","[-27.3765, -17.6036, -18.1339, -17.754, -15.515, -36.8402]","[153.1665, 177.4387, 178.4235, 168.3044, 167.1867, 174.7721]","['East Central Australian Shelf', 'Tropical Southwestern Pacific', 'Tropical Southwestern Pacific', 'Tropical Southwestern Pacific', 'Tropical Southwestern Pacific', 'Northern New Zealand']","[0.0, 147.61276373142962, 9.815356663398862, 58.940614671278176, 52.79945609414021, 123.70329739793003]","[np.float64(135.63855468014933), np.float64(79.0116467514011), np.float64(32.13033829539295), np.float64(21.523385851248467), np.float64(45.08786444213258), 0.0]",29.4276,570.6247,AUCKLAND
syn_06346,3,Container,22708.0,7,"['NAPA NAPA', 'MOTUKEA ISLAND', 'LAE', 'HONIARA', 'LUGANVILLE', 'VILA', 'TAURANGA']","['Papua New Guinea', 'Papua New Guinea', 'Papua New Guinea', 'Solomon Islands', 'Vanuatu', 'Vanuatu', 'New Zealand']","[-9.5056, -9.4328, -6.8146, -9.4274, -15.515, -17.754, -37.6444]","[147.1542, 147.1035, 146.9681, 159.9603, 167.1867, 168.3044, 176.1819]","['Eastern Coral Triangle', 'Eastern Coral Triangle', 'Eastern Coral Triangle', 'Eastern Coral Triangle', 'Tropical Southwestern Pacific', 'Tropical Southwestern Pacific', 'Northern New Zealand']","[0.0, 17.864509954840987, 45.47008647775858, 55.57064751599335, 60.980325717762085, 38.283889495128776, 189.82828977336158]","[74.40957110191536, np.float64(13.461992332140676), np.float64(92.37200148159096), np.float64(17.4489398266287), np.float64(18.715175352085364), np.float64(8.630475592731393), 0.0]",26.3765,558.6263,TAURANGA
syn_06347,3,Container,5923.0,6,"['NOUMEA', 'LAUTOKA', 'SUVA', 'VILA', 'LUGANVILLE', 'AUCKLAND']","['New Caledonia', 'Fiji', 'Fiji', 'Vanuatu', 'Vanuatu', 'New Zealand']","[-22.2633, -17.6036, -18.1339, -17.754, -15.515, -36.8402]","[166.4317, 177.4387, 178.4235, 168.3044, 167.1867, 174.7721]","['Tropical Southwestern Pacific', 'Tropical Southwestern Pacific', 'Tropical Southwestern Pacific', 'Tropical Southwestern Pacific', 'Tropical Southwestern Pacific', 'Northern New Zealand']","[0.0, 43.24145767741065, 11.351656940148741, 77.65351227196007, 50.628409744933286, 124.73490667119559]","[73.83438665792684, np.float64(29.643781652036306), np.float64(23.242996890719162), np.float64(83.29804503345375), np.float64(18.98981177555306), 0.0]",22.3591,462.7846,AUCKLAND
syn_06348,3,Container,22968.0,5,"['GEELONG', 'DEVONPORT', 'PORTLAND', 'ADELAIDE', 'NAPIER']","['Australia', 'Australia', 'Australia', 'Australia', 'New Zealand']","[-38.096, -41.1873, -38.32, -34.8169, -39.4759]","[144.3819, 146.3638, 141.7092, 138.2816, 176.9184]","['Southeast Australian Shelf', 'Southeast Australian Shelf', 'Southeast Australian Shelf', 'Southwest Australian Shelf', 'Southern New Zealand']","[0.0, 4.590264756152913, 20.71757916320137, 26.45066866063139, 209.29114646184624]","[np.float64(25.791587177137945), 14.549728379528583, 46.64109449679303, np.float64(41.61191968430091), 0.0]",16.2352,363.8524,NAPIER
syn_06349,3,RoRo,21856.0,6,"['NOUMEA', 'LAUTOKA', 'SUVA', 'VILA', 'LUGANVILLE', 'AUCKLAND']","['New Caledonia', 'Fiji', 'Fiji', 'Vanuatu', 'Vanuatu', 'New Zealand']","[-22.2633, -17.6036, -18.1339, -17.754, -15.515, -36.8402]","[166.4317, 177.4387, 178.4235, 168.3044, 167.1867, 174.7721]","['Tropical Southwestern Pacific', 'Tropical Southwestern Pacific', 'Tropical Southwestern Pacific', 'Tropical Southwestern Pacific', 'Tropical Southwestern Pacific', 'Northern New Zealand']","[0.0, 66.1801216645392, 9.035600157287302, 36.76122363451888, 50.246306019205676, 208.82754953275779]","[88.96846708039551, np.float64(64.76526926316222), np.float64(72.65617334169228), np.float64(22.18744483203398), np.float64(29.79200301051778), 0.0]",27.0592,560.4517,AUCKLAND
syn_06350,3,Bulker,38896.0,6,"['HEDLAND', 'DAMPIER', 'FREMANTLE', 'KWINANA', 'HENDERSON', 'TAURANGA']","['Australia', 'Australia', 'Australia', 'Australia', 'Australia', 'New Zealand']","[-20.0977, -20.38, -32.051, -32.0435, -32.1635, -37.6444]","[118.5382, 116.6317, 115.7393, 115.6652, 115.7667, 176.1819]","['Northwest Australian Shelf', 'Northwest Australian Shelf', 'Southwest Australian Shelf', 'Southwest Australian Shelf', 'Southwest Australian Shelf', 'Northern New Zealand']","[0.0, 9.537271763727416, 125.715186152059, 64.7796975964448, 77.03472700896644, 270.22879995593246]","[11.333730534078663, 9.168476532106823, 64.45136605589973, 13.722523901986218, 102.33919023423802, 0.0]",31.1796,736.9772,TAURANGA
syn_06351,3,Bulker,29738.0,7,"['TOWNSVILLE', 'NAPA NAPA', 'MOTUKEA ISLAND', 'LAE', 'HONIARA', 'LUGANVILLE', 'AUCKLAND']","['Australia', 'Papua New Guinea', 'Papua New Guinea', 'Papua New Guinea', 'Solomon Islands', 'Vanuatu', 'New Zealand']","[-19.0942, -9.5056, -9.4328, -6.8146, -9.4274, -15.515, -36.8402]","[146.9491, 147.1542, 147.1035, 146.9681, 159.9603, 167.1867, 174.7721]","['Northeast Australian Shelf', 'Eastern Coral Triangle', 'Eastern Coral Triangle', 'Eastern Coral Triangle', 'Eastern Coral Triangle', 'Tropical Southwestern Pacific', 'Northern New Zealand']","[0.0, 61.3241008448504, 72.50689690002989, 86.7921923884399, 56.97714445009774, 108.3543939250716, 172.27051773438922]","[78.70875244274949, 121.60966503640498, np.float64(14.421795931884047), np.float64(129.13368879452744), np.float64(94.71835032941449), np.float64(19.741560099779687), 0.0]",42.3566,937.8503,AUCKLAND
syn_06352,3,Bulker,34327.0,7,"['LAE', 'KIMBE', 'RABAUL', 'HONIARA', 'LUGANVILLE', 'VILA', 'AUCKLAND']","['Papua New Guinea', 'Papua New Guinea', 'Papua New Guinea', 'Solomon Islands', 'Vanuatu', 'Vanuatu', 'New Zealand']","[-6.8146, -5.5497, -4.2033, -9.4274, -15.515, -17.754, -36.8402]","[146.9681, 150.1486, 152.1667, 159.9603, 167.1867, 168.3044, 174.7721]","['Eastern Coral Triangle', 'Eastern Coral Triangle', 'Eastern Coral Triangle', 'Eastern Coral Triangle', 'Tropical Southwestern Pacific', 'Tropical Southwestern Pacific', 'Northern New Zealand']","[0.0, 4.124537891991021, 58.247352275206254, 63.31165331430928, 86.91707444612857, 87.73004211950483, 173.8452962638677]","[np.float64(43.26514147377569), np.float64(45.44087674827312), 43.86897757542701, np.float64(110.32729037474002), np.float64(39.03288425470784), np.float64(6.926358265767152), 0.0]",31.7932,719.7723,AUCKLAND
syn_06353,3,RoRo,30796.0,7,"['MOTUKEA ISLAND', 'LAE', 'RABAUL', 'HONIARA', 'LUGANVILLE', 'VILA', 'AUCKLAND']","['Papua New Guinea', 'Papua New Guinea', 'Papua New Guinea', 'Solomon Islands', 'Vanuatu', 'Vanuatu', 'New Zealand']","[-9.4328, -6.8146, -4.2033, -9.4274, -15.515, -17.754, -36.8402]","[147.1035, 146.9681, 152.1667, 159.9603, 167.1867, 168.3044, 174.7721]","['Eastern Coral Triangle', 'Eastern Coral Triangle', 'Eastern Coral Triangle', 'Eastern Coral Triangle', 'Tropical Southwestern Pacific', 'Tropical Southwestern Pacific', 'Northern New Zealand']","[0.0, 61.67555258696184, 46.86772315722533, 92.30601458085309, 108.37986350176828, 45.41361028661053, 107.39049858172882]","[np.float64(16.87011862652575), np.float64(69.98236459755863), 15.383244938239661, np.float64(36.438953543084075), np.float64(16.040526477740457), np.float64(8.321151864084458), 0.0]",26.0446,608.1995,AUCKLAND
syn_06354,3,Container,12502.0,5,"['RABAUL', 'HONIARA', 'LUGANVILLE', 'VILA', 'TAURANGA']","['Papua New Guinea', 'Solomon Islands', 'Vanuatu', 'Vanuatu', 'New Zealand']","[-4.2033, -9.4274, -15.515, -17.754, -37.6444]","[152.1667, 159.9603, 167.1867, 168.3044, 176.1819]","['Eastern Coral Triangle', 'Eastern Coral Triangle', 'Tropical Southwestern Pacific', 'Tropical Southwestern Pacific', 'Northern New Zealand']","[0.0, 45.84534813435681, 44.44554720007244, 38.69011471746201, 91.54322265853658]","[8.017791060091074, np.float64(20.593815050798515), np.float64(32.28490815977132), np.float64(14.839906494094663), 0.0]",12.3442,288.2429,TAURANGA
syn_06355,3,General Cargo,40527.0,7,"['NEWCASTLE', 'GEELONG', 'DEVONPORT', 'PORTLAND', 'ADELAIDE', 'LINCOLN', 'NAPIER']","['Australia', 'Australia', 'Australia', 'Australia', 'Australia', 'Australia', 'New Zealand']","[-32.9182, -38.096, -41.1873, -38.32, -34.8169, -34.7176, -39.4759]","[151.7701, 144.3819, 146.3638, 141.7092, 138.2816, 135.8701, 176.9184]","['East Central Australian Shelf', 'Southeast Australian Shelf', 'Southeast Australian Shelf', 'Southeast Australian Shelf', 'Southwest Australian Shelf', 'Southwest Australian Shelf', 'Southern New Zealand']","[0.0, 58.70208381500328, 10.167521438399211, 26.70284579918022, 16.349344765941343, 9.455443141068168, 185.76145324733324]","[np.float64(124.25649987053627), np.float64(115.24996084113899), 35.21400240521811, 11.490361593078221, np.float64(60.53827802239236), 11.255290753807271, 0.0]",27.7143,540.8866,NAPIER
syn_06356,3,General Cargo,7709.0,7,"['BRISBANE', 'MOTUKEA ISLAND', 'LAE', 'HONIARA', 'LUGANVILLE', 'VILA', 'TAURANGA']","['Australia', 'Papua New Guinea', 'Papua New Guinea', 'Solomon Islands', 'Vanuatu', 'Vanuatu', 'New Zealand']","[-27.3765, -9.4328, -6.8146, -9.4274, -15.515, -17.754, -37.6444]","[153.1665, 147.1035, 146.9681, 159.9603, 167.1867, 168.3044, 176.1819]","['East Central Australian Shelf', 'Eastern Coral Triangle', 'Eastern Coral Triangle', 'Eastern Coral Triangle', 'Tropical Southwestern Pacific', 'Tropical Southwestern Pacific', 'Northern New Zealand']","[0.0, 178.4605542907387, 61.8168406746802, 27.814314395145214, 102.82925797840255, 67.90801955681634, 121.29686484344226]","[np.float64(31.413440447725442), np.float64(16.957691379043446), np.float64(29.198664907781563), np.float64(70.35210613518313), np.float64(16.930010342235), np.float64(6.592602923717457), 0.0]",30.4821,700.1569,TAURANGA
syn_06357,3,Bulker,39758.0,6,"['CAIRNS', 'GLADSTONE', 'FISHERMANS LANDING', 'HAY POINT', 'MACKAY', 'NEW PLYMOUTH']","['Australia', 'Australia', 'Australia', 'Australia', 'Australia', 'New Zealand']","[-16.8017, -23.8351, -23.7873, -21.1629, -21.1059, -39.0577]","[145.8833, 151.2712, 151.1761, 149.3474, 149.2318, 174.0346]","['Northeast Australian Shelf', 'Northeast Australian Shelf', 'Northeast Australian Shelf', 'Northeast Australian Shelf', 'Northeast Australian Shelf', 'Southern New Zealand']","[0.0, 72.39171766963914, 66.10449238536034, 26.018670772621284, 105.19656916038518, 225.11376645793354]","[128.30966570040712, 45.10058514524352, 61.00315423025203, 123.74217673020901, 80.45277187959475, 0.0]",38.8931,805.1239,NEW PLYMOUTH
syn_06358,3,Bulker,37555.0,5,"['HEDLAND', 'FREMANTLE', 'BURNIE', 'GLADSTONE', 'NEW PLYMOUTH']","['Australia', 'Australia', 'Australia', 'Australia', 'New Zealand']","[-20.0977, -32.051, -41.0534, -23.8351, -39.0577]","[118.5382, 115.7393, 145.9108, 151.2712, 174.0346]","['Northwest Australian Shelf', 'Southwest Australian Shelf', 'Southeast Australian Shelf', 'Northeast Australian Shelf', 'Southern New Zealand']","[0.0, 155.86060454358162, 251.6604946211406, 95.62566276937508, 236.71662646486598]","[32.22107331203774, 100.68637561523832, 16.046827357951, 66.72574302830304, 0.0]",39.8143,923.3223,NEW PLYMOUTH
syn_06359,3,Container,12502.0,7,"['ALBANY', 'ESPERANCE', 'THEVENARD', 'BUNDABERG', 'GLADSTONE', 'SOUTH TREES', 'GISBORNE']","['Australia', 'Australia', 'Australia', 'Australia', 'Australia', 'Australia', 'New Zealand']","[-35.0344, -33.8718, -32.1493, -24.7706, -23.8351, -23.8483, -38.6751]","[117.8934, 121.8997, 133.6409, 152.3816, 151.2712, 151.3268, 178.0221]","['Southwest Australian Shelf', 'Southwest Australian Shelf', 'Southwest Australian Shelf', 'East Central Australian Shelf', 'Northeast Australian Shelf', 'Northeast Australian Shelf', 'Northern New Zealand']","[0.0, 8.614348892963044, 37.60164296770201, 223.9886154789737, 39.51447363601475, 20.297113399758096, 198.12845953591608]","[111.65816447205066, 74.89478799051444, 52.63383064806394, 45.887352966893786, 11.266078330981927, 25.289384081922655, 0.0]",35.4073,738.1161,GISBORNE
syn_06360,3,RoRo,18836.0,7,"['KWINANA', 'FREMANTLE', 'ADELAIDE', 'MELBOURNE', 'GEELONG', 'BRISBANE', 'WELLINGTON']","['Australia', 'Australia', 'Australia', 'Australia', 'Australia', 'Australia', 'New Zealand']","[-32.0435, -32.051, -34.8169, -37.844, -38.096, -27.3765, -41.2746]","[115.6652, 115.7393, 138.2816, 144.905, 144.3819, 153.1665, 174.7887]","['Southwest Australian Shelf', 'Southwest Australian Shelf', 'Southwest Australian Shelf', 'Southeast Australian Shelf', 'Southeast Australian Shelf', 'East Central Australian Shelf', 'Southern New Zealand']","[0.0, 45.60474711581277, 79.11957478250315, 61.537863245437286, 32.61528961984801, 64.4769911284291, 150.05201586731283]","[42.38841093703323, 72.1814303894991, np.float64(8.491713256209744), np.float64(15.543526154875678), np.float64(85.40792289198279), np.float64(17.780875670535284), 0.0]",28.1333,632.812,WELLINGTON
syn_06361,3,Container,12502.0,5,"['MELBOURNE', 'BELL BAY', 'BOTANY', 'BRISBANE', 'NEW PLYMOUTH']","['Australia', 'Australia', 'Australia', 'Australia', 'New Zealand']","[-37.844, -41.1352, -33.9682, -27.3765, -39.0577]","[144.905, 146.8752, 151.2149, 153.1665, 174.0346]","['Southeast Australian Shelf', 'Southeast Australian Shelf', 'East Central Australian Shelf', 'East Central Australian Shelf', 'Southern New Zealand']","[0.0, 5.823639793448397, 21.931524863183895, 23.461867647035188, 198.68830474114463]","[np.float64(36.3826551357588), 83.98625857159693, np.float64(6.221620582923161), np.float64(86.95054839551551), 0.0]",19.3103,427.0638,NEW PLYMOUTH
syn_06362,3,RoRo,17339.0,7,"['GEELONG', 'BRISBANE', 'HAY POINT', 'MACKAY', 'MELBOURNE', 'NEWCASTLE', 'AUCKLAND']","['Australia', 'Australia', 'Australia', 'Australia', 'Australia', 'Australia', 'New Zealand']","[-38.096, -27.3765, -21.1629, -21.1059, -37.844, -32.9182, -36.8402]","[144.3819, 153.1665, 149.3474, 149.2318, 144.905, 151.7701, 174.7721]","['Southeast Australian Shelf', 'East Central Australian Shelf', 'Northeast Australian Shelf', 'Northeast Australian Shelf', 'Southeast Australian Shelf', 'East Central Australian Shelf', 'Northern New Zealand']","[0.0, 108.21289168543245, 37.15649524888562, 34.667982592995116, 89.68016574003921, 76.65114730495173, 81.07663870614033]","[np.float64(25.98186755329057), np.float64(23.291810985648752), 114.20679464814235, 23.625278821041476, np.float64(29.29299349087536), np.float64(105.87620003770037), 0.0]",31.2383,723.7384,AUCKLAND
syn_06363,3,General Cargo,9793.0,6,"['NOUMEA', 'LAUTOKA', 'SUVA', 'VILA', 'LUGANVILLE', 'AUCKLAND']","['New Caledonia', 'Fiji', 'Fiji', 'Vanuatu', 'Vanuatu', 'New Zealand']","[-22.2633, -17.6036, -18.1339, -17.754, -15.515, -36.8402]","[166.4317, 177.4387, 178.4235, 168.3044, 167.1867, 174.7721]","['Tropical Southwestern Pacific', 'Tropical Southwestern Pacific', 'Tropical Southwestern Pacific', 'Tropical Southwestern Pacific', 'Tropical Southwestern Pacific', 'Northern New Zealand']","[0.0, 95.78451948284787, 10.65694744834192, 55.7121427274986, 61.01061457039495, 175.35846074881252]","[40.12660964447484, np.float64(68.32453689857306), np.float64(63.61423666074658), np.float64(48.970169534822084), np.float64(15.729382200028512), 0.0]",26.4703,595.161,AUCKLAND
syn_06364,3,Bulker,32701.0,6,"['BALL BAY', 'CASCADE', 'BOTANY', 'VUDA', 'NADI BAY', 'AUCKLAND']","['Australia', 'Australia', 'Australia', 'Fiji', 'Fiji', 'New Zealand']","[-29.0496, -29.0094, -33.9682, -17.6861, -17.7162, -36.8402]","[167.9864, 167.9779, 151.2149, 177.3849, 177.371, 174.7721]","['Lord Howe and Norfolk Islands', 'Lord Howe and Norfolk Islands', 'East Central Australian Shelf', 'Tropical Southwestern Pacific', 'Tropical Southwestern Pacific', 'Northern New Zealand']","[0.0, 61.423650244058045, 94.13764592387697, 237.6862152822669, 65.4613612539512, 132.0991938656081]","[73.5420497072049, 120.58055505649945, np.float64(119.11206791220545), 33.36835062970641, 26.297421220056258, 0.0]",40.1545,890.1665,AUCKLAND
syn_06365,3,Bulker,34491.0,7,"['FUNAFUTI', 'NANUMANGA', 'NANUMEA', 'NIUTAO', 'FUNAFUTI', 'SUVA', 'AUCKLAND']","['Tuvalu', 'Tuvalu', 'Tuvalu', 'Tuvalu', 'Tuvalu', 'Fiji', 'New Zealand']","[-8.5032, -6.2821, -5.6755, -6.1016, -8.5032, -18.1339, -36.8402]","[179.1946, 176.3086, 176.1033, 177.3293, 179.1946, 178.4235, 174.7721]","['Marshall, Gilbert and Ellis Islands', 'Marshall, Gilbert and Ellis Islands', 'Marshall, Gilbert and Ellis Islands', 'Marshall, Gilbert and Ellis Islands', 'Marshall, Gilbert and Ellis Islands', 'Tropical Southwestern Pacific', 'Northern New Zealand']","[0.0, 65.72542392345285, 45.06319725409568, 7.543369356102558, 33.33470385298773, 41.374282622831096, 174.37961696336697]","[78.16852206399318, 101.5350736335764, 29.748161547145564, 73.22688623392251, 98.59312573989571, np.float64(41.875933148008414), 0.0]",32.9403,712.3998,AUCKLAND
syn_06366,3,General Cargo,2159.0,6,"['LAE', 'KIMBE', 'RABAUL', 'HONIARA', 'BRISBANE', 'TAURANGA']","['Papua New Guinea', 'Papua New Guinea', 'Papua New Guinea', 'Solomon Islands', 'Australia', 'New Zealand']","[-6.8146, -5.5497, -4.2033, -9.4274, -27.3765, -37.6444]","[146.9681, 150.1486, 152.1667, 159.9603, 153.1665, 176.1819]","['Eastern Coral Triangle', 'Eastern Coral Triangle', 'Eastern Coral Triangle', 'Eastern Coral Triangle', 'East Central Australian Shelf', 'Northern New Zealand']","[0.0, 2.680458254885649, 26.161256379960022, 75.61124475219184, 87.48394437372208, 95.92935679802076]","[np.float64(65.6872044351269), np.float64(10.328934850508523), 10.448040178958449, np.float64(21.773101250922632), np.float64(11.456023496748598), 0.0]",16.9816,341.8724,TAURANGA
syn_06367,3,Bulker,37609.0,5,"['NAPA NAPA', 'MOTUKEA ISLAND', 'LAE', 'HONIARA', 'AUCKLAND']","['Papua New Guinea', 'Papua New Guinea', 'Papua New Guinea', 'Solomon Islands', 'New Zealand']","[-9.5056, -9.4328, -6.8146, -9.4274, -36.8402]","[147.1542, 147.1035, 146.9681, 159.9603, 174.7721]","['Eastern Coral Triangle', 'Eastern Coral Triangle', 'Eastern Coral Triangle', 'Eastern Coral Triangle', 'Northern New Zealand']","[0.0, 49.6411923450446, 101.8661624276348, 81.95321301101578, 222.49251157737376]","[71.14232057478507, np.float64(24.018231544868765), np.float64(91.99374286779906), np.float64(60.72224918251414), 0.0]",29.3262,632.6873,AUCKLAND
syn_06368,3,Container,28170.0,6,"['TOWNSVILLE', 'BRISBANE', 'GEELONG', 'DEVONPORT', 'PORTLAND', 'AUCKLAND']","['Australia', 'Australia', 'Australia', 'Australia', 'Australia', 'New Zealand']","[-19.0942, -27.3765, -38.096, -41.1873, -38.32, -36.8402]","[146.9491, 153.1665, 144.3819, 146.3638, 141.7092, 174.7721]","['Northeast Australian Shelf', 'East Central Australian Shelf', 'Southeast Australian Shelf', 'Southeast Australian Shelf', 'Southeast Australian Shelf', 'Northern New Zealand']","[0.0, 68.14747466053389, 74.5548113492858, 5.688862460919462, 18.437646380101945, 138.06493636718747]","[23.674579762475837, np.float64(13.121551758797999), np.float64(39.34567028734846), 15.741019818948754, 33.41991263131826, 0.0]",17.9249,406.5219,AUCKLAND
syn_06369,3,Bulker,33745.0,5,"['NAPA NAPA', 'MOTUKEA ISLAND', 'LAE', 'KIMBE', 'TAURANGA']","['Papua New Guinea', 'Papua New Guinea', 'Papua New Guinea', 'Papua New Guinea', 'New Zealand']","[-9.5056, -9.4328, -6.8146, -5.5497, -37.6444]","[147.1542, 147.1035, 146.9681, 150.1486, 176.1819]","['Eastern Coral Triangle', 'Eastern Coral Triangle', 'Eastern Coral Triangle', 'Eastern Coral Triangle', 'Northern New Zealand']","[0.0, 39.14349846844025, 96.55955742159082, 4.751308371812035, 319.9095162814007]","[69.07355136348994, np.float64(17.464708646631728), np.float64(60.22287736197341), np.float64(39.92265237791401), 0.0]",26.9603,577.9741,TAURANGA
syn_06370,3,General Cargo,12502.0,5,"['NOUMEA', 'LAUTOKA', 'SUVA', 'VILA', 'AUCKLAND']","['New Caledonia', 'Fiji', 'Fiji', 'Vanuatu', 'New Zealand']","[-22.2633, -17.6036, -18.1339, -17.754, -36.8402]","[166.4317, 177.4387, 178.4235, 168.3044, 174.7721]","['Tropical Southwestern Pacific', 'Tropical Southwestern Pacific', 'Tropical Southwestern Pacific', 'Tropical Southwestern Pacific', 'Northern New Zealand']","[0.0, 49.55615000809767, 10.23190504394585, 72.87835697805134, 211.50549962663575]","[14.566239505283624, np.float64(28.130236755307195), np.float64(35.41840200205253), np.float64(47.232574453481824), 0.0]",19.5633,454.9531,AUCKLAND
syn_06371,3,Bulker,34442.0,7,"['ALBANY', 'ESPERANCE', 'THEVENARD', 'BUNDABERG', 'GLADSTONE', 'SOUTH TREES', 'GISBORNE']","['Australia', 'Australia', 'Australia', 'Australia', 'Australia', 'Australia', 'New Zealand']","[-35.0344, -33.8718, -32.1493, -24.7706, -23.8351, -23.8483, -38.6751]","[117.8934, 121.8997, 133.6409, 152.3816, 151.2712, 151.3268, 178.0221]","['Southwest Australian Shelf', 'Southwest Australian Shelf', 'Southwest Australian Shelf', 'East Central Australian Shelf', 'Northeast Australian Shelf', 'Northeast Australian Shelf', 'Northern New Zealand']","[0.0, 21.56798631977768, 84.49518799215177, 313.7461941110124, 38.429637762582374, 45.72481984183478, 156.85535405394737]","[85.34821570302978, 96.27751663074528, 71.84948731558221, 21.70975274607745, 79.89082290094291, 20.647121757398015, 0.0]",43.1893,951.1939,GISBORNE
syn_06372,3,Bulker,31702.0,5,"['GLADSTONE', 'FISHERMANS LANDING', 'NEWCASTLE', 'MACKAY', 'TAURANGA']","['Australia', 'Australia', 'Australia', 'Australia', 'New Zealand']","[-23.8351, -23.7873, -32.9182, -21.1059, -37.6444]","[151.2712, 151.1761, 151.7701, 149.2318, 176.1819]","['Northeast Australian Shelf', 'Northeast Australian Shelf', 'East Central Australian Shelf', 'Northeast Australian Shelf', 'Northern New Zealand']","[0.0, 50.03785277089069, 67.5393147522063, 153.00689981535922, 135.55352545437898]","[40.590765730108444, 101.61461513292181, np.float64(44.132915528483636), 35.75962791449354, 0.0]",26.1765,587.6448,TAURANGA
syn_06373,3,Bulker,37987.0,6,"['TOWNSVILLE', 'NAPA NAPA', 'MOTUKEA ISLAND', 'LAE', 'HONIARA', 'AUCKLAND']","['Australia', 'Papua New Guinea', 'Papua New Guinea', 'Papua New Guinea', 'Solomon Islands', 'New Zealand']","[-19.0942, -9.5056, -9.4328, -6.8146, -9.4274, -36.8402]","[146.9491, 147.1542, 147.1035, 146.9681, 159.9603, 174.7721]","['Northeast Australian Shelf', 'Eastern Coral Triangle', 'Eastern Coral Triangle', 'Eastern Coral Triangle', 'Eastern Coral Triangle', 'Northern New Zealand']","[0.0, 78.78178345037459, 48.4937180972017, 86.38814451385092, 98.44759114836384, 198.27236880607398]","[33.69760610986547, 126.8979544519566, np.float64(23.15169708896347), np.float64(100.98879934492598), np.float64(43.065867189833256), 0.0]",34.9244,804.4879,AUCKLAND
syn_06374,3,Bulker,37636.0,5,"['BRISBANE', 'DEVONPORT', 'GEELONG', 'PORTLAND', 'WELLINGTON']","['Australia', 'Australia', 'Australia', 'Australia', 'New Zealand']","[-27.3765, -41.1873, -38.096, -38.32, -41.2746]","[153.1665, 146.3638, 144.3819, 141.7092, 174.7887]","['East Central Australian Shelf', 'Southeast Australian Shelf', 'Southeast Australian Shelf', 'Southeast Australian Shelf', 'Southern New Zealand']","[0.0, 97.76768465695467, 16.799946836557684, 18.111148546754492, 153.9290818296765]","[np.float64(110.46711749993243), 76.6497605416763, np.float64(122.56036511669704), 36.02746256843119, 0.0]",26.3464,521.8455,WELLINGTON
syn_06375,3,Bulker,39742.0,5,"['LAE', 'HONIARA', 'LUGANVILLE', 'VILA', 'TAURANGA']","['Papua New Guinea', 'Solomon Islands', 'Vanuatu', 'Vanuatu', 'New Zealand']","[-6.8146, -9.4274, -15.515, -17.754, -37.6444]","[146.9681, 159.9603, 167.1867, 168.3044, 176.1819]","['Eastern Coral Triangle', 'Eastern Coral Triangle', 'Tropical Southwestern Pacific', 'Tropical Southwestern Pacific', 'Northern New Zealand']","[0.0, 89.44249603779343, 101.28451622248477, 47.77286833058543, 172.57247263993077]","[np.float64(35.30583473543035), np.float64(73.09714013182803), np.float64(37.59766807680582), np.float64(46.24378795559127), 0.0]",25.1382,568.0109,TAURANGA
syn_06376,3,Bulker,37555.0,6,"['NOUMEA', 'LAUTOKA', 'SUVA', 'VILA', 'LUGANVILLE', 'AUCKLAND']","['New Caledonia', 'Fiji', 'Fiji', 'Vanuatu', 'Vanuatu', 'New Zealand']","[-22.2633, -17.6036, -18.1339, -17.754, -15.515, -36.8402]","[166.4317, 177.4387, 178.4235, 168.3044, 167.1867, 174.7721]","['Tropical Southwestern Pacific', 'Tropical Southwestern Pacific', 'Tropical Southwestern Pacific', 'Tropical Southwestern Pacific', 'Tropical Southwestern Pacific', 'Northern New Zealand']","[0.0, 85.61165781524907, 8.862909869738957, 48.16415229681758, 111.74985077647523, 155.87200582026554]","[41.687563588632706, np.float64(83.06586863505058), np.float64(32.95777403010803), np.float64(63.09186065933819), np.float64(94.09127406081734), 0.0]",30.2148,683.4674,AUCKLAND
syn_06377,3,Container,12502.0,6,"['NAPA NAPA', 'MOTUKEA ISLAND', 'LAE', 'LUGANVILLE', 'VILA', 'TAURANGA']","['Papua New Guinea', 'Papua New Guinea', 'Papua New Guinea', 'Vanuatu', 'Vanuatu', 'New Zealand']","[-9.5056, -9.4328, -6.8146, -15.515, -17.754, -37.6444]","[147.1542, 147.1035, 146.9681, 167.1867, 168.3044, 176.1819]","['Eastern Coral Triangle', 'Eastern Coral Triangle', 'Eastern Coral Triangle', 'Tropical Southwestern Pacific', 'Tropical Southwestern Pacific', 'Northern New Zealand']","[0.0, 17.864509954840987, 64.98952574500493, 89.11901509646593, 33.94716118820334, 104.43054406205331]","[40.99902604293537, np.float64(12.955411488230434), np.float64(63.07548393526679), np.float64(9.105351474217724), np.float64(31.473245898705812), 0.0]",19.4983,426.9602,TAURANGA
syn_06378,3,Bulker,39828.0,5,"['BRISBANE', 'LAUTOKA', 'SUVA', 'LUGANVILLE', 'NEW PLYMOUTH']","['Australia', 'Fiji', 'Fiji', 'Vanuatu', 'New Zealand']","[-27.3765, -17.6036, -18.1339, -15.515, -39.0577]","[153.1665, 177.4387, 178.4235, 167.1867, 174.0346]","['East Central Australian Shelf', 'Tropical Southwestern Pacific', 'Tropical Southwestern Pacific', 'Tropical Southwestern Pacific', 'Southern New Zealand']","[0.0, 173.82002055544476, 8.200484112480368, 147.90239554655037, 224.83405699751776]","[np.float64(116.26165928793868), np.float64(85.16419501136785), np.float64(120.83615852162812), np.float64(25.275499217500045), 0.0]",37.5956,786.0328,NEW PLYMOUTH
syn_06379,3,Container,17842.0,5,"['DURBAN', 'FREMANTLE', 'MELBOURNE', 'KEMBLA', 'AUCKLAND']","['South Africa', 'Australia', 'Australia', 'Australia', 'New Zealand']","[-29.8669, -32.051, -37.844, -34.4537, -36.8402]","[31.0333, 115.7393, 144.905, 150.8864, 174.7721]","['Agulhas', 'Southwest Australian Shelf', 'Southeast Australian Shelf', 'East Central Australian Shelf', 'Northern New Zealand']","[0.0, 191.16774389181538, 144.74313280284252, 62.454489408570865, 103.43577168344413]","[14.0868591869187, 16.2736650511008, np.float64(12.751241008698708), np.float64(116.21963174819102), 0.0]",27.5472,647.0457,AUCKLAND
syn_06380,3,RoRo,19879.0,5,"['BRISBANE', 'BURNIE', 'GEELONG', 'ADELAIDE', 'AUCKLAND']","['Australia', 'Australia', 'Australia', 'Australia', 'New Zealand']","[-27.3765, -41.0534, -38.096, -34.8169, -36.8402]","[153.1665, 145.9108, 144.3819, 138.2816, 174.7721]","['East Central Australian Shelf', 'Southeast Australian Shelf', 'Southeast Australian Shelf', 'Southwest Australian Shelf', 'Northern New Zealand']","[0.0, 59.31311008493803, 8.993848684968963, 41.45993069643389, 141.99873311868183]","[np.float64(43.69928428351245), 43.76631505518436, np.float64(9.907279143462262), np.float64(26.015838608911242), 0.0]",15.6314,331.4551,AUCKLAND
syn_06381,3,Tanker,16298.0,5,"['LAE', 'KIMBE', 'RABAUL', 'HONIARA', 'TAURANGA']","['Papua New Guinea', 'Papua New Guinea', 'Papua New Guinea', 'Solomon Islands', 'New Zealand']","[-6.8146, -5.5497, -4.2033, -9.4274, -37.6444]","[146.9681, 150.1486, 152.1667, 159.9603, 176.1819]","['Eastern Coral Triangle', 'Eastern Coral Triangle', 'Eastern Coral Triangle', 'Eastern Coral Triangle', 'Northern New Zealand']","[0.0, 4.26154854122869, 40.90005494336186, 69.7084787430193, 174.9083951976647]","[np.float64(92.59868447976703), np.float64(12.358206148642624), 21.217342272606583, np.float64(46.13547533350011), 0.0]",19.2537,369.4895,TAURANGA
syn_06382,3,Container,34067.0,7,"['NAPA NAPA', 'MOTUKEA ISLAND', 'LAE', 'HONIARA', 'LUGANVILLE', 'VILA', 'TAURANGA']","['Papua New Guinea', 'Papua New Guinea', 'Papua New Guinea', 'Solomon Islands', 'Vanuatu', 'Vanuatu', 'New Zealand']","[-9.5056, -9.4328, -6.8146, -9.4274, -15.515, -17.754, -37.6444]","[147.1542, 147.1035, 146.9681, 159.9603, 167.1867, 168.3044, 176.1819]","['Eastern Coral Triangle', 'Eastern Coral Triangle', 'Eastern Coral Triangle', 'Eastern Coral Triangle', 'Tropical Southwestern Pacific', 'Tropical Southwestern Pacific', 'Northern New Zealand']","[0.0, 17.864509954840987, 47.98064955457172, 61.53834912916603, 46.45422554866722, 38.88705460784122, 190.96087154639756]","[10.830649321100623, np.float64(14.062300379003085), np.float64(18.40071200874133), np.float64(12.551562888397314), np.float64(12.350462232111756), np.float64(21.717357629317892), 0.0]",20.5666,482.7681,TAURANGA
syn_06383,3,Bulker,37743.0,6,"['VAVOUTO', 'NEWCASTLE', 'PRONY BAY', 'NEWCASTLE', 'VAVOUTO', 'AUCKLAND']","['New Caledonia', 'Australia', 'New Caledonia', 'Australia', 'New Caledonia', 'New Zealand']","[-21.0033, -32.9182, -22.3524, -32.9182, -21.0033, -36.8402]","[164.6667, 151.7701, 166.8904, 151.7701, 164.6667, 174.7721]","['Tropical Southwestern Pacific', 'East Central Australian Shelf', 'Tropical Southwestern Pacific', 'East Central Australian Shelf', 'Tropical Southwestern Pacific', 'Northern New Zealand']","[0.0, 124.55182129137042, 130.93612550452994, 125.89759765992396, 146.76873215536108, 113.07940110259555]","[54.69779685705745, np.float64(87.93526483376635), 54.38488198716819, np.float64(101.48282820913532), 22.525336569483727, 0.0]",40.0942,907.562,AUCKLAND
syn_06384,3,Bulker,34545.0,6,"['GERALDTON', 'KWINANA', 'LONG ISLAND POINT', 'BLUESCOPE', 'KEMBLA', 'TAURANGA']","['Australia', 'Australia', 'Australia', 'Australia', 'Australia', 'New Zealand']","[-28.6797, -32.0435, -38.2983, -38.291, -34.4537, -37.6444]","[114.5095, 115.6652, 145.2386, 145.2292, 150.8864, 176.1819]","['West Central Australian Shelf', 'Southwest Australian Shelf', 'Southeast Australian Shelf', 'Southeast Australian Shelf', 'East Central Australian Shelf', 'Northern New Zealand']","[0.0, 21.238117125592645, 153.57339244973275, 72.650845467371, 82.53920076226802, 140.81617561634857]","[33.45195577909104, 17.357934788267414, 33.53759491281684, 42.97091695570411, np.float64(93.00592859453303), 0.0]",28.7976,657.6901,TAURANGA
syn_06385,3,RoRo,18836.0,6,"['KWINANA', 'ESPERANCE', 'ADELAIDE', 'GEELONG', 'KEMBLA', 'NAPIER']","['Australia', 'Australia', 'Australia', 'Australia', 'Australia', 'New Zealand']","[-32.0435, -33.8718, -34.8169, -38.096, -34.4537, -39.4759]","[115.6652, 121.8997, 138.2816, 144.3819, 150.8864, 176.9184]","['Southwest Australian Shelf', 'Southwest Australian Shelf', 'Southwest Australian Shelf', 'Southeast Australian Shelf', 'East Central Australian Shelf', 'Southern New Zealand']","[0.0, 43.88308905759293, 72.10548301670283, 35.38094766468111, 49.21961184649577, 90.91687280401999]","[35.2262108950579, 48.90440985501993, np.float64(46.973738105266364), np.float64(49.34981146407994), np.float64(134.31750551155992), 0.0]",25.2616,571.0515,NAPIER
syn_06386,3,Bulker,42446.0,5,"['BRISBANE', 'VUDA', 'PRONY BAY', 'NOUMEA', 'NEW PLYMOUTH']","['Australia', 'Fiji', 'New Caledonia', 'New Caledonia', 'New Zealand']","[-27.3765, -17.6861, -22.3524, -22.2633, -39.0577]","[153.1665, 177.3849, 166.8904, 166.4317, 174.0346]","['East Central Australian Shelf', 'Tropical Southwestern Pacific', 'Tropical Southwestern Pacific', 'Tropical Southwestern Pacific', 'Southern New Zealand']","[0.0, 267.3845675143308, 97.9927817450313, 56.34874763730249, 155.89283936417064]","[np.float64(83.46202356484854), 30.030190273931204, 28.269741436643596, 24.167769829075638, 0.0]",30.9812,660.0866,NEW PLYMOUTH
syn_06387,3,General Cargo,37711.0,6,"['BRISBANE', 'KEMBLA', 'MELBOURNE', 'ADELAIDE', 'SUVA', 'TAURANGA']","['Australia', 'Australia', 'Australia', 'Australia', 'Fiji', 'New Zealand']","[-27.3765, -34.4537, -37.844, -34.8169, -18.1339, -37.6444]","[153.1665, 150.8864, 144.905, 138.2816, 178.4235, 176.1819]","['East Central Australian Shelf', 'East Central Australian Shelf', 'Southeast Australian Shelf', 'Southwest Australian Shelf', 'Tropical Southwestern Pacific', 'Northern New Zealand']","[0.0, 31.72284046162413, 46.20354891500395, 32.37853543600717, 390.414053936094, 112.01206387010896]","[np.float64(46.67333836867241), np.float64(77.83034891878617), np.float64(19.854592050969924), np.float64(131.26714484170793), np.float64(71.78682254844365), 0.0]",40.006,913.47,TAURANGA
syn_06388,3,Bulker,38114.0,7,"['FUNAFUTI', 'NANUMANGA', 'NANUMEA', 'NIUTAO', 'FUNAFUTI', 'SUVA', 'AUCKLAND']","['Tuvalu', 'Tuvalu', 'Tuvalu', 'Tuvalu', 'Tuvalu', 'Fiji', 'New Zealand']","[-8.5032, -6.2821, -5.6755, -6.1016, -8.5032, -18.1339, -36.8402]","[179.1946, 176.3086, 176.1033, 177.3293, 179.1946, 178.4235, 174.7721]","['Marshall, Gilbert and Ellis Islands', 'Marshall, Gilbert and Ellis Islands', 'Marshall, Gilbert and Ellis Islands', 'Marshall, Gilbert and Ellis Islands', 'Marshall, Gilbert and Ellis Islands', 'Tropical Southwestern Pacific', 'Northern New Zealand']","[0.0, 49.79813731192986, 76.7864845951753, 7.593524926582431, 63.56152271956629, 59.86412928653756, 173.85589629538563]","[109.2546167290617, 90.44024572792232, 61.0104791505899, 79.21058199292446, 51.578518934915245, np.float64(46.761766890647195), 0.0]",36.2382,760.4613,AUCKLAND
syn_06389,3,General Cargo,12746.0,7,"['RABAUL', 'KIMBE', 'LAE', 'HONIARA', 'LUGANVILLE', 'VILA', 'TAURANGA']","['Papua New Guinea', 'Papua New Guinea', 'Papua New Guinea', 'Solomon Islands', 'Vanuatu', 'Vanuatu', 'New Zealand']","[-4.2033, -5.5497, -6.8146, -9.4274, -15.515, -17.754, -37.6444]","[152.1667, 150.1486, 146.9681, 159.9603, 167.1867, 168.3044, 176.1819]","['Eastern Coral Triangle', 'Eastern Coral Triangle', 'Eastern Coral Triangle', 'Eastern Coral Triangle', 'Tropical Southwestern Pacific', 'Tropical Southwestern Pacific', 'Northern New Zealand']","[0.0, 18.262081102722096, 3.490337920441107, 32.98857001427797, 78.66076053977655, 91.50685784653072, 44.33058522405154]","[48.01327812828598, np.float64(11.512366941613275), np.float64(44.12293287617532), np.float64(32.894195428343046), np.float64(62.420618864537566), np.float64(23.149261811830144), 0.0]",20.473,443.3386,TAURANGA
syn_06390,3,Container,12502.0,6,"['LAE', 'KIMBE', 'RABAUL', 'HONIARA', 'BRISBANE', 'TAURANGA']","['Papua New Guinea', 'Papua New Guinea', 'Papua New Guinea', 'Solomon Islands', 'Australia', 'New Zealand']","[-6.8146, -5.5497, -4.2033, -9.4274, -27.3765, -37.6444]","[146.9681, 150.1486, 152.1667, 159.9603, 153.1665, 176.1819]","['Eastern Coral Triangle', 'Eastern Coral Triangle', 'Eastern Coral Triangle', 'Eastern Coral Triangle', 'East Central Australian Shelf', 'Northern New Zealand']","[0.0, 6.179840860187983, 19.80509399708808, 46.27637934329507, 125.98645687479763, 171.09403407848282]","[np.float64(21.53769019871687), np.float64(10.28547897192825), 7.392904284875832, np.float64(30.149003023389213), np.float64(77.95182214855507), 0.0]",21.5274,495.121,TAURANGA
syn_06391,3,Container,5923.0,5,"['TOWNSVILLE', 'GEELONG', 'PORTLAND', 'KEMBLA', 'TAURANGA']","['Australia', 'Australia', 'Australia', 'Australia', 'New Zealand']","[-19.0942, -38.096, -38.32, -34.4537, -37.6444]","[146.9491, 144.3819, 141.7092, 150.8864, 176.1819]","['Northeast Australian Shelf', 'Southeast Australian Shelf', 'Southeast Australian Shelf', 'East Central Australian Shelf', 'Northern New Zealand']","[0.0, 152.42840506935212, 13.897755446514367, 50.62001813695727, 52.50289423118272]","[20.306644516892028, np.float64(15.834851000874666), 41.723721631226624, np.float64(28.850897610583946), 0.0]",15.6735,355.8585,TAURANGA
syn_06392,3,Bulker,39742.0,6,"['MOTUKEA ISLAND', 'LAE', 'HONIARA', 'LUGANVILLE', 'VILA', 'TAURANGA']","['Papua New Guinea', 'Papua New Guinea', 'Solomon Islands', 'Vanuatu', 'Vanuatu', 'New Zealand']","[-9.4328, -6.8146, -9.4274, -15.515, -17.754, -37.6444]","[147.1035, 146.9681, 159.9603, 167.1867, 168.3044, 176.1819]","['Eastern Coral Triangle', 'Eastern Coral Triangle', 'Eastern Coral Triangle', 'Tropical Southwestern Pacific', 'Tropical Southwestern Pacific', 'Northern New Zealand']","[0.0, 85.6897582731236, 76.15017040351138, 112.67649105874402, 63.161546817848716, 174.17453014973086]","[np.float64(66.15866856696333), np.float64(64.45534802768962), np.float64(43.83361168691486), np.float64(21.62403463816567), np.float64(45.76208713440386), 0.0]",31.4036,687.5276,TAURANGA
syn_06393,3,Container,12502.0,6,"['MOTUKEA ISLAND', 'LAE', 'HONIARA', 'LUGANVILLE', 'VILA', 'TAURANGA']","['Papua New Guinea', 'Papua New Guinea', 'Solomon Islands', 'Vanuatu', 'Vanuatu', 'New Zealand']","[-9.4328, -6.8146, -9.4274, -15.515, -17.754, -37.6444]","[147.1035, 146.9681, 159.9603, 167.1867, 168.3044, 176.1819]","['Eastern Coral Triangle', 'Eastern Coral Triangle', 'Eastern Coral Triangle', 'Tropical Southwestern Pacific', 'Tropical Southwestern Pacific', 'Northern New Zealand']","[0.0, 72.68944297638589, 49.97744473400838, 39.12305365802333, 54.87607317111744, 135.14194026949744]","[np.float64(9.343615739268273), np.float64(14.369711204649915), np.float64(28.515707237164783), np.float64(37.105982430314505), np.float64(6.550355005078849), 0.0]",18.6539,438.3497,TAURANGA
syn_06394,3,General Cargo,19497.0,7,"['NAPA NAPA', 'MOTUKEA ISLAND', 'LAE', 'HONIARA', 'LUGANVILLE', 'VILA', 'TAURANGA']","['Papua New Guinea', 'Papua New Guinea', 'Papua New Guinea', 'Solomon Islands', 'Vanuatu', 'Vanuatu', 'New Zealand']","[-9.5056, -9.4328, -6.8146, -9.4274, -15.515, -17.754, -37.6444]","[147.1542, 147.1035, 146.9681, 159.9603, 167.1867, 168.3044, 176.1819]","['Eastern Coral Triangle', 'Eastern Coral Triangle', 'Eastern Coral Triangle', 'Eastern Coral Triangle', 'Tropical Southwestern Pacific', 'Tropical Southwestern Pacific', 'Northern New Zealand']","[0.0, 36.07381376895757, 83.7310048918027, 53.20451911333831, 58.69227126275681, 48.73249383499759, 86.62074709569549]","[15.05797439717957, np.float64(25.802769534210388), np.float64(38.38321720030395), np.float64(12.37484646837554), np.float64(35.98622811609217), np.float64(63.1649706324992), 0.0]",23.2427,542.7669,TAURANGA
syn_06395,3,Container,34067.0,6,"['KWINANA', 'BUNBURY', 'PORTLAND', 'ARDROSSAN', 'KEMBLA', 'PORT CHALMERS']","['Australia', 'Australia', 'Australia', 'Australia', 'Australia', 'New Zealand']","[-32.0435, -33.3243, -38.32, -34.4394, -34.4537, -45.8742]","[115.6652, 115.6615, 141.7092, 137.9262, 150.8864, 170.5221]","['Southwest Australian Shelf', 'Southwest Australian Shelf', 'Southeast Australian Shelf', 'Southwest Australian Shelf', 'East Central Australian Shelf', 'Southern New Zealand']","[0.0, 10.953708527705354, 142.0085706462831, 16.816892016641077, 91.72808564826497, 44.67299675255197]","[11.13968482574194, 18.47098297053344, 69.49667891266343, 36.22054708959693, np.float64(29.7855899941038), 0.0]",19.6372,460.1541,PORT CHALMERS
syn_06396,3,Container,18409.0,6,"['NOUMEA', 'LAUTOKA', 'SUVA', 'LUGANVILLE', 'VILA', 'TAURANGA']","['New Caledonia', 'Fiji', 'Fiji', 'Vanuatu', 'Vanuatu', 'New Zealand']","[-22.2633, -17.6036, -18.1339, -15.515, -17.754, -37.6444]","[166.4317, 177.4387, 178.4235, 167.1867, 168.3044, 176.1819]","['Tropical Southwestern Pacific', 'Tropical Southwestern Pacific', 'Tropical Southwestern Pacific', 'Tropical Southwestern Pacific', 'Tropical Southwestern Pacific', 'Northern New Zealand']","[0.0, 70.75436590198636, 10.425202550908228, 125.78065909784551, 45.28169509343102, 117.39552730624978]","[25.60794603224802, np.float64(20.833617857353346), np.float64(8.716592504380767), np.float64(9.051989362291975), np.float64(7.0118065731122226), 0.0]",18.3691,415.2515,TAURANGA
syn_06397,3,Bulker,36833.0,5,"['LAE', 'HONIARA', 'LUGANVILLE', 'VILA', 'TAURANGA']","['Papua New Guinea', 'Solomon Islands', 'Vanuatu', 'Vanuatu', 'New Zealand']","[-6.8146, -9.4274, -15.515, -17.754, -37.6444]","[146.9681, 159.9603, 167.1867, 168.3044, 176.1819]","['Eastern Coral Triangle', 'Eastern Coral Triangle', 'Tropical Southwestern Pacific', 'Tropical Southwestern Pacific', 'Northern New Zealand']","[0.0, 125.58229138105906, 83.78500246813277, 84.89836372833635, 116.11461070445775]","[np.float64(103.88096671461646), np.float64(51.88885449552989), np.float64(23.218606241025807), np.float64(21.705706325459683), 0.0]",25.4614,507.1934,TAURANGA
syn_06398,3,Bulker,37806.0,6,"['TOWNSVILLE', 'NAPA NAPA', 'MOTUKEA ISLAND', 'LAE', 'HONIARA', 'AUCKLAND']","['Australia', 'Papua New Guinea', 'Papua New Guinea', 'Papua New Guinea', 'Solomon Islands', 'New Zealand']","[-19.0942, -9.5056, -9.4328, -6.8146, -9.4274, -36.8402]","[146.9491, 147.1542, 147.1035, 146.9681, 159.9603, 174.7721]","['Northeast Australian Shelf', 'Eastern Coral Triangle', 'Eastern Coral Triangle', 'Eastern Coral Triangle', 'Eastern Coral Triangle', 'Northern New Zealand']","[0.0, 90.91835523284638, 40.956184052756434, 58.88221955695857, 126.28281562922534, 236.8944432714283]","[58.24806054134884, 89.79246928215461, np.float64(42.679932610693086), np.float64(57.83986508573757), np.float64(52.398361912861006), 0.0]",35.6205,796.6446,AUCKLAND
syn_06399,3,Container,12502.0,7,"['KEMBLA', 'BURNIE', 'HAY POINT', 'MACKAY', 'MELBOURNE', 'KWINANA', 'NEW PLYMOUTH']","['Australia', 'Australia', 'Australia', 'Australia', 'Australia', 'Australia', 'New Zealand']","[-34.4537, -41.0534, -21.1629, -21.1059, -37.844, -32.0435, -39.0577]","[150.8864, 145.9108, 149.3474, 149.2318, 144.905, 115.6652, 174.0346]","['East Central Australian Shelf', 'Southeast Australian Shelf', 'Northeast Australian Shelf', 'Northeast Australian Shelf', 'Southeast Australian Shelf', 'Southwest Australian Shelf', 'Southern New Zealand']","[0.0, 55.37096107415424, 72.75194293037084, 21.382807628298732, 164.65101423037035, 115.10027671897117, 251.6485316292725]","[np.float64(38.82491212459031), 28.23321511130796, 16.472076027076696, 54.435932963162465, np.float64(53.13593278492742), 13.825887296745952, 0.0]",36.9097,847.0086,NEW PLYMOUTH
syn_06400,3,Bulker,63666.0,6,"['BRISBANE', 'LAE', 'MOTUKEA ISLAND', 'BRISBANE', 'NOUMEA', 'TAURANGA']","['Australia', 'Papua New Guinea', 'Papua New Guinea', 'Australia', 'New Caledonia', 'New Zealand']","[-27.3765, -6.8146, -9.4328, -27.3765, -22.2633, -37.6444]","[153.1665, 146.9681, 147.1035, 153.1665, 166.4317, 176.1819]","['East Central Australian Shelf', 'Eastern Coral Triangle', 'Eastern Coral Triangle', 'East Central Australian Shelf', 'Tropical Southwestern Pacific', 'Northern New Zealand']","[0.0, 256.41828654739476, 152.17817648848427, 180.74880525910555, 68.41997177567296, 159.30393815782134]","[np.float64(51.1061543548192), np.float64(127.34721145879752), np.float64(12.511998938895875), np.float64(54.03612895720902), 40.361410232675524, 0.0]",45.9347,1051.3259,TAURANGA
syn_06401,3,Bulker,37155.0,5,"['TOWNSVILLE', 'BRISBANE', 'MELBOURNE', 'BELL BAY', 'AUCKLAND']","['Australia', 'Australia', 'Australia', 'Australia', 'New Zealand']","[-19.0942, -27.3765, -37.844, -41.1352, -36.8402]","[146.9491, 153.1665, 144.905, 146.8752, 174.7721]","['Northeast Australian Shelf', 'East Central Australian Shelf', 'Southeast Australian Shelf', 'Southeast Australian Shelf', 'Northern New Zealand']","[0.0, 55.28160059971493, 98.72008126155278, 11.258005703438998, 144.66778007856195]","[53.33985225080595, np.float64(58.5587060196125), np.float64(55.71146020022701), 68.6019882813824, 0.0]",22.7558,492.7996,AUCKLAND
syn_06402,3,Container,22968.0,6,"['BRISBANE', 'ALMA', 'BURNIE', 'DEVONPORT', 'MELBOURNE', 'NEW PLYMOUTH']","['Australia', 'Australia', 'Australia', 'Australia', 'Australia', 'New Zealand']","[-27.3765, -23.5832, -41.0534, -41.1873, -37.844, -39.0577]","[153.1665, 150.8631, 145.9108, 146.3638, 144.905, 174.0346]","['East Central Australian Shelf', 'Northeast Australian Shelf', 'Southeast Australian Shelf', 'Southeast Australian Shelf', 'Southeast Australian Shelf', 'Southern New Zealand']","[0.0, 42.909832938247064, 105.1526845151588, 20.184264166627095, 4.441383983415086, 194.9689108003442]","[np.float64(28.54005339821519), 57.76093926837521, 29.26902178848052, 47.18231676654487, np.float64(8.511710496636601), 0.0]",22.455,510.3811,NEW PLYMOUTH
syn_06403,3,Bulker,36833.0,5,"['LAE', 'KIMBE', 'RABAUL', 'MOTUKEA ISLAND', 'GISBORNE']","['Papua New Guinea', 'Papua New Guinea', 'Papua New Guinea', 'Papua New Guinea', 'New Zealand']","[-6.8146, -5.5497, -4.2033, -9.4328, -38.6751]","[146.9681, 150.1486, 152.1667, 147.1035, 178.0221]","['Eastern Coral Triangle', 'Eastern Coral Triangle', 'Eastern Coral Triangle', 'Eastern Coral Triangle', 'Northern New Zealand']","[0.0, 3.3306879866130314, 49.254929228936504, 84.01064957835749, 254.28793252179716]","[np.float64(31.343930180152945), np.float64(47.316568409211854), 53.42271983450264, np.float64(100.25781938308906), 0.0]",25.9677,591.8813,GISBORNE
syn_06404,3,Tanker,3854.0,5,"['BRISBANE', 'MELBOURNE', 'BELL BAY', 'BOTANY', 'AUCKLAND']","['Australia', 'Australia', 'Australia', 'Australia', 'New Zealand']","[-27.3765, -37.844, -41.1352, -33.9682, -36.8402]","[153.1665, 144.905, 146.8752, 151.2149, 174.7721]","['East Central Australian Shelf', 'Southeast Australian Shelf', 'Southeast Australian Shelf', 'East Central Australian Shelf', 'Northern New Zealand']","[0.0, 88.30880995200266, 11.938111741923267, 43.55096215714248, 105.6669395616719]","[np.float64(14.309838187226509), np.float64(91.76859389741102), 18.242502827961808, np.float64(36.04502825749303), 0.0]",17.0763,395.5209,AUCKLAND
syn_06405,3,Tanker,12812.0,6,"['BRISBANE', 'GEELONG', 'DEVONPORT', 'PORTLAND', 'BLUESCOPE', 'AUCKLAND']","['Australia', 'Australia', 'Australia', 'Australia', 'Australia', 'New Zealand']","[-27.3765, -38.096, -41.1873, -38.32, -38.291, -36.8402]","[153.1665, 144.3819, 146.3638, 141.7092, 145.2292, 174.7721]","['East Central Australian Shelf', 'Southeast Australian Shelf', 'Southeast Australian Shelf', 'Southeast Australian Shelf', 'Southeast Australian Shelf', 'Northern New Zealand']","[0.0, 106.21559595693616, 8.930646682561068, 32.626278905942094, 16.746171478940436, 151.59626052059198]","[np.float64(16.69154664491045), np.float64(18.870215926172285), 34.891047251278216, 48.17044927520986, 28.872258817303237, 0.0]",19.3171,446.9189,AUCKLAND
syn_06406,3,Container,12502.0,6,"['NOUMEA', 'LAUTOKA', 'SUVA', 'LUGANVILLE', 'VILA', 'TAURANGA']","['New Caledonia', 'Fiji', 'Fiji', 'Vanuatu', 'Vanuatu', 'New Zealand']","[-22.2633, -17.6036, -18.1339, -15.515, -17.754, -37.6444]","[166.4317, 177.4387, 178.4235, 167.1867, 168.3044, 176.1819]","['Tropical Southwestern Pacific', 'Tropical Southwestern Pacific', 'Tropical Southwestern Pacific', 'Tropical Southwestern Pacific', 'Tropical Southwestern Pacific', 'Northern New Zealand']","[0.0, 61.3816317710453, 11.372474647109982, 101.78547448948788, 53.091256817060916, 140.0252442465119]","[43.24978371154077, np.float64(13.562439513650899), np.float64(8.673125266509603), np.float64(9.532968749720231), np.float64(6.184146174198383), 0.0]",18.7024,405.6088,TAURANGA
syn_06407,3,Container,12502.0,6,"['LAE', 'KIMBE', 'RABAUL', 'HONIARA', 'BRISBANE', 'TAURANGA']","['Papua New Guinea', 'Papua New Guinea', 'Papua New Guinea', 'Solomon Islands', 'Australia', 'New Zealand']","[-6.8146, -5.5497, -4.2033, -9.4274, -27.3765, -37.6444]","[146.9681, 150.1486, 152.1667, 159.9603, 153.1665, 176.1819]","['Eastern Coral Triangle', 'Eastern Coral Triangle', 'Eastern Coral Triangle', 'Eastern Coral Triangle', 'East Central Australian Shelf', 'Northern New Zealand']","[0.0, 6.179840860187983, 39.87929530029801, 42.28187025064889, 64.45974860068455, 110.07371501885531]","[np.float64(15.806315904768116), np.float64(7.505270931719928), 27.671526469794237, np.float64(34.27945992117952), np.float64(54.51695927773604), 0.0]",16.7773,386.8477,TAURANGA
syn_06408,3,General Cargo,12746.0,6,"['MOTUKEA ISLAND', 'LAE', 'RABAUL', 'HONIARA', 'BRISBANE', 'TAURANGA']","['Papua New Guinea', 'Papua New Guinea', 'Papua New Guinea', 'Solomon Islands', 'Australia', 'New Zealand']","[-9.4328, -6.8146, -4.2033, -9.4274, -27.3765, -37.6444]","[147.1035, 146.9681, 152.1667, 159.9603, 153.1665, 176.1819]","['Eastern Coral Triangle', 'Eastern Coral Triangle', 'Eastern Coral Triangle', 'Eastern Coral Triangle', 'East Central Australian Shelf', 'Northern New Zealand']","[0.0, 59.01055100485477, 42.10983780023229, 47.91771183803009, 93.96388834794858, 118.3460498531448]","[np.float64(36.2692834090822), np.float64(85.96543842968238), 18.756259165612075, np.float64(112.61633249646505), np.float64(120.5674159339192), 0.0]",30.6468,699.2535,TAURANGA
syn_06409,3,Bulker,38114.0,7,"['NEW PRIOK', 'KWINANA', 'FREMANTLE', 'MELBOURNE', 'KEMBLA', 'NEWCASTLE', 'AUCKLAND']","['Indonesia', 'Australia', 'Australia', 'Australia', 'Australia', 'Australia', 'New Zealand']","[-6.0976, -32.0435, -32.051, -37.844, -34.4537, -32.9182, -36.8402]","[106.884, 115.6652, 115.7393, 144.905, 150.8864, 151.7701, 174.7721]","['Java Transitional', 'Southwest Australian Shelf', 'Southwest Australian Shelf', 'Southeast Australian Shelf', 'East Central Australian Shelf', 'East Central Australian Shelf', 'Northern New Zealand']","[0.0, 382.49297482023417, 54.21470881791762, 318.7156758245742, 51.811236972897944, 8.340889775516255, 180.32468664047826]","[33.64265166226014, 35.525012241028385, 121.7431986406491, np.float64(8.764773748243172), np.float64(73.88050638627988), np.float64(88.16292233852515), 0.0]",56.5675,1323.9766,AUCKLAND
syn_06410,3,Bulker,36861.0,6,"['LAE', 'KIMBE', 'RABAUL', 'HONIARA', 'BRISBANE', 'TAURANGA']","['Papua New Guinea', 'Papua New Guinea', 'Papua New Guinea', 'Solomon Islands', 'Australia', 'New Zealand']","[-6.8146, -5.5497, -4.2033, -9.4274, -27.3765, -37.6444]","[146.9681, 150.1486, 152.1667, 159.9603, 153.1665, 176.1819]","['Eastern Coral Triangle', 'Eastern Coral Triangle', 'Eastern Coral Triangle', 'Eastern Coral Triangle', 'East Central Australian Shelf', 'Northern New Zealand']","[0.0, 4.3658524305216675, 36.47109582027857, 57.293666024139085, 141.872278866859, 220.11994076167917]","[np.float64(104.33177234124076), np.float64(110.35083175527903), 55.67673177017599, np.float64(63.15895934880654), np.float64(86.85192305509044), 0.0]",36.6872,776.1613,TAURANGA
syn_06411,3,Bulker,34327.0,5,"['BRISBANE', 'ADELAIDE', 'GEELONG', 'TAROONA', 'AUCKLAND']","['Australia', 'Australia', 'Australia', 'Australia', 'New Zealand']","[-27.3765, -34.8169, -38.096, -42.938, -36.8402]","[153.1665, 138.2816, 144.3819, 147.3863, 174.7721]","['East Central Australian Shelf', 'Southwest Australian Shelf', 'Southeast Australian Shelf', 'Southeast Australian Shelf', 'Northern New Zealand']","[0.0, 134.28740432024333, 43.53902309283416, 42.78842426192453, 147.89190423701905]","[np.float64(36.77630409432664), np.float64(94.63834677780933), np.float64(34.74241033207801), 18.453527977320142, 0.0]",23.0466,516.341,AUCKLAND
syn_06412,3,Bulker,37657.0,5,"['NAPA NAPA', 'MOTUKEA ISLAND', 'LAE', 'HONIARA', 'AUCKLAND']","['Papua New Guinea', 'Papua New Guinea', 'Papua New Guinea', 'Solomon Islands', 'New Zealand']","[-9.5056, -9.4328, -6.8146, -9.4274, -36.8402]","[147.1542, 147.1035, 146.9681, 159.9603, 174.7721]","['Eastern Coral Triangle', 'Eastern Coral Triangle', 'Eastern Coral Triangle', 'Eastern Coral Triangle', 'Northern New Zealand']","[0.0, 52.83182847675751, 129.06658638270113, 86.32640565539359, 349.4012900579636]","[45.17868098641168, np.float64(13.28983600266927), np.float64(102.74908817778609), np.float64(105.07379555344126), 0.0]",36.8299,838.7388,AUCKLAND
syn_06413,3,Bulker,40481.0,6,"['CAIRNS', 'MACKAY', 'BRISBANE', 'NEWCASTLE', 'BOTANY', 'AUCKLAND']","['Australia', 'Australia', 'Australia', 'Australia', 'Australia', 'New Zealand']","[-16.8017, -21.1059, -27.3765, -32.9182, -33.9682, -36.8402]","[145.8833, 149.2318, 153.1665, 151.7701, 151.2149, 174.7721]","['Northeast Australian Shelf', 'Northeast Australian Shelf', 'East Central Australian Shelf', 'East Central Australian Shelf', 'East Central Australian Shelf', 'Northern New Zealand']","[0.0, 35.52183723622035, 42.5190049904373, 40.35189850833175, 5.907887844400942, 170.5776856566873]","[12.840733335491665, 59.005747027893534, np.float64(39.95161546112945), np.float64(100.4458891170694), np.float64(20.53007474512346), 0.0]",21.9855,514.8116,AUCKLAND
syn_06414,3,RoRo,18924.0,7,"['GLADSTONE', 'FISHERMANS LANDING', 'NEWCASTLE', 'MACKAY', 'MELBOURNE', 'NEWCASTLE', 'AUCKLAND']","['Australia', 'Australia', 'Australia', 'Australia', 'Australia', 'Australia', 'New Zealand']","[-23.8351, -23.7873, -32.9182, -21.1059, -37.844, -32.9182, -36.8402]","[151.2712, 151.1761, 151.7701, 149.2318, 144.905, 151.7701, 174.7721]","['Northeast Australian Shelf', 'Northeast Australian Shelf', 'East Central Australian Shelf', 'Northeast Australian Shelf', 'Southeast Australian Shelf', 'East Central Australian Shelf', 'Northern New Zealand']","[0.0, 36.45196696318224, 59.412704962296765, 65.28996593784137, 127.13588810700129, 112.67266392896774, 194.95518100838382]","[27.49183752121541, 92.52879155941696, np.float64(13.851014600207778), 7.479559235987959, np.float64(66.54543046248436), np.float64(51.91582068851718), 0.0]",35.6555,828.239,AUCKLAND
syn_06415,3,Bulker,39721.0,5,"['BRISBANE', 'VUDA', 'NOUMEA', 'MOTUKEA ISLAND', 'NEW PLYMOUTH']","['Australia', 'Fiji', 'New Caledonia', 'Papua New Guinea', 'New Zealand']","[-27.3765, -17.6861, -22.2633, -9.4328, -39.0577]","[153.1665, 177.3849, 166.4317, 147.1035, 174.0346]","['East Central Australian Shelf', 'Tropical Southwestern Pacific', 'Tropical Southwestern Pacific', 'Eastern Coral Triangle', 'Southern New Zealand']","[0.0, 131.36043627082472, 61.17706166993893, 185.11893480092016, 223.04935934720368]","[np.float64(43.923298068140994), 74.68868495177583, 22.917916629415085, np.float64(15.650864504854656), 0.0]",31.5786,713.9633,NEW PLYMOUTH
syn_06416,3,General Cargo,9793.0,6,"['NAPA NAPA', 'MOTUKEA ISLAND', 'LAE', 'KIMBE', 'RABAUL', 'TAURANGA']","['Papua New Guinea', 'Papua New Guinea', 'Papua New Guinea', 'Papua New Guinea', 'Papua New Guinea', 'New Zealand']","[-9.5056, -9.4328, -6.8146, -5.5497, -4.2033, -37.6444]","[147.1542, 147.1035, 146.9681, 150.1486, 152.1667, 176.1819]","['Eastern Coral Triangle', 'Eastern Coral Triangle', 'Eastern Coral Triangle', 'Eastern Coral Triangle', 'Eastern Coral Triangle', 'Northern New Zealand']","[0.0, 31.06316162821271, 58.84480324844845, 6.84069692579913, 24.115938698162466, 416.0298264545251]","[77.06872814974025, np.float64(17.56704805893375), np.float64(131.33030290318337), np.float64(12.0532373789154), 26.119067444536253, 0.0]",33.3764,723.9641,TAURANGA
syn_06417,3,Bulker,39828.0,6,"['NAPA NAPA', 'MOTUKEA ISLAND', 'LAE', 'BRISBANE', 'BOTANY', 'TAURANGA']","['Papua New Guinea', 'Papua New Guinea', 'Papua New Guinea', 'Australia', 'Australia', 'New Zealand']","[-9.5056, -9.4328, -6.8146, -27.3765, -33.9682, -37.6444]","[147.1542, 147.1035, 146.9681, 153.1665, 151.2149, 176.1819]","['Eastern Coral Triangle', 'Eastern Coral Triangle', 'Eastern Coral Triangle', 'East Central Australian Shelf', 'East Central Australian Shelf', 'Northern New Zealand']","[0.0, 79.22686364188144, 154.29864867857762, 180.2352139619384, 45.79539511204744, 157.39292094269314]","[25.149274598990985, np.float64(8.923210680335075), np.float64(51.16238236157804), np.float64(44.693406531372865), np.float64(55.12944506188122), 0.0]",33.4169,776.8575,TAURANGA
syn_06418,3,Bulker,57195.0,6,"['NAPA NAPA', 'MOTUKEA ISLAND', 'LAE', 'HONIARA', 'LUGANVILLE', 'AUCKLAND']","['Papua New Guinea', 'Papua New Guinea', 'Papua New Guinea', 'Solomon Islands', 'Vanuatu', 'New Zealand']","[-9.5056, -9.4328, -6.8146, -9.4274, -15.515, -36.8402]","[147.1542, 147.1035, 146.9681, 159.9603, 167.1867, 174.7721]","['Eastern Coral Triangle', 'Eastern Coral Triangle', 'Eastern Coral Triangle', 'Eastern Coral Triangle', 'Tropical Southwestern Pacific', 'Northern New Zealand']","[0.0, 53.03341996125971, 61.8869502418254, 95.90972727480377, 106.26388276352944, 130.14952610190934]","[99.00816741759024, np.float64(30.547464159215803), np.float64(131.07753645762043), np.float64(46.163975541503525), np.float64(17.249202819238814), 0.0]",32.1371,672.2817,AUCKLAND
syn_06419,3,General Cargo,17961.0,6,"['TOWNSVILLE', 'BURNIE', 'PORTLAND', 'KEMBLA', 'LONG ISLAND POINT', 'TAURANGA']","['Australia', 'Australia', 'Australia', 'Australia', 'Australia', 'New Zealand']","[-19.0942, -41.0534, -38.32, -34.4537, -38.2983, -37.6444]","[146.9491, 145.9108, 141.7092, 150.8864, 145.2386, 176.1819]","['Northeast Australian Shelf', 'Southeast Australian Shelf', 'Southeast Australian Shelf', 'East Central Australian Shelf', 'Southeast Australian Shelf', 'Northern New Zealand']","[0.0, 126.97799579345079, 27.241392387991706, 105.63621051604211, 74.19105929783873, 162.06638792868418]","[7.07595324976684, 34.85913704734198, 41.33927662771424, np.float64(46.85054243931177), 17.83964264918323, 0.0]",26.8366,637.0016,TAURANGA
syn_06420,3,General Cargo,19497.0,5,"['NOUMEA', 'LAUTOKA', 'SUVA', 'LUGANVILLE', 'AUCKLAND']","['New Caledonia', 'Fiji', 'Fiji', 'Vanuatu', 'New Zealand']","[-22.2633, -17.6036, -18.1339, -15.515, -36.8402]","[166.4317, 177.4387, 178.4235, 167.1867, 174.7721]","['Tropical Southwestern Pacific', 'Tropical Southwestern Pacific', 'Tropical Southwestern Pacific', 'Tropical Southwestern Pacific', 'Northern New Zealand']","[0.0, 56.2929083693559, 9.65341051371211, 168.20360670105464, 83.36292073250067]","[17.888286567632985, np.float64(9.366361824353216), np.float64(38.18018407908114), np.float64(15.03182505543), 0.0]",16.5825,380.0912,AUCKLAND
syn_06421,3,Bulker,40481.0,5,"['KEMBLA', 'COWES', 'BLUESCOPE', 'KEMBLA', 'TAURANGA']","['Australia', 'Australia', 'Australia', 'Australia', 'New Zealand']","[-34.4537, -38.4372, -38.291, -34.4537, -37.6444]","[150.8864, 145.2507, 145.2292, 150.8864, 176.1819]","['East Central Australian Shelf', 'Southeast Australian Shelf', 'Southeast Australian Shelf', 'East Central Australian Shelf', 'Northern New Zealand']","[0.0, 96.65294473217446, 63.93924650374481, 73.51881163296882, 141.573026907208]","[np.float64(93.47511153136746), 88.58268267215121, 16.005255904555245, np.float64(96.10839211406049), 0.0]",27.9106,576.3804,TAURANGA
syn_06422,3,Bulker,37574.0,7,"['TOWNSVILLE', 'BRISBANE', 'NEWCASTLE', 'GEELONG', 'DEVONPORT', 'PORTLAND', 'NELSON']","['Australia', 'Australia', 'Australia', 'Australia', 'Australia', 'Australia', 'New Zealand']","[-19.0942, -27.3765, -32.9182, -38.096, -41.1873, -38.32, -41.2611]","[146.9491, 153.1665, 151.7701, 144.3819, 146.3638, 141.7092, 173.2733]","['Northeast Australian Shelf', 'East Central Australian Shelf', 'East Central Australian Shelf', 'Southeast Australian Shelf', 'Southeast Australian Shelf', 'Southeast Australian Shelf', 'Southern New Zealand']","[0.0, 101.36210006073269, 37.414120410339805, 87.44690738624391, 14.545076687636334, 25.042580921735258, 279.1424761756489]","[50.430355003783795, np.float64(51.29252841683837), np.float64(38.455890207912304), np.float64(82.11398910040685), 127.37399936206462, 62.766648042396135, 0.0]",39.8911,906.9563,NELSON
syn_06423,3,Bulker,29738.0,6,"['KWINANA', 'FREMANTLE', 'ADELAIDE', 'MELBOURNE', 'KEMBLA', 'AUCKLAND']","['Australia', 'Australia', 'Australia', 'Australia', 'Australia', 'New Zealand']","[-32.0435, -32.051, -34.8169, -37.844, -34.4537, -36.8402]","[115.6652, 115.7393, 138.2816, 144.905, 150.8864, 174.7721]","['Southwest Australian Shelf', 'Southwest Australian Shelf', 'Southwest Australian Shelf', 'Southeast Australian Shelf', 'East Central Australian Shelf', 'Northern New Zealand']","[0.0, 101.2440145011359, 160.18341427724465, 59.17137980298081, 51.40469146304239, 159.15015351260655]","[28.61742171540694, 90.05916636947643, np.float64(70.17383041975553), np.float64(83.37981858318396), np.float64(105.47578042739869), 0.0]",37.8692,880.2422,AUCKLAND
syn_06424,3,Bulker,33745.0,6,"['GEELONG', 'BRISBANE', 'HAY POINT', 'MACKAY', 'GLADSTONE', 'NAPIER']","['Australia', 'Australia', 'Australia', 'Australia', 'Australia', 'New Zealand']","[-38.096, -27.3765, -21.1629, -21.1059, -23.8351, -39.4759]","[144.3819, 153.1665, 149.3474, 149.2318, 151.2712, 176.9184]","['Southeast Australian Shelf', 'East Central Australian Shelf', 'Northeast Australian Shelf', 'Northeast Australian Shelf', 'Northeast Australian Shelf', 'Southern New Zealand']","[0.0, 104.23063821871811, 79.6565935145048, 48.6169204226858, 39.00634112471409, 134.48051764654423]","[np.float64(30.044154759242883), np.float64(51.59883444942056), 18.66174225099696, 50.03677861535248, 34.9895560234042, 0.0]",24.6384,561.2779,NAPIER
syn_06425,3,Container,34362.0,5,"['GERALDTON', 'KWINANA', 'LONG ISLAND POINT', 'BLUESCOPE', 'TAURANGA']","['Australia', 'Australia', 'Australia', 'Australia', 'New Zealand']","[-28.6797, -32.0435, -38.2983, -38.291, -37.6444]","[114.5095, 115.6652, 145.2386, 145.2292, 176.1819]","['West Central Australian Shelf', 'Southwest Australian Shelf', 'Southeast Australian Shelf', 'Southeast Australian Shelf', 'Northern New Zealand']","[0.0, 20.67537704369814, 74.67396622842051, 41.719624614009604, 153.61495422676674]","[20.881579231707583, 8.291913799843622, 12.517987685706224, 14.674450296197065, 0.0]",14.4604,326.1683,TAURANGA
syn_06426,3,Bulker,46673.0,5,"['NAPA NAPA', 'MOTUKEA ISLAND', 'TOWNSVILLE', 'BOTANY', 'AUCKLAND']","['Papua New Guinea', 'Papua New Guinea', 'Australia', 'Australia', 'New Zealand']","[-9.5056, -9.4328, -19.0942, -33.9682, -36.8402]","[147.1542, 147.1035, 146.9491, 151.2149, 174.7721]","['Eastern Coral Triangle', 'Eastern Coral Triangle', 'Northeast Australian Shelf', 'East Central Australian Shelf', 'Northern New Zealand']","[0.0, 57.670059312052196, 65.06008456626093, 87.74153650186051, 216.44010170697607]","[133.12885628030472, np.float64(28.545112539562403), 48.55192410204731, np.float64(63.40187155174914), 0.0]",29.1891,567.4107,AUCKLAND
syn_06427,3,Bulker,39641.0,6,"['NEWCASTLE', 'BELL BAY', 'MELBOURNE', 'GEELONG', 'BURNIE', 'NELSON']","['Australia', 'Australia', 'Australia', 'Australia', 'Australia', 'New Zealand']","[-32.9182, -41.1352, -37.844, -38.096, -41.0534, -41.2611]","[151.7701, 146.8752, 144.905, 144.3819, 145.9108, 173.2733]","['East Central Australian Shelf', 'Southeast Australian Shelf', 'Southeast Australian Shelf', 'Southeast Australian Shelf', 'Southeast Australian Shelf', 'Southern New Zealand']","[0.0, 45.66044982756278, 12.84141582668502, 66.0059914858783, 9.660307528003722, 161.86404681582255]","[np.float64(112.73072980578233), 41.202440889029106, np.float64(107.06821460005395), np.float64(127.653035863419), 56.32535372250573, 0.0]",30.8755,628.2813,NELSON
syn_06428,3,Container,12502.0,6,"['GERALDTON', 'BUNBURY', 'THEVENARD', 'BRISBANE', 'KEMBLA', 'AUCKLAND']","['Australia', 'Australia', 'Australia', 'Australia', 'Australia', 'New Zealand']","[-28.6797, -33.3243, -32.1493, -27.3765, -34.4537, -36.8402]","[114.5095, 115.6615, 133.6409, 153.1665, 150.8864, 174.7721]","['West Central Australian Shelf', 'Southwest Australian Shelf', 'Southwest Australian Shelf', 'East Central Australian Shelf', 'East Central Australian Shelf', 'Northern New Zealand']","[0.0, 18.871614938804196, 117.04411509659656, 194.7488616024346, 43.00759260192486, 84.14489163004953]","[128.19613130271577, 72.657902596382, 64.61639853843353, np.float64(134.98565839783194), np.float64(127.50242388452692), 0.0]",41.074,857.5795,AUCKLAND
syn_06429,3,Bulker,39828.0,6,"['KWINANA', 'ESPERANCE', 'ADELAIDE', 'GEELONG', 'KEMBLA', 'NAPIER']","['Australia', 'Australia', 'Australia', 'Australia', 'Australia', 'New Zealand']","[-32.0435, -33.8718, -34.8169, -38.096, -34.4537, -39.4759]","[115.6652, 121.8997, 138.2816, 144.3819, 150.8864, 176.9184]","['Southwest Australian Shelf', 'Southwest Australian Shelf', 'Southwest Australian Shelf', 'Southeast Australian Shelf', 'East Central Australian Shelf', 'Southern New Zealand']","[0.0, 49.264734690168744, 123.33972759234442, 50.648700532923634, 76.19308169484378, 207.88565872166083]","[13.885678088657915, 57.409039611398676, np.float64(114.00025922306506), np.float64(123.17510945393613), np.float64(118.76163196996337), 0.0]",38.9402,920.6779,NAPIER
syn_06430,3,Container,23357.0,5,"['ESPERANCE', 'GERALDTON', 'HEDLAND', 'KEMBLA', 'GISBORNE']","['Australia', 'Australia', 'Australia', 'Australia', 'New Zealand']","[-33.8718, -28.6797, -20.0977, -34.4537, -38.6751]","[121.8997, 114.5095, 118.5382, 150.8864, 178.0221]","['Southwest Australian Shelf', 'West Central Australian Shelf', 'Northwest Australian Shelf', 'East Central Australian Shelf', 'Northern New Zealand']","[0.0, 59.41856437518436, 55.00833514692563, 198.4256275093693, 118.1502659485348]","[7.491900751458163, 82.89395542915291, 34.782379802551404, np.float64(36.655268857515146), 0.0]",24.7011,585.3344,GISBORNE
syn_06431,3,Container,28170.0,5,"['TOWNSVILLE', 'BRISBANE', 'NEWCASTLE', 'BOTANY', 'TAURANGA']","['Australia', 'Australia', 'Australia', 'Australia', 'New Zealand']","[-19.0942, -27.3765, -32.9182, -33.9682, -37.6444]","[146.9491, 153.1665, 151.7701, 151.2149, 176.1819]","['Northeast Australian Shelf', 'East Central Australian Shelf', 'East Central Australian Shelf', 'East Central Australian Shelf', 'Northern New Zealand']","[0.0, 54.29957452214905, 33.693495484045336, 4.068724489516234, 73.25738074249114]","[14.295059087010571, np.float64(14.529661054356522), np.float64(8.376648004783004), np.float64(13.881143386855483), 0.0]",9.0167,202.1066,TAURANGA
syn_06432,3,RoRo,18334.0,6,"['CAIRNS', 'MACKAY', 'BRISBANE', 'NEWCASTLE', 'MELBOURNE', 'TAURANGA']","['Australia', 'Australia', 'Australia', 'Australia', 'Australia', 'New Zealand']","[-16.8017, -21.1059, -27.3765, -32.9182, -37.844, -37.6444]","[145.8833, 149.2318, 153.1665, 151.7701, 144.905, 176.1819]","['Northeast Australian Shelf', 'Northeast Australian Shelf', 'East Central Australian Shelf', 'East Central Australian Shelf', 'Southeast Australian Shelf', 'Northern New Zealand']","[0.0, 27.830234048830167, 34.90752820357009, 24.07132438607012, 38.494785946725415, 121.45024568546548]","[119.76482141086528, 29.27816179582268, np.float64(77.6375869914596), np.float64(16.40530496498734), np.float64(65.9696210557765), 0.0]",23.1587,436.0448,TAURANGA
syn_06433,3,General Cargo,9793.0,7,"['NAPA NAPA', 'MOTUKEA ISLAND', 'TOWNSVILLE', 'BRISBANE', 'DEVONPORT', 'GEELONG', 'NAPIER']","['Papua New Guinea', 'Papua New Guinea', 'Australia', 'Australia', 'Australia', 'Australia', 'New Zealand']","[-9.5056, -9.4328, -19.0942, -27.3765, -41.1873, -38.096, -39.4759]","[147.1542, 147.1035, 146.9491, 153.1665, 146.3638, 144.3819, 176.9184]","['Eastern Coral Triangle', 'Eastern Coral Triangle', 'Northeast Australian Shelf', 'East Central Australian Shelf', 'Southeast Australian Shelf', 'Southeast Australian Shelf', 'Southern New Zealand']","[0.0, 50.328690851110245, 100.87356243007893, 27.32864061489564, 64.53661195622726, 5.500626575602809, 186.6095226486492]","[6.950091226587056, np.float64(17.31390399353657), 65.30005871023815, np.float64(54.808483667769764), 52.28296277368993, np.float64(46.75728139160909), 0.0]",28.2746,671.6403,NAPIER
syn_06434,3,Bulker,36861.0,5,"['BRISBANE', 'BURNIE', 'MELBOURNE', 'ALMA', 'NEW PLYMOUTH']","['Australia', 'Australia', 'Australia', 'Australia', 'New Zealand']","[-27.3765, -41.0534, -37.844, -23.5832, -39.0577]","[153.1665, 145.9108, 144.905, 150.8631, 174.0346]","['East Central Australian Shelf', 'Southeast Australian Shelf', 'Southeast Australian Shelf', 'Northeast Australian Shelf', 'Southern New Zealand']","[0.0, 123.9803997657862, 8.353894455812517, 213.07054225267396, 316.3499123605554]","[np.float64(97.87915890514046), 111.25865427335276, np.float64(46.7414484586031), 54.56278330566432, 0.0]",40.5082,874.3176,NEW PLYMOUTH
syn_06435,3,General Cargo,9793.0,6,"['NEWCASTLE', 'HAY POINT', 'MACKAY', 'MELBOURNE', 'NEWCASTLE', 'NELSON']","['Australia', 'Australia', 'Australia', 'Australia', 'Australia', 'New Zealand']","[-32.9182, -21.1629, -21.1059, -37.844, -32.9182, -41.2611]","[151.7701, 149.3474, 149.2318, 144.905, 151.7701, 173.2733]","['East Central Australian Shelf', 'Northeast Australian Shelf', 'Northeast Australian Shelf', 'Southeast Australian Shelf', 'East Central Australian Shelf', 'Southern New Zealand']","[0.0, 97.42434277345883, 39.209265370696606, 151.2220043388474, 55.28961784618009, 156.75944682816555]","[np.float64(119.31908855111581), 54.26599823417371, 107.56648825213684, np.float64(37.12220756416977), np.float64(31.38148390017473), 0.0]",35.3983,730.2409,NELSON
syn_06436,3,General Cargo,9793.0,5,"['BRISBANE', 'MELBOURNE', 'BELL BAY', 'BOTANY', 'AUCKLAND']","['Australia', 'Australia', 'Australia', 'Australia', 'New Zealand']","[-27.3765, -37.844, -41.1352, -33.9682, -36.8402]","[153.1665, 144.905, 146.8752, 151.2149, 174.7721]","['East Central Australian Shelf', 'Southeast Australian Shelf', 'Southeast Australian Shelf', 'East Central Australian Shelf', 'Northern New Zealand']","[0.0, 146.2631271913732, 7.580368781515816, 29.180571215672483, 116.78516997681868]","[np.float64(11.844697369906175), np.float64(8.42060768272924), 26.41008131111784, np.float64(73.47827347721629), 0.0]",17.4985,408.1182,AUCKLAND
syn_06437,3,General Cargo,2159.0,6,"['MOTUKEA ISLAND', 'LAE', 'KIMBE', 'RABAUL', 'HONIARA', 'TAURANGA']","['Papua New Guinea', 'Papua New Guinea', 'Papua New Guinea', 'Papua New Guinea', 'Solomon Islands', 'New Zealand']","[-9.4328, -6.8146, -5.5497, -4.2033, -9.4274, -37.6444]","[147.1035, 146.9681, 150.1486, 152.1667, 159.9603, 176.1819]","['Eastern Coral Triangle', 'Eastern Coral Triangle', 'Eastern Coral Triangle', 'Eastern Coral Triangle', 'Eastern Coral Triangle', 'Northern New Zealand']","[0.0, 53.57920609986139, 3.154758874643851, 44.73289707984843, 71.46546628716081, 105.56921865980978]","[np.float64(25.061049152930845), np.float64(86.18700926315904), np.float64(15.75652712878599), 40.40134702293963, np.float64(91.06070350916026), 0.0]",22.3737,511.9071,TAURANGA
syn_06438,3,Bulker,39777.0,6,"['EST', 'KWINANA', 'FREMANTLE', 'ADELAIDE', 'MELBOURNE', 'TAURANGA']","['RÃ\x83Â©union', 'Australia', 'Australia', 'Australia', 'Australia', 'New Zealand']","[-20.9327, -32.0435, -32.051, -34.8169, -37.844, -37.6444]","[55.3178, 115.6652, 115.7393, 138.2816, 144.905, 176.1819]","['Western Indian Ocean', 'Southwest Australian Shelf', 'Southwest Australian Shelf', 'Southwest Australian Shelf', 'Southeast Australian Shelf', 'Northern New Zealand']","[0.0, 415.73225849393685, 46.53532489607611, 194.3852913038247, 58.38443001165418, 130.6037040891002]","[55.171400070733895, 84.24295707325474, 77.27793072862853, np.float64(123.14497860682839), np.float64(61.73422712547745), 0.0]",51.9672,1192.0411,TAURANGA
syn_06439,3,Container,12502.0,7,"['CAIRNS', 'MACKAY', 'BRISBANE', 'NEWCASTLE', 'BOTANY', 'MELBOURNE', 'TAURANGA']","['Australia', 'Australia', 'Australia', 'Australia', 'Australia', 'Australia', 'New Zealand']","[-16.8017, -21.1059, -27.3765, -32.9182, -33.9682, -37.844, -37.6444]","[145.8833, 149.2318, 153.1665, 151.7701, 151.2149, 144.905, 176.1819]","['Northeast Australian Shelf', 'Northeast Australian Shelf', 'East Central Australian Shelf', 'East Central Australian Shelf', 'East Central Australian Shelf', 'Southeast Australian Shelf', 'Northern New Zealand']","[0.0, 15.632275883174747, 45.737786406023886, 32.72085512854573, 9.400998593111959, 37.368065598651945, 103.68858046816175]","[6.7838260869682605, 23.06231957357271, np.float64(34.03014814805686), np.float64(48.886296814586665), np.float64(29.475882840258553), np.float64(24.19492148881117), 0.0]",17.1242,404.1981,TAURANGA
syn_06440,3,Container,13048.0,5,"['TOWNSVILLE', 'GEELONG', 'PORTLAND', 'KEMBLA', 'TAURANGA']","['Australia', 'Australia', 'Australia', 'Australia', 'New Zealand']","[-19.0942, -38.096, -38.32, -34.4537, -37.6444]","[146.9491, 144.3819, 141.7092, 150.8864, 176.1819]","['Northeast Australian Shelf', 'Southeast Australian Shelf', 'Southeast Australian Shelf', 'East Central Australian Shelf', 'Northern New Zealand']","[0.0, 131.60791359208596, 10.071680617842194, 56.452403619755636, 82.30743020211992]","[6.117977151626148, np.float64(111.04394528326537), 31.467196001935765, np.float64(9.324401545400727), 0.0]",18.2664,432.275,TAURANGA
syn_06441,3,General Cargo,9793.0,7,"['NAPA NAPA', 'MOTUKEA ISLAND', 'LAE', 'HONIARA', 'LUGANVILLE', 'VILA', 'TAURANGA']","['Papua New Guinea', 'Papua New Guinea', 'Papua New Guinea', 'Solomon Islands', 'Vanuatu', 'Vanuatu', 'New Zealand']","[-9.5056, -9.4328, -6.8146, -9.4274, -15.515, -17.754, -37.6444]","[147.1542, 147.1035, 146.9681, 159.9603, 167.1867, 168.3044, 176.1819]","['Eastern Coral Triangle', 'Eastern Coral Triangle', 'Eastern Coral Triangle', 'Eastern Coral Triangle', 'Tropical Southwestern Pacific', 'Tropical Southwestern Pacific', 'Northern New Zealand']","[0.0, 25.308359772222154, 44.364836399702966, 61.97720546292435, 65.45636668999433, 58.41617443766809, 145.3597887455844]","[12.301642174410636, np.float64(8.494056854029406), np.float64(54.56727327377561), np.float64(32.4926171233153), np.float64(15.788221795514305), np.float64(22.237753001573623), 0.0]",22.7818,534.4627,TAURANGA
syn_06442,3,RoRo,18334.0,6,"['LAE', 'KIMBE', 'RABAUL', 'MOTUKEA ISLAND', 'TOWNSVILLE', 'AUCKLAND']","['Papua New Guinea', 'Papua New Guinea', 'Papua New Guinea', 'Papua New Guinea', 'Australia', 'New Zealand']","[-6.8146, -5.5497, -4.2033, -9.4328, -19.0942, -36.8402]","[146.9681, 150.1486, 152.1667, 147.1035, 146.9491, 174.7721]","['Eastern Coral Triangle', 'Eastern Coral Triangle', 'Eastern Coral Triangle', 'Eastern Coral Triangle', 'Northeast Australian Shelf', 'Northern New Zealand']","[0.0, 5.511941795670897, 54.141666297016165, 63.75244271002693, 49.82133207649054, 115.54025210913223]","[np.float64(57.187121164989335), np.float64(24.419007966875757), 108.23787958574675, np.float64(9.18488273032418), 43.075387740462126, 0.0]",22.1197,473.6848,AUCKLAND
syn_06443,3,Bulker,36903.0,7,"['KWINANA', 'BUNBURY', 'PORTLAND', 'ARDROSSAN', 'KEMBLA', 'TOWNSVILLE', 'NELSON']","['Australia', 'Australia', 'Australia', 'Australia', 'Australia', 'Australia', 'New Zealand']","[-32.0435, -33.3243, -38.32, -34.4394, -34.4537, -19.0942, -41.2611]","[115.6652, 115.6615, 141.7092, 137.9262, 150.8864, 146.9491, 173.2733]","['Southwest Australian Shelf', 'Southwest Australian Shelf', 'Southeast Australian Shelf', 'Southwest Australian Shelf', 'East Central Australian Shelf', 'Northeast Australian Shelf', 'Southern New Zealand']","[0.0, 9.293759147781572, 223.68838486193246, 24.976824710303553, 159.81311060724337, 205.57826086723966, 170.36198341537838]","[38.58742643875649, 33.83869394178071, 63.305826391689216, 116.27064717922686, np.float64(125.49213515863136), 18.72407338760404, 0.0]",49.5805,1151.3437,NELSON
syn_06444,3,General Cargo,7709.0,5,"['GEELONG', 'PORTLAND', 'KEMBLA', 'LONG ISLAND POINT', 'TAURANGA']","['Australia', 'Australia', 'Australia', 'Australia', 'New Zealand']","[-38.096, -38.32, -34.4537, -38.2983, -37.6444]","[144.3819, 141.7092, 150.8864, 145.2386, 176.1819]","['Southeast Australian Shelf', 'Southeast Australian Shelf', 'East Central Australian Shelf', 'Southeast Australian Shelf', 'Northern New Zealand']","[0.0, 19.071421214278477, 81.18355007731391, 36.796672782269276, 276.20101136796615]","[np.float64(16.785885241417834), 12.424342199042012, np.float64(36.83505792673414), 123.21125546420627, 0.0]",25.1045,585.7233,TAURANGA
syn_06445,3,Container,12502.0,6,"['BRISBANE', 'TAROONA', 'HOBART', 'KEMBLA', 'NEWCASTLE', 'AUCKLAND']","['Australia', 'Australia', 'Australia', 'Australia', 'Australia', 'New Zealand']","[-27.3765, -42.938, -42.8304, -34.4537, -32.9182, -36.8402]","[153.1665, 147.3863, 147.3195, 150.8864, 151.7701, 174.7721]","['East Central Australian Shelf', 'Southeast Australian Shelf', 'Southeast Australian Shelf', 'East Central Australian Shelf', 'East Central Australian Shelf', 'Northern New Zealand']","[0.0, 44.44607151288427, 64.7463099557406, 27.486021825836893, 9.669038164268647, 112.41338443023562]","[np.float64(122.03824742272982), 44.48469304585096, 9.371629811554204, np.float64(67.75378711815085), np.float64(105.38428171348322), 0.0]",25.3247,485.7552,AUCKLAND
syn_06446,3,Bulker,37657.0,7,"['HONIARA', 'MOTUKEA ISLAND', 'PRONY BAY', 'BOTANY', 'SUVA', 'VUDA', 'NEW PLYMOUTH']","['Solomon Islands', 'Papua New Guinea', 'New Caledonia', 'Australia', 'Fiji', 'Fiji', 'New Zealand']","[-9.4274, -9.4328, -22.3524, -33.9682, -18.1339, -17.6861, -39.0577]","[159.9603, 147.1035, 166.8904, 151.2149, 178.4235, 177.3849, 174.0346]","['Eastern Coral Triangle', 'Eastern Coral Triangle', 'Tropical Southwestern Pacific', 'East Central Australian Shelf', 'Tropical Southwestern Pacific', 'Tropical Southwestern Pacific', 'Southern New Zealand']","[0.0, 138.97760164169486, 186.56913565581885, 165.19457950826342, 206.05771350482402, 8.468131054782258, 265.53252764430835]","[np.float64(49.46517394320224), np.float64(55.793127583819874), 92.24563501888584, np.float64(14.174490355353653), np.float64(27.48163866582483), 124.8271004001285, 0.0]",55.6161,1285.3217,NEW PLYMOUTH
syn_06447,3,Container,12502.0,7,"['LAE', 'KIMBE', 'RABAUL', 'HONIARA', 'LUGANVILLE', 'VILA', 'TAURANGA']","['Papua New Guinea', 'Papua New Guinea', 'Papua New Guinea', 'Solomon Islands', 'Vanuatu', 'Vanuatu', 'New Zealand']","[-6.8146, -5.5497, -4.2033, -9.4274, -15.515, -17.754, -37.6444]","[146.9681, 150.1486, 152.1667, 159.9603, 167.1867, 168.3044, 176.1819]","['Eastern Coral Triangle', 'Eastern Coral Triangle', 'Eastern Coral Triangle', 'Eastern Coral Triangle', 'Tropical Southwestern Pacific', 'Tropical Southwestern Pacific', 'Northern New Zealand']","[0.0, 6.179840860187983, 23.58146558045277, 44.5402971485952, 41.6662443903779, 34.23823615762426, 132.85280018964866]","[np.float64(133.1211710091751), np.float64(8.208195923455454), 16.04799789660241, np.float64(41.2652174805962), np.float64(6.320592889126664), np.float64(35.71179499135821), 0.0]",21.8222,390.6127,TAURANGA
syn_06448,3,Bulker,37686.0,7,"['BRISBANE', 'NEWCASTLE', 'GLADSTONE', 'SOUTH TREES', 'BELL BAY', 'ADELAIDE', 'TAURANGA']","['Australia', 'Australia', 'Australia', 'Australia', 'Australia', 'Australia', 'New Zealand']","[-27.3765, -32.9182, -23.8351, -23.8483, -41.1352, -34.8169, -37.6444]","[153.1665, 151.7701, 151.2712, 151.3268, 146.8752, 138.2816, 176.1819]","['East Central Australian Shelf', 'East Central Australian Shelf', 'Northeast Australian Shelf', 'Northeast Australian Shelf', 'Southeast Australian Shelf', 'Southwest Australian Shelf', 'Northern New Zealand']","[0.0, 30.90851347217565, 39.223443162388264, 46.71021832057713, 75.88593531016218, 52.00255969304244, 180.21545113775252]","[np.float64(47.4045343944578), np.float64(70.30107074468503), 47.50524268318161, 51.536817930260035, 19.74695357576613, np.float64(104.84756774847276), 0.0]",31.9287,718.8838,TAURANGA
syn_06449,3,General Cargo,63340.0,5,"['LAE', 'KIMBE', 'RABAUL', 'HONIARA', 'TAURANGA']","['Papua New Guinea', 'Papua New Guinea', 'Papua New Guinea', 'Solomon Islands', 'New Zealand']","[-6.8146, -5.5497, -4.2033, -9.4274, -37.6444]","[146.9681, 150.1486, 152.1667, 159.9603, 176.1819]","['Eastern Coral Triangle', 'Eastern Coral Triangle', 'Eastern Coral Triangle', 'Eastern Coral Triangle', 'Northern New Zealand']","[0.0, 2.1205057541641117, 35.618698777373496, 72.27575410286745, 206.73474761813486]","[np.float64(78.40610924860314), np.float64(11.339157291252489), 53.42243757296049, np.float64(45.42366880062112), 0.0]",21.0559,426.935,TAURANGA
syn_06450,3,General Cargo,9793.0,6,"['NAPA NAPA', 'MOTUKEA ISLAND', 'LAE', 'KIMBE', 'RABAUL', 'PORT CHALMERS']","['Papua New Guinea', 'Papua New Guinea', 'Papua New Guinea', 'Papua New Guinea', 'Papua New Guinea', 'New Zealand']","[-9.5056, -9.4328, -6.8146, -5.5497, -4.2033, -45.8742]","[147.1542, 147.1035, 146.9681, 150.1486, 152.1667, 170.5221]","['Eastern Coral Triangle', 'Eastern Coral Triangle', 'Eastern Coral Triangle', 'Eastern Coral Triangle', 'Eastern Coral Triangle', 'Southern New Zealand']","[0.0, 40.79532510225606, 67.73231455455553, 3.677181419773416, 34.05697953574546, 185.10183635787865]","[16.415811087165075, np.float64(9.895175569234251), np.float64(58.35433629533356), np.float64(7.936044610388172), 18.13530087816108, 0.0]",18.4208,425.6845,PORT CHALMERS
syn_06451,3,Bulker,37657.0,6,"['NOUMEA', 'LAUTOKA', 'SUVA', 'LUGANVILLE', 'VILA', 'TAURANGA']","['New Caledonia', 'Fiji', 'Fiji', 'Vanuatu', 'Vanuatu', 'New Zealand']","[-22.2633, -17.6036, -18.1339, -15.515, -17.754, -37.6444]","[166.4317, 177.4387, 178.4235, 167.1867, 168.3044, 176.1819]","['Tropical Southwestern Pacific', 'Tropical Southwestern Pacific', 'Tropical Southwestern Pacific', 'Tropical Southwestern Pacific', 'Tropical Southwestern Pacific', 'Northern New Zealand']","[0.0, 130.12928856500747, 12.905811682335218, 123.09267690427289, 61.09785152502357, 98.7629255497037]","[23.55440054007645, np.float64(68.21137867666624), np.float64(38.708998806939526), np.float64(24.36057828172166), np.float64(55.06559799171011), 0.0]",26.4954,612.3351,TAURANGA
syn_06452,3,General Cargo,12746.0,7,"['HEDLAND', 'DAMPIER', 'FREMANTLE', 'KWINANA', 'GEELONG', 'LAE', 'TAURANGA']","['Australia', 'Australia', 'Australia', 'Australia', 'Australia', 'Papua New Guinea', 'New Zealand']","[-20.0977, -20.38, -32.051, -32.0435, -38.096, -6.8146, -37.6444]","[118.5382, 116.6317, 115.7393, 115.6652, 144.3819, 146.9681, 176.1819]","['Northwest Australian Shelf', 'Northwest Australian Shelf', 'Southwest Australian Shelf', 'Southwest Australian Shelf', 'Southeast Australian Shelf', 'Eastern Coral Triangle', 'Northern New Zealand']","[0.0, 9.205298929119595, 80.68555704314154, 45.699594636567916, 75.45490881719623, 104.1362660288011, 401.43055136925165]","[30.374812017342283, 11.496339574858203, 50.8235132490558, 26.77821652123447, np.float64(41.27497939650797), np.float64(69.28707865102972), 0.0]",39.4436,916.2723,TAURANGA
syn_06453,3,Bulker,33144.0,5,"['GEELONG', 'TAROONA', 'HOBART', 'ADELAIDE', 'AUCKLAND']","['Australia', 'Australia', 'Australia', 'Australia', 'New Zealand']","[-38.096, -42.938, -42.8304, -34.8169, -36.8402]","[144.3819, 147.3863, 147.3195, 138.2816, 174.7721]","['Southeast Australian Shelf', 'Southeast Australian Shelf', 'Southeast Australian Shelf', 'Southwest Australian Shelf', 'Northern New Zealand']","[0.0, 51.45987483814447, 53.29785564588074, 64.0422584491298, 293.84143530488296]","[np.float64(69.57083645511639), 112.73048104570923, 63.17591833301395, np.float64(106.0314111567365), 0.0]",33.9229,744.5792,AUCKLAND
syn_06454,3,Container,22968.0,6,"['NAPA NAPA', 'MOTUKEA ISLAND', 'LAE', 'HONIARA', 'LUGANVILLE', 'AUCKLAND']","['Papua New Guinea', 'Papua New Guinea', 'Papua New Guinea', 'Solomon Islands', 'Vanuatu', 'New Zealand']","[-9.5056, -9.4328, -6.8146, -9.4274, -15.515, -36.8402]","[147.1542, 147.1035, 146.9681, 159.9603, 167.1867, 174.7721]","['Eastern Coral Triangle', 'Eastern Coral Triangle', 'Eastern Coral Triangle', 'Eastern Coral Triangle', 'Tropical Southwestern Pacific', 'Northern New Zealand']","[0.0, 17.864509954840987, 36.39355065753057, 38.927474826387, 64.24357814009853, 165.0857346873483]","[14.25113350953375, np.float64(61.89570790715203), np.float64(8.502631929561305), np.float64(10.570181577515703), np.float64(12.621335151285264), 0.0]",17.9315,416.1047,AUCKLAND
syn_06455,3,General Cargo,12502.0,6,"['LINCOLN', 'ADELAIDE', 'PORTLAND', 'GEELONG', 'NEWCASTLE', 'GISBORNE']","['Australia', 'Australia', 'Australia', 'Australia', 'Australia', 'New Zealand']","[-34.7176, -34.8169, -38.32, -38.096, -32.9182, -38.6751]","[135.8701, 138.2816, 141.7092, 144.3819, 151.7701, 178.0221]","['Southwest Australian Shelf', 'Southwest Australian Shelf', 'Southeast Australian Shelf', 'Southeast Australian Shelf', 'East Central Australian Shelf', 'Northern New Zealand']","[0.0, 3.4602959617659534, 24.19840107017933, 9.848149706116395, 49.80749871782912, 144.465529225505]","[31.590144663562796, np.float64(43.371916519300335), 22.183388739535946, np.float64(33.76592366231608), np.float64(117.47454922295705), 0.0]",20.0069,448.5757,GISBORNE
syn_06456,3,General Cargo,9793.0,6,"['RABAUL', 'KIMBE', 'LAE', 'HONIARA', 'LUGANVILLE', 'AUCKLAND']","['Papua New Guinea', 'Papua New Guinea', 'Papua New Guinea', 'Solomon Islands', 'Vanuatu', 'New Zealand']","[-4.2033, -5.5497, -6.8146, -9.4274, -15.515, -36.8402]","[152.1667, 150.1486, 146.9681, 159.9603, 167.1867, 174.7721]","['Eastern Coral Triangle', 'Eastern Coral Triangle', 'Eastern Coral Triangle', 'Eastern Coral Triangle', 'Tropical Southwestern Pacific', 'Northern New Zealand']","[0.0, 19.388510434704617, 3.8397807242070865, 59.38804392831624, 36.772047112596645, 98.41657736787008]","[10.409161477674724, np.float64(10.05057007965562), np.float64(30.217775652031808), np.float64(33.80434135824116), np.float64(10.680699996050812), 0.0]",13.0403,302.5583,AUCKLAND
syn_06457,3,Bulker,42446.0,7,"['TOWNSVILLE', 'BRISBANE', 'MELBOURNE', 'BELL BAY', 'BOTANY', 'SYDNEY', 'AUCKLAND']","['Australia', 'Australia', 'Australia', 'Australia', 'Australia', 'Australia', 'New Zealand']","[-19.0942, -27.3765, -37.844, -41.1352, -33.9682, -33.8648, -36.8402]","[146.9491, 153.1665, 144.905, 146.8752, 151.2149, 151.1829, 174.7721]","['Northeast Australian Shelf', 'East Central Australian Shelf', 'Southeast Australian Shelf', 'Southeast Australian Shelf', 'East Central Australian Shelf', 'East Central Australian Shelf', 'Northern New Zealand']","[0.0, 104.46828547571596, 117.67805592324237, 9.724564270393646, 78.42379698286135, 46.380146182514636, 157.67013447931197]","[26.341104100309327, np.float64(115.41087633229291), np.float64(40.98943136365984), 60.20333440080041, np.float64(63.40422560489954), 55.63188238690983, 0.0]",36.5136,849.9847,AUCKLAND
syn_06458,3,Bulker,39828.0,7,"['THEVENARD', 'SYDNEY', 'GLADSTONE', 'FISHERMANS LANDING', 'HAY POINT', 'MACKAY', 'NEW PLYMOUTH']","['Australia', 'Australia', 'Australia', 'Australia', 'Australia', 'Australia', 'New Zealand']","[-32.1493, -33.8648, -23.8351, -23.7873, -21.1629, -21.1059, -39.0577]","[133.6409, 151.1829, 151.2712, 151.1761, 149.3474, 149.2318, 174.0346]","['Southwest Australian Shelf', 'East Central Australian Shelf', 'Northeast Australian Shelf', 'Northeast Australian Shelf', 'Northeast Australian Shelf', 'Northeast Australian Shelf', 'Southern New Zealand']","[0.0, 150.30426002443073, 83.05212609883498, 84.708815314967, 29.087620839575383, 85.61258394358093, 175.45219300748948]","[133.17876950003534, 48.00626205184711, 66.31059648313317, 112.1950661275478, 20.151217994725993, 110.3405400102029, 0.0]",45.7667,965.2213,NEW PLYMOUTH
syn_06459,3,Bulker,31702.0,7,"['NEWCASTLE', 'GEELONG', 'PORTLAND', 'ADELAIDE', 'LINCOLN', 'MELBOURNE', 'LYTTELTON']","['Australia', 'Australia', 'Australia', 'Australia', 'Australia', 'Australia', 'New Zealand']","[-32.9182, -38.096, -38.32, -34.8169, -34.7176, -37.844, -43.606]","[151.7701, 144.3819, 141.7092, 138.2816, 135.8701, 144.905, 172.7213]","['East Central Australian Shelf', 'Southeast Australian Shelf', 'Southeast Australian Shelf', 'Southwest Australian Shelf', 'Southwest Australian Shelf', 'Southeast Australian Shelf', 'Southern New Zealand']","[0.0, 77.12129808969497, 17.575562576019177, 25.721453514392326, 7.935034291304827, 43.266069098815954, 178.00841021952982]","[np.float64(38.74948629818424), np.float64(28.755887128054994), 18.96971252592302, np.float64(52.66538212199528), 38.68069477454291, np.float64(23.65224617498451), 0.0]",22.9626,512.3518,LYTTELTON
syn_06460,3,Container,12502.0,5,"['NAPA NAPA', 'MOTUKEA ISLAND', 'LAE', 'HONIARA', 'AUCKLAND']","['Papua New Guinea', 'Papua New Guinea', 'Papua New Guinea', 'Solomon Islands', 'New Zealand']","[-9.5056, -9.4328, -6.8146, -9.4274, -36.8402]","[147.1542, 147.1035, 146.9681, 159.9603, 174.7721]","['Eastern Coral Triangle', 'Eastern Coral Triangle', 'Eastern Coral Triangle', 'Eastern Coral Triangle', 'Northern New Zealand']","[0.0, 17.864509954840987, 63.53043426295825, 70.24876758343316, 196.55000648024517]","[17.947502251932608, np.float64(18.242056929362686), np.float64(27.387403522919936), np.float64(36.80702003503349), 0.0]",18.6907,430.6302,AUCKLAND
syn_06461,3,Container,13048.0,5,"['BRISBANE', 'MELBOURNE', 'KEMBLA', 'BRISBANE', 'AUCKLAND']","['Australia', 'Australia', 'Australia', 'Australia', 'New Zealand']","[-27.3765, -37.844, -34.4537, -27.3765, -36.8402]","[153.1665, 144.905, 150.8864, 153.1665, 174.7721]","['East Central Australian Shelf', 'Southeast Australian Shelf', 'East Central Australian Shelf', 'East Central Australian Shelf', 'Northern New Zealand']","[0.0, 36.38266227259874, 29.81567093855724, 49.915786758540996, 112.3935606380859]","[np.float64(11.978431711924904), np.float64(14.23947831937685), np.float64(36.312832829726545), np.float64(33.86489973724711), 0.0]",13.5376,312.9249,AUCKLAND
syn_06462,3,Bulker,37520.0,7,"['CAIRNS', 'HAY POINT', 'MACKAY', 'TOWNSVILLE', 'GEELONG', 'PORTLAND', 'WELLINGTON']","['Australia', 'Australia', 'Australia', 'Australia', 'Australia', 'Australia', 'New Zealand']","[-16.8017, -21.1629, -21.1059, -19.0942, -38.096, -38.32, -41.2746]","[145.8833, 149.3474, 149.2318, 146.9491, 144.3819, 141.7092, 174.7887]","['Northeast Australian Shelf', 'Northeast Australian Shelf', 'Northeast Australian Shelf', 'Northeast Australian Shelf', 'Southeast Australian Shelf', 'Southeast Australian Shelf', 'Southern New Zealand']","[0.0, 42.6438577172349, 78.61808234573567, 28.706843779195214, 214.01809643400753, 18.339185724534858, 138.65749277572567]","[45.51107775392236, 13.665177853135656, 73.10055078796472, 29.546308049814023, np.float64(110.93839259873172), 104.49569164537691, 0.0]",37.4267,852.7297,WELLINGTON
syn_06463,3,Tanker,4752.0,5,"['LAE', 'KIMBE', 'RABAUL', 'HONIARA', 'TAURANGA']","['Papua New Guinea', 'Papua New Guinea', 'Papua New Guinea', 'Solomon Islands', 'New Zealand']","[-6.8146, -5.5497, -4.2033, -9.4274, -37.6444]","[146.9681, 150.1486, 152.1667, 159.9603, 176.1819]","['Eastern Coral Triangle', 'Eastern Coral Triangle', 'Eastern Coral Triangle', 'Eastern Coral Triangle', 'Northern New Zealand']","[0.0, 3.94822959762927, 46.28967695548504, 53.35057442822248, 257.3170456727917]","[np.float64(27.104195269365835), np.float64(11.017853206962894), 58.89328324244246, np.float64(18.296632935391685), 0.0]",19.8424,449.1133,TAURANGA
syn_06464,3,Bulker,39758.0,6,"['GLADSTONE', 'FISHERMANS LANDING', 'HAY POINT', 'MACKAY', 'MELBOURNE', 'TAURANGA']","['Australia', 'Australia', 'Australia', 'Australia', 'Australia', 'New Zealand']","[-23.8351, -23.7873, -21.1629, -21.1059, -37.844, -37.6444]","[151.2712, 151.1761, 149.3474, 149.2318, 144.905, 176.1819]","['Northeast Australian Shelf', 'Northeast Australian Shelf', 'Northeast Australian Shelf', 'Northeast Australian Shelf', 'Southeast Australian Shelf', 'Northern New Zealand']","[0.0, 66.66164765436409, 44.81720450561351, 61.091177846456766, 145.3554287594809, 211.56135502187956]","[134.67912235485295, 76.90054019518459, 94.2702147246851, 8.471030861749048, np.float64(80.04420620253275), 0.0]",38.4938,789.1728,TAURANGA
syn_06465,3,Container,12502.0,6,"['KWINANA', 'FREMANTLE', 'ADELAIDE', 'MELBOURNE', 'KEMBLA', 'AUCKLAND']","['Australia', 'Australia', 'Australia', 'Australia', 'Australia', 'New Zealand']","[-32.0435, -32.051, -34.8169, -37.844, -34.4537, -36.8402]","[115.6652, 115.7393, 138.2816, 144.905, 150.8864, 174.7721]","['Southwest Australian Shelf', 'Southwest Australian Shelf', 'Southwest Australian Shelf', 'Southeast Australian Shelf', 'East Central Australian Shelf', 'Northern New Zealand']","[0.0, 49.38768518597557, 97.64231023513169, 23.744592837604912, 31.38014251953645, 78.15670974196857]","[27.22544677339972, 18.2547652931234, np.float64(20.010320183646076), np.float64(10.941540040246513), np.float64(26.451089868992696), 0.0]",15.9664,355.9692,AUCKLAND
syn_06466,3,Bulker,34529.0,7,"['EST', 'KWINANA', 'FREMANTLE', 'ADELAIDE', 'MELBOURNE', 'KEMBLA', 'AUCKLAND']","['RÃ\x83Â©union', 'Australia', 'Australia', 'Australia', 'Australia', 'Australia', 'New Zealand']","[-20.9327, -32.0435, -32.051, -34.8169, -37.844, -34.4537, -36.8402]","[55.3178, 115.6652, 115.7393, 138.2816, 144.905, 150.8864, 174.7721]","['Western Indian Ocean', 'Southwest Australian Shelf', 'Southwest Australian Shelf', 'Southwest Australian Shelf', 'Southeast Australian Shelf', 'East Central Australian Shelf', 'Northern New Zealand']","[0.0, 290.45340205585063, 47.19150060697021, 149.1433827700782, 57.851454269231475, 72.06167986695816, 256.08208259846555]","[44.38308857548847, 22.79511913607378, 79.37002442885981, np.float64(69.25941385087035), np.float64(76.17017928704374), np.float64(88.42835675104888), 0.0]",52.2162,1208.8066,AUCKLAND
syn_06467,3,RoRo,18924.0,5,"['NAPA NAPA', 'MOTUKEA ISLAND', 'LAE', 'KIMBE', 'TAURANGA']","['Papua New Guinea', 'Papua New Guinea', 'Papua New Guinea', 'Papua New Guinea', 'New Zealand']","[-9.5056, -9.4328, -6.8146, -5.5497, -37.6444]","[147.1542, 147.1035, 146.9681, 150.1486, 176.1819]","['Eastern Coral Triangle', 'Eastern Coral Triangle', 'Eastern Coral Triangle', 'Eastern Coral Triangle', 'Northern New Zealand']","[0.0, 83.31174202634799, 48.07171186513016, 6.605107190972592, 320.88930498928784]","[95.83207062179333, np.float64(46.21735409761463), np.float64(23.596092982738398), np.float64(14.878754242573363), 0.0]",26.6418,543.5701,TAURANGA
syn_06468,3,Container,12502.0,6,"['NAPA NAPA', 'MOTUKEA ISLAND', 'LAE', 'KIMBE', 'RABAUL', 'AUCKLAND']","['Papua New Guinea', 'Papua New Guinea', 'Papua New Guinea', 'Papua New Guinea', 'Papua New Guinea', 'New Zealand']","[-9.5056, -9.4328, -6.8146, -5.5497, -4.2033, -36.8402]","[147.1542, 147.1035, 146.9681, 150.1486, 152.1667, 174.7721]","['Eastern Coral Triangle', 'Eastern Coral Triangle', 'Eastern Coral Triangle', 'Eastern Coral Triangle', 'Eastern Coral Triangle', 'Northern New Zealand']","[0.0, 17.864509954840987, 69.20172753780659, 6.179840860187983, 35.52877311810749, 331.68487650873755]","[30.50951682262118, np.float64(45.61830929623781), np.float64(29.725604931322007), np.float64(8.889053335185904), 89.36820289016568, 0.0]",27.6904,634.0609,AUCKLAND
syn_06469,3,Container,12502.0,6,"['LAE', 'KIMBE', 'RABAUL', 'HONIARA', 'BRISBANE', 'TAURANGA']","['Papua New Guinea', 'Papua New Guinea', 'Papua New Guinea', 'Solomon Islands', 'Australia', 'New Zealand']","[-6.8146, -5.5497, -4.2033, -9.4274, -27.3765, -37.6444]","[146.9681, 150.1486, 152.1667, 159.9603, 153.1665, 176.1819]","['Eastern Coral Triangle', 'Eastern Coral Triangle', 'Eastern Coral Triangle', 'Eastern Coral Triangle', 'East Central Australian Shelf', 'Northern New Zealand']","[0.0, 6.179840860187983, 29.097828421058505, 43.77750557887164, 125.26980515445375, 60.30887982797566]","[np.float64(33.16629018003547), np.float64(6.809376748156704), 65.2233680634977, np.float64(19.439241492122047), np.float64(34.97744398817524), 0.0]",17.6771,391.0833,TAURANGA
syn_06470,3,Bulker,42446.0,6,"['GLADSTONE', 'SOUTH TREES', 'NEWCASTLE', 'BELL BAY', 'MELBOURNE', 'NEW PLYMOUTH']","['Australia', 'Australia', 'Australia', 'Australia', 'Australia', 'New Zealand']","[-23.8351, -23.8483, -32.9182, -41.1352, -37.844, -39.0577]","[151.2712, 151.3268, 151.7701, 146.8752, 144.905, 174.0346]","['Northeast Australian Shelf', 'Northeast Australian Shelf', 'East Central Australian Shelf', 'Southeast Australian Shelf', 'Southeast Australian Shelf', 'Southern New Zealand']","[0.0, 39.768140870045386, 99.58799579379453, 48.97691036744576, 13.722571180826254, 169.70603226956337]","[45.174656829537845, 72.95456911631425, np.float64(66.80001934884305), 73.28977707385229, np.float64(38.936754564374716), 0.0]",27.8716,623.7428,NEW PLYMOUTH
syn_06471,3,Tanker,12429.0,5,"['NOUMEA', 'LAUTOKA', 'SUVA', 'LUGANVILLE', 'NELSON']","['New Caledonia', 'Fiji', 'Fiji', 'Vanuatu', 'New Zealand']","[-22.2633, -17.6036, -18.1339, -15.515, -41.2611]","[166.4317, 177.4387, 178.4235, 167.1867, 173.2733]","['Tropical Southwestern Pacific', 'Tropical Southwestern Pacific', 'Tropical Southwestern Pacific', 'Tropical Southwestern Pacific', 'Southern New Zealand']","[0.0, 62.805444159953815, 9.761153095171087, 174.8633752311191, 170.76863970976677]","[15.187694370928266, np.float64(40.131821867009776), np.float64(14.770725247681165), np.float64(33.37369229594613), 0.0]",21.7359,506.4749,NELSON
syn_06472,3,Bulker,42446.0,6,"['HEDLAND', 'SURABAYA', 'GRESIK, JAVA', 'SURABAYA', 'HAY POINT', 'TAURANGA']","['Australia', 'Indonesia', 'Indonesia', 'Indonesia', 'Australia', 'New Zealand']","[-20.0977, -6.8484, -7.1978, -6.8484, -21.1629, -37.6444]","[118.5382, 112.7851, 112.7238, 112.7851, 149.3474, 176.1819]","['Northwest Australian Shelf', 'Sunda Shelf', 'Sunda Shelf', 'Sunda Shelf', 'Northeast Australian Shelf', 'Northern New Zealand']","[0.0, 122.70070942856444, 40.05860160565465, 41.168223168699726, 301.6685918693437, 308.76770853304475]","[24.96799606777447, 115.38753082009629, 13.743556846163228, 13.20373967259799, 68.16418169564311, 0.0]",43.743,1024.8628,TAURANGA
syn_06473,3,Bulker,32701.0,7,"['NEWCASTLE', 'KEMBLA', 'WHYALLA', 'GEELONG', 'MELBOURNE', 'KEMBLA', 'AUCKLAND']","['Australia', 'Australia', 'Australia', 'Australia', 'Australia', 'Australia', 'New Zealand']","[-32.9182, -34.4537, -33.0139, -38.096, -37.844, -34.4537, -36.8402]","[151.7701, 150.8864, 137.5918, 144.3819, 144.905, 150.8864, 174.7721]","['East Central Australian Shelf', 'East Central Australian Shelf', 'Southwest Australian Shelf', 'Southeast Australian Shelf', 'Southeast Australian Shelf', 'East Central Australian Shelf', 'Northern New Zealand']","[0.0, 6.369308743197349, 120.1910870752761, 31.307360014199844, 98.56791638618087, 59.13035524898821, 116.92122673773085]","[np.float64(36.48849179872247), np.float64(135.44354444741634), 58.22827159978355, np.float64(93.29610987951426), np.float64(39.1965238188365), np.float64(55.22620170610979), 0.0]",35.4319,813.8779,AUCKLAND
syn_06474,3,RoRo,18836.0,6,"['NAPA NAPA', 'MOTUKEA ISLAND', 'LAE', 'HONIARA', 'LUGANVILLE', 'AUCKLAND']","['Papua New Guinea', 'Papua New Guinea', 'Papua New Guinea', 'Solomon Islands', 'Vanuatu', 'New Zealand']","[-9.5056, -9.4328, -6.8146, -9.4274, -15.515, -36.8402]","[147.1542, 147.1035, 146.9681, 159.9603, 167.1867, 174.7721]","['Eastern Coral Triangle', 'Eastern Coral Triangle', 'Eastern Coral Triangle', 'Eastern Coral Triangle', 'Tropical Southwestern Pacific', 'Northern New Zealand']","[0.0, 39.6458196525715, 101.31859849899641, 63.738392609733594, 40.92263752623467, 197.164653419732]","[43.04164709347775, np.float64(27.026702171291603), np.float64(106.3606307038706), np.float64(84.75135298501546), np.float64(20.433369300275167), 0.0]",30.1835,681.3622,AUCKLAND
syn_06475,3,Bulker,46673.0,7,"['TOWNSVILLE', 'BRISBANE', 'MELBOURNE', 'BELL BAY', 'BOTANY', 'SYDNEY', 'AUCKLAND']","['Australia', 'Australia', 'Australia', 'Australia', 'Australia', 'Australia', 'New Zealand']","[-19.0942, -27.3765, -37.844, -41.1352, -33.9682, -33.8648, -36.8402]","[146.9491, 153.1665, 144.905, 146.8752, 151.2149, 151.1829, 174.7721]","['Northeast Australian Shelf', 'East Central Australian Shelf', 'Southeast Australian Shelf', 'Southeast Australian Shelf', 'East Central Australian Shelf', 'East Central Australian Shelf', 'Northern New Zealand']","[0.0, 64.08723099845875, 189.64214440085397, 16.516949123099828, 80.35844450606136, 87.96148282794071, 111.173861239176]","[49.03072857181549, np.float64(84.87025784410399), np.float64(20.463778431029755), 129.66116588143464, np.float64(67.37466850525907), 121.9143871526893, 0.0]",42.6273,974.0244,AUCKLAND
syn_06476,3,Bulker,40236.0,7,"['KWINANA', 'FREMANTLE', 'ADELAIDE', 'MELBOURNE', 'GEELONG', 'BRISBANE', 'WELLINGTON']","['Australia', 'Australia', 'Australia', 'Australia', 'Australia', 'Australia', 'New Zealand']","[-32.0435, -32.051, -34.8169, -37.844, -38.096, -27.3765, -41.2746]","[115.6652, 115.7393, 138.2816, 144.905, 144.3819, 153.1665, 174.7887]","['Southwest Australian Shelf', 'Southwest Australian Shelf', 'Southwest Australian Shelf', 'Southeast Australian Shelf', 'Southeast Australian Shelf', 'East Central Australian Shelf', 'Southern New Zealand']","[0.0, 75.71564337446266, 135.3846523553505, 46.61822993137278, 39.687051961032004, 106.75888211035166, 126.26373286315481]","[122.54548929624679, 116.37744493680877, np.float64(96.89252574993714), np.float64(13.279893496026897), np.float64(27.863883188458725), np.float64(47.02951774618561), 0.0]",39.7674,831.8715,WELLINGTON
syn_06477,3,Container,38420.0,5,"['FREMANTLE', 'ADELAIDE', 'MELBOURNE', 'KEMBLA', 'AUCKLAND']","['Australia', 'Australia', 'Australia', 'Australia', 'New Zealand']","[-32.051, -34.8169, -37.844, -34.4537, -36.8402]","[115.7393, 138.2816, 144.905, 150.8864, 174.7721]","['Southwest Australian Shelf', 'Southwest Australian Shelf', 'Southeast Australian Shelf', 'East Central Australian Shelf', 'Northern New Zealand']","[0.0, 87.26984532299107, 51.20688667065921, 25.758062099473733, 98.64691257900827]","[27.214707148623603, np.float64(12.530675681751825), np.float64(84.95436726035463), np.float64(80.25664988899338), 0.0]",19.4933,440.6234,AUCKLAND
syn_06478,3,General Cargo,33738.0,5,"['NAPA NAPA', 'MOTUKEA ISLAND', 'LAE', 'KIMBE', 'TAURANGA']","['Papua New Guinea', 'Papua New Guinea', 'Papua New Guinea', 'Papua New Guinea', 'New Zealand']","[-9.5056, -9.4328, -6.8146, -5.5497, -37.6444]","[147.1542, 147.1035, 146.9681, 150.1486, 176.1819]","['Eastern Coral Triangle', 'Eastern Coral Triangle', 'Eastern Coral Triangle', 'Eastern Coral Triangle', 'Northern New Zealand']","[0.0, 24.40145711229176, 55.965322080632134, 1.970515024585659, 188.71248003423997]","[16.52925922249699, np.float64(8.136629865050871), np.float64(30.43227754319765), np.float64(15.741056547174038), 0.0]",14.2454,325.3597,TAURANGA
syn_06479,3,Container,12502.0,7,"['NAPA NAPA', 'MOTUKEA ISLAND', 'LAE', 'HONIARA', 'LUGANVILLE', 'VILA', 'TAURANGA']","['Papua New Guinea', 'Papua New Guinea', 'Papua New Guinea', 'Solomon Islands', 'Vanuatu', 'Vanuatu', 'New Zealand']","[-9.5056, -9.4328, -6.8146, -9.4274, -15.515, -17.754, -37.6444]","[147.1542, 147.1035, 146.9681, 159.9603, 167.1867, 168.3044, 176.1819]","['Eastern Coral Triangle', 'Eastern Coral Triangle', 'Eastern Coral Triangle', 'Eastern Coral Triangle', 'Tropical Southwestern Pacific', 'Tropical Southwestern Pacific', 'Northern New Zealand']","[0.0, 17.864509954840987, 66.54286573508128, 82.08105347495571, 56.748221925047694, 34.3371783661673, 78.15179875211481]","[21.52399733835005, np.float64(17.871563405015234), np.float64(83.15905874969287), np.float64(13.513108488258625), np.float64(15.300680571321378), np.float64(15.977457574604886), 0.0]",20.9613,481.5475,TAURANGA
syn_06480,3,Bulker,37520.0,5,"['BRISBANE', 'PRONY BAY', 'NOUMEA', 'VUDA', 'GISBORNE']","['Australia', 'New Caledonia', 'New Caledonia', 'Fiji', 'New Zealand']","[-27.3765, -22.3524, -22.2633, -17.6861, -38.6751]","[153.1665, 166.8904, 166.4317, 177.3849, 178.0221]","['East Central Australian Shelf', 'Tropical Southwestern Pacific', 'Tropical Southwestern Pacific', 'Tropical Southwestern Pacific', 'Northern New Zealand']","[0.0, 76.83768730603305, 73.57157105200595, 79.36681014071065, 118.2670993183322]","[np.float64(98.53928090912389), 34.754905121865725, 16.301826466757415, 29.00049440080511, 0.0]",21.9433,428.1004,GISBORNE
syn_06481,3,Bulker,33263.0,7,"['KWINANA', 'FREMANTLE', 'ADELAIDE', 'MELBOURNE', 'KEMBLA', 'BRISBANE', 'AUCKLAND']","['Australia', 'Australia', 'Australia', 'Australia', 'Australia', 'Australia', 'New Zealand']","[-32.0435, -32.051, -34.8169, -37.844, -34.4537, -27.3765, -36.8402]","[115.6652, 115.7393, 138.2816, 144.905, 150.8864, 153.1665, 174.7721]","['Southwest Australian Shelf', 'Southwest Australian Shelf', 'Southwest Australian Shelf', 'Southeast Australian Shelf', 'East Central Australian Shelf', 'East Central Australian Shelf', 'Northern New Zealand']","[0.0, 46.58209722575322, 204.7557255946432, 45.28575413270411, 55.81336310106249, 51.05023614408317, 130.13700535208073]","[109.70586298315304, 25.615243720786577, np.float64(61.55633877580762), np.float64(34.743366572964526), np.float64(99.32866869013404), np.float64(56.32498086476656), 0.0]",38.3708,811.1928,AUCKLAND
syn_06482,3,Bulker,37657.0,7,"['GLADSTONE', 'FISHERMANS LANDING', 'NEWCASTLE', 'KEMBLA', 'WHYALLA', 'MELBOURNE', 'GISBORNE']","['Australia', 'Australia', 'Australia', 'Australia', 'Australia', 'Australia', 'New Zealand']","[-23.8351, -23.7873, -32.9182, -34.4537, -33.0139, -37.844, -38.6751]","[151.2712, 151.1761, 151.7701, 150.8864, 137.5918, 144.905, 178.0221]","['Northeast Australian Shelf', 'Northeast Australian Shelf', 'East Central Australian Shelf', 'East Central Australian Shelf', 'Southwest Australian Shelf', 'Southeast Australian Shelf', 'Northern New Zealand']","[0.0, 73.20172523463016, 61.78160057967463, 8.664268238043352, 147.4999607658608, 47.283007436116556, 169.09319085346036]","[30.809965293530414, 34.357038503247864, np.float64(64.34270509534007), np.float64(97.2519453505878), 26.369959045478787, np.float64(73.76793387447395), 0.0]",34.7676,803.6133,GISBORNE
syn_06483,3,Bulker,33263.0,6,"['TOWNSVILLE', 'BURNIE', 'PORTLAND', 'KEMBLA', 'LONG ISLAND POINT', 'TAURANGA']","['Australia', 'Australia', 'Australia', 'Australia', 'Australia', 'New Zealand']","[-19.0942, -41.0534, -38.32, -34.4537, -38.2983, -37.6444]","[146.9491, 145.9108, 141.7092, 150.8864, 145.2386, 176.1819]","['Northeast Australian Shelf', 'Southeast Australian Shelf', 'Southeast Australian Shelf', 'East Central Australian Shelf', 'Southeast Australian Shelf', 'Northern New Zealand']","[0.0, 156.61260854953852, 28.396515903953855, 68.77696048174494, 42.10897057043592, 233.75628174077752]","[34.59768031908412, 113.97543528942712, 117.71105798036815, np.float64(125.84508582536262), 68.07384581969683, 0.0]",41.2439,955.2568,TAURANGA
syn_06484,3,Container,5923.0,5,"['NAPA NAPA', 'MOTUKEA ISLAND', 'LAE', 'HONIARA', 'AUCKLAND']","['Papua New Guinea', 'Papua New Guinea', 'Papua New Guinea', 'Solomon Islands', 'New Zealand']","[-9.5056, -9.4328, -6.8146, -9.4274, -36.8402]","[147.1542, 147.1035, 146.9681, 159.9603, 174.7721]","['Eastern Coral Triangle', 'Eastern Coral Triangle', 'Eastern Coral Triangle', 'Eastern Coral Triangle', 'Northern New Zealand']","[0.0, 17.864509954840987, 55.927240295713275, 102.30361868457341, 100.97780544247853]","[32.34833192397101, np.float64(13.714912506204108), np.float64(11.125995969109555), np.float64(31.685609539337865), 0.0]",15.2478,333.5997,AUCKLAND
syn_06485,3,General Cargo,19497.0,7,"['NAPA NAPA', 'MOTUKEA ISLAND', 'LAE', 'KIMBE', 'RABAUL', 'HONIARA', 'TAURANGA']","['Papua New Guinea', 'Papua New Guinea', 'Papua New Guinea', 'Papua New Guinea', 'Papua New Guinea', 'Solomon Islands', 'New Zealand']","[-9.5056, -9.4328, -6.8146, -5.5497, -4.2033, -9.4274, -37.6444]","[147.1542, 147.1035, 146.9681, 150.1486, 152.1667, 159.9603, 176.1819]","['Eastern Coral Triangle', 'Eastern Coral Triangle', 'Eastern Coral Triangle', 'Eastern Coral Triangle', 'Eastern Coral Triangle', 'Eastern Coral Triangle', 'Northern New Zealand']","[0.0, 69.95696299722576, 61.854775522253306, 5.6589919033296825, 23.981751949133905, 99.39469853492591, 193.63568721829458]","[27.659742682505247, np.float64(17.299506188361683), np.float64(14.529633633830745), np.float64(17.90733958059567), 54.69947537760602, np.float64(63.5993795865205), 0.0]",27.0907,622.5182,TAURANGA
syn_06486,3,Bulker,37806.0,5,"['NOUMEA', 'LAUTOKA', 'SUVA', 'VILA', 'NELSON']","['New Caledonia', 'Fiji', 'Fiji', 'Vanuatu', 'New Zealand']","[-22.2633, -17.6036, -18.1339, -17.754, -41.2611]","[166.4317, 177.4387, 178.4235, 168.3044, 173.2733]","['Tropical Southwestern Pacific', 'Tropical Southwestern Pacific', 'Tropical Southwestern Pacific', 'Tropical Southwestern Pacific', 'Southern New Zealand']","[0.0, 104.44509144675523, 8.996389775599507, 72.04138981180976, 215.8926971208776]","[30.969680041392373, np.float64(110.0388624605374), np.float64(92.25445923759209), np.float64(123.45574338827018), 0.0]",31.5873,727.1246,NELSON
syn_06487,3,Container,34067.0,5,"['LINCOLN', 'ARDROSSAN', 'KEMBLA', 'TOWNSVILLE', 'LYTTELTON']","['Australia', 'Australia', 'Australia', 'Australia', 'New Zealand']","[-34.7176, -34.4394, -34.4537, -19.0942, -43.606]","[135.8701, 137.9262, 150.8864, 146.9491, 172.7213]","['Southwest Australian Shelf', 'Southwest Australian Shelf', 'East Central Australian Shelf', 'Northeast Australian Shelf', 'Southern New Zealand']","[0.0, 5.411993131649913, 140.67212761640752, 56.82682809999276, 172.26888506020444]","[19.093184722351932, 34.41214162644126, np.float64(84.6114605449298), 11.472042584395746, 0.0]",21.8654,505.6755,LYTTELTON
syn_06488,3,General Cargo,12502.0,7,"['CAIRNS', 'GLADSTONE', 'FISHERMANS LANDING', 'NEWCASTLE', 'KEMBLA', 'BLUESCOPE', 'TAURANGA']","['Australia', 'Australia', 'Australia', 'Australia', 'Australia', 'Australia', 'New Zealand']","[-16.8017, -23.8351, -23.7873, -32.9182, -34.4537, -38.291, -37.6444]","[145.8833, 151.2712, 151.1761, 151.7701, 150.8864, 145.2292, 176.1819]","['Northeast Australian Shelf', 'Northeast Australian Shelf', 'Northeast Australian Shelf', 'East Central Australian Shelf', 'East Central Australian Shelf', 'Southeast Australian Shelf', 'Northern New Zealand']","[0.0, 58.027795210470856, 37.33420657364398, 42.6091998342009, 7.082250372659676, 64.50261064420593, 255.04197189180093]","[46.30791615346428, 36.18704467081262, 17.074589396921287, np.float64(34.79468808549307), np.float64(62.60303262256901), 66.88857190121269, 0.0]",30.3522,682.146,TAURANGA
syn_06489,3,General Cargo,19497.0,5,"['USELESS LOOP', 'SYDNEY', 'KEMBLA', 'BLUESCOPE', 'TAURANGA']","['Australia', 'Australia', 'Australia', 'Australia', 'New Zealand']","[-26.089, -33.8648, -34.4537, -38.291, -37.6444]","[113.4185, 151.1829, 150.8864, 145.2292, 176.1819]","['West Central Australian Shelf', 'East Central Australian Shelf', 'East Central Australian Shelf', 'Southeast Australian Shelf', 'Northern New Zealand']","[0.0, 315.7865150735191, 35.35987982455441, 57.55814567222717, 169.51097661412393]","[14.36607383865897, 60.965711023753585, np.float64(123.92827800380164), 64.85082214568429, 0.0]",35.0969,827.9603,TAURANGA
syn_06490,3,Container,12502.0,6,"['BRISBANE', 'NEWCASTLE', 'GEELONG', 'DEVONPORT', 'PORTLAND', 'NELSON']","['Australia', 'Australia', 'Australia', 'Australia', 'Australia', 'New Zealand']","[-27.3765, -32.9182, -38.096, -41.1873, -38.32, -41.2611]","[153.1665, 151.7701, 144.3819, 146.3638, 141.7092, 173.2733]","['East Central Australian Shelf', 'East Central Australian Shelf', 'Southeast Australian Shelf', 'Southeast Australian Shelf', 'Southeast Australian Shelf', 'Southern New Zealand']","[0.0, 20.253876214112086, 67.95806222974687, 6.256797612550088, 23.644378217789974, 114.05325871125659]","[np.float64(10.547470383315687), np.float64(38.9018827143082), np.float64(18.443834389337923), 11.139922432989884, 10.359888505567884, 0.0]",13.3983,311.0119,NELSON
syn_06491,3,Container,12502.0,7,"['HEDLAND', 'FREMANTLE', 'BURNIE', 'GLADSTONE', 'MACKAY', 'HAY POINT', 'GISBORNE']","['Australia', 'Australia', 'Australia', 'Australia', 'Australia', 'Australia', 'New Zealand']","[-20.0977, -32.051, -41.0534, -23.8351, -21.1059, -21.1629, -38.6751]","[118.5382, 115.7393, 145.9108, 151.2712, 149.2318, 149.3474, 178.0221]","['Northwest Australian Shelf', 'Southwest Australian Shelf', 'Southeast Australian Shelf', 'Northeast Australian Shelf', 'Northeast Australian Shelf', 'Northeast Australian Shelf', 'Northern New Zealand']","[0.0, 62.72261089989903, 111.29459953716298, 84.47359204197069, 24.36674101142414, 47.25892198012533, 216.10788149689014]","[9.321375680578592, 44.82045911360853, 6.815686651971142, 21.084979684226543, 6.9086761400840615, 13.693088523323365, 0.0]",27.0362,639.5472,GISBORNE
syn_06492,3,Tanker,12707.0,7,"['TOWNSVILLE', 'BRISBANE', 'NEWCASTLE', 'DEVONPORT', 'GEELONG', 'PORTLAND', 'WELLINGTON']","['Australia', 'Australia', 'Australia', 'Australia', 'Australia', 'Australia', 'New Zealand']","[-19.0942, -27.3765, -32.9182, -41.1873, -38.096, -38.32, -41.2746]","[146.9491, 153.1665, 151.7701, 146.3638, 144.3819, 141.7092, 174.7887]","['Northeast Australian Shelf', 'East Central Australian Shelf', 'East Central Australian Shelf', 'Southeast Australian Shelf', 'Southeast Australian Shelf', 'Southeast Australian Shelf', 'Southern New Zealand']","[0.0, 63.42530428684148, 59.19018703827071, 46.59926527760024, 18.096037862244042, 21.40739359116008, 153.34139642335396]","[56.38587735389131, np.float64(38.296176181862265), np.float64(10.362964789235786), 6.941107220927734, np.float64(28.827236363671677), 56.65179345142356, 0.0]",23.3135,503.1389,WELLINGTON
syn_06493,3,RoRo,21856.0,6,"['NAPA NAPA', 'MOTUKEA ISLAND', 'LAE', 'HONIARA', 'LUGANVILLE', 'AUCKLAND']","['Papua New Guinea', 'Papua New Guinea', 'Papua New Guinea', 'Solomon Islands', 'Vanuatu', 'New Zealand']","[-9.5056, -9.4328, -6.8146, -9.4274, -15.515, -36.8402]","[147.1542, 147.1035, 146.9681, 159.9603, 167.1867, 174.7721]","['Eastern Coral Triangle', 'Eastern Coral Triangle', 'Eastern Coral Triangle', 'Eastern Coral Triangle', 'Tropical Southwestern Pacific', 'Northern New Zealand']","[0.0, 32.58730103044674, 86.41328378726467, 70.21049682880488, 104.33612159263325, 268.0687198002159]","[58.99040269419203, np.float64(9.548817019111922), np.float64(74.63232064719514), np.float64(24.96654844274841), np.float64(6.73130218644416), 0.0]",30.6869,677.4949,AUCKLAND
syn_06494,3,RoRo,18556.0,7,"['SURABAYA', 'GRESIK, JAVA', 'SURABAYA', 'HAY POINT', 'MACKAY', 'MELBOURNE', 'TAURANGA']","['Indonesia', 'Indonesia', 'Indonesia', 'Australia', 'Australia', 'Australia', 'New Zealand']","[-6.8484, -7.1978, -6.8484, -21.1629, -21.1059, -37.844, -37.6444]","[112.7851, 112.7238, 112.7851, 149.3474, 149.2318, 144.905, 176.1819]","['Sunda Shelf', 'Sunda Shelf', 'Sunda Shelf', 'Northeast Australian Shelf', 'Northeast Australian Shelf', 'Southeast Australian Shelf', 'Northern New Zealand']","[0.0, 31.597296070925445, 50.72814168272162, 296.46440024208454, 74.89876826480736, 144.06625601108968, 197.1519981882736]","[129.95877436331992, 21.10806039217365, 19.59368044824831, 16.856589271917613, 19.130396067599992, np.float64(25.822439262201485), 0.0]",42.8074,897.418,TAURANGA
syn_06495,3,Container,22968.0,6,"['ADELAIDE', 'GEELONG', 'TAROONA', 'HOBART', 'KEMBLA', 'AUCKLAND']","['Australia', 'Australia', 'Australia', 'Australia', 'Australia', 'New Zealand']","[-34.8169, -38.096, -42.938, -42.8304, -34.4537, -36.8402]","[138.2816, 144.3819, 147.3863, 147.3195, 150.8864, 174.7721]","['Southwest Australian Shelf', 'Southeast Australian Shelf', 'Southeast Australian Shelf', 'Southeast Australian Shelf', 'East Central Australian Shelf', 'Northern New Zealand']","[0.0, 29.54865163876984, 47.77276511315785, 67.30729955238704, 30.984987421201968, 56.341482539853644]","[np.float64(37.51835296146407), np.float64(25.093950771991587), 105.51132597823721, 36.250649565197065, np.float64(63.2225634653957), 0.0]",20.8147,462.0337,AUCKLAND
syn_06496,3,Bulker,39828.0,7,"['NAPA NAPA', 'MOTUKEA ISLAND', 'TOWNSVILLE', 'BOTANY', 'MELBOURNE', 'ADELAIDE', 'TAURANGA']","['Papua New Guinea', 'Papua New Guinea', 'Australia', 'Australia', 'Australia', 'Australia', 'New Zealand']","[-9.5056, -9.4328, -19.0942, -33.9682, -37.844, -34.8169, -37.6444]","[147.1542, 147.1035, 146.9491, 151.2149, 144.905, 138.2816, 176.1819]","['Eastern Coral Triangle', 'Eastern Coral Triangle', 'Northeast Australian Shelf', 'East Central Australian Shelf', 'Southeast Australian Shelf', 'Southwest Australian Shelf', 'Northern New Zealand']","[0.0, 43.26539408485705, 76.33420747557575, 165.41587327100825, 61.064737807832955, 43.893168536249284, 291.7310756111618]","[48.1615663254359, np.float64(20.890594040790706), 19.007230036709064, np.float64(66.08993337746399), np.float64(97.56933294391224), np.float64(29.93626851779447), 0.0]",40.14,915.1978,TAURANGA
syn_06497,3,Bulker,37705.0,7,"['LAE', 'KIMBE', 'RABAUL', 'HONIARA', 'LUGANVILLE', 'VILA', 'TAURANGA']","['Papua New Guinea', 'Papua New Guinea', 'Papua New Guinea', 'Solomon Islands', 'Vanuatu', 'Vanuatu', 'New Zealand']","[-6.8146, -5.5497, -4.2033, -9.4274, -15.515, -17.754, -37.6444]","[146.9681, 150.1486, 152.1667, 159.9603, 167.1867, 168.3044, 176.1819]","['Eastern Coral Triangle', 'Eastern Coral Triangle', 'Eastern Coral Triangle', 'Eastern Coral Triangle', 'Tropical Southwestern Pacific', 'Tropical Southwestern Pacific', 'Northern New Zealand']","[0.0, 7.698708147550417, 37.92007579964924, 64.16298875961024, 85.74725835503082, 59.575201346225434, 117.9594339181519]","[np.float64(32.535572327109165), np.float64(25.507558459636797), 132.55968100607038, np.float64(98.0065534728671), np.float64(62.047521798664306), np.float64(37.333444652711734), 0.0]",31.7106,728.5184,TAURANGA
syn_06498,3,General Cargo,9032.0,7,"['NAPA NAPA', 'MOTUKEA ISLAND', 'LAE', 'HONIARA', 'LUGANVILLE', 'VILA', 'AUCKLAND']","['Papua New Guinea', 'Papua New Guinea', 'Papua New Guinea', 'Solomon Islands', 'Vanuatu', 'Vanuatu', 'New Zealand']","[-9.5056, -9.4328, -6.8146, -9.4274, -15.515, -17.754, -36.8402]","[147.1542, 147.1035, 146.9681, 159.9603, 167.1867, 168.3044, 174.7721]","['Eastern Coral Triangle', 'Eastern Coral Triangle', 'Eastern Coral Triangle', 'Eastern Coral Triangle', 'Tropical Southwestern Pacific', 'Tropical Southwestern Pacific', 'Northern New Zealand']","[0.0, 81.5537809058785, 52.78189248515029, 26.631324329972603, 33.14730229669341, 44.811600644212625, 161.54535118795678]","[13.342759528575483, np.float64(45.11523625850433), np.float64(34.544124368967296), np.float64(132.7230072033443), np.float64(19.02611159355408), np.float64(23.45119622902767), 0.0]",27.8614,655.3309,AUCKLAND
syn_06499,3,Bulker,37655.0,7,"['BRISBANE', 'VUDA', 'PRONY BAY', 'NOUMEA', 'VUDA', 'BOTANY', 'LYTTELTON']","['Australia', 'Fiji', 'New Caledonia', 'New Caledonia', 'Fiji', 'Australia', 'New Zealand']","[-27.3765, -17.6861, -22.3524, -22.2633, -17.6861, -33.9682, -43.606]","[153.1665, 177.3849, 166.8904, 166.4317, 177.3849, 151.2149, 172.7213]","['East Central Australian Shelf', 'Tropical Southwestern Pacific', 'Tropical Southwestern Pacific', 'Tropical Southwestern Pacific', 'Tropical Southwestern Pacific', 'East Central Australian Shelf', 'Southern New Zealand']","[0.0, 268.24925921776105, 140.8441454122289, 79.58445866599904, 76.60890013378729, 233.72788184373772, 113.76565981160904]","[np.float64(18.42740515983555), 71.21158993932272, 95.92894854815614, 24.262171393619795, 37.98922250166703, np.float64(69.64311679006646), 0.0]",51.2601,1211.8154,LYTTELTON
syn_06500,3,Bulker,34545.0,6,"['NEWCASTLE', 'MELBOURNE', 'GEELONG', 'THEVENARD', 'DEVONPORT', 'NELSON']","['Australia', 'Australia', 'Australia', 'Australia', 'Australia', 'New Zealand']","[-32.9182, -37.844, -38.096, -32.1493, -41.1873, -41.2611]","[151.7701, 144.905, 144.3819, 133.6409, 146.3638, 173.2733]","['East Central Australian Shelf', 'Southeast Australian Shelf', 'Southeast Australian Shelf', 'Southwest Australian Shelf', 'Southeast Australian Shelf', 'Southern New Zealand']","[0.0, 81.35462094792953, 81.95505227032811, 93.04116859578612, 88.51967374638355, 185.43501263254285]","[np.float64(52.13361844316445), np.float64(56.71853263766082), np.float64(51.00509485787028), 73.91629636385697, 13.419811731605007, 0.0]",32.3958,725.3653,NELSON
syn_06501,3,Bulker,37743.0,6,"['RABAUL', 'HONIARA', 'BRISBANE', 'NAPA NAPA', 'MOTUKEA ISLAND', 'TAURANGA']","['Papua New Guinea', 'Solomon Islands', 'Australia', 'Papua New Guinea', 'Papua New Guinea', 'New Zealand']","[-4.2033, -9.4274, -27.3765, -9.5056, -9.4328, -37.6444]","[152.1667, 159.9603, 153.1665, 147.1542, 147.1035, 176.1819]","['Eastern Coral Triangle', 'Eastern Coral Triangle', 'East Central Australian Shelf', 'Eastern Coral Triangle', 'Eastern Coral Triangle', 'Northern New Zealand']","[0.0, 88.21183369145162, 114.7407736212522, 101.48009780408132, 58.641145158222734, 223.79329672420852]","[67.58276587409398, np.float64(78.53736255465532), np.float64(56.075333530053044), 127.51620963383539, np.float64(13.015604920784053), 0.0]",38.7331,862.0117,TAURANGA
syn_06502,3,RoRo,19879.0,7,"['BRISBANE', 'TAROONA', 'HOBART', 'ADELAIDE', 'GEELONG', 'NEWCASTLE', 'GISBORNE']","['Australia', 'Australia', 'Australia', 'Australia', 'Australia', 'Australia', 'New Zealand']","[-27.3765, -42.938, -42.8304, -34.8169, -38.096, -32.9182, -38.6751]","[153.1665, 147.3863, 147.3195, 138.2816, 144.3819, 151.7701, 178.0221]","['East Central Australian Shelf', 'Southeast Australian Shelf', 'Southeast Australian Shelf', 'Southwest Australian Shelf', 'Southeast Australian Shelf', 'East Central Australian Shelf', 'Northern New Zealand']","[0.0, 62.15726156292664, 40.79021942870068, 45.5511620707476, 56.10175855617021, 68.9161364087549, 164.97391130261752]","[np.float64(26.461349681028004), 93.63132646658963, 52.24286109781178, np.float64(17.188263448303037), np.float64(77.65747793080492), np.float64(65.04921021246248), 0.0]",32.1134,744.2596,GISBORNE
syn_06503,3,Bulker,40259.0,5,"['MOTUKEA ISLAND', 'PRONY BAY', 'BOTANY', 'SUVA', 'TAURANGA']","['Papua New Guinea', 'New Caledonia', 'Australia', 'Fiji', 'New Zealand']","[-9.4328, -22.3524, -33.9682, -18.1339, -37.6444]","[147.1035, 166.8904, 151.2149, 178.4235, 176.1819]","['Eastern Coral Triangle', 'Tropical Southwestern Pacific', 'East Central Australian Shelf', 'Tropical Southwestern Pacific', 'Northern New Zealand']","[0.0, 144.73986475582822, 105.27940454825877, 211.83953048565337, 133.9052659771618]","[np.float64(24.356245323544833), 31.98073990220347, np.float64(63.25730024574658), np.float64(96.51017885458101), 0.0]",33.8279,787.5123,TAURANGA
syn_06504,3,Container,22314.0,5,"['TOWNSVILLE', 'BRISBANE', 'GEELONG', 'DEVONPORT', 'NELSON']","['Australia', 'Australia', 'Australia', 'Australia', 'New Zealand']","[-19.0942, -27.3765, -38.096, -41.1873, -41.2611]","[146.9491, 153.1665, 144.3819, 146.3638, 173.2733]","['Northeast Australian Shelf', 'East Central Australian Shelf', 'Southeast Australian Shelf', 'Southeast Australian Shelf', 'Southern New Zealand']","[0.0, 31.710533344617293, 47.75157192753843, 12.256641730972984, 65.23767449513338]","[7.856324138098849, np.float64(20.26487136116684), np.float64(38.221060333941665), 15.169487541748149, 0.0]",9.9362,230.6118,NELSON
syn_06505,3,Container,12502.0,7,"['KWINANA', 'FREMANTLE', 'ADELAIDE', 'MELBOURNE', 'KEMBLA', 'BRISBANE', 'AUCKLAND']","['Australia', 'Australia', 'Australia', 'Australia', 'Australia', 'Australia', 'New Zealand']","[-32.0435, -32.051, -34.8169, -37.844, -34.4537, -27.3765, -36.8402]","[115.6652, 115.7393, 138.2816, 144.905, 150.8864, 153.1665, 174.7721]","['Southwest Australian Shelf', 'Southwest Australian Shelf', 'Southwest Australian Shelf', 'Southeast Australian Shelf', 'East Central Australian Shelf', 'East Central Australian Shelf', 'Northern New Zealand']","[0.0, 30.338240249926802, 68.20997903169219, 21.691260248818036, 33.10676056165843, 56.303333594849335, 167.22349877190956]","[49.689551245135746, 45.21169428640627, np.float64(71.74199171623478), np.float64(17.260131212875695), np.float64(25.684702296195432), np.float64(37.2807305013946), 0.0]",25.9892,574.0523,AUCKLAND
syn_06506,3,Container,12502.0,5,"['TAROONA', 'HOBART', 'ADELAIDE', 'GEELONG', 'NEW PLYMOUTH']","['Australia', 'Australia', 'Australia', 'Australia', 'New Zealand']","[-42.938, -42.8304, -34.8169, -38.096, -39.0577]","[147.3863, 147.3195, 138.2816, 144.3819, 174.0346]","['Southeast Australian Shelf', 'Southeast Australian Shelf', 'Southwest Australian Shelf', 'Southeast Australian Shelf', 'Southern New Zealand']","[0.0, 42.5567070193242, 34.23816689660572, 30.65354501407661, 156.7172675805444]","[22.228620374297936, 8.3206109612284, np.float64(11.118885699132184), np.float64(18.118673288599442), 0.0]",13.498,301.7239,NEW PLYMOUTH
syn_06507,3,Other,4000.0,5,"['NEWCASTLE', 'KEMBLA', 'WHYALLA', 'ADELAIDE', 'GISBORNE']","['Australia', 'Australia', 'Australia', 'Australia', 'New Zealand']","[-32.9182, -34.4537, -33.0139, -34.8169, -38.6751]","[151.7701, 150.8864, 137.5918, 138.2816, 178.0221]","['East Central Australian Shelf', 'East Central Australian Shelf', 'Southwest Australian Shelf', 'Southwest Australian Shelf', 'Northern New Zealand']","[0.0, 4.843011031096102, 127.54761463825217, 75.75498726668897, 146.39372591315433]","[np.float64(9.981498345517087), np.float64(68.43982743115508), 80.46232208144305, np.float64(87.5795322125811), 0.0]",25.0418,591.021,GISBORNE
syn_06508,3,Container,17842.0,6,"['TOWNSVILLE', 'BRISBANE', 'BURNIE', 'GEELONG', 'ADELAIDE', 'NEW PLYMOUTH']","['Australia', 'Australia', 'Australia', 'Australia', 'Australia', 'New Zealand']","[-19.0942, -27.3765, -41.0534, -38.096, -34.8169, -39.0577]","[146.9491, 153.1665, 145.9108, 144.3819, 138.2816, 174.0346]","['Northeast Australian Shelf', 'East Central Australian Shelf', 'Southeast Australian Shelf', 'Southeast Australian Shelf', 'Southwest Australian Shelf', 'Southern New Zealand']","[0.0, 54.2463353980751, 87.20686852894946, 7.234830543006662, 23.52690004514831, 112.46640475904725]","[18.682798606226207, np.float64(21.755835794905735), 92.08317005384542, np.float64(70.31301582259776), np.float64(94.85427924799818), 0.0]",24.2654,563.6876,NEW PLYMOUTH
syn_06509,3,RoRo,21856.0,6,"['BALL BAY', 'CASCADE', 'BOTANY', 'VUDA', 'NADI BAY', 'NAPIER']","['Australia', 'Australia', 'Australia', 'Fiji', 'Fiji', 'New Zealand']","[-29.0496, -29.0094, -33.9682, -17.6861, -17.7162, -39.4759]","[167.9864, 167.9779, 151.2149, 177.3849, 177.371, 176.9184]","['Lord Howe and Norfolk Islands', 'Lord Howe and Norfolk Islands', 'East Central Australian Shelf', 'Tropical Southwestern Pacific', 'Tropical Southwestern Pacific', 'Southern New Zealand']","[0.0, 38.93547178193522, 77.89294806934494, 147.30703793916956, 42.89372278322487, 103.04309086227926]","[46.46047310651804, 55.90415739619297, np.float64(15.418972588330828), 15.017890610548102, 28.22372616762139, 0.0]",23.7957,524.637,NAPIER
syn_06510,3,Bulker,39758.0,7,"['BRISBANE', 'NEWCASTLE', 'MELBOURNE', 'GEELONG', 'THEVENARD', 'DEVONPORT', 'NELSON']","['Australia', 'Australia', 'Australia', 'Australia', 'Australia', 'Australia', 'New Zealand']","[-27.3765, -32.9182, -37.844, -38.096, -32.1493, -41.1873, -41.2611]","[153.1665, 151.7701, 144.905, 144.3819, 133.6409, 146.3638, 173.2733]","['East Central Australian Shelf', 'East Central Australian Shelf', 'Southeast Australian Shelf', 'Southeast Australian Shelf', 'Southwest Australian Shelf', 'Southeast Australian Shelf', 'Southern New Zealand']","[0.0, 46.55696605465833, 75.87255999858601, 52.82181280902114, 135.0372444555446, 159.79127265647955, 120.26649230310011]","[np.float64(58.621281991377984), np.float64(57.97241543921043), np.float64(119.514025093664), np.float64(116.16613862081157), 34.9394024471064, 41.66670390869444, 0.0]",42.4678,960.605,NELSON
syn_06511,3,Bulker,38852.0,6,"['KWINANA', 'FREMANTLE', 'ADELAIDE', 'MELBOURNE', 'KEMBLA', 'AUCKLAND']","['Australia', 'Australia', 'Australia', 'Australia', 'Australia', 'New Zealand']","[-32.0435, -32.051, -34.8169, -37.844, -34.4537, -36.8402]","[115.6652, 115.7393, 138.2816, 144.905, 150.8864, 174.7721]","['Southwest Australian Shelf', 'Southwest Australian Shelf', 'Southwest Australian Shelf', 'Southeast Australian Shelf', 'East Central Australian Shelf', 'Northern New Zealand']","[0.0, 59.95057964334521, 223.11885201096266, 46.666118456383906, 70.94678557857195, 159.6163221634369]","[123.20989375268788, 52.75450951750924, np.float64(15.554837129162294), np.float64(77.44516523728238), np.float64(96.00822376577474), 0.0]",38.553,802.0614,AUCKLAND
syn_06512,3,Tanker,4755.0,5,"['NOUMEA', 'LAUTOKA', 'SUVA', 'LUGANVILLE', 'TAURANGA']","['New Caledonia', 'Fiji', 'Fiji', 'Vanuatu', 'New Zealand']","[-22.2633, -17.6036, -18.1339, -15.515, -37.6444]","[166.4317, 177.4387, 178.4235, 167.1867, 176.1819]","['Tropical Southwestern Pacific', 'Tropical Southwestern Pacific', 'Tropical Southwestern Pacific', 'Tropical Southwestern Pacific', 'Northern New Zealand']","[0.0, 57.03170299468527, 7.978189892075109, 150.1637276442702, 195.1969734565884]","[34.44915216956856, np.float64(8.942297314036136), np.float64(79.37779001987862), np.float64(91.13530860371078), 0.0]",26.0115,589.826,TAURANGA
syn_06513,3,Container,12502.0,5,"['USELESS LOOP', 'SYDNEY', 'KEMBLA', 'BLUESCOPE', 'TAURANGA']","['Australia', 'Australia', 'Australia', 'Australia', 'New Zealand']","[-26.089, -33.8648, -34.4537, -38.291, -37.6444]","[113.4185, 151.1829, 150.8864, 145.2292, 176.1819]","['West Central Australian Shelf', 'East Central Australian Shelf', 'East Central Australian Shelf', 'Southeast Australian Shelf', 'Northern New Zealand']","[0.0, 206.31167728523025, 52.93525768014569, 34.31699280266796, 164.47308411205773]","[6.644804364802391, 42.62479864894027, np.float64(49.92116060420456), 10.040459127015149, 0.0]",23.6362,560.6234,TAURANGA
syn_06514,3,General Cargo,40527.0,6,"['BRISBANE', 'ALMA', 'BURNIE', 'DEVONPORT', 'MELBOURNE', 'NEW PLYMOUTH']","['Australia', 'Australia', 'Australia', 'Australia', 'Australia', 'New Zealand']","[-27.3765, -23.5832, -41.0534, -41.1873, -37.844, -39.0577]","[153.1665, 150.8631, 145.9108, 146.3638, 144.905, 174.0346]","['East Central Australian Shelf', 'Northeast Australian Shelf', 'Southeast Australian Shelf', 'Southeast Australian Shelf', 'Southeast Australian Shelf', 'Southern New Zealand']","[0.0, 35.20413131211646, 121.09089798263493, 61.57511943192405, 10.941293586102404, 80.6277392343156]","[np.float64(22.79255479905497), 47.22738676600071, 99.7551012063968, 49.61022326488429, np.float64(27.65718132027595), 0.0]",23.1867,533.6891,NEW PLYMOUTH
syn_06515,3,General Cargo,9032.0,5,"['FISHERMANS LANDING', 'NEWCASTLE', 'LINCOLN', 'SUVA', 'GISBORNE']","['Australia', 'Australia', 'Australia', 'Fiji', 'New Zealand']","[-23.7873, -32.9182, -34.7176, -18.1339, -38.6751]","[151.1761, 151.7701, 135.8701, 178.4235, 178.0221]","['Northeast Australian Shelf', 'East Central Australian Shelf', 'Southwest Australian Shelf', 'Tropical Southwestern Pacific', 'Northern New Zealand']","[0.0, 40.60013481503011, 94.55883609094748, 191.02597014118942, 133.72393497483986]","[29.184500860248747, np.float64(27.436076169540133), 24.854191854475932, np.float64(99.18349459085745), 0.0]",26.6903,611.3826,GISBORNE
syn_06516,3,Bulker,39828.0,6,"['VIT_RIA', 'PARANAGU_', 'PARANAGUA', 'IMBITUBA', 'PUNTA ARENAS', 'TAURANGA']","['Brazil', 'Brazil', 'Brazil', 'Brazil', 'Chile', 'New Zealand']","[-20.3247, -25.4891, -25.7154, -28.1921, -53.1954, -37.6444]","[-40.3331, -48.4598, -48.2778, -48.605, -70.9036, 176.1819]","['Tropical Southwestern Atlantic', 'Warm Temperate Southwestern Atlantic', 'Warm Temperate Southwestern Atlantic', 'Warm Temperate Southwestern Atlantic', 'Magellanic', 'Northern New Zealand']","[0.0, 90.6887374129275, 45.569778770820484, 47.57725472130867, 226.3332628535703, 584.9486870086903]","[122.991630769198, 105.97648315001503, 77.53817204717494, 30.350558651410875, 48.28530402498947, 0.0]",57.5108,1257.2682,TAURANGA
syn_06517,3,RoRo,17339.0,5,"['LAE', 'KIMBE', 'RABAUL', 'HONIARA', 'TAURANGA']","['Papua New Guinea', 'Papua New Guinea', 'Papua New Guinea', 'Solomon Islands', 'New Zealand']","[-6.8146, -5.5497, -4.2033, -9.4274, -37.6444]","[146.9681, 150.1486, 152.1667, 159.9603, 176.1819]","['Eastern Coral Triangle', 'Eastern Coral Triangle', 'Eastern Coral Triangle', 'Eastern Coral Triangle', 'Northern New Zealand']","[0.0, 6.932372986334688, 20.06566851248969, 79.10494227136635, 131.97720802644466]","[np.float64(22.253303377343546), np.float64(10.035945858312145), 23.489033403255316, np.float64(76.46104124406716), 0.0]",15.43,348.0662,TAURANGA
syn_06518,3,Container,12502.0,6,"['LAE', 'KIMBE', 'RABAUL', 'HONIARA', 'BRISBANE', 'TAURANGA']","['Papua New Guinea', 'Papua New Guinea', 'Papua New Guinea', 'Solomon Islands', 'Australia', 'New Zealand']","[-6.8146, -5.5497, -4.2033, -9.4274, -27.3765, -37.6444]","[146.9681, 150.1486, 152.1667, 159.9603, 153.1665, 176.1819]","['Eastern Coral Triangle', 'Eastern Coral Triangle', 'Eastern Coral Triangle', 'Eastern Coral Triangle', 'East Central Australian Shelf', 'Northern New Zealand']","[0.0, 6.179840860187983, 28.93264521282669, 43.349959355953594, 116.16157103862272, 81.39807826487399]","[np.float64(112.05576300917335), np.float64(7.447338238237709), 52.12596059925474, np.float64(12.982637751678222), np.float64(21.267043502226056), 0.0]",20.0792,369.8451,TAURANGA
syn_06519,3,Container,12502.0,6,"['LAE', 'KIMBE', 'RABAUL', 'HONIARA', 'LUGANVILLE', 'AUCKLAND']","['Papua New Guinea', 'Papua New Guinea', 'Papua New Guinea', 'Solomon Islands', 'Vanuatu', 'New Zealand']","[-6.8146, -5.5497, -4.2033, -9.4274, -15.515, -36.8402]","[146.9681, 150.1486, 152.1667, 159.9603, 167.1867, 174.7721]","['Eastern Coral Triangle', 'Eastern Coral Triangle', 'Eastern Coral Triangle', 'Eastern Coral Triangle', 'Tropical Southwestern Pacific', 'Northern New Zealand']","[0.0, 6.179840860187983, 15.338346931106805, 42.494855117223224, 41.82124892257018, 66.76307290963334]","[np.float64(13.952098487190593), np.float64(7.079867883834491), 61.569814083077375, np.float64(12.301144181960607), np.float64(33.50545549526649), 0.0]",12.5419,287.0536,AUCKLAND
syn_06520,3,Container,22708.0,5,"['ESPERANCE', 'GERALDTON', 'HEDLAND', 'KEMBLA', 'GISBORNE']","['Australia', 'Australia', 'Australia', 'Australia', 'New Zealand']","[-33.8718, -28.6797, -20.0977, -34.4537, -38.6751]","[121.8997, 114.5095, 118.5382, 150.8864, 178.0221]","['Southwest Australian Shelf', 'West Central Australian Shelf', 'Northwest Australian Shelf', 'East Central Australian Shelf', 'Northern New Zealand']","[0.0, 38.87023785108022, 103.05159672973106, 321.43895556852726, 70.49637558780994]","[27.91797356655094, 23.177558910825457, 20.169790057791282, np.float64(80.275782208946), 0.0]",28.5583,657.4803,GISBORNE
syn_06521,3,Container,12502.0,5,"['LAE', 'BRISBANE', 'BOTANY', 'MELBOURNE', 'AUCKLAND']","['Papua New Guinea', 'Australia', 'Australia', 'Australia', 'New Zealand']","[-6.8146, -27.3765, -33.9682, -37.844, -36.8402]","[146.9681, 153.1665, 151.2149, 144.905, 174.7721]","['Eastern Coral Triangle', 'East Central Australian Shelf', 'East Central Australian Shelf', 'Southeast Australian Shelf', 'Northern New Zealand']","[0.0, 54.30105935751757, 67.22087020451637, 43.08118700363965, 116.71754641212641]","[np.float64(11.421563133617827), np.float64(10.102335881751802), np.float64(44.01285441872692), np.float64(8.393007117746226), 0.0]",14.8021,343.8289,AUCKLAND
syn_06522,3,Bulker,38896.0,7,"['SURABAYA', 'HAY POINT', 'MACKAY', 'TOWNSVILLE', 'GEELONG', 'PORTLAND', 'WELLINGTON']","['Indonesia', 'Australia', 'Australia', 'Australia', 'Australia', 'Australia', 'New Zealand']","[-6.8484, -21.1629, -21.1059, -19.0942, -38.096, -38.32, -41.2746]","[112.7851, 149.3474, 149.2318, 146.9491, 144.3819, 141.7092, 174.7887]","['Sunda Shelf', 'Northeast Australian Shelf', 'Northeast Australian Shelf', 'Northeast Australian Shelf', 'Southeast Australian Shelf', 'Southeast Australian Shelf', 'Southern New Zealand']","[0.0, 263.8964318860408, 62.79023564818733, 29.241063071186833, 157.54383092878837, 23.563535635168215, 118.78246068381978]","[21.778044831112545, 43.43911049204964, 100.1736838005846, 68.36223989963085, np.float64(114.98833284250185), 55.19870071552247, 0.0]",44.1566,1037.9796,WELLINGTON
syn_06523,3,Container,13048.0,7,"['BALL BAY', 'CASCADE', 'BOTANY', 'VUDA', 'NADI BAY', 'NOUMEA', 'NEW PLYMOUTH']","['Australia', 'Australia', 'Australia', 'Fiji', 'Fiji', 'New Caledonia', 'New Zealand']","[-29.0496, -29.0094, -33.9682, -17.6861, -17.7162, -22.2633, -39.0577]","[167.9864, 167.9779, 151.2149, 177.3849, 177.371, 166.4317, 174.0346]","['Lord Howe and Norfolk Islands', 'Lord Howe and Norfolk Islands', 'East Central Australian Shelf', 'Tropical Southwestern Pacific', 'Tropical Southwestern Pacific', 'Tropical Southwestern Pacific', 'Southern New Zealand']","[0.0, 45.678108167638584, 98.3679349730343, 218.75158320154787, 48.0656437078581, 68.76959508757938, 64.49288687944886]","[9.733311295921311, 27.123127866575032, np.float64(10.145791204803759), 34.714844958270035, 7.983371032998161, 53.1111580805757, 0.0]",28.6224,677.204,NEW PLYMOUTH
syn_06524,3,Bulker,33263.0,6,"['BIRINGKASSI', 'GEELONG', 'MELBOURNE', 'KEMBLA', 'BLUESCOPE', 'TAURANGA']","['Indonesia', 'Australia', 'Australia', 'Australia', 'Australia', 'New Zealand']","[-4.816, -38.096, -37.844, -34.4537, -38.291, -37.6444]","[119.4552, 144.3819, 144.905, 150.8864, 145.2292, 176.1819]","['Western Coral Triangle', 'Southeast Australian Shelf', 'Southeast Australian Shelf', 'East Central Australian Shelf', 'Southeast Australian Shelf', 'Northern New Zealand']","[0.0, 367.29195678447365, 52.29058666514933, 100.09738693786456, 50.3659865482665, 176.8820604544567]","[32.02713165619282, np.float64(111.8414164371797), np.float64(12.61910842594849), np.float64(48.16284271483112), 96.28327319214414, 0.0]",43.6609,1015.8346,TAURANGA
syn_06525,3,Bulker,39828.0,6,"['LAE', 'KIMBE', 'RABAUL', 'HONIARA', 'BRISBANE', 'TAURANGA']","['Papua New Guinea', 'Papua New Guinea', 'Papua New Guinea', 'Solomon Islands', 'Australia', 'New Zealand']","[-6.8146, -5.5497, -4.2033, -9.4274, -27.3765, -37.6444]","[146.9681, 150.1486, 152.1667, 159.9603, 153.1665, 176.1819]","['Eastern Coral Triangle', 'Eastern Coral Triangle', 'Eastern Coral Triangle', 'Eastern Coral Triangle', 'East Central Australian Shelf', 'Northern New Zealand']","[0.0, 4.029246761632082, 41.14024861976326, 106.47144868135909, 161.77173930950696, 228.408090990255]","[np.float64(58.94945598564713), np.float64(20.530081438955033), 9.406300750105089, np.float64(115.09872608693269), np.float64(120.48989068573657), 0.0]",36.0956,807.3458,TAURANGA
syn_06526,3,Bulker,34443.0,7,"['GEELONG', 'BRISBANE', 'TAROONA', 'HOBART', 'KEMBLA', 'NEWCASTLE', 'AUCKLAND']","['Australia', 'Australia', 'Australia', 'Australia', 'Australia', 'Australia', 'New Zealand']","[-38.096, -27.3765, -42.938, -42.8304, -34.4537, -32.9182, -36.8402]","[144.3819, 153.1665, 147.3863, 147.3195, 150.8864, 151.7701, 174.7721]","['Southeast Australian Shelf', 'East Central Australian Shelf', 'Southeast Australian Shelf', 'Southeast Australian Shelf', 'East Central Australian Shelf', 'East Central Australian Shelf', 'Northern New Zealand']","[0.0, 110.98461295540378, 79.33895292745599, 64.65141512763427, 58.76231308157436, 6.5439387067842825, 177.05794588591812]","[np.float64(56.660705317540675), np.float64(83.16769673389828), 104.27570719125491, 104.6132238718795, np.float64(131.23454266397889), np.float64(23.3090689952128), 0.0]",41.6917,943.9394,AUCKLAND
syn_06527,3,Tanker,4752.0,6,"['COWES', 'LONG ISLAND POINT', 'PRONY BAY', 'BOTANY', 'BRISBANE', 'NEW PLYMOUTH']","['Australia', 'Australia', 'New Caledonia', 'Australia', 'Australia', 'New Zealand']","[-38.4372, -38.2983, -22.3524, -33.9682, -27.3765, -39.0577]","[145.2507, 145.2386, 166.8904, 151.2149, 153.1665, 174.0346]","['Southeast Australian Shelf', 'Southeast Australian Shelf', 'Tropical Southwestern Pacific', 'East Central Australian Shelf', 'East Central Australian Shelf', 'Southern New Zealand']","[0.0, 70.72341865830985, 157.0509603783211, 120.40718557505771, 57.45664634269884, 115.84070665963462]","[10.738381764573864, 42.10116746987359, 12.543729116728509, np.float64(82.19237758876537), np.float64(10.783925851943799), 0.0]",28.3266,669.1001,NEW PLYMOUTH
syn_06528,3,Bulker,36861.0,7,"['NEW PRIOK', 'KWINANA', 'FREMANTLE', 'ADELAIDE', 'MELBOURNE', 'KEMBLA', 'AUCKLAND']","['Indonesia', 'Australia', 'Australia', 'Australia', 'Australia', 'Australia', 'New Zealand']","[-6.0976, -32.0435, -32.051, -34.8169, -37.844, -34.4537, -36.8402]","[106.884, 115.6652, 115.7393, 138.2816, 144.905, 150.8864, 174.7721]","['Java Transitional', 'Southwest Australian Shelf', 'Southwest Australian Shelf', 'Southwest Australian Shelf', 'Southeast Australian Shelf', 'East Central Australian Shelf', 'Northern New Zealand']","[0.0, 297.13277526486087, 73.54483377033931, 126.19891438021146, 44.05002319244598, 52.61921817457028, 167.2706703034743]","[121.41912605863332, 27.392164831631007, 121.95299915963697, np.float64(27.844615294266944), np.float64(77.60231361987353), np.float64(30.10294201251403), 0.0]",48.6304,1045.7115,AUCKLAND
syn_06529,3,Bulker,38896.0,6,"['NOUMEA', 'LAUTOKA', 'SUVA', 'VILA', 'LUGANVILLE', 'AUCKLAND']","['New Caledonia', 'Fiji', 'Fiji', 'Vanuatu', 'Vanuatu', 'New Zealand']","[-22.2633, -17.6036, -18.1339, -17.754, -15.515, -36.8402]","[166.4317, 177.4387, 178.4235, 168.3044, 167.1867, 174.7721]","['Tropical Southwestern Pacific', 'Tropical Southwestern Pacific', 'Tropical Southwestern Pacific', 'Tropical Southwestern Pacific', 'Tropical Southwestern Pacific', 'Northern New Zealand']","[0.0, 115.44598566962493, 9.281343067832948, 56.44849501632204, 66.70628745220905, 157.73862796120923]","[28.829190887593946, np.float64(30.670736707593672), np.float64(20.885971972235776), np.float64(19.272917623290617), np.float64(63.808620862035454), 0.0]",23.712,540.259,AUCKLAND
syn_06530,3,Container,5923.0,7,"['ALBANY', 'ESPERANCE', 'THEVENARD', 'BUNDABERG', 'GLADSTONE', 'SOUTH TREES', 'GISBORNE']","['Australia', 'Australia', 'Australia', 'Australia', 'Australia', 'Australia', 'New Zealand']","[-35.0344, -33.8718, -32.1493, -24.7706, -23.8351, -23.8483, -38.6751]","[117.8934, 121.8997, 133.6409, 152.3816, 151.2712, 151.3268, 178.0221]","['Southwest Australian Shelf', 'Southwest Australian Shelf', 'Southwest Australian Shelf', 'East Central Australian Shelf', 'Northeast Australian Shelf', 'Northeast Australian Shelf', 'Northern New Zealand']","[0.0, 12.14985803854238, 38.03173012011503, 208.7606882367748, 52.066294324061836, 29.378875351778692, 212.4938102619364]","[24.89419035482778, 18.553459305964083, 29.769981650941457, 16.544749141335505, 32.159261239943916, 44.31032057387978, 0.0]",29.9631,694.219,GISBORNE
syn_06531,3,Bulker,37155.0,6,"['LAE', 'KIMBE', 'RABAUL', 'HONIARA', 'LUGANVILLE', 'AUCKLAND']","['Papua New Guinea', 'Papua New Guinea', 'Papua New Guinea', 'Solomon Islands', 'Vanuatu', 'New Zealand']","[-6.8146, -5.5497, -4.2033, -9.4274, -15.515, -36.8402]","[146.9681, 150.1486, 152.1667, 159.9603, 167.1867, 174.7721]","['Eastern Coral Triangle', 'Eastern Coral Triangle', 'Eastern Coral Triangle', 'Eastern Coral Triangle', 'Tropical Southwestern Pacific', 'Northern New Zealand']","[0.0, 3.517738039331278, 61.672751532843264, 103.91592799259107, 76.48820614555066, 126.67231946429217]","[np.float64(113.0611082600946), np.float64(17.833011944385202), 47.90849539258904, np.float64(35.97049843663286), np.float64(113.82130611919048), 0.0]",29.2026,587.8003,AUCKLAND
syn_06532,3,General Cargo,19497.0,7,"['TOWNSVILLE', 'BRISBANE', 'GEELONG', 'DEVONPORT', 'PORTLAND', 'BLUESCOPE', 'TAURANGA']","['Australia', 'Australia', 'Australia', 'Australia', 'Australia', 'Australia', 'New Zealand']","[-19.0942, -27.3765, -38.096, -41.1873, -38.32, -38.291, -37.6444]","[146.9491, 153.1665, 144.3819, 146.3638, 141.7092, 145.2292, 176.1819]","['Northeast Australian Shelf', 'East Central Australian Shelf', 'Southeast Australian Shelf', 'Southeast Australian Shelf', 'Southeast Australian Shelf', 'Southeast Australian Shelf', 'Northern New Zealand']","[0.0, 42.607730742900145, 62.75734738201948, 6.106179793349815, 29.203266466537546, 12.180136010090859, 121.30545552448388]","[52.996673202580034, np.float64(36.71267647037414), np.float64(103.82752033724977), 85.80323527567701, 9.478559226620174, 15.797475797466562, 0.0]",24.1157,525.7796,TAURANGA
syn_06533,3,Container,12502.0,5,"['NOUMEA', 'LAUTOKA', 'SUVA', 'VILA', 'TAURANGA']","['New Caledonia', 'Fiji', 'Fiji', 'Vanuatu', 'New Zealand']","[-22.2633, -17.6036, -18.1339, -17.754, -37.6444]","[166.4317, 177.4387, 178.4235, 168.3044, 176.1819]","['Tropical Southwestern Pacific', 'Tropical Southwestern Pacific', 'Tropical Southwestern Pacific', 'Tropical Southwestern Pacific', 'Northern New Zealand']","[0.0, 49.805975890221994, 10.410379760278628, 38.32458946550343, 78.14497761194362]","[18.09243918661228, np.float64(103.89221068395186), np.float64(28.81344517440772), np.float64(27.371031565448664), 0.0]",14.7856,336.7626,TAURANGA
syn_06534,3,Container,12502.0,6,"['NEWCASTLE', 'VAVOUTO', 'NEWCASTLE', 'PRONY BAY', 'NOUMEA', 'NEW PLYMOUTH']","['Australia', 'New Caledonia', 'Australia', 'New Caledonia', 'New Caledonia', 'New Zealand']","[-32.9182, -21.0033, -32.9182, -22.3524, -22.2633, -39.0577]","[151.7701, 164.6667, 151.7701, 166.8904, 166.4317, 174.0346]","['East Central Australian Shelf', 'Tropical Southwestern Pacific', 'East Central Australian Shelf', 'Tropical Southwestern Pacific', 'Tropical Southwestern Pacific', 'Southern New Zealand']","[0.0, 64.9110691807382, 64.40936232659972, 102.17350923283308, 45.36825917236126, 102.94666949714109]","[np.float64(13.749977637954368), 11.46775662245854, np.float64(47.26885140626054), 8.354742119973507, 15.613683559497355, 0.0]",19.8443,462.5139,NEW PLYMOUTH
syn_06535,3,Container,17842.0,6,"['NAPA NAPA', 'MOTUKEA ISLAND', 'LAE', 'HONIARA', 'LUGANVILLE', 'AUCKLAND']","['Papua New Guinea', 'Papua New Guinea', 'Papua New Guinea', 'Solomon Islands', 'Vanuatu', 'New Zealand']","[-9.5056, -9.4328, -6.8146, -9.4274, -15.515, -36.8402]","[147.1542, 147.1035, 146.9681, 159.9603, 167.1867, 174.7721]","['Eastern Coral Triangle', 'Eastern Coral Triangle', 'Eastern Coral Triangle', 'Eastern Coral Triangle', 'Tropical Southwestern Pacific', 'Northern New Zealand']","[0.0, 17.864509954840987, 44.88318936207013, 91.2182095748782, 38.85704126508111, 123.94738607055507]","[19.81465836835462, np.float64(17.893858552001195), np.float64(32.500727765347115), np.float64(15.917948917041926), np.float64(35.33635537067143), 0.0]",18.2597,418.4192,AUCKLAND
syn_06536,3,Bulker,39828.0,6,"['ALBANY', 'ESPERANCE', 'THEVENARD', 'BUNDABERG', 'GLADSTONE', 'NAPIER']","['Australia', 'Australia', 'Australia', 'Australia', 'Australia', 'New Zealand']","[-35.0344, -33.8718, -32.1493, -24.7706, -23.8351, -39.4759]","[117.8934, 121.8997, 133.6409, 152.3816, 151.2712, 176.9184]","['Southwest Australian Shelf', 'Southwest Australian Shelf', 'Southwest Australian Shelf', 'East Central Australian Shelf', 'Northeast Australian Shelf', 'Southern New Zealand']","[0.0, 22.461546213093722, 61.458700048559145, 227.96712144678537, 46.06017929368311, 194.4780896686826]","[68.0039928584869, 32.630005217268916, 20.307800148689587, 26.650394283994554, 114.73975653805276, 0.0]",33.9482,746.7536,NAPIER
syn_06537,3,Bulker,32701.0,5,"['NAPA NAPA', 'MOTUKEA ISLAND', 'LAE', 'HONIARA', 'AUCKLAND']","['Papua New Guinea', 'Papua New Guinea', 'Papua New Guinea', 'Solomon Islands', 'New Zealand']","[-9.5056, -9.4328, -6.8146, -9.4274, -36.8402]","[147.1542, 147.1035, 146.9681, 159.9603, 174.7721]","['Eastern Coral Triangle', 'Eastern Coral Triangle', 'Eastern Coral Triangle', 'Eastern Coral Triangle', 'Northern New Zealand']","[0.0, 81.82016948016754, 58.48588344513049, 110.13994185029969, 237.87646018789846]","[59.417800842216316, np.float64(32.71752989604528), np.float64(22.722586323319703), np.float64(53.11879197288218), 0.0]",27.3458,596.8814,AUCKLAND
syn_06538,3,RoRo,19879.0,5,"['TOWNSVILLE', 'BRISBANE', 'BURNIE', 'GEELONG', 'AUCKLAND']","['Australia', 'Australia', 'Australia', 'Australia', 'New Zealand']","[-19.0942, -27.3765, -41.0534, -38.096, -36.8402]","[146.9491, 153.1665, 145.9108, 144.3819, 174.7721]","['Northeast Australian Shelf', 'East Central Australian Shelf', 'Southeast Australian Shelf', 'Southeast Australian Shelf', 'Northern New Zealand']","[0.0, 50.56868533803763, 65.8455090642796, 7.289721065409316, 272.8418467291392]","[60.62619461437849, np.float64(33.43232067675639), 42.32124801555799, np.float64(42.97375691237587), 0.0]",23.9958,515.2731,AUCKLAND
syn_06539,3,Bulker,33963.0,7,"['GERALDTON', 'BUNBURY', 'THEVENARD', 'BRISBANE', 'KEMBLA', 'MELBOURNE', 'AUCKLAND']","['Australia', 'Australia', 'Australia', 'Australia', 'Australia', 'Australia', 'New Zealand']","[-28.6797, -33.3243, -32.1493, -27.3765, -34.4537, -37.844, -36.8402]","[114.5095, 115.6615, 133.6409, 153.1665, 150.8864, 144.905, 174.7721]","['West Central Australian Shelf', 'Southwest Australian Shelf', 'Southwest Australian Shelf', 'East Central Australian Shelf', 'East Central Australian Shelf', 'Southeast Australian Shelf', 'Northern New Zealand']","[0.0, 49.05606531812012, 154.13904930128234, 188.1999154455657, 69.12001819218676, 87.58795547269327, 193.23192461369587]","[126.0216721080601, 11.01336894197426, 49.35906519969687, np.float64(107.25104572753229), np.float64(58.412541397736696), np.float64(57.07496037489416), 0.0]",47.9361,1024.4459,AUCKLAND
syn_06540,3,Bulker,37657.0,5,"['EST', 'KWINANA', 'FREMANTLE', 'MELBOURNE', 'AUCKLAND']","['RÃ\x83Â©union', 'Australia', 'Australia', 'Australia', 'New Zealand']","[-20.9327, -32.0435, -32.051, -37.844, -36.8402]","[55.3178, 115.6652, 115.7393, 144.905, 174.7721]","['Western Indian Ocean', 'Southwest Australian Shelf', 'Southwest Australian Shelf', 'Southeast Australian Shelf', 'Northern New Zealand']","[0.0, 743.1410728328179, 55.33413585466093, 143.96157476203885, 148.7225419358713]","[62.36905031573874, 27.035450152240053, 23.25129732630851, np.float64(34.80941255490128), 0.0]",51.6094,1176.2555,AUCKLAND
syn_06541,3,RoRo,18556.0,7,"['HEDLAND', 'DAMPIER', 'FREMANTLE', 'KWINANA', 'GEELONG', 'LAE', 'TAURANGA']","['Australia', 'Australia', 'Australia', 'Australia', 'Australia', 'Papua New Guinea', 'New Zealand']","[-20.0977, -20.38, -32.051, -32.0435, -38.096, -6.8146, -37.6444]","[118.5382, 116.6317, 115.7393, 115.6652, 144.3819, 146.9681, 176.1819]","['Northwest Australian Shelf', 'Northwest Australian Shelf', 'Southwest Australian Shelf', 'Southwest Australian Shelf', 'Southeast Australian Shelf', 'Eastern Coral Triangle', 'Northern New Zealand']","[0.0, 9.32920871395193, 51.5372681359788, 37.78918054318489, 221.4328776445589, 213.6106173580127, 275.6896258940536]","[71.11325536698284, 31.273256576567064, 39.117963256191, 11.918733413782347, np.float64(68.96704172168977), np.float64(57.910663359272846), 0.0]",45.4037,1018.5764,TAURANGA
syn_06542,3,Bulker,37650.0,7,"['KWINANA', 'FREMANTLE', 'ADELAIDE', 'MELBOURNE', 'GEELONG', 'PORTLAND', 'WELLINGTON']","['Australia', 'Australia', 'Australia', 'Australia', 'Australia', 'Australia', 'New Zealand']","[-32.0435, -32.051, -34.8169, -37.844, -38.096, -38.32, -41.2746]","[115.6652, 115.7393, 138.2816, 144.905, 144.3819, 141.7092, 174.7887]","['Southwest Australian Shelf', 'Southwest Australian Shelf', 'Southwest Australian Shelf', 'Southeast Australian Shelf', 'Southeast Australian Shelf', 'Southeast Australian Shelf', 'Southern New Zealand']","[0.0, 56.04166685407239, 104.24545937003116, 48.409564451353944, 38.881048323128354, 25.914360334402872, 216.08540135612216]","[68.37990757456927, 119.1610506210589, np.float64(81.61714767955615), np.float64(47.65685661709015), np.float64(94.21124830458058), 56.092683694312896, 0.0]",39.8623,888.3165,WELLINGTON
syn_06543,3,Bulker,36903.0,6,"['CASCADE', 'BOTANY', 'VUDA', 'NADI BAY', 'NOUMEA', 'NEW PLYMOUTH']","['Australia', 'Australia', 'Fiji', 'Fiji', 'New Caledonia', 'New Zealand']","[-29.0094, -33.9682, -17.6861, -17.7162, -22.2633, -39.0577]","[167.9779, 151.2149, 177.3849, 177.371, 166.4317, 174.0346]","['Lord Howe and Norfolk Islands', 'East Central Australian Shelf', 'Tropical Southwestern Pacific', 'Tropical Southwestern Pacific', 'Tropical Southwestern Pacific', 'Southern New Zealand']","[0.0, 102.00602874633869, 286.9772545844728, 64.64800419805682, 123.78393293671934, 144.0750666791718]","[112.88709430677474, np.float64(22.276443279778398), 89.09033786359223, 55.79039005662702, 18.769239532639652, 0.0]",42.5127,907.4167,NEW PLYMOUTH
syn_06544,3,Container,12502.0,7,"['KWINANA', 'FREMANTLE', 'ADELAIDE', 'MELBOURNE', 'KEMBLA', 'BRISBANE', 'AUCKLAND']","['Australia', 'Australia', 'Australia', 'Australia', 'Australia', 'Australia', 'New Zealand']","[-32.0435, -32.051, -34.8169, -37.844, -34.4537, -27.3765, -36.8402]","[115.6652, 115.7393, 138.2816, 144.905, 150.8864, 153.1665, 174.7721]","['Southwest Australian Shelf', 'Southwest Australian Shelf', 'Southwest Australian Shelf', 'Southeast Australian Shelf', 'East Central Australian Shelf', 'East Central Australian Shelf', 'Northern New Zealand']","[0.0, 27.61307223804035, 107.3710206757138, 31.72919824835242, 34.60507181824276, 37.07599921175344, 142.49602591640948]","[7.088918258798183, 92.33921667583947, np.float64(26.650983405046585), np.float64(26.939130983290614), np.float64(99.98338750234775), np.float64(45.57263453772274), 0.0]",28.311,672.3757,AUCKLAND
syn_06545,3,General Cargo,5351.0,6,"['GERALDTON', 'BUNBURY', 'THEVENARD', 'BRISBANE', 'KEMBLA', 'WELLINGTON']","['Australia', 'Australia', 'Australia', 'Australia', 'Australia', 'New Zealand']","[-28.6797, -33.3243, -32.1493, -27.3765, -34.4537, -41.2746]","[114.5095, 115.6615, 133.6409, 153.1665, 150.8864, 174.7887]","['West Central Australian Shelf', 'Southwest Australian Shelf', 'Southwest Australian Shelf', 'East Central Australian Shelf', 'East Central Australian Shelf', 'Southern New Zealand']","[0.0, 35.864512526530696, 145.00345038871566, 134.6723770324714, 35.162166144518714, 107.98643008453989]","[27.874657303102474, 33.551322104904195, 21.748929889056424, np.float64(85.70011860351983), np.float64(19.41980373127141), 0.0]",26.9577,619.1091,WELLINGTON
syn_06546,3,Bulker,42446.0,6,"['BRISBANE', 'ALMA', 'BURNIE', 'DEVONPORT', 'MELBOURNE', 'NEW PLYMOUTH']","['Australia', 'Australia', 'Australia', 'Australia', 'Australia', 'New Zealand']","[-27.3765, -23.5832, -41.0534, -41.1873, -37.844, -39.0577]","[153.1665, 150.8631, 145.9108, 146.3638, 144.905, 174.0346]","['East Central Australian Shelf', 'Northeast Australian Shelf', 'Southeast Australian Shelf', 'Southeast Australian Shelf', 'Southeast Australian Shelf', 'Southern New Zealand']","[0.0, 76.61207885315834, 152.4581200350321, 68.85029443294191, 10.895859381107876, 158.75205235630563]","[np.float64(16.437711571318815), 55.62252715983779, 131.8423255396373, 44.23388575027979, np.float64(22.163578571660544), 0.0]",30.7445,721.4307,NEW PLYMOUTH
syn_06547,3,Container,23357.0,7,"['NAPA NAPA', 'MOTUKEA ISLAND', 'LAE', 'HONIARA', 'LUGANVILLE', 'VILA', 'TAURANGA']","['Papua New Guinea', 'Papua New Guinea', 'Papua New Guinea', 'Solomon Islands', 'Vanuatu', 'Vanuatu', 'New Zealand']","[-9.5056, -9.4328, -6.8146, -9.4274, -15.515, -17.754, -37.6444]","[147.1542, 147.1035, 146.9681, 159.9603, 167.1867, 168.3044, 176.1819]","['Eastern Coral Triangle', 'Eastern Coral Triangle', 'Eastern Coral Triangle', 'Eastern Coral Triangle', 'Tropical Southwestern Pacific', 'Tropical Southwestern Pacific', 'Northern New Zealand']","[0.0, 22.327557479173034, 74.48722099107259, 48.693705093549, 41.324516853389056, 22.176639600636314, 113.68966625772114]","[19.2821955063662, np.float64(25.568154175853955), np.float64(50.421298003687525), np.float64(18.364294887548155), np.float64(6.673735627362549), np.float64(10.745389804427436), 0.0]",18.9064,434.4722,TAURANGA
syn_06548,3,Bulker,38852.0,5,"['GEELONG', 'DEVONPORT', 'PORTLAND', 'BLUESCOPE', 'AUCKLAND']","['Australia', 'Australia', 'Australia', 'Australia', 'New Zealand']","[-38.096, -41.1873, -38.32, -38.291, -36.8402]","[144.3819, 146.3638, 141.7092, 145.2292, 174.7721]","['Southeast Australian Shelf', 'Southeast Australian Shelf', 'Southeast Australian Shelf', 'Southeast Australian Shelf', 'Northern New Zealand']","[0.0, 11.43798827345583, 24.282841773357806, 28.817618092273808, 230.99737653683457]","[np.float64(39.981985505093164), 17.617839898756248, 131.74173051057878, 84.66186091817727, 0.0]",23.7308,529.5573,AUCKLAND
syn_06549,3,Bulker,40236.0,7,"['NAPA NAPA', 'MOTUKEA ISLAND', 'LAE', 'BRISBANE', 'BOTANY', 'MELBOURNE', 'AUCKLAND']","['Papua New Guinea', 'Papua New Guinea', 'Papua New Guinea', 'Australia', 'Australia', 'Australia', 'New Zealand']","[-9.5056, -9.4328, -6.8146, -27.3765, -33.9682, -37.844, -36.8402]","[147.1542, 147.1035, 146.9681, 153.1665, 151.2149, 144.905, 174.7721]","['Eastern Coral Triangle', 'Eastern Coral Triangle', 'Eastern Coral Triangle', 'East Central Australian Shelf', 'East Central Australian Shelf', 'Southeast Australian Shelf', 'Northern New Zealand']","[0.0, 76.43302003626467, 64.32813208943159, 122.16708016287123, 39.19053807062912, 110.42532567894843, 217.00387798999003]","[22.931097492904094, np.float64(39.01366100328824), np.float64(70.3975975740548), np.float64(134.944088754619), np.float64(25.21644498882401), np.float64(129.57587968619947), 0.0]",43.8178,1028.6956,AUCKLAND
syn_06550,3,Container,13048.0,5,"['BRISBANE', 'KEMBLA', 'MELBOURNE', 'ADELAIDE', 'TAURANGA']","['Australia', 'Australia', 'Australia', 'Australia', 'New Zealand']","[-27.3765, -34.4537, -37.844, -34.8169, -37.6444]","[153.1665, 150.8864, 144.905, 138.2816, 176.1819]","['East Central Australian Shelf', 'East Central Australian Shelf', 'Southeast Australian Shelf', 'Southwest Australian Shelf', 'Northern New Zealand']","[0.0, 21.96122758817935, 33.45710141526167, 39.1482649844748, 112.01633012807963]","[np.float64(47.439881200858785), np.float64(99.37797580449106), np.float64(15.365994523372018), np.float64(120.4460444149768), 0.0]",20.3839,441.7729,TAURANGA
syn_06551,3,General Cargo,9793.0,6,"['VIT_RIA', 'PARANAGU_', 'PARANAGUA', 'IMBITUBA', 'PUNTA ARENAS', 'TAURANGA']","['Brazil', 'Brazil', 'Brazil', 'Brazil', 'Chile', 'New Zealand']","[-20.3247, -25.4891, -25.7154, -28.1921, -53.1954, -37.6444]","[-40.3331, -48.4598, -48.2778, -48.605, -70.9036, 176.1819]","['Tropical Southwestern Atlantic', 'Warm Temperate Southwestern Atlantic', 'Warm Temperate Southwestern Atlantic', 'Warm Temperate Southwestern Atlantic', 'Magellanic', 'Northern New Zealand']","[0.0, 35.82751098615068, 55.80685600955147, 50.99189099126058, 157.03882341654096, 512.4176839249805]","[49.30146252596416, 21.616189305593704, 10.289121506158537, 32.112586441963145, 54.892018021006386, 0.0]",40.8456,930.9927,TAURANGA
syn_06552,3,Container,12502.0,5,"['NAPA NAPA', 'MOTUKEA ISLAND', 'LAE', 'HONIARA', 'AUCKLAND']","['Papua New Guinea', 'Papua New Guinea', 'Papua New Guinea', 'Solomon Islands', 'New Zealand']","[-9.5056, -9.4328, -6.8146, -9.4274, -36.8402]","[147.1542, 147.1035, 146.9681, 159.9603, 174.7721]","['Eastern Coral Triangle', 'Eastern Coral Triangle', 'Eastern Coral Triangle', 'Eastern Coral Triangle', 'Northern New Zealand']","[0.0, 17.864509954840987, 96.26470961783379, 68.60033669671705, 92.89314102145194]","[38.926351574916865, np.float64(8.756897356444043), np.float64(56.881157011372125), np.float64(17.038984312604338), 0.0]",16.5511,358.2997,AUCKLAND
syn_06553,3,Bulker,40259.0,7,"['LAE', 'KIMBE', 'RABAUL', 'HONIARA', 'BRISBANE', 'NOUMEA', 'NELSON']","['Papua New Guinea', 'Papua New Guinea', 'Papua New Guinea', 'Solomon Islands', 'Australia', 'New Caledonia', 'New Zealand']","[-6.8146, -5.5497, -4.2033, -9.4274, -27.3765, -22.2633, -41.2611]","[146.9681, 150.1486, 152.1667, 159.9603, 153.1665, 166.4317, 173.2733]","['Eastern Coral Triangle', 'Eastern Coral Triangle', 'Eastern Coral Triangle', 'Eastern Coral Triangle', 'East Central Australian Shelf', 'Tropical Southwestern Pacific', 'Southern New Zealand']","[0.0, 5.318303125877268, 50.70764159009368, 85.45742567670011, 107.41471272639531, 78.44552285747272, 109.5011698473056]","[np.float64(51.14370329683232), np.float64(10.434352443685363), 127.35009231702901, np.float64(85.93592577703188), np.float64(57.70509560617739), 49.45019853973286, 0.0]",34.1193,767.7204,NELSON
syn_06554,3,Bulker,37705.0,6,"['NAPA NAPA', 'MOTUKEA ISLAND', 'LAE', 'KIMBE', 'RABAUL', 'NEW PLYMOUTH']","['Papua New Guinea', 'Papua New Guinea', 'Papua New Guinea', 'Papua New Guinea', 'Papua New Guinea', 'New Zealand']","[-9.5056, -9.4328, -6.8146, -5.5497, -4.2033, -39.0577]","[147.1542, 147.1035, 146.9681, 150.1486, 152.1667, 174.0346]","['Eastern Coral Triangle', 'Eastern Coral Triangle', 'Eastern Coral Triangle', 'Eastern Coral Triangle', 'Eastern Coral Triangle', 'Southern New Zealand']","[0.0, 71.23436669086294, 86.3638052510421, 7.08985148885518, 32.38289815376002, 411.84518926629863]","[67.43898086713472, np.float64(32.797408441071426), np.float64(70.9978830214415), np.float64(6.710083461335989), 50.388762772496, 0.0]",34.8854,769.8102,NEW PLYMOUTH
syn_06555,3,Container,22708.0,7,"['KIMBE', 'RABAUL', 'HONIARA', 'BRISBANE', 'NAPA NAPA', 'MOTUKEA ISLAND', 'GISBORNE']","['Papua New Guinea', 'Papua New Guinea', 'Solomon Islands', 'Australia', 'Papua New Guinea', 'Papua New Guinea', 'New Zealand']","[-5.5497, -4.2033, -9.4274, -27.3765, -9.5056, -9.4328, -38.6751]","[150.1486, 152.1667, 159.9603, 153.1665, 147.1542, 147.1035, 178.0221]","['Eastern Coral Triangle', 'Eastern Coral Triangle', 'Eastern Coral Triangle', 'East Central Australian Shelf', 'Eastern Coral Triangle', 'Eastern Coral Triangle', 'Northern New Zealand']","[0.0, 16.963912167039318, 45.63742050113485, 69.73376732544389, 84.59080335977161, 17.864509954840987, 280.61546634554907]","[np.float64(6.385402139633504), 45.811721759307765, np.float64(25.338975008750168), np.float64(63.87206255156022), 7.923607528123325, np.float64(44.45417056125948), 0.0]",29.5497,702.8064,GISBORNE
syn_06556,3,Container,22708.0,7,"['LAE', 'KIMBE', 'RABAUL', 'HONIARA', 'BRISBANE', 'NOUMEA', 'TAURANGA']","['Papua New Guinea', 'Papua New Guinea', 'Papua New Guinea', 'Solomon Islands', 'Australia', 'New Caledonia', 'New Zealand']","[-6.8146, -5.5497, -4.2033, -9.4274, -27.3765, -22.2633, -37.6444]","[146.9681, 150.1486, 152.1667, 159.9603, 153.1665, 166.4317, 176.1819]","['Eastern Coral Triangle', 'Eastern Coral Triangle', 'Eastern Coral Triangle', 'Eastern Coral Triangle', 'East Central Australian Shelf', 'Tropical Southwestern Pacific', 'Northern New Zealand']","[0.0, 6.179840860187983, 18.187271548993472, 43.48000825282231, 83.05178819490932, 41.42790790447438, 81.18549946444126]","[np.float64(59.4809061769446), np.float64(9.47771272541479), 22.083937027370794, np.float64(50.838556912487576), np.float64(10.585712897448188), 18.004424908343907, 0.0]",18.4993,384.5027,TAURANGA
syn_06557,3,Tanker,4752.0,6,"['NOUMEA', 'LAUTOKA', 'SUVA', 'VILA', 'LUGANVILLE', 'AUCKLAND']","['New Caledonia', 'Fiji', 'Fiji', 'Vanuatu', 'Vanuatu', 'New Zealand']","[-22.2633, -17.6036, -18.1339, -17.754, -15.515, -36.8402]","[166.4317, 177.4387, 178.4235, 168.3044, 167.1867, 174.7721]","['Tropical Southwestern Pacific', 'Tropical Southwestern Pacific', 'Tropical Southwestern Pacific', 'Tropical Southwestern Pacific', 'Tropical Southwestern Pacific', 'Northern New Zealand']","[0.0, 121.98845358406876, 11.291092890122037, 48.7860313346115, 62.2373372512814, 139.20425304940295]","[7.6640794403105925, np.float64(15.161582608262067), np.float64(99.08993750276537), np.float64(30.94084485127136), np.float64(14.074332281067079), 0.0]",22.9349,542.7739,AUCKLAND
syn_06558,3,General Cargo,9793.0,5,"['NAPA NAPA', 'MOTUKEA ISLAND', 'LAE', 'HONIARA', 'AUCKLAND']","['Papua New Guinea', 'Papua New Guinea', 'Papua New Guinea', 'Solomon Islands', 'New Zealand']","[-9.5056, -9.4328, -6.8146, -9.4274, -36.8402]","[147.1542, 147.1035, 146.9681, 159.9603, 174.7721]","['Eastern Coral Triangle', 'Eastern Coral Triangle', 'Eastern Coral Triangle', 'Eastern Coral Triangle', 'Northern New Zealand']","[0.0, 41.88320090914491, 84.7419156115183, 104.62735250440822, 195.86341702794726]","[16.92746843133905, np.float64(19.47965562293084), np.float64(36.032342805588044), np.float64(22.442692345457242), 0.0]",21.7499,505.0706,AUCKLAND
syn_06559,3,Bulker,38114.0,7,"['NEW PRIOK', 'TOWNSVILLE', 'GEELONG', 'PORTLAND', 'ADELAIDE', 'LINCOLN', 'NAPIER']","['Indonesia', 'Australia', 'Australia', 'Australia', 'Australia', 'Australia', 'New Zealand']","[-6.0976, -19.0942, -38.096, -38.32, -34.8169, -34.7176, -39.4759]","[106.884, 146.9491, 144.3819, 141.7092, 138.2816, 135.8701, 176.9184]","['Java Transitional', 'Northeast Australian Shelf', 'Southeast Australian Shelf', 'Southeast Australian Shelf', 'Southwest Australian Shelf', 'Southwest Australian Shelf', 'Southern New Zealand']","[0.0, 253.32599756980474, 183.00164510215248, 14.008057566304892, 32.136096224544616, 9.602581965310492, 310.577852018911]","[120.69390048564965, 53.93790171272528, np.float64(132.81572111807466), 54.491574875900504, np.float64(94.57239255195778), 9.499145668636672, 0.0]",52.861,1147.969,NAPIER
syn_06560,3,Bulker,57195.0,6,"['NAPA NAPA', 'MOTUKEA ISLAND', 'LAE', 'KIMBE', 'RABAUL', 'AUCKLAND']","['Papua New Guinea', 'Papua New Guinea', 'Papua New Guinea', 'Papua New Guinea', 'Papua New Guinea', 'New Zealand']","[-9.5056, -9.4328, -6.8146, -5.5497, -4.2033, -36.8402]","[147.1542, 147.1035, 146.9681, 150.1486, 152.1667, 174.7721]","['Eastern Coral Triangle', 'Eastern Coral Triangle', 'Eastern Coral Triangle', 'Eastern Coral Triangle', 'Eastern Coral Triangle', 'Northern New Zealand']","[0.0, 52.40747616899887, 115.02639699536955, 5.563966586373736, 26.369884400476657, 205.72798641516414]","[90.15120121140049, np.float64(38.37038834952121), np.float64(122.23673644287031), np.float64(8.926265331527004), 78.73624445882844, 0.0]",30.9799,653.3653,AUCKLAND
syn_06561,3,Bulker,31669.0,5,"['NEWCASTLE', 'GEELONG', 'PORTLAND', 'ADELAIDE', 'NAPIER']","['Australia', 'Australia', 'Australia', 'Australia', 'New Zealand']","[-32.9182, -38.096, -38.32, -34.8169, -39.4759]","[151.7701, 144.3819, 141.7092, 138.2816, 176.9184]","['East Central Australian Shelf', 'Southeast Australian Shelf', 'Southeast Australian Shelf', 'Southwest Australian Shelf', 'Southern New Zealand']","[0.0, 104.45977998386309, 16.182716731096775, 21.46976799933523, 177.04790513947205]","[np.float64(55.097032293960005), np.float64(20.50351267409506), 25.148707254248308, np.float64(59.75563342665503), 0.0]",19.986,424.568,NAPIER
syn_06562,3,Bulker,33527.0,6,"['NADI BAY', 'LONG ISLAND POINT', 'BRISBANE', 'VUDA', 'NOUMEA', 'TAURANGA']","['Fiji', 'Australia', 'Australia', 'Fiji', 'New Caledonia', 'New Zealand']","[-17.7162, -38.2983, -27.3765, -17.6861, -22.2633, -37.6444]","[177.371, 145.2386, 153.1665, 177.3849, 166.4317, 176.1819]","['Tropical Southwestern Pacific', 'Southeast Australian Shelf', 'East Central Australian Shelf', 'Tropical Southwestern Pacific', 'Tropical Southwestern Pacific', 'Northern New Zealand']","[0.0, 207.38123457654314, 142.27879464150251, 156.49374084986655, 132.516107549223, 120.01763669520338]","[81.16146041410832, 81.89100976411187, np.float64(48.95078293336068), 91.84327245584134, 44.61291086840892, 0.0]",46.1311,1025.9855,TAURANGA
syn_06563,3,Bulker,40481.0,5,"['LAE', 'KIMBE', 'RABAUL', 'HONIARA', 'TAURANGA']","['Papua New Guinea', 'Papua New Guinea', 'Papua New Guinea', 'Solomon Islands', 'New Zealand']","[-6.8146, -5.5497, -4.2033, -9.4274, -37.6444]","[146.9681, 150.1486, 152.1667, 159.9603, 176.1819]","['Eastern Coral Triangle', 'Eastern Coral Triangle', 'Eastern Coral Triangle', 'Eastern Coral Triangle', 'Northern New Zealand']","[0.0, 3.3232658068716763, 25.397119207295592, 74.69239884480304, 286.66551007590465]","[np.float64(85.8587362168745), np.float64(29.920276761544162), 55.61627188585857, np.float64(39.43912549314785), 0.0]",25.038,515.054,TAURANGA
syn_06564,3,Container,17842.0,6,"['NAPA NAPA', 'MOTUKEA ISLAND', 'LAE', 'HONIARA', 'LUGANVILLE', 'AUCKLAND']","['Papua New Guinea', 'Papua New Guinea', 'Papua New Guinea', 'Solomon Islands', 'Vanuatu', 'New Zealand']","[-9.5056, -9.4328, -6.8146, -9.4274, -15.515, -36.8402]","[147.1542, 147.1035, 146.9681, 159.9603, 167.1867, 174.7721]","['Eastern Coral Triangle', 'Eastern Coral Triangle', 'Eastern Coral Triangle', 'Eastern Coral Triangle', 'Tropical Southwestern Pacific', 'Northern New Zealand']","[0.0, 17.864509954840987, 56.784683772925284, 72.14983655011521, 43.9865313108633, 168.45280169324366]","[27.857383821899447, np.float64(63.13744652651308), np.float64(27.215209440980715), np.float64(39.5184473972225), np.float64(23.700789652478374), 0.0]",22.5278,512.8103,AUCKLAND
syn_06565,3,Bulker,40481.0,7,"['BRISBANE', 'VUDA', 'PRONY BAY', 'NOUMEA', 'VUDA', 'BOTANY', 'LYTTELTON']","['Australia', 'Fiji', 'New Caledonia', 'New Caledonia', 'Fiji', 'Australia', 'New Zealand']","[-27.3765, -17.6861, -22.3524, -22.2633, -17.6861, -33.9682, -43.606]","[153.1665, 177.3849, 166.8904, 166.4317, 177.3849, 151.2149, 172.7213]","['East Central Australian Shelf', 'Tropical Southwestern Pacific', 'Tropical Southwestern Pacific', 'Tropical Southwestern Pacific', 'Tropical Southwestern Pacific', 'East Central Australian Shelf', 'Southern New Zealand']","[0.0, 149.00713576016068, 109.3486803644223, 53.80844892612769, 95.16915609946524, 316.8734143256762, 179.5036022424438]","[np.float64(25.34110108904643), 22.03556448085217, 27.58233216513217, 25.899097813538365, 129.58489397719782, np.float64(63.50285602813235), 0.0]",49.9023,1172.3152,LYTTELTON
syn_06566,3,Bulker,39828.0,6,"['RABAUL', 'MOTUKEA ISLAND', 'TOWNSVILLE', 'BOTANY', 'MELBOURNE', 'TAURANGA']","['Papua New Guinea', 'Papua New Guinea', 'Australia', 'Australia', 'Australia', 'New Zealand']","[-4.2033, -9.4328, -19.0942, -33.9682, -37.844, -37.6444]","[152.1667, 147.1035, 146.9491, 151.2149, 144.905, 176.1819]","['Eastern Coral Triangle', 'Eastern Coral Triangle', 'Northeast Australian Shelf', 'East Central Australian Shelf', 'Southeast Australian Shelf', 'Northern New Zealand']","[0.0, 89.5065319706693, 120.90028419566659, 140.87205987938432, 46.13101722971098, 327.80289129639334]","[45.515514853624396, np.float64(58.624582913821506), 78.00145485417565, np.float64(71.95953128383245), np.float64(61.15785304060258), 0.0]",43.353,994.9562,TAURANGA
syn_06567,3,Container,12502.0,7,"['TOWNSVILLE', 'NAPA NAPA', 'MOTUKEA ISLAND', 'LAE', 'RABAUL', 'HONIARA', 'TAURANGA']","['Australia', 'Papua New Guinea', 'Papua New Guinea', 'Papua New Guinea', 'Papua New Guinea', 'Solomon Islands', 'New Zealand']","[-19.0942, -9.5056, -9.4328, -6.8146, -4.2033, -9.4274, -37.6444]","[146.9491, 147.1542, 147.1035, 146.9681, 152.1667, 159.9603, 176.1819]","['Northeast Australian Shelf', 'Eastern Coral Triangle', 'Eastern Coral Triangle', 'Eastern Coral Triangle', 'Eastern Coral Triangle', 'Eastern Coral Triangle', 'Northern New Zealand']","[0.0, 65.89192659412579, 17.864509954840987, 71.21582651159136, 45.477052323307426, 51.04514124004656, 97.68649348346253]","[8.700147619200367, 9.16571108951109, np.float64(56.138471019757915), np.float64(12.120463472776986), 23.44673767220465, np.float64(53.47893545905396), 0.0]",21.343,503.5313,TAURANGA
syn_06568,3,RoRo,18924.0,7,"['LAE', 'KIMBE', 'RABAUL', 'HONIARA', 'BRISBANE', 'NAPA NAPA', 'TAURANGA']","['Papua New Guinea', 'Papua New Guinea', 'Papua New Guinea', 'Solomon Islands', 'Australia', 'Papua New Guinea', 'New Zealand']","[-6.8146, -5.5497, -4.2033, -9.4274, -27.3765, -9.5056, -37.6444]","[146.9681, 150.1486, 152.1667, 159.9603, 153.1665, 147.1542, 176.1819]","['Eastern Coral Triangle', 'Eastern Coral Triangle', 'Eastern Coral Triangle', 'Eastern Coral Triangle', 'East Central Australian Shelf', 'Eastern Coral Triangle', 'Northern New Zealand']","[0.0, 4.439964348885161, 47.45621960293175, 51.02125956202441, 67.19545112964711, 75.68865028967723, 175.48312323127126]","[np.float64(29.301196719173983), np.float64(41.54087785613791), 19.401500487971933, np.float64(24.111072554971845), np.float64(31.830688484320053), 41.690816708130626, 0.0]",25.3817,579.8596,TAURANGA
syn_06569,3,Container,22968.0,6,"['KWINANA', 'FREMANTLE', 'MELBOURNE', 'KEMBLA', 'WHYALLA', 'TAURANGA']","['Australia', 'Australia', 'Australia', 'Australia', 'Australia', 'New Zealand']","[-32.0435, -32.051, -37.844, -34.4537, -33.0139, -37.6444]","[115.6652, 115.7393, 144.905, 150.8864, 137.5918, 176.1819]","['Southwest Australian Shelf', 'Southwest Australian Shelf', 'Southeast Australian Shelf', 'East Central Australian Shelf', 'Southwest Australian Shelf', 'Northern New Zealand']","[0.0, 20.641664650096583, 127.32154869471299, 50.17358813941417, 84.81421905498121, 89.90485694641816]","[103.51866174889336, 78.11608753418524, np.float64(90.09630532128205), np.float64(121.06258486398559), 10.421589067180573, 0.0]",32.3363,672.5524,TAURANGA
syn_06570,3,General Cargo,37711.0,7,"['TOWNSVILLE', 'NAPA NAPA', 'MOTUKEA ISLAND', 'LAE', 'KIMBE', 'RABAUL', 'LYTTELTON']","['Australia', 'Papua New Guinea', 'Papua New Guinea', 'Papua New Guinea', 'Papua New Guinea', 'Papua New Guinea', 'New Zealand']","[-19.0942, -9.5056, -9.4328, -6.8146, -5.5497, -4.2033, -43.606]","[146.9491, 147.1542, 147.1035, 146.9681, 150.1486, 152.1667, 172.7213]","['Northeast Australian Shelf', 'Eastern Coral Triangle', 'Eastern Coral Triangle', 'Eastern Coral Triangle', 'Eastern Coral Triangle', 'Eastern Coral Triangle', 'Southern New Zealand']","[0.0, 71.74550334469345, 38.40156439323125, 66.38851853183331, 2.912590945977808, 37.14799459099935, 170.84593402834852]","[106.63869503377344, 96.34672720230938, np.float64(25.661617607655362), np.float64(20.616368645666196), np.float64(20.072286054449282), 31.92104213735852, 0.0]",28.6958,582.0601,LYTTELTON
syn_06571,3,Container,5923.0,6,"['BALL BAY', 'CASCADE', 'BOTANY', 'VUDA', 'NADI BAY', 'AUCKLAND']","['Australia', 'Australia', 'Australia', 'Fiji', 'Fiji', 'New Zealand']","[-29.0496, -29.0094, -33.9682, -17.6861, -17.7162, -36.8402]","[167.9864, 167.9779, 151.2149, 177.3849, 177.371, 174.7721]","['Lord Howe and Norfolk Islands', 'Lord Howe and Norfolk Islands', 'East Central Australian Shelf', 'Tropical Southwestern Pacific', 'Tropical Southwestern Pacific', 'Northern New Zealand']","[0.0, 43.62442550385818, 60.231146549421865, 163.60562728120104, 35.973905395128924, 83.31178002629024]","[48.33826366357762, 16.562844461468227, np.float64(7.296294554336713), 48.35724613813629, 57.31416635037938, 0.0]",23.5257,516.2774,AUCKLAND
syn_06572,3,Container,12502.0,7,"['EST', 'KWINANA', 'FREMANTLE', 'ADELAIDE', 'MELBOURNE', 'KEMBLA', 'AUCKLAND']","['RÃ\x83Â©union', 'Australia', 'Australia', 'Australia', 'Australia', 'Australia', 'New Zealand']","[-20.9327, -32.0435, -32.051, -34.8169, -37.844, -34.4537, -36.8402]","[55.3178, 115.6652, 115.7393, 138.2816, 144.905, 150.8864, 174.7721]","['Western Indian Ocean', 'Southwest Australian Shelf', 'Southwest Australian Shelf', 'Southwest Australian Shelf', 'Southeast Australian Shelf', 'East Central Australian Shelf', 'Northern New Zealand']","[0.0, 396.07356671319735, 45.90648573586152, 80.52743385899026, 35.24962361833594, 30.470075759201293, 121.07564704615837]","[13.347919073685407, 22.966222131373097, 6.096368061366443, np.float64(13.236133410989884), np.float64(109.180445906728), np.float64(88.0831313528624), 0.0]",40.0922,948.8651,AUCKLAND
syn_06573,3,Container,34067.0,5,"['BRISBANE', 'NEWCASTLE', 'GLADSTONE', 'SOUTH TREES', 'GISBORNE']","['Australia', 'Australia', 'Australia', 'Australia', 'New Zealand']","[-27.3765, -32.9182, -23.8351, -23.8483, -38.6751]","[153.1665, 151.7701, 151.2712, 151.3268, 178.0221]","['East Central Australian Shelf', 'East Central Australian Shelf', 'Northeast Australian Shelf', 'Northeast Australian Shelf', 'Northern New Zealand']","[0.0, 20.350463702515242, 44.79782091584854, 24.175405049420537, 148.43910178639192]","[np.float64(32.620723766954896), np.float64(24.33779146363829), 14.583230571175063, 40.48265739349313, 0.0]",14.5745,317.1665,GISBORNE
syn_06574,3,Container,38420.0,6,"['LAE', 'KIMBE', 'RABAUL', 'HONIARA', 'LUGANVILLE', 'AUCKLAND']","['Papua New Guinea', 'Papua New Guinea', 'Papua New Guinea', 'Solomon Islands', 'Vanuatu', 'New Zealand']","[-6.8146, -5.5497, -4.2033, -9.4274, -15.515, -36.8402]","[146.9681, 150.1486, 152.1667, 159.9603, 167.1867, 174.7721]","['Eastern Coral Triangle', 'Eastern Coral Triangle', 'Eastern Coral Triangle', 'Eastern Coral Triangle', 'Tropical Southwestern Pacific', 'Northern New Zealand']","[0.0, 6.179840860187983, 45.56065393961924, 52.3786327122423, 45.682288394968715, 196.40672951851968]","[np.float64(16.80263764502455), np.float64(11.324650505956948), 24.118380554570713, np.float64(12.128046353209184), np.float64(15.327996378885421), 0.0]",17.7462,409.1072,AUCKLAND
syn_06575,3,Container,12502.0,7,"['TOWNSVILLE', 'BRISBANE', 'GEELONG', 'DEVONPORT', 'PORTLAND', 'ADELAIDE', 'NAPIER']","['Australia', 'Australia', 'Australia', 'Australia', 'Australia', 'Australia', 'New Zealand']","[-19.0942, -27.3765, -38.096, -41.1873, -38.32, -34.8169, -39.4759]","[146.9491, 153.1665, 144.3819, 146.3638, 141.7092, 138.2816, 176.9184]","['Northeast Australian Shelf', 'East Central Australian Shelf', 'Southeast Australian Shelf', 'Southeast Australian Shelf', 'Southeast Australian Shelf', 'Southwest Australian Shelf', 'Southern New Zealand']","[0.0, 63.84508095516701, 72.97735752457176, 5.963235163006056, 32.621154933324256, 17.579242133082477, 125.81096831204981]","[15.704345143524442, np.float64(17.735142081341117), np.float64(65.03818621452885), 14.111293958954443, 42.73623237975281, np.float64(79.20692244383336), 0.0]",23.0554,537.6248,NAPIER
syn_06576,3,Container,12502.0,5,"['NAPA NAPA', 'MOTUKEA ISLAND', 'LAE', 'HONIARA', 'AUCKLAND']","['Papua New Guinea', 'Papua New Guinea', 'Papua New Guinea', 'Solomon Islands', 'New Zealand']","[-9.5056, -9.4328, -6.8146, -9.4274, -36.8402]","[147.1542, 147.1035, 146.9681, 159.9603, 174.7721]","['Eastern Coral Triangle', 'Eastern Coral Triangle', 'Eastern Coral Triangle', 'Eastern Coral Triangle', 'Northern New Zealand']","[0.0, 17.864509954840987, 78.46003211926917, 65.90721122272893, 116.88145576550757]","[21.75760062095574, np.float64(27.808867132543398), np.float64(52.78442165610001), np.float64(34.80430262437268), 0.0]",17.3445,394.5108,AUCKLAND
syn_06577,3,General Cargo,12746.0,5,"['NEWCASTLE', 'GEELONG', 'ADELAIDE', 'LINCOLN', 'NAPIER']","['Australia', 'Australia', 'Australia', 'Australia', 'New Zealand']","[-32.9182, -38.096, -34.8169, -34.7176, -39.4759]","[151.7701, 144.3819, 138.2816, 135.8701, 176.9184]","['East Central Australian Shelf', 'Southeast Australian Shelf', 'Southwest Australian Shelf', 'Southwest Australian Shelf', 'Southern New Zealand']","[0.0, 38.1606409844587, 28.461533971072377, 8.695199755758583, 231.99874562853716]","[np.float64(83.65150491407864), np.float64(66.58333298815363), np.float64(7.5038916665072835), 27.096812993019704, 0.0]",20.5063,408.5002,NAPIER
syn_06578,3,Container,12502.0,7,"['HEDLAND', 'SURABAYA', 'GRESIK, JAVA', 'SURABAYA', 'HAY POINT', 'MACKAY', 'NEW PLYMOUTH']","['Australia', 'Indonesia', 'Indonesia', 'Indonesia', 'Australia', 'Australia', 'New Zealand']","[-20.0977, -6.8484, -7.1978, -6.8484, -21.1629, -21.1059, -39.0577]","[118.5382, 112.7851, 112.7238, 112.7851, 149.3474, 149.2318, 174.0346]","['Northwest Australian Shelf', 'Sunda Shelf', 'Sunda Shelf', 'Sunda Shelf', 'Northeast Australian Shelf', 'Northeast Australian Shelf', 'Southern New Zealand']","[0.0, 74.93687270473552, 35.007092969223585, 20.50539485738528, 288.2405492372933, 31.941419957169632, 85.92083274460023]","[118.02834666469599, 42.28257529404364, 10.963592484304314, 19.688408776531016, 9.214676419679247, 80.31543919122373, 0.0]",34.0436,699.0169,NEW PLYMOUTH
syn_06579,3,Bulker,39828.0,7,"['TOWNSVILLE', 'BRISBANE', 'NEWCASTLE', 'GEELONG', 'DEVONPORT', 'PORTLAND', 'PORT CHALMERS']","['Australia', 'Australia', 'Australia', 'Australia', 'Australia', 'Australia', 'New Zealand']","[-19.0942, -27.3765, -32.9182, -38.096, -41.1873, -38.32, -45.8742]","[146.9491, 153.1665, 151.7701, 144.3819, 146.3638, 141.7092, 170.5221]","['Northeast Australian Shelf', 'East Central Australian Shelf', 'East Central Australian Shelf', 'Southeast Australian Shelf', 'Southeast Australian Shelf', 'Southeast Australian Shelf', 'Southern New Zealand']","[0.0, 75.35784774654226, 28.261755893083645, 47.15585880256927, 7.759129378943252, 47.93203534514969, 113.70787537117933]","[63.282682846212516, np.float64(75.49440218116891), np.float64(48.02637105897798), np.float64(49.41755261116291), 61.038938535330765, 76.19173627463432, 0.0]",28.9011,630.3435,PORT CHALMERS
syn_06580,3,RoRo,22068.0,6,"['LAE', 'HONIARA', 'BRISBANE', 'NAPA NAPA', 'MOTUKEA ISLAND', 'WELLINGTON']","['Papua New Guinea', 'Solomon Islands', 'Australia', 'Papua New Guinea', 'Papua New Guinea', 'New Zealand']","[-6.8146, -9.4274, -27.3765, -9.5056, -9.4328, -41.2746]","[146.9681, 159.9603, 153.1665, 147.1542, 147.1035, 174.7887]","['Eastern Coral Triangle', 'Eastern Coral Triangle', 'East Central Australian Shelf', 'Eastern Coral Triangle', 'Eastern Coral Triangle', 'Southern New Zealand']","[0.0, 81.60278799077024, 71.95357638514, 236.65250891546873, 50.42813131716496, 210.0083894802251]","[np.float64(13.188480276820597), np.float64(92.50882897444099), np.float64(108.34944088833417), 47.0881409253564, np.float64(34.54586797300831), 0.0]",39.4303,933.1377,WELLINGTON
syn_06581,3,Bulker,40236.0,5,"['EST', 'KWINANA', 'FREMANTLE', 'ADELAIDE', 'AUCKLAND']","['RÃ\x83Â©union', 'Australia', 'Australia', 'Australia', 'New Zealand']","[-20.9327, -32.0435, -32.051, -34.8169, -36.8402]","[55.3178, 115.6652, 115.7393, 138.2816, 174.7721]","['Western Indian Ocean', 'Southwest Australian Shelf', 'Southwest Australian Shelf', 'Southwest Australian Shelf', 'Northern New Zealand']","[0.0, 510.80695279809555, 90.20262195348054, 268.79972336421713, 313.33673893992966]","[28.425815548880166, 111.61149905852248, 23.509751501981757, np.float64(50.09166122146827), 0.0]",58.1994,1368.3589,AUCKLAND
syn_06582,3,Container,38420.0,5,"['NOUMEA', 'LAUTOKA', 'SUVA', 'LUGANVILLE', 'AUCKLAND']","['New Caledonia', 'Fiji', 'Fiji', 'Vanuatu', 'New Zealand']","[-22.2633, -17.6036, -18.1339, -15.515, -36.8402]","[166.4317, 177.4387, 178.4235, 167.1867, 174.7721]","['Tropical Southwestern Pacific', 'Tropical Southwestern Pacific', 'Tropical Southwestern Pacific', 'Tropical Southwestern Pacific', 'Northern New Zealand']","[0.0, 84.01910894463633, 10.571135856071653, 58.194868601385544, 144.3852628092444]","[26.358335518174183, np.float64(22.649424954749097), np.float64(12.745214641533947), np.float64(20.602313778337475), 0.0]",15.8136,353.1673,AUCKLAND
syn_06583,3,Container,12502.0,5,"['LAE', 'KIMBE', 'RABAUL', 'HONIARA', 'TAURANGA']","['Papua New Guinea', 'Papua New Guinea', 'Papua New Guinea', 'Solomon Islands', 'New Zealand']","[-6.8146, -5.5497, -4.2033, -9.4274, -37.6444]","[146.9681, 150.1486, 152.1667, 159.9603, 176.1819]","['Eastern Coral Triangle', 'Eastern Coral Triangle', 'Eastern Coral Triangle', 'Eastern Coral Triangle', 'Northern New Zealand']","[0.0, 6.179840860187983, 18.641008465803367, 43.20478570890421, 202.96368847206188]","[np.float64(21.495212545889625), np.float64(6.798731276275367), 17.866204795648652, np.float64(10.838926997860359), 0.0]",13.6662,306.4932,TAURANGA
syn_06584,3,General Cargo,12746.0,6,"['ALBANY', 'ESPERANCE', 'THEVENARD', 'BUNDABERG', 'GLADSTONE', 'NEW PLYMOUTH']","['Australia', 'Australia', 'Australia', 'Australia', 'Australia', 'New Zealand']","[-35.0344, -33.8718, -32.1493, -24.7706, -23.8351, -39.0577]","[117.8934, 121.8997, 133.6409, 152.3816, 151.2712, 174.0346]","['Southwest Australian Shelf', 'Southwest Australian Shelf', 'Southwest Australian Shelf', 'East Central Australian Shelf', 'Northeast Australian Shelf', 'Southern New Zealand']","[0.0, 20.544656043440963, 22.636715339218426, 103.75518181249973, 86.16432833436097, 163.1417365572755]","[22.389893758421977, 26.406090770948538, 53.630904232801306, 18.38847871601464, 18.038178557826512, 0.0]",22.2957,512.7063,NEW PLYMOUTH
syn_06585,3,Bulker,34545.0,5,"['BRISBANE', 'NEWCASTLE', 'GEELONG', 'ADELAIDE', 'AUCKLAND']","['Australia', 'Australia', 'Australia', 'Australia', 'New Zealand']","[-27.3765, -32.9182, -38.096, -34.8169, -36.8402]","[153.1665, 151.7701, 144.3819, 138.2816, 174.7721]","['East Central Australian Shelf', 'East Central Australian Shelf', 'Southeast Australian Shelf', 'Southwest Australian Shelf', 'Northern New Zealand']","[0.0, 54.83303277596899, 59.8484514392902, 58.285162690254054, 270.1466611869516]","[np.float64(107.10723479924772), np.float64(18.21009372209797), np.float64(41.78149767920835), np.float64(36.46340328624931), 0.0]",26.9448,539.5683,AUCKLAND
syn_06586,3,Container,34567.0,5,"['NEWCASTLE', 'GEELONG', 'ARDROSSAN', 'KEMBLA', 'PORT CHALMERS']","['Australia', 'Australia', 'Australia', 'Australia', 'New Zealand']","[-32.9182, -38.096, -34.4394, -34.4537, -45.8742]","[151.7701, 144.3819, 137.9262, 150.8864, 170.5221]","['East Central Australian Shelf', 'Southeast Australian Shelf', 'Southwest Australian Shelf', 'East Central Australian Shelf', 'Southern New Zealand']","[0.0, 48.772103692455524, 53.73445461087108, 38.660819103621755, 113.17285922275305]","[np.float64(47.34127199826116), np.float64(31.302338176472894), 19.455206312586697, np.float64(62.98305898523722), 0.0]",17.3093,368.0808,PORT CHALMERS
syn_06587,3,Container,22708.0,5,"['NOUMEA', 'LAUTOKA', 'SUVA', 'VILA', 'AUCKLAND']","['New Caledonia', 'Fiji', 'Fiji', 'Vanuatu', 'New Zealand']","[-22.2633, -17.6036, -18.1339, -17.754, -36.8402]","[166.4317, 177.4387, 178.4235, 168.3044, 174.7721]","['Tropical Southwestern Pacific', 'Tropical Southwestern Pacific', 'Tropical Southwestern Pacific', 'Tropical Southwestern Pacific', 'Northern New Zealand']","[0.0, 44.137676873560444, 13.460903396698287, 53.752849709782076, 50.73165670468105]","[25.108124814755442, np.float64(55.82040784788687), np.float64(30.44970020298667), np.float64(36.71001173212835), 0.0]",12.9238,285.0632,AUCKLAND
syn_06588,3,Bulker,38852.0,5,"['BRISBANE', 'NOUMEA', 'SUVA', 'LAUTOKA', 'NELSON']","['Australia', 'New Caledonia', 'Fiji', 'Fiji', 'New Zealand']","[-27.3765, -22.2633, -18.1339, -17.6036, -41.2611]","[153.1665, 166.4317, 178.4235, 177.4387, 173.2733]","['East Central Australian Shelf', 'Tropical Southwestern Pacific', 'Tropical Southwestern Pacific', 'Tropical Southwestern Pacific', 'Southern New Zealand']","[0.0, 67.22458663122988, 92.63479555419408, 12.356953912471388, 206.00640686898197]","[np.float64(69.7580914712811), 83.466264501186, np.float64(113.74608904283991), np.float64(37.814330071907854), 0.0]",28.4586,613.2494,NELSON
syn_06589,3,General Cargo,9793.0,7,"['HEDLAND', 'DAMPIER', 'FREMANTLE', 'KWINANA', 'GEELONG', 'LAE', 'AUCKLAND']","['Australia', 'Australia', 'Australia', 'Australia', 'Australia', 'Papua New Guinea', 'New Zealand']","[-20.0977, -20.38, -32.051, -32.0435, -38.096, -6.8146, -36.8402]","[118.5382, 116.6317, 115.7393, 115.6652, 144.3819, 146.9681, 174.7721]","['Northwest Australian Shelf', 'Northwest Australian Shelf', 'Southwest Australian Shelf', 'Southwest Australian Shelf', 'Southeast Australian Shelf', 'Eastern Coral Triangle', 'Northern New Zealand']","[0.0, 10.3229284927296, 131.00655974687228, 38.105445059091494, 127.20582161280433, 201.20954059560668, 287.8793185032251]","[53.72794179848507, 36.45373658480434, 51.745733782015535, 72.76741651435879, np.float64(43.87802503637781), np.float64(47.812224471566346), 0.0]",45.9214,1048.3868,AUCKLAND
syn_06590,3,Bulker,34491.0,7,"['HAY POINT', 'MACKAY', 'MELBOURNE', 'NEWCASTLE', 'LAE', 'LAUTOKA', 'GISBORNE']","['Australia', 'Australia', 'Australia', 'Australia', 'Papua New Guinea', 'Fiji', 'New Zealand']","[-21.1629, -21.1059, -37.844, -32.9182, -6.8146, -17.6036, -38.6751]","[149.3474, 149.2318, 144.905, 151.7701, 146.9681, 177.4387, 178.0221]","['Northeast Australian Shelf', 'Northeast Australian Shelf', 'Southeast Australian Shelf', 'East Central Australian Shelf', 'Eastern Coral Triangle', 'Tropical Southwestern Pacific', 'Northern New Zealand']","[0.0, 53.66928908607382, 118.62318913980539, 65.70727841908203, 180.627100500867, 252.65137401747316, 159.69356513944922]","[36.974967967115724, 10.444447296951033, np.float64(74.79511557548408), np.float64(47.65977201944288), np.float64(123.96851604343883), np.float64(104.38900936739371), 0.0]",51.2168,1192.2287,GISBORNE
syn_06591,3,Bulker,46673.0,6,"['NOUMEA', 'LAUTOKA', 'SUVA', 'VILA', 'LUGANVILLE', 'AUCKLAND']","['New Caledonia', 'Fiji', 'Fiji', 'Vanuatu', 'Vanuatu', 'New Zealand']","[-22.2633, -17.6036, -18.1339, -17.754, -15.515, -36.8402]","[166.4317, 177.4387, 178.4235, 168.3044, 167.1867, 174.7721]","['Tropical Southwestern Pacific', 'Tropical Southwestern Pacific', 'Tropical Southwestern Pacific', 'Tropical Southwestern Pacific', 'Tropical Southwestern Pacific', 'Northern New Zealand']","[0.0, 57.72744617828814, 10.943649301789073, 99.55058598175339, 61.72003662148184, 202.95951695216925]","[37.496348404353554, np.float64(64.54487195148185), np.float64(30.06153169626014), np.float64(89.63678944928648), np.float64(45.917964218727874), 0.0]",29.1899,663.0624,AUCKLAND
syn_06592,3,Bulker,38896.0,5,"['BRISBANE', 'MOTUKEA ISLAND', 'LAE', 'HONIARA', 'AUCKLAND']","['Australia', 'Papua New Guinea', 'Papua New Guinea', 'Solomon Islands', 'New Zealand']","[-27.3765, -9.4328, -6.8146, -9.4274, -36.8402]","[153.1665, 147.1035, 146.9681, 159.9603, 174.7721]","['East Central Australian Shelf', 'Eastern Coral Triangle', 'Eastern Coral Triangle', 'Eastern Coral Triangle', 'Northern New Zealand']","[0.0, 142.14777253697005, 92.62200344145253, 78.93028905529188, 404.0147611367043]","[np.float64(22.369872300300266), np.float64(8.159472811152359), np.float64(123.74197132947377), np.float64(107.2999245706114), 0.0]",40.8036,956.9162,AUCKLAND
syn_06593,3,Bulker,39721.0,6,"['NOUMEA', 'LAUTOKA', 'SUVA', 'VILA', 'LUGANVILLE', 'AUCKLAND']","['New Caledonia', 'Fiji', 'Fiji', 'Vanuatu', 'Vanuatu', 'New Zealand']","[-22.2633, -17.6036, -18.1339, -17.754, -15.515, -36.8402]","[166.4317, 177.4387, 178.4235, 168.3044, 167.1867, 174.7721]","['Tropical Southwestern Pacific', 'Tropical Southwestern Pacific', 'Tropical Southwestern Pacific', 'Tropical Southwestern Pacific', 'Tropical Southwestern Pacific', 'Northern New Zealand']","[0.0, 90.04022713966192, 11.768572435870592, 58.32738491822943, 55.627383869020456, 183.75622436577598]","[105.48744472097634, np.float64(88.19420753943233), np.float64(36.6704615184599), np.float64(23.555200265710585), np.float64(59.502785220899234), 0.0]",29.7054,607.4424,AUCKLAND
syn_06594,3,Container,12502.0,5,"['KWINANA', 'FREMANTLE', 'ADELAIDE', 'MELBOURNE', 'NAPIER']","['Australia', 'Australia', 'Australia', 'Australia', 'New Zealand']","[-32.0435, -32.051, -34.8169, -37.844, -39.4759]","[115.6652, 115.7393, 138.2816, 144.905, 176.9184]","['Southwest Australian Shelf', 'Southwest Australian Shelf', 'Southwest Australian Shelf', 'Southeast Australian Shelf', 'Southern New Zealand']","[0.0, 30.93532732935975, 121.83586777592198, 24.785061832767337, 93.72537589657274]","[26.23118112954527, 12.944497893635061, np.float64(41.808601091345835), np.float64(28.992570117861842), 0.0]",15.8858,355.0273,NAPIER
syn_06595,3,RoRo,18867.0,6,"['NOUMEA', 'LAUTOKA', 'SUVA', 'VILA', 'LUGANVILLE', 'AUCKLAND']","['New Caledonia', 'Fiji', 'Fiji', 'Vanuatu', 'Vanuatu', 'New Zealand']","[-22.2633, -17.6036, -18.1339, -17.754, -15.515, -36.8402]","[166.4317, 177.4387, 178.4235, 168.3044, 167.1867, 174.7721]","['Tropical Southwestern Pacific', 'Tropical Southwestern Pacific', 'Tropical Southwestern Pacific', 'Tropical Southwestern Pacific', 'Tropical Southwestern Pacific', 'Northern New Zealand']","[0.0, 108.45450586333972, 7.936889947688073, 38.72497140812166, 62.50916982003345, 118.27569010393279]","[42.09578183731634, np.float64(17.94565823931448), np.float64(13.189638279718768), np.float64(19.946924905464265), np.float64(18.72931039936754), 0.0]",18.6587,405.7128,AUCKLAND
syn_06596,3,Container,12502.0,7,"['HEDLAND', 'SURABAYA', 'GRESIK, JAVA', 'SURABAYA', 'HAY POINT', 'MACKAY', 'NEW PLYMOUTH']","['Australia', 'Indonesia', 'Indonesia', 'Indonesia', 'Australia', 'Australia', 'New Zealand']","[-20.0977, -6.8484, -7.1978, -6.8484, -21.1629, -21.1059, -39.0577]","[118.5382, 112.7851, 112.7238, 112.7851, 149.3474, 149.2318, 174.0346]","['Northwest Australian Shelf', 'Sunda Shelf', 'Sunda Shelf', 'Sunda Shelf', 'Northeast Australian Shelf', 'Northeast Australian Shelf', 'Southern New Zealand']","[0.0, 48.88162890037586, 45.52311489346167, 63.89839780548966, 190.9016246349368, 44.045248627605915, 106.12186159735616]","[14.540248858011164, 17.380163773285524, 33.660546146443714, 86.03781849839548, 20.040376179099606, 27.394198432551544, 0.0]",29.1011,683.885,NEW PLYMOUTH
syn_06597,3,Bulker,33963.0,5,"['BRISBANE', 'NOUMEA', 'SUVA', 'LAUTOKA', 'NELSON']","['Australia', 'New Caledonia', 'Fiji', 'Fiji', 'New Zealand']","[-27.3765, -22.2633, -18.1339, -17.6036, -41.2611]","[153.1665, 166.4317, 178.4235, 177.4387, 173.2733]","['East Central Australian Shelf', 'Tropical Southwestern Pacific', 'Tropical Southwestern Pacific', 'Tropical Southwestern Pacific', 'Southern New Zealand']","[0.0, 102.75184032143372, 74.11943835396563, 9.071110430368748, 248.01862241886982]","[np.float64(109.894682585726), 66.54201932890092, np.float64(50.800791170461984), np.float64(49.95040207923206), 0.0]",29.6312,601.2542,NELSON
syn_06598,3,Bulker,34439.0,6,"['NOUMEA', 'LAUTOKA', 'SUVA', 'LUGANVILLE', 'VILA', 'AUCKLAND']","['New Caledonia', 'Fiji', 'Fiji', 'Vanuatu', 'Vanuatu', 'New Zealand']","[-22.2633, -17.6036, -18.1339, -15.515, -17.754, -36.8402]","[166.4317, 177.4387, 178.4235, 167.1867, 168.3044, 174.7721]","['Tropical Southwestern Pacific', 'Tropical Southwestern Pacific', 'Tropical Southwestern Pacific', 'Tropical Southwestern Pacific', 'Tropical Southwestern Pacific', 'Northern New Zealand']","[0.0, 68.45427364265221, 8.728187467345872, 103.38781576849827, 68.36239986151041, 129.1162975563063]","[123.74147057822496, np.float64(93.36230999206938), np.float64(23.36816791739627), np.float64(61.657038032522436), np.float64(23.102633872899126), 0.0]",29.3034,579.5391,AUCKLAND
syn_06599,3,Bulker,33963.0,6,"['MOTUKEA ISLAND', 'LAE', 'HONIARA', 'LUGANVILLE', 'VILA', 'TAURANGA']","['Papua New Guinea', 'Papua New Guinea', 'Solomon Islands', 'Vanuatu', 'Vanuatu', 'New Zealand']","[-9.4328, -6.8146, -9.4274, -15.515, -17.754, -37.6444]","[147.1035, 146.9681, 159.9603, 167.1867, 168.3044, 176.1819]","['Eastern Coral Triangle', 'Eastern Coral Triangle', 'Eastern Coral Triangle', 'Tropical Southwestern Pacific', 'Tropical Southwestern Pacific', 'Northern New Zealand']","[0.0, 94.8779742484287, 110.32694115532217, 82.0217275623022, 61.266624572087736, 102.54619182438141]","[np.float64(21.901296389402436), np.float64(12.388840997000127), np.float64(60.54807103598243), np.float64(24.52578562488869), np.float64(19.344390979732086), 0.0]",24.5728,567.8465,TAURANGA
syn_06600,3,Container,22708.0,7,"['TOWNSVILLE', 'NAPA NAPA', 'MOTUKEA ISLAND', 'LAE', 'HONIARA', 'LUGANVILLE', 'AUCKLAND']","['Australia', 'Papua New Guinea', 'Papua New Guinea', 'Papua New Guinea', 'Solomon Islands', 'Vanuatu', 'New Zealand']","[-19.0942, -9.5056, -9.4328, -6.8146, -9.4274, -15.515, -36.8402]","[146.9491, 147.1542, 147.1035, 146.9681, 159.9603, 167.1867, 174.7721]","['Northeast Australian Shelf', 'Eastern Coral Triangle', 'Eastern Coral Triangle', 'Eastern Coral Triangle', 'Eastern Coral Triangle', 'Tropical Southwestern Pacific', 'Northern New Zealand']","[0.0, 54.394439003970966, 17.864509954840987, 60.584414296606376, 67.56136424995674, 38.525486224854234, 123.79310242483193]","[26.0703813931008, 85.50615341217787, np.float64(29.63421027077702), np.float64(75.20634640103276), np.float64(11.158080512864844), np.float64(14.550173928522357), 0.0]",25.202,578.7783,AUCKLAND
syn_06601,3,RoRo,18334.0,5,"['LAE', 'KIMBE', 'RABAUL', 'HONIARA', 'TAURANGA']","['Papua New Guinea', 'Papua New Guinea', 'Papua New Guinea', 'Solomon Islands', 'New Zealand']","[-6.8146, -5.5497, -4.2033, -9.4274, -37.6444]","[146.9681, 150.1486, 152.1667, 159.9603, 176.1819]","['Eastern Coral Triangle', 'Eastern Coral Triangle', 'Eastern Coral Triangle', 'Eastern Coral Triangle', 'Northern New Zealand']","[0.0, 2.7132762029630344, 31.292906467305325, 55.784444796915736, 275.938931423328]","[np.float64(100.00525923402306), np.float64(28.06775242236869), 9.662169692689606, np.float64(36.211830317141036), 0.0]",22.4865,439.6713,TAURANGA
syn_06602,3,General Cargo,63340.0,6,"['NAPA NAPA', 'MOTUKEA ISLAND', 'LAE', 'HONIARA', 'LUGANVILLE', 'AUCKLAND']","['Papua New Guinea', 'Papua New Guinea', 'Papua New Guinea', 'Solomon Islands', 'Vanuatu', 'New Zealand']","[-9.5056, -9.4328, -6.8146, -9.4274, -15.515, -36.8402]","[147.1542, 147.1035, 146.9681, 159.9603, 167.1867, 174.7721]","['Eastern Coral Triangle', 'Eastern Coral Triangle', 'Eastern Coral Triangle', 'Eastern Coral Triangle', 'Tropical Southwestern Pacific', 'Northern New Zealand']","[0.0, 78.3541456190576, 67.29029095602397, 87.20885079437082, 50.322232091214545, 259.3897565444344]","[42.908839517112874, np.float64(18.542462980172022), np.float64(41.61847496848336), np.float64(49.20382829615793), np.float64(27.735531362909928), 0.0]",30.1073,679.6656,AUCKLAND
syn_06603,3,Bulker,34439.0,5,"['BRISBANE', 'VUDA', 'NOUMEA', 'MOTUKEA ISLAND', 'NEW PLYMOUTH']","['Australia', 'Fiji', 'New Caledonia', 'Papua New Guinea', 'New Zealand']","[-27.3765, -17.6861, -22.2633, -9.4328, -39.0577]","[153.1665, 177.3849, 166.4317, 147.1035, 174.0346]","['East Central Australian Shelf', 'Tropical Southwestern Pacific', 'Tropical Southwestern Pacific', 'Eastern Coral Triangle', 'Southern New Zealand']","[0.0, 144.52212219840408, 82.25924075815884, 250.54389212762214, 318.07434452975787]","[np.float64(41.80645234316484), 47.94101013675895, 21.25082990230811, np.float64(7.202720927793605), 0.0]",38.0667,871.7942,NEW PLYMOUTH
syn_06604,3,Bulker,40481.0,6,"['GLADSTONE', 'ALMA', 'BURNIE', 'DEVONPORT', 'MELBOURNE', 'NEW PLYMOUTH']","['Australia', 'Australia', 'Australia', 'Australia', 'Australia', 'New Zealand']","[-23.8351, -23.5832, -41.0534, -41.1873, -37.844, -39.0577]","[151.2712, 150.8631, 145.9108, 146.3638, 144.905, 174.0346]","['Northeast Australian Shelf', 'Northeast Australian Shelf', 'Southeast Australian Shelf', 'Southeast Australian Shelf', 'Southeast Australian Shelf', 'Southern New Zealand']","[0.0, 36.688427919981535, 124.5999623350365, 85.824444160426, 11.237383873941878, 126.06027287657334]","[7.529034671689348, 28.735027981870545, 38.42879814593794, 95.02041557778752, np.float64(44.14404191197237), 0.0]",24.9278,590.7388,NEW PLYMOUTH
syn_06605,3,Container,12502.0,5,"['HEDLAND', 'DAMPIER', 'FREMANTLE', 'KWINANA', 'TAURANGA']","['Australia', 'Australia', 'Australia', 'Australia', 'New Zealand']","[-20.0977, -20.38, -32.051, -32.0435, -37.6444]","[118.5382, 116.6317, 115.7393, 115.6652, 176.1819]","['Northwest Australian Shelf', 'Northwest Australian Shelf', 'Southwest Australian Shelf', 'Southwest Australian Shelf', 'Northern New Zealand']","[0.0, 15.412707905168116, 77.39883985605421, 26.696380713843773, 174.12163938126218]","[30.33130186580925, 13.200512080078711, 6.572702508570629, 14.217586729755556, 0.0]",14.9147,327.6204,TAURANGA
syn_06606,3,Bulker,33263.0,5,"['BURNIE', 'GLADSTONE', 'MACKAY', 'HAY POINT', 'GISBORNE']","['Australia', 'Australia', 'Australia', 'Australia', 'New Zealand']","[-41.0534, -23.8351, -21.1059, -21.1629, -38.6751]","[145.9108, 151.2712, 149.2318, 149.3474, 178.0221]","['Southeast Australian Shelf', 'Northeast Australian Shelf', 'Northeast Australian Shelf', 'Northeast Australian Shelf', 'Northern New Zealand']","[0.0, 115.18951716844032, 44.250564852518416, 50.93231678328604, 257.5209489333801]","[42.84553876727466, 51.88271375115829, 28.7158278563514, 68.72410372237103, 0.0]",27.5026,617.216,GISBORNE
syn_06607,3,Container,22968.0,7,"['ELIZABETH', 'DURBAN', 'FREMANTLE', 'MELBOURNE', 'KEMBLA', 'BRISBANE', 'AUCKLAND']","['South Africa', 'South Africa', 'Australia', 'Australia', 'Australia', 'Australia', 'New Zealand']","[-33.9598, -29.8669, -32.051, -37.844, -34.4537, -27.3765, -36.8402]","[25.6321, 31.0333, 115.7393, 144.905, 150.8864, 153.1665, 174.7721]","['Agulhas', 'Agulhas', 'Southwest Australian Shelf', 'Southeast Australian Shelf', 'East Central Australian Shelf', 'East Central Australian Shelf', 'Northern New Zealand']","[0.0, 25.389383566166437, 514.3801784031264, 185.58786421459695, 42.23793646583716, 37.306667273223646, 93.45895540573882]","[30.26877676496479, 20.914257520307512, 17.2909433463, np.float64(33.587708051132175), np.float64(22.972303531494337), np.float64(20.039261041054072), 0.0]",43.4764,1013.1655,AUCKLAND
syn_06608,3,Bulker,40481.0,7,"['NAPA NAPA', 'MOTUKEA ISLAND', 'LAE', 'HONIARA', 'LUGANVILLE', 'VILA', 'TAURANGA']","['Papua New Guinea', 'Papua New Guinea', 'Papua New Guinea', 'Solomon Islands', 'Vanuatu', 'Vanuatu', 'New Zealand']","[-9.5056, -9.4328, -6.8146, -9.4274, -15.515, -17.754, -37.6444]","[147.1542, 147.1035, 146.9681, 159.9603, 167.1867, 168.3044, 176.1819]","['Eastern Coral Triangle', 'Eastern Coral Triangle', 'Eastern Coral Triangle', 'Eastern Coral Triangle', 'Tropical Southwestern Pacific', 'Tropical Southwestern Pacific', 'Northern New Zealand']","[0.0, 54.311165442952905, 82.29932531606812, 107.89115087980629, 74.45172649848735, 63.27845177563942, 114.46971193416897]","[63.804407510232394, np.float64(15.40156879020676), np.float64(20.464620264074103), np.float64(48.613046638668145), np.float64(15.60030397759327), np.float64(64.33163308848798), 0.0]",30.2049,661.1127,TAURANGA
syn_06609,3,Container,34362.0,7,"['BRISBANE', 'MELBOURNE', 'BELL BAY', 'BOTANY', 'SYDNEY', 'BRISBANE', 'NEW PLYMOUTH']","['Australia', 'Australia', 'Australia', 'Australia', 'Australia', 'Australia', 'New Zealand']","[-27.3765, -37.844, -41.1352, -33.9682, -33.8648, -27.3765, -39.0577]","[153.1665, 144.905, 146.8752, 151.2149, 151.1829, 153.1665, 174.0346]","['East Central Australian Shelf', 'Southeast Australian Shelf', 'Southeast Australian Shelf', 'East Central Australian Shelf', 'East Central Australian Shelf', 'East Central Australian Shelf', 'Southern New Zealand']","[0.0, 38.69317341682195, 7.439891738509519, 25.497410993449215, 73.12299870352807, 45.64408699899478, 111.95499914030142]","[np.float64(18.893901117308793), np.float64(8.767050975608234), 12.171489747408097, np.float64(10.190293389406522), 38.13017572415854, np.float64(83.22884928867406), 0.0]",19.7389,454.8404,NEW PLYMOUTH
syn_06610,3,Container,5923.0,6,"['BRISBANE', 'KEMBLA', 'MELBOURNE', 'ADELAIDE', 'SUVA', 'TAURANGA']","['Australia', 'Australia', 'Australia', 'Australia', 'Fiji', 'New Zealand']","[-27.3765, -34.4537, -37.844, -34.8169, -18.1339, -37.6444]","[153.1665, 150.8864, 144.905, 138.2816, 178.4235, 176.1819]","['East Central Australian Shelf', 'East Central Australian Shelf', 'Southeast Australian Shelf', 'Southwest Australian Shelf', 'Tropical Southwestern Pacific', 'Northern New Zealand']","[0.0, 25.508904361219475, 56.618047410473764, 29.97894013944778, 290.91609869544226, 117.98299235582422]","[np.float64(28.01211224549484), np.float64(49.20360625048099), np.float64(14.47833263748038), np.float64(16.72930449425526), np.float64(49.964070343695006), 0.0]",28.308,651.3803,TAURANGA
syn_06611,3,Bulker,34439.0,7,"['SURABAYA', 'GRESIK, JAVA', 'SURABAYA', 'HAY POINT', 'MACKAY', 'MELBOURNE', 'TAURANGA']","['Indonesia', 'Indonesia', 'Indonesia', 'Australia', 'Australia', 'Australia', 'New Zealand']","[-6.8484, -7.1978, -6.8484, -21.1629, -21.1059, -37.844, -37.6444]","[112.7851, 112.7238, 112.7851, 149.3474, 149.2318, 144.905, 176.1819]","['Sunda Shelf', 'Sunda Shelf', 'Sunda Shelf', 'Northeast Australian Shelf', 'Northeast Australian Shelf', 'Southeast Australian Shelf', 'Northern New Zealand']","[0.0, 61.24010424389928, 54.323817113919, 355.61513445586866, 89.9201079117919, 206.29053370547535, 241.41820802053525]","[73.36651169928581, 75.01809692943459, 25.07994087867986, 79.79366174826025, 86.27372659473978, np.float64(26.913667916388142), 0.0]",57.3022,1301.887,TAURANGA
syn_06612,3,General Cargo,19497.0,5,"['KWINANA', 'FREMANTLE', 'ADELAIDE', 'MELBOURNE', 'AUCKLAND']","['Australia', 'Australia', 'Australia', 'Australia', 'New Zealand']","[-32.0435, -32.051, -34.8169, -37.844, -36.8402]","[115.6652, 115.7393, 138.2816, 144.905, 174.7721]","['Southwest Australian Shelf', 'Southwest Australian Shelf', 'Southwest Australian Shelf', 'Southeast Australian Shelf', 'Northern New Zealand']","[0.0, 40.73990175211719, 55.488685151634975, 37.414336569296566, 127.42896863093706]","[24.087130310847325, 54.976544135083216, np.float64(49.36588542412956), np.float64(8.461879506268524), 0.0]",16.5818,373.8762,AUCKLAND
syn_06613,3,Container,13048.0,6,"['LAE', 'TOWNSVILLE', 'BRISBANE', 'MELBOURNE', 'BELL BAY', 'LYTTELTON']","['Papua New Guinea', 'Australia', 'Australia', 'Australia', 'Australia', 'New Zealand']","[-6.8146, -19.0942, -27.3765, -37.844, -41.1352, -43.606]","[146.9681, 146.9491, 153.1665, 144.905, 146.8752, 172.7213]","['Eastern Coral Triangle', 'Northeast Australian Shelf', 'East Central Australian Shelf', 'Southeast Australian Shelf', 'Southeast Australian Shelf', 'Southern New Zealand']","[0.0, 138.8390551651126, 74.15330219202129, 46.80686640843699, 7.938056632309148, 86.32440407862423]","[np.float64(117.0280645609015), 35.80196483803749, np.float64(17.111071958933497), np.float64(39.67522331538708), 25.51003742091261, 0.0]",24.5495,472.16,LYTTELTON
syn_06614,3,Container,22968.0,7,"['NAPA NAPA', 'MOTUKEA ISLAND', 'LAE', 'HONIARA', 'BRISBANE', 'NOUMEA', 'TAURANGA']","['Papua New Guinea', 'Papua New Guinea', 'Papua New Guinea', 'Solomon Islands', 'Australia', 'New Caledonia', 'New Zealand']","[-9.5056, -9.4328, -6.8146, -9.4274, -27.3765, -22.2633, -37.6444]","[147.1542, 147.1035, 146.9681, 159.9603, 153.1665, 166.4317, 176.1819]","['Eastern Coral Triangle', 'Eastern Coral Triangle', 'Eastern Coral Triangle', 'Eastern Coral Triangle', 'East Central Australian Shelf', 'Tropical Southwestern Pacific', 'Northern New Zealand']","[0.0, 17.864509954840987, 33.27293514936845, 50.03010190623847, 88.28391934330848, 79.55603643231534, 56.51156852374445]","[47.35344393947717, np.float64(11.211635134867304), np.float64(24.936725902925968), np.float64(23.936743167811695), np.float64(33.90489594425988), 22.633995670253206, 0.0]",20.3957,442.1431,TAURANGA
syn_06615,3,Bulker,36903.0,6,"['FREMANTLE', 'MELBOURNE', 'KEMBLA', 'WHYALLA', 'MELBOURNE', 'GISBORNE']","['Australia', 'Australia', 'Australia', 'Australia', 'Australia', 'New Zealand']","[-32.051, -37.844, -34.4537, -33.0139, -37.844, -38.6751]","[115.7393, 144.905, 150.8864, 137.5918, 144.905, 178.0221]","['Southwest Australian Shelf', 'Southeast Australian Shelf', 'East Central Australian Shelf', 'Southwest Australian Shelf', 'Southeast Australian Shelf', 'Northern New Zealand']","[0.0, 189.53349949103188, 101.7220256741592, 111.35585706112623, 34.13559034310702, 335.0203072828718]","[79.05985575311509, np.float64(80.14021199525189), np.float64(85.11758915155114), 37.42651062421379, np.float64(75.85401260469727), 0.0]",47.0569,1050.3056,GISBORNE
syn_06616,3,General Cargo,9032.0,7,"['BRISBANE', 'DEVONPORT', 'GEELONG', 'PORTLAND', 'ADELAIDE', 'LINCOLN', 'GISBORNE']","['Australia', 'Australia', 'Australia', 'Australia', 'Australia', 'Australia', 'New Zealand']","[-27.3765, -41.1873, -38.096, -38.32, -34.8169, -34.7176, -38.6751]","[153.1665, 146.3638, 144.3819, 141.7092, 138.2816, 135.8701, 178.0221]","['East Central Australian Shelf', 'Southeast Australian Shelf', 'Southeast Australian Shelf', 'Southeast Australian Shelf', 'Southwest Australian Shelf', 'Southwest Australian Shelf', 'Northern New Zealand']","[0.0, 50.48235335070437, 6.666686359824167, 8.099742111310718, 15.12081552635093, 10.908921746848117, 202.63406454900013]","[np.float64(126.3530148728572), 10.96411488650161, np.float64(85.75921161608022), 12.157030733340811, np.float64(61.64438862212367), 61.50550651905365, 0.0]",27.179,525.9428,GISBORNE
syn_06617,3,Bulker,34443.0,6,"['NAPA NAPA', 'MOTUKEA ISLAND', 'LAE', 'HONIARA', 'LUGANVILLE', 'AUCKLAND']","['Papua New Guinea', 'Papua New Guinea', 'Papua New Guinea', 'Solomon Islands', 'Vanuatu', 'New Zealand']","[-9.5056, -9.4328, -6.8146, -9.4274, -15.515, -36.8402]","[147.1542, 147.1035, 146.9681, 159.9603, 167.1867, 174.7721]","['Eastern Coral Triangle', 'Eastern Coral Triangle', 'Eastern Coral Triangle', 'Eastern Coral Triangle', 'Tropical Southwestern Pacific', 'Northern New Zealand']","[0.0, 50.173424244336026, 86.53675060196433, 82.09436594378991, 103.15990161634805, 278.8884150006668]","[30.813683159384688, np.float64(25.646674457596742), np.float64(96.74707520642535), np.float64(66.91582929517865), np.float64(32.5891545008074), 0.0]",35.5652,822.7516,AUCKLAND
syn_06618,3,Container,12502.0,7,"['NAPA NAPA', 'MOTUKEA ISLAND', 'LAE', 'HONIARA', 'BRISBANE', 'NOUMEA', 'TAURANGA']","['Papua New Guinea', 'Papua New Guinea', 'Papua New Guinea', 'Solomon Islands', 'Australia', 'New Caledonia', 'New Zealand']","[-9.5056, -9.4328, -6.8146, -9.4274, -27.3765, -22.2633, -37.6444]","[147.1542, 147.1035, 146.9681, 159.9603, 153.1665, 166.4317, 176.1819]","['Eastern Coral Triangle', 'Eastern Coral Triangle', 'Eastern Coral Triangle', 'Eastern Coral Triangle', 'East Central Australian Shelf', 'Tropical Southwestern Pacific', 'Northern New Zealand']","[0.0, 17.864509954840987, 31.64112058954384, 39.01780745877167, 68.90330498641183, 38.18365855885684, 78.8357522443149]","[40.36134789883196, np.float64(14.016895518302391), np.float64(10.191016649682274), np.float64(31.304409534623627), np.float64(50.46236950140269), 6.761968085699665, 0.0]",17.8143,387.1828,TAURANGA
syn_06619,3,General Cargo,17961.0,7,"['BRISBANE', 'KEMBLA', 'MELBOURNE', 'ADELAIDE', 'LAE', 'LAUTOKA', 'TAURANGA']","['Australia', 'Australia', 'Australia', 'Australia', 'Papua New Guinea', 'Fiji', 'New Zealand']","[-27.3765, -34.4537, -37.844, -34.8169, -6.8146, -17.6036, -37.6444]","[153.1665, 150.8864, 144.905, 138.2816, 146.9681, 177.4387, 176.1819]","['East Central Australian Shelf', 'East Central Australian Shelf', 'Southeast Australian Shelf', 'Southwest Australian Shelf', 'Eastern Coral Triangle', 'Tropical Southwestern Pacific', 'Northern New Zealand']","[0.0, 37.19344458084943, 21.37029232955763, 42.60691517748239, 300.26677420355213, 180.25880456065292, 127.77931760394625]","[np.float64(31.43620531042759), np.float64(48.828196767669965), np.float64(20.254014627781793), np.float64(75.28513865849234), np.float64(21.043171662071362), np.float64(83.50132845133197), 0.0]",41.2427,958.3874,TAURANGA
syn_06620,3,Bulker,42446.0,6,"['NAPA NAPA', 'MOTUKEA ISLAND', 'LAE', 'KIMBE', 'RABAUL', 'TAURANGA']","['Papua New Guinea', 'Papua New Guinea', 'Papua New Guinea', 'Papua New Guinea', 'Papua New Guinea', 'New Zealand']","[-9.5056, -9.4328, -6.8146, -5.5497, -4.2033, -37.6444]","[147.1542, 147.1035, 146.9681, 150.1486, 152.1667, 176.1819]","['Eastern Coral Triangle', 'Eastern Coral Triangle', 'Eastern Coral Triangle', 'Eastern Coral Triangle', 'Eastern Coral Triangle', 'Northern New Zealand']","[0.0, 100.16987767173866, 64.41745389361564, 5.262258613069515, 30.628131476897803, 305.6816733488615]","[30.10827137936823, np.float64(59.357349028862814), np.float64(111.34457427680314), np.float64(16.316354987749392), 126.61155438808852, 0.0]",35.4124,819.7892,TAURANGA
syn_06621,3,Bulker,28240.0,7,"['NEWCASTLE', 'VAVOUTO', 'NEWCASTLE', 'PRONY BAY', 'NEWCASTLE', 'VAVOUTO', 'AUCKLAND']","['Australia', 'New Caledonia', 'Australia', 'New Caledonia', 'Australia', 'New Caledonia', 'New Zealand']","[-32.9182, -21.0033, -32.9182, -22.3524, -32.9182, -21.0033, -36.8402]","[151.7701, 164.6667, 151.7701, 166.8904, 151.7701, 164.6667, 174.7721]","['East Central Australian Shelf', 'Tropical Southwestern Pacific', 'East Central Australian Shelf', 'Tropical Southwestern Pacific', 'East Central Australian Shelf', 'Tropical Southwestern Pacific', 'Northern New Zealand']","[0.0, 105.57652410896848, 130.7376449596971, 141.41702018757695, 92.1408435599152, 140.1711953307559, 256.76157418228865]","[np.float64(114.59647566453835), 35.46469639842023, np.float64(42.33260832655877), 49.419189106075244, np.float64(22.115566782454753), 31.647853722515208, 0.0]",48.4325,1047.7847,AUCKLAND
syn_06622,3,Container,12502.0,5,"['KWINANA', 'FREMANTLE', 'ADELAIDE', 'MELBOURNE', 'WELLINGTON']","['Australia', 'Australia', 'Australia', 'Australia', 'New Zealand']","[-32.0435, -32.051, -34.8169, -37.844, -41.2746]","[115.6652, 115.7393, 138.2816, 144.905, 174.7887]","['Southwest Australian Shelf', 'Southwest Australian Shelf', 'Southwest Australian Shelf', 'Southeast Australian Shelf', 'Southern New Zealand']","[0.0, 27.03314973384828, 135.9522777726273, 21.702653747758937, 114.54807965698751]","[14.69057771183779, 51.43919973143437, np.float64(18.71964905720812), np.float64(26.973014322463477), 0.0]",17.1274,396.368,WELLINGTON
syn_06623,3,Container,12502.0,6,"['NOUMEA', 'LAUTOKA', 'SUVA', 'VILA', 'LUGANVILLE', 'AUCKLAND']","['New Caledonia', 'Fiji', 'Fiji', 'Vanuatu', 'Vanuatu', 'New Zealand']","[-22.2633, -17.6036, -18.1339, -17.754, -15.515, -36.8402]","[166.4317, 177.4387, 178.4235, 168.3044, 167.1867, 174.7721]","['Tropical Southwestern Pacific', 'Tropical Southwestern Pacific', 'Tropical Southwestern Pacific', 'Tropical Southwestern Pacific', 'Tropical Southwestern Pacific', 'Northern New Zealand']","[0.0, 53.82322587805997, 11.575734995075704, 44.93354268471636, 38.97656572304185, 129.14599769380436]","[23.99626607970192, np.float64(9.836944813598091), np.float64(30.30876092711822), np.float64(11.278394258242255), np.float64(12.381630450588943), 0.0]",15.2607,342.2608,AUCKLAND
syn_06624,3,Bulker,34491.0,6,"['NOUMEA', 'LAUTOKA', 'SUVA', 'VILA', 'LUGANVILLE', 'AUCKLAND']","['New Caledonia', 'Fiji', 'Fiji', 'Vanuatu', 'Vanuatu', 'New Zealand']","[-22.2633, -17.6036, -18.1339, -17.754, -15.515, -36.8402]","[166.4317, 177.4387, 178.4235, 168.3044, 167.1867, 174.7721]","['Tropical Southwestern Pacific', 'Tropical Southwestern Pacific', 'Tropical Southwestern Pacific', 'Tropical Southwestern Pacific', 'Tropical Southwestern Pacific', 'Northern New Zealand']","[0.0, 106.35825524239159, 7.91948742591946, 60.351281475252655, 108.46143106602852, 168.370149668618]","[18.378193223257846, np.float64(130.304085508887), np.float64(86.24409900969056), np.float64(104.21259010120312), np.float64(42.0676850670306), 0.0]",34.6945,814.2891,AUCKLAND
syn_06625,3,General Cargo,19497.0,5,"['KWINANA', 'GEELONG', 'LAE', 'LAUTOKA', 'TAURANGA']","['Australia', 'Australia', 'Papua New Guinea', 'Fiji', 'New Zealand']","[-32.0435, -38.096, -6.8146, -17.6036, -37.6444]","[115.6652, 144.3819, 146.9681, 177.4387, 176.1819]","['Southwest Australian Shelf', 'Southeast Australian Shelf', 'Eastern Coral Triangle', 'Tropical Southwestern Pacific', 'Northern New Zealand']","[0.0, 64.44450005363372, 154.34479859512106, 213.7711156873343, 75.25681462141851]","[56.776004801070805, np.float64(110.68626056158196), np.float64(38.55051806636557), np.float64(14.718923341232596), 0.0]",30.3562,671.7729,TAURANGA
syn_06626,3,Bulker,37520.0,7,"['KWINANA', 'FREMANTLE', 'ADELAIDE', 'MELBOURNE', 'KEMBLA', 'BRISBANE', 'AUCKLAND']","['Australia', 'Australia', 'Australia', 'Australia', 'Australia', 'Australia', 'New Zealand']","[-32.0435, -32.051, -34.8169, -37.844, -34.4537, -27.3765, -36.8402]","[115.6652, 115.7393, 138.2816, 144.905, 150.8864, 153.1665, 174.7721]","['Southwest Australian Shelf', 'Southwest Australian Shelf', 'Southwest Australian Shelf', 'Southeast Australian Shelf', 'East Central Australian Shelf', 'East Central Australian Shelf', 'Northern New Zealand']","[0.0, 49.990377897783105, 149.2151980997861, 40.00643592047631, 69.00693657530826, 58.872817492103735, 164.70791065615083]","[52.929395568121016, 91.1511502389465, np.float64(94.3521819539763), np.float64(23.82704985694305), np.float64(30.88159853232381), np.float64(39.697986769778616), 0.0]",36.0266,811.7096,AUCKLAND
syn_06627,3,General Cargo,9793.0,7,"['BURNIE', 'GEELONG', 'ADELAIDE', 'LINCOLN', 'ARDROSSAN', 'KEMBLA', 'GISBORNE']","['Australia', 'Australia', 'Australia', 'Australia', 'Australia', 'Australia', 'New Zealand']","[-41.0534, -38.096, -34.8169, -34.7176, -34.4394, -34.4537, -38.6751]","[145.9108, 144.3819, 138.2816, 135.8701, 137.9262, 150.8864, 178.0221]","['Southeast Australian Shelf', 'Southeast Australian Shelf', 'Southwest Australian Shelf', 'Southwest Australian Shelf', 'Southwest Australian Shelf', 'East Central Australian Shelf', 'Northern New Zealand']","[0.0, 6.331517478526233, 53.67434051432462, 13.096697048490435, 4.891463736480247, 101.18111796540627, 175.66016093298305]","[33.92358210250914, np.float64(114.32819925062897), np.float64(28.093435877547012), 7.948291320618908, 57.86109496925187, np.float64(94.83672104567717), 0.0]",28.8261,657.903,GISBORNE
syn_06628,3,General Cargo,40297.0,7,"['ESPERANCE', 'THEVENARD', 'BUNDABERG', 'GLADSTONE', 'SOUTH TREES', 'BELL BAY', 'WELLINGTON']","['Australia', 'Australia', 'Australia', 'Australia', 'Australia', 'Australia', 'New Zealand']","[-33.8718, -32.1493, -24.7706, -23.8351, -23.8483, -41.1352, -41.2746]","[121.8997, 133.6409, 152.3816, 151.2712, 151.3268, 146.8752, 174.7887]","['Southwest Australian Shelf', 'Southwest Australian Shelf', 'East Central Australian Shelf', 'Northeast Australian Shelf', 'Northeast Australian Shelf', 'Southeast Australian Shelf', 'Southern New Zealand']","[0.0, 47.61351139436191, 182.19554142536956, 41.672742740220116, 64.20424582263645, 113.33487833002148, 164.01902728415155]","[15.974988199530483, 17.900287207023794, 23.30187757935467, 60.30617404369904, 17.907754626123808, 15.797715611209151, 0.0]",31.8429,748.2538,WELLINGTON
syn_06629,3,General Cargo,9793.0,5,"['NAPA NAPA', 'MOTUKEA ISLAND', 'LAE', 'KIMBE', 'TAURANGA']","['Papua New Guinea', 'Papua New Guinea', 'Papua New Guinea', 'Papua New Guinea', 'New Zealand']","[-9.5056, -9.4328, -6.8146, -5.5497, -37.6444]","[147.1542, 147.1035, 146.9681, 150.1486, 176.1819]","['Eastern Coral Triangle', 'Eastern Coral Triangle', 'Eastern Coral Triangle', 'Eastern Coral Triangle', 'Northern New Zealand']","[0.0, 43.36803750866907, 38.953109115831744, 2.8967767742079076, 147.47743794356452]","[24.76607678741578, np.float64(7.959047223970817), np.float64(77.07116322066506), np.float64(6.155434234002719), 0.0]",14.527,323.881,TAURANGA
syn_06630,3,Bulker,31702.0,7,"['COWES', 'LONG ISLAND POINT', 'PRONY BAY', 'BOTANY', 'BRISBANE', 'NOUMEA', 'TAURANGA']","['Australia', 'Australia', 'New Caledonia', 'Australia', 'Australia', 'New Caledonia', 'New Zealand']","[-38.4372, -38.2983, -22.3524, -33.9682, -27.3765, -22.2633, -37.6444]","[145.2507, 145.2386, 166.8904, 151.2149, 153.1665, 166.4317, 176.1819]","['Southeast Australian Shelf', 'Southeast Australian Shelf', 'Tropical Southwestern Pacific', 'East Central Australian Shelf', 'East Central Australian Shelf', 'Tropical Southwestern Pacific', 'Northern New Zealand']","[0.0, 37.95997440805527, 181.96994323042512, 82.43240071489653, 52.717379038552465, 81.47193908990184, 85.31690732868547]","[79.12583934935972, 10.854866253417189, 102.50074742352315, np.float64(105.53383199402722), np.float64(53.67648568483963), 11.251664013462591, 0.0]",36.8672,805.6861,TAURANGA
syn_06631,3,Container,22314.0,6,"['ESPERANCE', 'THEVENARD', 'BUNDABERG', 'GLADSTONE', 'SOUTH TREES', 'GISBORNE']","['Australia', 'Australia', 'Australia', 'Australia', 'Australia', 'New Zealand']","[-33.8718, -32.1493, -24.7706, -23.8351, -23.8483, -38.6751]","[121.8997, 133.6409, 152.3816, 151.2712, 151.3268, 178.0221]","['Southwest Australian Shelf', 'Southwest Australian Shelf', 'East Central Australian Shelf', 'Northeast Australian Shelf', 'Northeast Australian Shelf', 'Northern New Zealand']","[0.0, 47.36134395429127, 102.93714433964165, 35.590208867588586, 25.832426281918934, 114.14963397803218]","[50.42494431270029, 9.835274554462977, 110.08783407221733, 25.48734818035972, 16.609011643030648, 0.0]",22.4298,487.8902,GISBORNE
syn_06632,3,Bulker,34443.0,7,"['TOWNSVILLE', 'BRISBANE', 'MELBOURNE', 'BELL BAY', 'BOTANY', 'SYDNEY', 'AUCKLAND']","['Australia', 'Australia', 'Australia', 'Australia', 'Australia', 'Australia', 'New Zealand']","[-19.0942, -27.3765, -37.844, -41.1352, -33.9682, -33.8648, -36.8402]","[146.9491, 153.1665, 144.905, 146.8752, 151.2149, 151.1829, 174.7721]","['Northeast Australian Shelf', 'East Central Australian Shelf', 'Southeast Australian Shelf', 'Southeast Australian Shelf', 'East Central Australian Shelf', 'East Central Australian Shelf', 'Northern New Zealand']","[0.0, 60.526570832150114, 77.95473583363588, 7.72926037901214, 37.486738793053505, 80.65571464347262, 129.2656523530632]","[16.91160737196142, np.float64(42.804351218470934), np.float64(38.49378218602361), 82.09824711683301, np.float64(69.27648571237276), 77.20592585532643, 0.0]",30.017,703.4975,AUCKLAND
syn_06633,3,General Cargo,7709.0,7,"['MOTUKEA ISLAND', 'LAE', 'KIMBE', 'RABAUL', 'HONIARA', 'LUGANVILLE', 'AUCKLAND']","['Papua New Guinea', 'Papua New Guinea', 'Papua New Guinea', 'Papua New Guinea', 'Solomon Islands', 'Vanuatu', 'New Zealand']","[-9.4328, -6.8146, -5.5497, -4.2033, -9.4274, -15.515, -36.8402]","[147.1035, 146.9681, 150.1486, 152.1667, 159.9603, 167.1867, 174.7721]","['Eastern Coral Triangle', 'Eastern Coral Triangle', 'Eastern Coral Triangle', 'Eastern Coral Triangle', 'Eastern Coral Triangle', 'Tropical Southwestern Pacific', 'Northern New Zealand']","[0.0, 112.24830694218129, 3.5387666830966427, 15.41082898764699, 47.07868504058573, 81.566480787784, 200.06674393703648]","[np.float64(98.25424804159813), np.float64(45.724224887499005), np.float64(11.746889386406696), 90.50117726400443, np.float64(132.06917737261506), np.float64(15.550840954135692), 0.0]",35.5732,755.5021,AUCKLAND
syn_06634,3,Bulker,42446.0,7,"['BRISBANE', 'GEELONG', 'DEVONPORT', 'PORTLAND', 'ADELAIDE', 'LINCOLN', 'GISBORNE']","['Australia', 'Australia', 'Australia', 'Australia', 'Australia', 'Australia', 'New Zealand']","[-27.3765, -38.096, -41.1873, -38.32, -34.8169, -34.7176, -38.6751]","[153.1665, 144.3819, 146.3638, 141.7092, 138.2816, 135.8701, 178.0221]","['East Central Australian Shelf', 'Southeast Australian Shelf', 'Southeast Australian Shelf', 'Southeast Australian Shelf', 'Southwest Australian Shelf', 'Southwest Australian Shelf', 'Northern New Zealand']","[0.0, 141.28205636738136, 15.2012321130177, 30.76828689802351, 37.26207770508807, 16.51463803876977, 191.31304123805228]","[np.float64(98.8073402881589), np.float64(65.27467077602256), 35.81001316744804, 45.65845075344396, np.float64(56.1463831521148), 62.28400315090533, 0.0]",33.1801,697.5149,GISBORNE
syn_06635,3,Bulker,40481.0,5,"['KEMBLA', 'MELBOURNE', 'ADELAIDE', 'SUVA', 'TAURANGA']","['Australia', 'Australia', 'Australia', 'Fiji', 'New Zealand']","[-34.4537, -37.844, -34.8169, -18.1339, -37.6444]","[150.8864, 144.905, 138.2816, 178.4235, 176.1819]","['East Central Australian Shelf', 'Southeast Australian Shelf', 'Southwest Australian Shelf', 'Tropical Southwestern Pacific', 'Northern New Zealand']","[0.0, 57.59396857822066, 33.38262156165345, 347.8666917600111, 170.18721284384551]","[np.float64(68.98959733832629), np.float64(81.24281355052555), np.float64(95.40440969296442), np.float64(61.21726148751997), 0.0]",38.1619,846.895,TAURANGA
syn_06636,3,General Cargo,9793.0,5,"['LAE', 'KIMBE', 'RABAUL', 'HONIARA', 'TAURANGA']","['Papua New Guinea', 'Papua New Guinea', 'Papua New Guinea', 'Solomon Islands', 'New Zealand']","[-6.8146, -5.5497, -4.2033, -9.4274, -37.6444]","[146.9681, 150.1486, 152.1667, 159.9603, 176.1819]","['Eastern Coral Triangle', 'Eastern Coral Triangle', 'Eastern Coral Triangle', 'Eastern Coral Triangle', 'Northern New Zealand']","[0.0, 2.8624848860580085, 27.24918316803901, 64.24041432270096, 133.2925928329124]","[np.float64(96.36989930888286), np.float64(16.91280686969222), 24.065981212477112, np.float64(53.939593087442795), 0.0]",17.4555,322.5631,TAURANGA
syn_06637,3,Bulker,33963.0,7,"['HEDLAND', 'FREMANTLE', 'BURNIE', 'GLADSTONE', 'MACKAY', 'HAY POINT', 'GISBORNE']","['Australia', 'Australia', 'Australia', 'Australia', 'Australia', 'Australia', 'New Zealand']","[-20.0977, -32.051, -41.0534, -23.8351, -21.1059, -21.1629, -38.6751]","[118.5382, 115.7393, 145.9108, 151.2712, 149.2318, 149.3474, 178.0221]","['Northwest Australian Shelf', 'Southwest Australian Shelf', 'Southeast Australian Shelf', 'Northeast Australian Shelf', 'Northeast Australian Shelf', 'Northeast Australian Shelf', 'Northern New Zealand']","[0.0, 137.52088632071732, 295.7339320443224, 96.64119017329985, 26.194774065862283, 51.11066751641101, 183.29825569875766]","[80.23229423938419, 134.63939921073913, 77.28023803319965, 78.64673104031407, 93.21818423324903, 25.406582106046475, 0.0]",53.3301,1199.6908,GISBORNE
syn_06638,3,Container,17842.0,5,"['FREMANTLE', 'MELBOURNE', 'KEMBLA', 'BRISBANE', 'AUCKLAND']","['Australia', 'Australia', 'Australia', 'Australia', 'New Zealand']","[-32.051, -37.844, -34.4537, -27.3765, -36.8402]","[115.7393, 144.905, 150.8864, 153.1665, 174.7721]","['Southwest Australian Shelf', 'Southeast Australian Shelf', 'East Central Australian Shelf', 'East Central Australian Shelf', 'Northern New Zealand']","[0.0, 171.48339957889127, 29.252727371293993, 33.01166069466281, 93.88101319805718]","[18.94359945435998, np.float64(31.09794082022181), np.float64(59.844067844835266), np.float64(17.9855137928137), 0.0]",18.9792,436.5563,AUCKLAND
syn_06639,3,Container,22968.0,7,"['BRISBANE', 'MOTUKEA ISLAND', 'LAE', 'HONIARA', 'LUGANVILLE', 'VILA', 'TAURANGA']","['Australia', 'Papua New Guinea', 'Papua New Guinea', 'Solomon Islands', 'Vanuatu', 'Vanuatu', 'New Zealand']","[-27.3765, -9.4328, -6.8146, -9.4274, -15.515, -17.754, -37.6444]","[153.1665, 147.1035, 146.9681, 159.9603, 167.1867, 168.3044, 176.1819]","['East Central Australian Shelf', 'Eastern Coral Triangle', 'Eastern Coral Triangle', 'Eastern Coral Triangle', 'Tropical Southwestern Pacific', 'Tropical Southwestern Pacific', 'Northern New Zealand']","[0.0, 63.01412336883905, 62.46198013777618, 63.11292140016716, 58.393601445298756, 30.378145355131483, 117.80968320548743]","[np.float64(24.924558722689962), np.float64(6.121402175523802), np.float64(20.412768837494024), np.float64(42.19302737624877), np.float64(20.934030937210608), np.float64(45.246300204313194), 0.0]",23.1251,530.078,TAURANGA
syn_06640,3,General Cargo,19497.0,7,"['NEWCASTLE', 'GEELONG', 'ARDROSSAN', 'KEMBLA', 'TOWNSVILLE', 'GLADSTONE', 'AUCKLAND']","['Australia', 'Australia', 'Australia', 'Australia', 'Australia', 'Australia', 'New Zealand']","[-32.9182, -38.096, -34.4394, -34.4537, -19.0942, -23.8351, -36.8402]","[151.7701, 144.3819, 137.9262, 150.8864, 146.9491, 151.2712, 174.7721]","['East Central Australian Shelf', 'Southeast Australian Shelf', 'Southwest Australian Shelf', 'East Central Australian Shelf', 'Northeast Australian Shelf', 'Northeast Australian Shelf', 'Northern New Zealand']","[0.0, 31.140913197298918, 31.97670560638499, 61.54197255780246, 113.65199094530797, 43.59995977834189, 188.96846818803002]","[np.float64(61.23906539821515), np.float64(43.199617125151946), 56.86321498056303, np.float64(62.29726369004516), 32.730197656423606, 37.342514485191856, 0.0]",31.8563,703.3128,AUCKLAND
syn_06641,3,Container,22968.0,6,"['CAIRNS', 'GLADSTONE', 'FISHERMANS LANDING', 'NEWCASTLE', 'KEMBLA', 'TAURANGA']","['Australia', 'Australia', 'Australia', 'Australia', 'Australia', 'New Zealand']","[-16.8017, -23.8351, -23.7873, -32.9182, -34.4537, -37.6444]","[145.8833, 151.2712, 151.1761, 151.7701, 150.8864, 176.1819]","['Northeast Australian Shelf', 'Northeast Australian Shelf', 'Northeast Australian Shelf', 'East Central Australian Shelf', 'East Central Australian Shelf', 'Northern New Zealand']","[0.0, 78.19230664312595, 59.53671712590395, 32.14593193006013, 3.4295558165376154, 166.92360469365664]","[20.08058680213471, 16.823814356120533, 7.809826691720698, np.float64(33.354892901038404), np.float64(22.717305972937538), 0.0]",18.3756,420.934,TAURANGA
syn_06642,3,Container,22314.0,6,"['EST', 'KWINANA', 'FREMANTLE', 'ADELAIDE', 'MELBOURNE', 'AUCKLAND']","['RÃ\x83Â©union', 'Australia', 'Australia', 'Australia', 'Australia', 'New Zealand']","[-20.9327, -32.0435, -32.051, -34.8169, -37.844, -36.8402]","[55.3178, 115.6652, 115.7393, 138.2816, 144.905, 174.7721]","['Western Indian Ocean', 'Southwest Australian Shelf', 'Southwest Australian Shelf', 'Southwest Australian Shelf', 'Southeast Australian Shelf', 'Northern New Zealand']","[0.0, 142.49218605407202, 56.0541669940601, 61.25544253871119, 36.541675514305055, 125.56342736475078]","[35.795692512121356, 29.67320573708521, 117.27641354826972, np.float64(23.655840658216693), np.float64(17.896391093148146), 0.0]",26.9252,610.4087,AUCKLAND
syn_06643,3,General Cargo,12746.0,6,"['KWINANA', 'ESPERANCE', 'ADELAIDE', 'GEELONG', 'KEMBLA', 'NAPIER']","['Australia', 'Australia', 'Australia', 'Australia', 'Australia', 'New Zealand']","[-32.0435, -33.8718, -34.8169, -38.096, -34.4537, -39.4759]","[115.6652, 121.8997, 138.2816, 144.3819, 150.8864, 176.9184]","['Southwest Australian Shelf', 'Southwest Australian Shelf', 'Southwest Australian Shelf', 'Southeast Australian Shelf', 'East Central Australian Shelf', 'Southern New Zealand']","[0.0, 50.432797856226486, 55.093693838142826, 25.90911973716317, 38.48592174632642, 124.72644310570377]","[24.341251934286085, 68.78143138969547, np.float64(24.256684744627012), np.float64(44.276005259122165), np.float64(34.86985592101629), 0.0]",20.4656,466.832,NAPIER
syn_06644,3,Bulker,37655.0,6,"['GERALDTON', 'BUNBURY', 'THEVENARD', 'BRISBANE', 'KEMBLA', 'WELLINGTON']","['Australia', 'Australia', 'Australia', 'Australia', 'Australia', 'New Zealand']","[-28.6797, -33.3243, -32.1493, -27.3765, -34.4537, -41.2746]","[114.5095, 115.6615, 133.6409, 153.1665, 150.8864, 174.7887]","['West Central Australian Shelf', 'Southwest Australian Shelf', 'Southwest Australian Shelf', 'East Central Australian Shelf', 'East Central Australian Shelf', 'Southern New Zealand']","[0.0, 35.49920156489212, 110.37143367234248, 186.92915556391398, 60.98773340650516, 202.7920051379444]","[91.57747859021283, 115.50623253633233, 30.370187811385296, np.float64(104.44138049933188), np.float64(90.40953849419095), 0.0]",42.8702,937.3069,WELLINGTON
syn_06645,3,Bulker,37657.0,5,"['VIT_RIA', 'PARANAGU_', 'PARANAGUA', 'IMBITUBA', 'GISBORNE']","['Brazil', 'Brazil', 'Brazil', 'Brazil', 'New Zealand']","[-20.3247, -25.4891, -25.7154, -28.1921, -38.6751]","[-40.3331, -48.4598, -48.2778, -48.605, 178.0221]","['Tropical Southwestern Atlantic', 'Warm Temperate Southwestern Atlantic', 'Warm Temperate Southwestern Atlantic', 'Warm Temperate Southwestern Atlantic', 'Northern New Zealand']","[0.0, 54.50416556427491, 78.32961857753996, 50.23438620884796, 806.7009081964642]","[9.574156265565096, 45.62346992440568, 86.71719661779352, 123.66035903061139, 0.0]",52.306,1245.7701,GISBORNE
syn_06646,3,Bulker,36903.0,6,"['BRISBANE', 'BURNIE', 'GEELONG', 'ADELAIDE', 'THEVENARD', 'TAURANGA']","['Australia', 'Australia', 'Australia', 'Australia', 'Australia', 'New Zealand']","[-27.3765, -41.0534, -38.096, -34.8169, -32.1493, -37.6444]","[153.1665, 145.9108, 144.3819, 138.2816, 133.6409, 176.1819]","['East Central Australian Shelf', 'Southeast Australian Shelf', 'Southeast Australian Shelf', 'Southwest Australian Shelf', 'Southwest Australian Shelf', 'Northern New Zealand']","[0.0, 97.96391785794717, 10.917882229763219, 56.48611149511441, 68.68549138720113, 398.4635351673037]","[np.float64(62.487460007134835), 120.21572640829423, np.float64(82.11938915558115), np.float64(63.7083707544968), 84.1412871312955, 0.0]",43.5495,982.7017,TAURANGA
syn_06647,3,General Cargo,2159.0,6,"['NOUMEA', 'LAUTOKA', 'SUVA', 'VILA', 'LUGANVILLE', 'AUCKLAND']","['New Caledonia', 'Fiji', 'Fiji', 'Vanuatu', 'Vanuatu', 'New Zealand']","[-22.2633, -17.6036, -18.1339, -17.754, -15.515, -36.8402]","[166.4317, 177.4387, 178.4235, 168.3044, 167.1867, 174.7721]","['Tropical Southwestern Pacific', 'Tropical Southwestern Pacific', 'Tropical Southwestern Pacific', 'Tropical Southwestern Pacific', 'Tropical Southwestern Pacific', 'Northern New Zealand']","[0.0, 50.42337876199429, 7.5058862947246965, 33.00936748243353, 37.95139667148279, 155.0074428811286]","[38.28752915473287, np.float64(20.313651474917474), np.float64(104.63489949681274), np.float64(7.957314793020165), np.float64(16.343056047139093), 0.0]",19.6431,433.1464,AUCKLAND
syn_06648,3,Bulker,37520.0,5,"['KWINANA', 'FREMANTLE', 'MELBOURNE', 'KEMBLA', 'AUCKLAND']","['Australia', 'Australia', 'Australia', 'Australia', 'New Zealand']","[-32.0435, -32.051, -37.844, -34.4537, -36.8402]","[115.6652, 115.7393, 144.905, 150.8864, 174.7721]","['Southwest Australian Shelf', 'Southwest Australian Shelf', 'Southeast Australian Shelf', 'East Central Australian Shelf', 'Northern New Zealand']","[0.0, 70.97179457550023, 126.39024559562334, 71.5268579422966, 136.14284046731336]","[120.44669469360886, 35.24891146656036, np.float64(60.2676703382041), np.float64(63.138034466485344), 0.0]",28.5055,563.6864,AUCKLAND
syn_06649,3,RoRo,18556.0,7,"['LAE', 'TOWNSVILLE', 'BRISBANE', 'DEVONPORT', 'GEELONG', 'PORTLAND', 'WELLINGTON']","['Papua New Guinea', 'Australia', 'Australia', 'Australia', 'Australia', 'Australia', 'New Zealand']","[-6.8146, -19.0942, -27.3765, -41.1873, -38.096, -38.32, -41.2746]","[146.9681, 146.9491, 153.1665, 146.3638, 144.3819, 141.7092, 174.7887]","['Eastern Coral Triangle', 'Northeast Australian Shelf', 'East Central Australian Shelf', 'Southeast Australian Shelf', 'Southeast Australian Shelf', 'Southeast Australian Shelf', 'Southern New Zealand']","[0.0, 65.91518058934554, 39.18401450777526, 131.08577805276218, 16.020352194749307, 19.858800129582306, 155.15456127608886]","[np.float64(123.30311856292623), 43.37751551984843, np.float64(76.88233421184111), 15.246125343829206, np.float64(69.89797044994593), 6.226912851709254, 0.0]",31.7564,638.8495,WELLINGTON
syn_06650,3,Container,5923.0,7,"['NAPA NAPA', 'MOTUKEA ISLAND', 'LAE', 'KIMBE', 'RABAUL', 'HONIARA', 'TAURANGA']","['Papua New Guinea', 'Papua New Guinea', 'Papua New Guinea', 'Papua New Guinea', 'Papua New Guinea', 'Solomon Islands', 'New Zealand']","[-9.5056, -9.4328, -6.8146, -5.5497, -4.2033, -9.4274, -37.6444]","[147.1542, 147.1035, 146.9681, 150.1486, 152.1667, 159.9603, 176.1819]","['Eastern Coral Triangle', 'Eastern Coral Triangle', 'Eastern Coral Triangle', 'Eastern Coral Triangle', 'Eastern Coral Triangle', 'Eastern Coral Triangle', 'Northern New Zealand']","[0.0, 17.864509954840987, 70.59451759157889, 6.179840860187983, 15.866731693806305, 45.45023164479928, 168.3656725355871]","[6.412538432598362, np.float64(11.589229550279732), np.float64(23.57205033821753), np.float64(7.814033428394233), 7.644995478044053, np.float64(105.56339352259748), 0.0]",20.2882,480.5052,TAURANGA
syn_06651,3,Bulker,37555.0,5,"['FUNAFUTI', 'NANUMANGA', 'NANUMEA', 'NIUTAO', 'TAURANGA']","['Tuvalu', 'Tuvalu', 'Tuvalu', 'Tuvalu', 'New Zealand']","[-8.5032, -6.2821, -5.6755, -6.1016, -37.6444]","[179.1946, 176.3086, 176.1033, 177.3293, 176.1819]","['Marshall, Gilbert and Ellis Islands', 'Marshall, Gilbert and Ellis Islands', 'Marshall, Gilbert and Ellis Islands', 'Marshall, Gilbert and Ellis Islands', 'Northern New Zealand']","[0.0, 42.14933784332871, 62.81297558366456, 10.111398747716864, 263.27926535315976]","[40.74800914361455, 39.38796536362767, 40.500481328805925, 115.38804032436612, 0.0]",25.5991,573.6295,TAURANGA
syn_06652,3,General Cargo,5351.0,7,"['BOTANY', 'HONIARA', 'MOTUKEA ISLAND', 'PRONY BAY', 'BOTANY', 'SUVA', 'GISBORNE']","['Australia', 'Solomon Islands', 'Papua New Guinea', 'New Caledonia', 'Australia', 'Fiji', 'New Zealand']","[-33.9682, -9.4274, -9.4328, -22.3524, -33.9682, -18.1339, -38.6751]","[151.2149, 159.9603, 147.1035, 166.8904, 151.2149, 178.4235, 178.0221]","['East Central Australian Shelf', 'Eastern Coral Triangle', 'Eastern Coral Triangle', 'Tropical Southwestern Pacific', 'East Central Australian Shelf', 'Tropical Southwestern Pacific', 'Northern New Zealand']","[0.0, 165.69653657337068, 77.31784186826368, 104.15990493957997, 117.2385598327204, 242.4055201493037, 113.00859176289185]","[np.float64(45.49645167961101), np.float64(38.73312787632601), np.float64(18.347975566011105), 74.3034482672034, np.float64(18.350036958007617), np.float64(67.77454923390856), 0.0]",45.118,1037.3361,GISBORNE
syn_06653,3,Container,17842.0,6,"['NEWCASTLE', 'BELL BAY', 'BUNBURY', 'PORTLAND', 'ARDROSSAN', 'NEW PLYMOUTH']","['Australia', 'Australia', 'Australia', 'Australia', 'Australia', 'New Zealand']","[-32.9182, -41.1352, -33.3243, -38.32, -34.4394, -39.0577]","[151.7701, 146.8752, 115.6615, 141.7092, 137.9262, 174.0346]","['East Central Australian Shelf', 'Southeast Australian Shelf', 'Southwest Australian Shelf', 'Southeast Australian Shelf', 'Southwest Australian Shelf', 'Southern New Zealand']","[0.0, 43.76174196958751, 187.33336384766508, 94.91763806413688, 13.002853378216658, 84.2007877693909]","[np.float64(13.513382121158138), 8.983346459641234, 22.664839822754328, 26.479495247507636, 16.146187716295845, 0.0]",21.2918,497.4903,NEW PLYMOUTH
syn_06654,3,Container,22968.0,7,"['BALL BAY', 'CASCADE', 'BOTANY', 'VUDA', 'NADI BAY', 'NOUMEA', 'NEW PLYMOUTH']","['Australia', 'Australia', 'Australia', 'Fiji', 'Fiji', 'New Caledonia', 'New Zealand']","[-29.0496, -29.0094, -33.9682, -17.6861, -17.7162, -22.2633, -39.0577]","[167.9864, 167.9779, 151.2149, 177.3849, 177.371, 166.4317, 174.0346]","['Lord Howe and Norfolk Islands', 'Lord Howe and Norfolk Islands', 'East Central Australian Shelf', 'Tropical Southwestern Pacific', 'Tropical Southwestern Pacific', 'Tropical Southwestern Pacific', 'Southern New Zealand']","[0.0, 38.06537491136853, 56.79781978908841, 142.61424880704197, 46.5717898165662, 41.25237503791112, 88.12715835147486]","[23.702861844314437, 111.27180801532326, np.float64(28.238850769165357), 19.930944291183348, 37.83421801642408, 18.93539700121053, 0.0]",27.2226,629.64,NEW PLYMOUTH
syn_06655,3,Bulker,37574.0,7,"['CAIRNS', 'MACKAY', 'BRISBANE', 'NEWCASTLE', 'BOTANY', 'MELBOURNE', 'AUCKLAND']","['Australia', 'Australia', 'Australia', 'Australia', 'Australia', 'Australia', 'New Zealand']","[-16.8017, -21.1059, -27.3765, -32.9182, -33.9682, -37.844, -36.8402]","[145.8833, 149.2318, 153.1665, 151.7701, 151.2149, 144.905, 174.7721]","['Northeast Australian Shelf', 'Northeast Australian Shelf', 'East Central Australian Shelf', 'East Central Australian Shelf', 'East Central Australian Shelf', 'Southeast Australian Shelf', 'Northern New Zealand']","[0.0, 71.21988454098297, 70.08977503348852, 41.07201274334151, 6.922380574568484, 73.25629665007077, 154.03190397732632]","[102.56176840361938, 64.73130742302627, np.float64(55.413296058475694), np.float64(11.059186728087465), np.float64(23.668162851041462), np.float64(80.09872827652273), 0.0]",31.4219,651.5629,AUCKLAND
syn_06656,3,Bulker,37555.0,6,"['CAIRNS', 'MACKAY', 'BRISBANE', 'NEWCASTLE', 'BOTANY', 'AUCKLAND']","['Australia', 'Australia', 'Australia', 'Australia', 'Australia', 'New Zealand']","[-16.8017, -21.1059, -27.3765, -32.9182, -33.9682, -36.8402]","[145.8833, 149.2318, 153.1665, 151.7701, 151.2149, 174.7721]","['Northeast Australian Shelf', 'Northeast Australian Shelf', 'East Central Australian Shelf', 'East Central Australian Shelf', 'East Central Australian Shelf', 'Northern New Zealand']","[0.0, 56.94764751664707, 46.24244643326452, 63.08907050370782, 8.963559284558597, 106.4608768207279]","[112.92587197277068, 35.425819964372835, np.float64(87.17249370237876), np.float64(66.67574516973164), np.float64(23.699202873371856), 0.0]",25.3168,494.6769,AUCKLAND
syn_06657,3,Container,12502.0,7,"['CAIRNS', 'MACKAY', 'BRISBANE', 'NEWCASTLE', 'BOTANY', 'MELBOURNE', 'TAURANGA']","['Australia', 'Australia', 'Australia', 'Australia', 'Australia', 'Australia', 'New Zealand']","[-16.8017, -21.1059, -27.3765, -32.9182, -33.9682, -37.844, -37.6444]","[145.8833, 149.2318, 153.1665, 151.7701, 151.2149, 144.905, 176.1819]","['Northeast Australian Shelf', 'Northeast Australian Shelf', 'East Central Australian Shelf', 'East Central Australian Shelf', 'East Central Australian Shelf', 'Southeast Australian Shelf', 'Northern New Zealand']","[0.0, 36.51837629287346, 44.69530572856458, 31.617566656433112, 5.7063271583419874, 56.2713760972261, 140.22315774856455]","[84.90068082819867, 12.076898560712332, np.float64(27.776937042418954), np.float64(110.09165108450044), np.float64(10.667683375386861), np.float64(24.328855636702762), 0.0]",24.3698,499.9741,TAURANGA
syn_06658,3,Container,34067.0,7,"['BRISBANE', 'GEELONG', 'DEVONPORT', 'PORTLAND', 'BLUESCOPE', 'KEMBLA', 'TAURANGA']","['Australia', 'Australia', 'Australia', 'Australia', 'Australia', 'Australia', 'New Zealand']","[-27.3765, -38.096, -41.1873, -38.32, -38.291, -34.4537, -37.6444]","[153.1665, 144.3819, 146.3638, 141.7092, 145.2292, 150.8864, 176.1819]","['East Central Australian Shelf', 'Southeast Australian Shelf', 'Southeast Australian Shelf', 'Southeast Australian Shelf', 'Southeast Australian Shelf', 'East Central Australian Shelf', 'Northern New Zealand']","[0.0, 114.79339761950321, 5.566152218994323, 28.821193178138465, 15.381212294688554, 29.37721352484827, 114.44705480197541]","[np.float64(80.86545240242688), np.float64(56.64581975920973), 27.04530479530595, 79.95573883630152, 44.67442275284014, np.float64(81.08371797265987), 0.0]",28.2774,597.7912,TAURANGA
syn_06659,3,Container,12502.0,5,"['NAPA NAPA', 'MOTUKEA ISLAND', 'LAE', 'KIMBE', 'NEW PLYMOUTH']","['Papua New Guinea', 'Papua New Guinea', 'Papua New Guinea', 'Papua New Guinea', 'New Zealand']","[-9.5056, -9.4328, -6.8146, -5.5497, -39.0577]","[147.1542, 147.1035, 146.9681, 150.1486, 174.0346]","['Eastern Coral Triangle', 'Eastern Coral Triangle', 'Eastern Coral Triangle', 'Eastern Coral Triangle', 'Southern New Zealand']","[0.0, 17.864509954840987, 51.18404515675776, 6.179840860187983, 222.84569447734432]","[38.15300151858392, np.float64(23.282059827949617), np.float64(11.449572579643602), np.float64(12.827604564340808), 0.0]",15.9911,345.6333,NEW PLYMOUTH
syn_06660,3,RoRo,21856.0,6,"['CAIRNS', 'HAY POINT', 'MACKAY', 'MELBOURNE', 'NEWCASTLE', 'AUCKLAND']","['Australia', 'Australia', 'Australia', 'Australia', 'Australia', 'New Zealand']","[-16.8017, -21.1629, -21.1059, -37.844, -32.9182, -36.8402]","[145.8833, 149.3474, 149.2318, 144.905, 151.7701, 174.7721]","['Northeast Australian Shelf', 'Northeast Australian Shelf', 'Northeast Australian Shelf', 'Southeast Australian Shelf', 'East Central Australian Shelf', 'Northern New Zealand']","[0.0, 24.30306568758845, 77.02667852168229, 90.17213574963094, 53.75806764805658, 117.93516766449233]","[15.23260120753346, 37.22520057916512, 63.37602799533155, np.float64(85.8661556133328), np.float64(37.48334166777896), 0.0]",25.0991,587.1458,AUCKLAND
syn_06661,3,General Cargo,5351.0,5,"['RABAUL', 'HONIARA', 'BRISBANE', 'NOUMEA', 'TAURANGA']","['Papua New Guinea', 'Solomon Islands', 'Australia', 'New Caledonia', 'New Zealand']","[-4.2033, -9.4274, -27.3765, -22.2633, -37.6444]","[152.1667, 159.9603, 153.1665, 166.4317, 176.1819]","['Eastern Coral Triangle', 'Eastern Coral Triangle', 'East Central Australian Shelf', 'Tropical Southwestern Pacific', 'Northern New Zealand']","[0.0, 36.79680202419047, 52.99364165512233, 102.61473985377688, 74.53772436384811]","[59.32427510127511, np.float64(121.54819177469025), np.float64(54.90858430073735), 52.13617631244316, 0.0]",23.1192,495.5359,TAURANGA
syn_06662,3,Container,5923.0,7,"['NEWCASTLE', 'BELL BAY', 'BRISBANE', 'ADELAIDE', 'GEELONG', 'KEMBLA', 'NAPIER']","['Australia', 'Australia', 'Australia', 'Australia', 'Australia', 'Australia', 'New Zealand']","[-32.9182, -41.1352, -27.3765, -34.8169, -38.096, -34.4537, -39.4759]","[151.7701, 146.8752, 153.1665, 138.2816, 144.3819, 150.8864, 176.9184]","['East Central Australian Shelf', 'Southeast Australian Shelf', 'East Central Australian Shelf', 'Southwest Australian Shelf', 'Southeast Australian Shelf', 'East Central Australian Shelf', 'Southern New Zealand']","[0.0, 42.26338659428624, 84.16865742185693, 100.16002397251492, 54.56440462805861, 51.93485231961641, 90.42909648594483]","[np.float64(30.47779488106509), 22.51634826346937, np.float64(52.0606732867449), np.float64(11.503325986051447), np.float64(9.382198655447421), np.float64(17.38455867176851), 0.0]",23.6186,536.3675,NAPIER
syn_06663,3,General Cargo,40297.0,5,"['TOWNSVILLE', 'BRISBANE', 'MELBOURNE', 'BELL BAY', 'AUCKLAND']","['Australia', 'Australia', 'Australia', 'Australia', 'New Zealand']","[-19.0942, -27.3765, -37.844, -41.1352, -36.8402]","[146.9491, 153.1665, 144.905, 146.8752, 174.7721]","['Northeast Australian Shelf', 'East Central Australian Shelf', 'Southeast Australian Shelf', 'Southeast Australian Shelf', 'Northern New Zealand']","[0.0, 26.048068928101575, 59.81825732245934, 7.065849431874222, 83.88679466613804]","[21.847687771708244, np.float64(40.71290163586389), np.float64(19.221886962128842), 30.767620205046114, 0.0]",12.057,267.5214,AUCKLAND
syn_06664,3,Bulker,37520.0,5,"['BRISBANE', 'MELBOURNE', 'KEMBLA', 'BRISBANE', 'AUCKLAND']","['Australia', 'Australia', 'Australia', 'Australia', 'New Zealand']","[-27.3765, -37.844, -34.4537, -27.3765, -36.8402]","[153.1665, 144.905, 150.8864, 153.1665, 174.7721]","['East Central Australian Shelf', 'Southeast Australian Shelf', 'East Central Australian Shelf', 'East Central Australian Shelf', 'Northern New Zealand']","[0.0, 76.92265265486348, 51.54440232178951, 62.746991864299254, 164.13912793009828]","[np.float64(93.77895668524651), np.float64(27.592960354459475), np.float64(100.88408618852088), np.float64(90.953725289863), 0.0]",27.8568,574.7839,AUCKLAND
syn_06665,3,Container,12502.0,5,"['BRISBANE', 'NEWCASTLE', 'GLADSTONE', 'SOUTH TREES', 'GISBORNE']","['Australia', 'Australia', 'Australia', 'Australia', 'New Zealand']","[-27.3765, -32.9182, -23.8351, -23.8483, -38.6751]","[153.1665, 151.7701, 151.2712, 151.3268, 178.0221]","['East Central Australian Shelf', 'East Central Australian Shelf', 'Northeast Australian Shelf', 'Northeast Australian Shelf', 'Northern New Zealand']","[0.0, 38.514100928430565, 70.19543352110873, 38.468293490531494, 116.37046251043701]","[np.float64(13.562383037874119), np.float64(99.57345069418), 40.34946962754867, 13.492716211861579, 0.0]",17.9386,416.9639,GISBORNE
syn_06666,3,General Cargo,9793.0,6,"['CAIRNS', 'MACKAY', 'BRISBANE', 'NEWCASTLE', 'BOTANY', 'TAURANGA']","['Australia', 'Australia', 'Australia', 'Australia', 'Australia', 'New Zealand']","[-16.8017, -21.1059, -27.3765, -32.9182, -33.9682, -37.6444]","[145.8833, 149.2318, 153.1665, 151.7701, 151.2149, 176.1819]","['Northeast Australian Shelf', 'Northeast Australian Shelf', 'East Central Australian Shelf', 'East Central Australian Shelf', 'East Central Australian Shelf', 'Northern New Zealand']","[0.0, 19.600753869047757, 25.504767159599453, 35.40855963971415, 6.038627045698209, 78.87631087464874]","[110.39709401823852, 20.243689496910523, np.float64(34.72287618722767), np.float64(37.04458017163772), np.float64(36.95280416343033), 0.0]",16.8663,294.393,TAURANGA
syn_06667,3,Container,17842.0,6,"['NAPA NAPA', 'MOTUKEA ISLAND', 'LAE', 'KIMBE', 'RABAUL', 'AUCKLAND']","['Papua New Guinea', 'Papua New Guinea', 'Papua New Guinea', 'Papua New Guinea', 'Papua New Guinea', 'New Zealand']","[-9.5056, -9.4328, -6.8146, -5.5497, -4.2033, -36.8402]","[147.1542, 147.1035, 146.9681, 150.1486, 152.1667, 174.7721]","['Eastern Coral Triangle', 'Eastern Coral Triangle', 'Eastern Coral Triangle', 'Eastern Coral Triangle', 'Eastern Coral Triangle', 'Northern New Zealand']","[0.0, 17.864509954840987, 69.56639581256796, 6.179840860187983, 32.96583793015833, 389.48375386440154]","[21.222819180928735, np.float64(7.6306982513491235), np.float64(22.11457457703276), np.float64(8.512601060577234), 73.09279540627391, 0.0]",27.0264,627.411,AUCKLAND
syn_06668,3,Container,12502.0,5,"['BALL BAY', 'CASCADE', 'BOTANY', 'VUDA', 'NEW PLYMOUTH']","['Australia', 'Australia', 'Australia', 'Fiji', 'New Zealand']","[-29.0496, -29.0094, -33.9682, -17.6861, -39.0577]","[167.9864, 167.9779, 151.2149, 177.3849, 174.0346]","['Lord Howe and Norfolk Islands', 'Lord Howe and Norfolk Islands', 'East Central Australian Shelf', 'Tropical Southwestern Pacific', 'Southern New Zealand']","[0.0, 34.281449652369986, 65.27815055216954, 131.77780593302154, 125.26780343634039]","[101.53259980296022, 41.39327446695294, np.float64(14.35582257280277), 24.628765289046274, 0.0]",22.4382,436.9831,NEW PLYMOUTH
syn_06669,3,Bulker,33263.0,6,"['LAE', 'KIMBE', 'RABAUL', 'HONIARA', 'LUGANVILLE', 'AUCKLAND']","['Papua New Guinea', 'Papua New Guinea', 'Papua New Guinea', 'Solomon Islands', 'Vanuatu', 'New Zealand']","[-6.8146, -5.5497, -4.2033, -9.4274, -15.515, -36.8402]","[146.9681, 150.1486, 152.1667, 159.9603, 167.1867, 174.7721]","['Eastern Coral Triangle', 'Eastern Coral Triangle', 'Eastern Coral Triangle', 'Eastern Coral Triangle', 'Tropical Southwestern Pacific', 'Northern New Zealand']","[0.0, 2.9746532407109934, 50.73165156861752, 56.69955864153626, 111.93376619296009, 166.90493926431313]","[np.float64(53.22972802235789), np.float64(18.95688143800013), 15.257370189567864, np.float64(41.16750452707774), np.float64(56.5193183206135), 0.0]",23.9323,521.1456,AUCKLAND
syn_06670,3,Bulker,42446.0,5,"['BURNIE', 'GEELONG', 'ADELAIDE', 'LINCOLN', 'GISBORNE']","['Australia', 'Australia', 'Australia', 'Australia', 'New Zealand']","[-41.0534, -38.096, -34.8169, -34.7176, -38.6751]","[145.9108, 144.3819, 138.2816, 135.8701, 178.0221]","['Southeast Australian Shelf', 'Southeast Australian Shelf', 'Southwest Australian Shelf', 'Southwest Australian Shelf', 'Northern New Zealand']","[0.0, 10.59804912390998, 40.25525159758372, 8.318750086426917, 171.2925723089032]","[82.62468456574867, np.float64(12.245990468418096), np.float64(42.05663092498022), 25.584156467103057, 0.0]",16.374,310.3514,GISBORNE
syn_06671,3,Bulker,38852.0,6,"['GERALDTON', 'KWINANA', 'LONG ISLAND POINT', 'BLUESCOPE', 'KEMBLA', 'TAURANGA']","['Australia', 'Australia', 'Australia', 'Australia', 'Australia', 'New Zealand']","[-28.6797, -32.0435, -38.2983, -38.291, -34.4537, -37.6444]","[114.5095, 115.6652, 145.2386, 145.2292, 150.8864, 176.1819]","['West Central Australian Shelf', 'Southwest Australian Shelf', 'Southeast Australian Shelf', 'Southeast Australian Shelf', 'East Central Australian Shelf', 'Northern New Zealand']","[0.0, 17.895400064544816, 348.4234753284801, 43.75306410910535, 56.394426787329465, 247.99872492044966]","[55.94336286708617, 82.58357149080615, 7.509300075309421, 68.0638591310036, np.float64(48.655004233140566), 0.0]",40.7175,921.2768,TAURANGA
syn_06672,3,Bulker,34327.0,7,"['BRISBANE', 'NAPA NAPA', 'MOTUKEA ISLAND', 'LAE', 'HONIARA', 'LUGANVILLE', 'AUCKLAND']","['Australia', 'Papua New Guinea', 'Papua New Guinea', 'Papua New Guinea', 'Solomon Islands', 'Vanuatu', 'New Zealand']","[-27.3765, -9.5056, -9.4328, -6.8146, -9.4274, -15.515, -36.8402]","[153.1665, 147.1542, 147.1035, 146.9681, 159.9603, 167.1867, 174.7721]","['East Central Australian Shelf', 'Eastern Coral Triangle', 'Eastern Coral Triangle', 'Eastern Coral Triangle', 'Eastern Coral Triangle', 'Tropical Southwestern Pacific', 'Northern New Zealand']","[0.0, 109.07374789708223, 39.751883483843294, 90.26971869278852, 70.55650277707936, 93.31600917450282, 120.49127414803009]","[np.float64(53.20205444474178), 11.283241565708188, np.float64(32.661882651197345), np.float64(57.462756547732916), np.float64(29.635056302741383), np.float64(122.53987559117533), 0.0]",34.5935,777.0419,AUCKLAND
syn_06673,3,Container,12502.0,5,"['GERALDTON', 'BUNBURY', 'THEVENARD', 'BRISBANE', 'AUCKLAND']","['Australia', 'Australia', 'Australia', 'Australia', 'New Zealand']","[-28.6797, -33.3243, -32.1493, -27.3765, -36.8402]","[114.5095, 115.6615, 133.6409, 153.1665, 174.7721]","['West Central Australian Shelf', 'Southwest Australian Shelf', 'Southwest Australian Shelf', 'East Central Australian Shelf', 'Northern New Zealand']","[0.0, 45.39532351531542, 125.39783491353782, 126.34527403730414, 77.96200141331266]","[35.5120667275802, 11.105277274855768, 21.193555141083255, np.float64(22.622405766671005), 0.0]",19.3972,430.0217,AUCKLAND
syn_06674,3,Container,12502.0,7,"['KWINANA', 'FREMANTLE', 'ADELAIDE', 'MELBOURNE', 'KEMBLA', 'BRISBANE', 'AUCKLAND']","['Australia', 'Australia', 'Australia', 'Australia', 'Australia', 'Australia', 'New Zealand']","[-32.0435, -32.051, -34.8169, -37.844, -34.4537, -27.3765, -36.8402]","[115.6652, 115.7393, 138.2816, 144.905, 150.8864, 153.1665, 174.7721]","['Southwest Australian Shelf', 'Southwest Australian Shelf', 'Southwest Australian Shelf', 'Southeast Australian Shelf', 'East Central Australian Shelf', 'East Central Australian Shelf', 'Northern New Zealand']","[0.0, 39.4949209771944, 59.03369070652543, 33.85164536305352, 42.648311131068326, 31.418395204037367, 78.55252473957366]","[30.4098493813827, 34.71533965019875, np.float64(52.05168067880958), np.float64(19.035163348860966), np.float64(120.98899445124746), np.float64(10.30387182958031), 0.0]",23.021,522.0945,AUCKLAND
syn_06675,3,Container,5923.0,5,"['NAPA NAPA', 'MOTUKEA ISLAND', 'LAE', 'HONIARA', 'AUCKLAND']","['Papua New Guinea', 'Papua New Guinea', 'Papua New Guinea', 'Solomon Islands', 'New Zealand']","[-9.5056, -9.4328, -6.8146, -9.4274, -36.8402]","[147.1542, 147.1035, 146.9681, 159.9603, 174.7721]","['Eastern Coral Triangle', 'Eastern Coral Triangle', 'Eastern Coral Triangle', 'Eastern Coral Triangle', 'Northern New Zealand']","[0.0, 17.864509954840987, 93.11376508692497, 61.18196988262928, 234.3257497314227]","[28.604575079328516, np.float64(30.29209750047061), np.float64(44.64229762343602), np.float64(21.377963530552417), 0.0]",22.1418,502.7984,AUCKLAND
syn_06676,3,RoRo,18556.0,5,"['BRISBANE', 'NEWCASTLE', 'GEELONG', 'ARDROSSAN', 'NELSON']","['Australia', 'Australia', 'Australia', 'Australia', 'New Zealand']","[-27.3765, -32.9182, -38.096, -34.4394, -41.2611]","[153.1665, 151.7701, 144.3819, 137.9262, 173.2733]","['East Central Australian Shelf', 'East Central Australian Shelf', 'Southeast Australian Shelf', 'Southwest Australian Shelf', 'Southern New Zealand']","[0.0, 24.616457950693622, 81.4001137094879, 39.317734491192894, 127.61364337507754]","[np.float64(65.23151608838168), np.float64(51.136715512138785), np.float64(25.456208768198692), 24.6440510494246, 0.0]",18.309,374.1849,NELSON
syn_06677,3,Bulker,37686.0,5,"['NOUMEA', 'LAUTOKA', 'SUVA', 'LUGANVILLE', 'TAURANGA']","['New Caledonia', 'Fiji', 'Fiji', 'Vanuatu', 'New Zealand']","[-22.2633, -17.6036, -18.1339, -15.515, -37.6444]","[166.4317, 177.4387, 178.4235, 167.1867, 176.1819]","['Tropical Southwestern Pacific', 'Tropical Southwestern Pacific', 'Tropical Southwestern Pacific', 'Tropical Southwestern Pacific', 'Northern New Zealand']","[0.0, 68.19264604446806, 9.724536371402769, 140.0243757236814, 196.9271845202598]","[38.83468902382351, np.float64(36.510611937544304), np.float64(35.82652356816165), np.float64(34.14235062081332), 0.0]",23.341,521.3482,TAURANGA
syn_06678,3,Bulker,34327.0,5,"['NAPA NAPA', 'MOTUKEA ISLAND', 'LAE', 'HONIARA', 'AUCKLAND']","['Papua New Guinea', 'Papua New Guinea', 'Papua New Guinea', 'Solomon Islands', 'New Zealand']","[-9.5056, -9.4328, -6.8146, -9.4274, -36.8402]","[147.1542, 147.1035, 146.9681, 159.9603, 174.7721]","['Eastern Coral Triangle', 'Eastern Coral Triangle', 'Eastern Coral Triangle', 'Eastern Coral Triangle', 'Northern New Zealand']","[0.0, 51.4962263005612, 85.2224629242939, 91.8533179163678, 276.6932258061185]","[132.26595806351907, np.float64(20.194513260493633), np.float64(43.07558365782555), np.float64(36.58171550296512), 0.0]",30.7243,605.117,AUCKLAND
syn_06679,3,Container,12502.0,5,"['BRISBANE', 'MOTUKEA ISLAND', 'LAE', 'KIMBE', 'NELSON']","['Australia', 'Papua New Guinea', 'Papua New Guinea', 'Papua New Guinea', 'New Zealand']","[-27.3765, -9.4328, -6.8146, -5.5497, -41.2611]","[153.1665, 147.1035, 146.9681, 150.1486, 173.2733]","['East Central Australian Shelf', 'Eastern Coral Triangle', 'Eastern Coral Triangle', 'Eastern Coral Triangle', 'Southern New Zealand']","[0.0, 140.95103160336072, 58.916118817835674, 6.179840860187983, 174.55666087940332]","[np.float64(46.33942374921539), np.float64(17.358193526257047), np.float64(96.29559997250074), np.float64(12.32367604444941), 0.0]",23.0384,506.5811,NELSON
syn_06680,3,Container,12502.0,5,"['TOWNSVILLE', 'HOBART', 'MELBOURNE', 'PIRIE', 'GISBORNE']","['Australia', 'Australia', 'Australia', 'Australia', 'New Zealand']","[-19.0942, -42.8304, -37.844, -33.1693, -38.6751]","[146.9491, 147.3195, 144.905, 138.0138, 178.0221]","['Northeast Australian Shelf', 'Southeast Australian Shelf', 'Southeast Australian Shelf', 'Southwest Australian Shelf', 'Northern New Zealand']","[0.0, 243.86849409763326, 47.15913399161157, 31.47794655769227, 118.65308361486345]","[33.33095543256872, 9.613076299517008, np.float64(26.183693469242417), 41.3404551473756, 0.0]",22.9845,518.2959,GISBORNE
syn_06681,3,Bulker,37987.0,6,"['KWINANA', 'FREMANTLE', 'ADELAIDE', 'MELBOURNE', 'KEMBLA', 'AUCKLAND']","['Australia', 'Australia', 'Australia', 'Australia', 'Australia', 'New Zealand']","[-32.0435, -32.051, -34.8169, -37.844, -34.4537, -36.8402]","[115.6652, 115.7393, 138.2816, 144.905, 150.8864, 174.7721]","['Southwest Australian Shelf', 'Southwest Australian Shelf', 'Southwest Australian Shelf', 'Southeast Australian Shelf', 'East Central Australian Shelf', 'Northern New Zealand']","[0.0, 52.609608035212666, 191.39834448235007, 34.208657627283074, 50.86629467491475, 163.18213772586145]","[24.623961270904683, 60.17033977911682, np.float64(41.310239449427606), np.float64(73.18217094650473), np.float64(44.19417687208311), 0.0]",30.6561,711.122,AUCKLAND
syn_06682,3,Bulker,33963.0,6,"['BIRINGKASSI', 'GEELONG', 'MELBOURNE', 'KEMBLA', 'NEWCASTLE', 'AUCKLAND']","['Indonesia', 'Australia', 'Australia', 'Australia', 'Australia', 'New Zealand']","[-4.816, -38.096, -37.844, -34.4537, -32.9182, -36.8402]","[119.4552, 144.3819, 144.905, 150.8864, 151.7701, 174.7721]","['Western Coral Triangle', 'Southeast Australian Shelf', 'Southeast Australian Shelf', 'East Central Australian Shelf', 'East Central Australian Shelf', 'Northern New Zealand']","[0.0, 342.11730226463914, 46.99671804056857, 59.992920100329506, 9.205136439125742, 132.91523206744876]","[60.78734785427169, np.float64(27.90546072802892), np.float64(132.76463174414965), np.float64(133.23248275112874), np.float64(66.87244312295893), 0.0]",42.1996,952.0023,AUCKLAND
syn_06683,3,General Cargo,63340.0,5,"['NOUMEA', 'LAUTOKA', 'SUVA', 'VILA', 'NEW PLYMOUTH']","['New Caledonia', 'Fiji', 'Fiji', 'Vanuatu', 'New Zealand']","[-22.2633, -17.6036, -18.1339, -17.754, -39.0577]","[166.4317, 177.4387, 178.4235, 168.3044, 174.0346]","['Tropical Southwestern Pacific', 'Tropical Southwestern Pacific', 'Tropical Southwestern Pacific', 'Tropical Southwestern Pacific', 'Southern New Zealand']","[0.0, 96.38125648148112, 9.14325421655311, 26.703919831873044, 212.02519014177176]","[54.385707032874016, np.float64(53.184111475292376), np.float64(88.3765115379696), np.float64(21.18900606113573), 0.0]",23.3912,507.0032,NEW PLYMOUTH
syn_06684,3,General Cargo,12502.0,7,"['TOWNSVILLE', 'NAPA NAPA', 'MOTUKEA ISLAND', 'LAE', 'HONIARA', 'LUGANVILLE', 'AUCKLAND']","['Australia', 'Papua New Guinea', 'Papua New Guinea', 'Papua New Guinea', 'Solomon Islands', 'Vanuatu', 'New Zealand']","[-19.0942, -9.5056, -9.4328, -6.8146, -9.4274, -15.515, -36.8402]","[146.9491, 147.1542, 147.1035, 146.9681, 159.9603, 167.1867, 174.7721]","['Northeast Australian Shelf', 'Eastern Coral Triangle', 'Eastern Coral Triangle', 'Eastern Coral Triangle', 'Eastern Coral Triangle', 'Tropical Southwestern Pacific', 'Northern New Zealand']","[0.0, 93.43246766698556, 60.90465762316385, 41.734580789529296, 81.88467995178657, 48.827451395743935, 143.8430074683468]","[20.078432294454867, 18.97425830738621, np.float64(19.70821108326634), np.float64(28.622644007707226), np.float64(41.00056929593113), np.float64(6.602554146252231), 0.0]",25.2339,585.5351,AUCKLAND
syn_06685,3,Container,17842.0,7,"['EST', 'KWINANA', 'FREMANTLE', 'ADELAIDE', 'MELBOURNE', 'KEMBLA', 'AUCKLAND']","['RÃ\x83Â©union', 'Australia', 'Australia', 'Australia', 'Australia', 'Australia', 'New Zealand']","[-20.9327, -32.0435, -32.051, -34.8169, -37.844, -34.4537, -36.8402]","[55.3178, 115.6652, 115.7393, 138.2816, 144.905, 150.8864, 174.7721]","['Western Indian Ocean', 'Southwest Australian Shelf', 'Southwest Australian Shelf', 'Southwest Australian Shelf', 'Southeast Australian Shelf', 'East Central Australian Shelf', 'Northern New Zealand']","[0.0, 249.59968673582878, 29.026965540701962, 75.76158362927823, 35.488009205247735, 75.86158369437074, 104.59445642587471]","[16.999371262414414, 114.00449811606344, 35.26006649711194, np.float64(18.54085330993021), np.float64(8.197575828898195), np.float64(43.733297950524346), 0.0]",33.6278,790.0686,AUCKLAND
syn_06686,3,Bulker,37657.0,6,"['FREMANTLE', 'BURNIE', 'GLADSTONE', 'MACKAY', 'HAY POINT', 'GISBORNE']","['Australia', 'Australia', 'Australia', 'Australia', 'Australia', 'New Zealand']","[-32.051, -41.0534, -23.8351, -21.1059, -21.1629, -38.6751]","[115.7393, 145.9108, 151.2712, 149.2318, 149.3474, 178.0221]","['Southwest Australian Shelf', 'Southeast Australian Shelf', 'Northeast Australian Shelf', 'Northeast Australian Shelf', 'Northeast Australian Shelf', 'Northern New Zealand']","[0.0, 276.9235808447809, 193.32341724988552, 32.40857751399604, 74.84099639079865, 153.70521470698193]","[16.916650947134304, 118.55788143287792, 18.602926905702017, 38.622130364148205, 47.64882250376937, 0.0]",40.4813,954.6335,GISBORNE
syn_06687,3,Bulker,37704.0,6,"['ADELAIDE', 'PORTLAND', 'GEELONG', 'NEWCASTLE', 'NOUMEA', 'GISBORNE']","['Australia', 'Australia', 'Australia', 'Australia', 'New Caledonia', 'New Zealand']","[-34.8169, -38.32, -38.096, -32.9182, -22.2633, -38.6751]","[138.2816, 141.7092, 144.3819, 151.7701, 166.4317, 178.0221]","['Southwest Australian Shelf', 'Southeast Australian Shelf', 'Southeast Australian Shelf', 'East Central Australian Shelf', 'Tropical Southwestern Pacific', 'Northern New Zealand']","[0.0, 22.47399112991652, 13.709591233858387, 57.13511774616228, 87.88601790285131, 269.6038330902383]","[np.float64(52.83038764797825), 14.645672935075039, np.float64(92.66981292048064), np.float64(116.9019506269519), 85.51049401216842, 0.0]",33.8903,760.5365,GISBORNE
syn_06688,3,Container,17842.0,5,"['GEELONG', 'NEWCASTLE', 'BRISBANE', 'KEMBLA', 'AUCKLAND']","['Australia', 'Australia', 'Australia', 'Australia', 'New Zealand']","[-38.096, -32.9182, -27.3765, -34.4537, -36.8402]","[144.3819, 151.7701, 153.1665, 150.8864, 174.7721]","['Southeast Australian Shelf', 'East Central Australian Shelf', 'East Central Australian Shelf', 'East Central Australian Shelf', 'Northern New Zealand']","[0.0, 36.60592486967976, 20.610596314942498, 55.67435800975445, 120.35603567119041]","[np.float64(20.40070527525209), np.float64(59.05907451639014), np.float64(53.64437406706231), np.float64(101.43641057828985), 0.0]",19.4911,447.3868,AUCKLAND
syn_06689,3,RoRo,43878.0,6,"['GEELONG', 'NEWCASTLE', 'BRISBANE', 'KEMBLA', 'MELBOURNE', 'AUCKLAND']","['Australia', 'Australia', 'Australia', 'Australia', 'Australia', 'New Zealand']","[-38.096, -32.9182, -27.3765, -34.4537, -37.844, -36.8402]","[144.3819, 151.7701, 153.1665, 150.8864, 144.905, 174.7721]","['Southeast Australian Shelf', 'East Central Australian Shelf', 'East Central Australian Shelf', 'East Central Australian Shelf', 'Southeast Australian Shelf', 'Northern New Zealand']","[0.0, 63.29353172190695, 30.76062390721529, 37.03743661377103, 44.65718355383587, 146.0736301475734]","[np.float64(16.863221072372585), np.float64(98.57614395526583), np.float64(40.40191180066106), np.float64(84.87618526339732), np.float64(109.91158200737759), 0.0]",28.0188,655.5882,AUCKLAND
syn_06690,3,Container,12502.0,6,"['GLADSTONE', 'SOUTH TREES', 'NEWCASTLE', 'BELL BAY', 'MELBOURNE', 'AUCKLAND']","['Australia', 'Australia', 'Australia', 'Australia', 'Australia', 'New Zealand']","[-23.8351, -23.8483, -32.9182, -41.1352, -37.844, -36.8402]","[151.2712, 151.3268, 151.7701, 146.8752, 144.905, 174.7721]","['Northeast Australian Shelf', 'Northeast Australian Shelf', 'East Central Australian Shelf', 'Southeast Australian Shelf', 'Southeast Australian Shelf', 'Northern New Zealand']","[0.0, 56.10647018297355, 37.627832350442965, 29.043362241169344, 7.2946973304037535, 91.94450091668065]","[28.71774490145205, 30.298628766245947, np.float64(30.457550899313976), 13.406446414763723, np.float64(12.901556526183992), 0.0]",14.0749,309.081,AUCKLAND
syn_06691,3,Container,12502.0,6,"['VIT_RIA', 'PARANAGU_', 'PARANAGUA', 'IMBITUBA', 'PUNTA ARENAS', 'TAURANGA']","['Brazil', 'Brazil', 'Brazil', 'Brazil', 'Chile', 'New Zealand']","[-20.3247, -25.4891, -25.7154, -28.1921, -53.1954, -37.6444]","[-40.3331, -48.4598, -48.2778, -48.605, -70.9036, 176.1819]","['Tropical Southwestern Atlantic', 'Warm Temperate Southwestern Atlantic', 'Warm Temperate Southwestern Atlantic', 'Warm Temperate Southwestern Atlantic', 'Magellanic', 'Northern New Zealand']","[0.0, 53.90963420433564, 38.89960665505534, 42.78485928872654, 136.25907480294597, 476.82982071354763]","[20.341522033387108, 11.137525121110448, 9.874487711852828, 7.060596286582408, 39.97322459102261, 0.0]",34.8779,816.7288,TAURANGA
syn_06692,3,General Cargo,19497.0,6,"['MOTUKEA ISLAND', 'LAE', 'BRISBANE', 'BOTANY', 'MELBOURNE', 'AUCKLAND']","['Papua New Guinea', 'Papua New Guinea', 'Australia', 'Australia', 'Australia', 'New Zealand']","[-9.4328, -6.8146, -27.3765, -33.9682, -37.844, -36.8402]","[147.1035, 146.9681, 153.1665, 151.2149, 144.905, 174.7721]","['Eastern Coral Triangle', 'Eastern Coral Triangle', 'East Central Australian Shelf', 'East Central Australian Shelf', 'Southeast Australian Shelf', 'Northern New Zealand']","[0.0, 90.40631351075487, 222.87762098506474, 40.7448198136161, 51.48464422800915, 123.91179252273781]","[np.float64(13.513727791276656), np.float64(21.607654331878663), np.float64(12.889166290905255), np.float64(18.11176648272665), np.float64(29.17789412275318), 0.0]",26.0302,611.2117,AUCKLAND
syn_06693,3,General Cargo,11736.0,6,"['NOUMEA', 'LAUTOKA', 'SUVA', 'VILA', 'LUGANVILLE', 'AUCKLAND']","['New Caledonia', 'Fiji', 'Fiji', 'Vanuatu', 'Vanuatu', 'New Zealand']","[-22.2633, -17.6036, -18.1339, -17.754, -15.515, -36.8402]","[166.4317, 177.4387, 178.4235, 168.3044, 167.1867, 174.7721]","['Tropical Southwestern Pacific', 'Tropical Southwestern Pacific', 'Tropical Southwestern Pacific', 'Tropical Southwestern Pacific', 'Tropical Southwestern Pacific', 'Northern New Zealand']","[0.0, 39.94749395603401, 4.7827054539865275, 71.09966573495886, 49.53132742687271, 134.11811877389016]","[45.557223645612964, np.float64(62.507094590368276), np.float64(69.368976816209), np.float64(10.777500680446831), np.float64(77.14475836384432), 0.0]",23.5348,519.2776,AUCKLAND
syn_06694,3,General Cargo,9793.0,6,"['BRISBANE', 'NEWCASTLE', 'GEELONG', 'ADELAIDE', 'THEVENARD', 'TAURANGA']","['Australia', 'Australia', 'Australia', 'Australia', 'Australia', 'New Zealand']","[-27.3765, -32.9182, -38.096, -34.8169, -32.1493, -37.6444]","[153.1665, 151.7701, 144.3819, 138.2816, 133.6409, 176.1819]","['East Central Australian Shelf', 'East Central Australian Shelf', 'Southeast Australian Shelf', 'Southwest Australian Shelf', 'Southwest Australian Shelf', 'Northern New Zealand']","[0.0, 37.02999641420967, 40.45837140943292, 29.279010461404322, 31.25055045386823, 199.43396295277515]","[np.float64(111.75610837403599), np.float64(15.843278611099855), np.float64(45.82659495081975), np.float64(20.65557682828701), 61.43999034777514, 0.0]",24.7072,481.2173,TAURANGA
syn_06695,3,General Cargo,33738.0,6,"['BRISBANE', 'BURNIE', 'GEELONG', 'ADELAIDE', 'SUVA', 'GISBORNE']","['Australia', 'Australia', 'Australia', 'Australia', 'Fiji', 'New Zealand']","[-27.3765, -41.0534, -38.096, -34.8169, -18.1339, -38.6751]","[153.1665, 145.9108, 144.3819, 138.2816, 178.4235, 178.0221]","['East Central Australian Shelf', 'Southeast Australian Shelf', 'Southeast Australian Shelf', 'Southwest Australian Shelf', 'Tropical Southwestern Pacific', 'Northern New Zealand']","[0.0, 130.5882671440665, 11.598570352164657, 33.11296974579864, 286.4525469278634, 130.49927981126802]","[np.float64(83.56222436145181), 31.125046534780072, np.float64(71.99510554941203), np.float64(43.48063256126687), np.float64(60.47685097862475), 0.0]",36.7871,799.3293,GISBORNE
syn_06696,3,Bulker,37534.0,5,"['LAE', 'HONIARA', 'LUGANVILLE', 'VILA', 'TAURANGA']","['Papua New Guinea', 'Solomon Islands', 'Vanuatu', 'Vanuatu', 'New Zealand']","[-6.8146, -9.4274, -15.515, -17.754, -37.6444]","[146.9681, 159.9603, 167.1867, 168.3044, 176.1819]","['Eastern Coral Triangle', 'Eastern Coral Triangle', 'Tropical Southwestern Pacific', 'Tropical Southwestern Pacific', 'Northern New Zealand']","[0.0, 124.83437397281405, 116.60742854040566, 93.81854538301674, 140.37416914604512]","[np.float64(71.42938727121005), np.float64(105.75422976997622), np.float64(21.69437107883336), np.float64(45.659841281569285), 0.0]",30.0072,648.743,TAURANGA
syn_06697,3,Bulker,33144.0,5,"['BRISBANE', 'BURNIE', 'MELBOURNE', 'ALMA', 'NEW PLYMOUTH']","['Australia', 'Australia', 'Australia', 'Australia', 'New Zealand']","[-27.3765, -41.0534, -37.844, -23.5832, -39.0577]","[153.1665, 145.9108, 144.905, 150.8631, 174.0346]","['East Central Australian Shelf', 'Southeast Australian Shelf', 'Southeast Australian Shelf', 'Northeast Australian Shelf', 'Southern New Zealand']","[0.0, 126.9108352822969, 10.028291065463852, 134.8687187660272, 138.1949915615957]","[np.float64(32.32403630903051), 17.42651678967947, np.float64(48.434720118349205), 36.23383412628629, 0.0]",22.6842,512.0979,NEW PLYMOUTH
syn_06698,3,General Cargo,9793.0,6,"['NOUMEA', 'LAUTOKA', 'SUVA', 'VILA', 'LUGANVILLE', 'AUCKLAND']","['New Caledonia', 'Fiji', 'Fiji', 'Vanuatu', 'Vanuatu', 'New Zealand']","[-22.2633, -17.6036, -18.1339, -17.754, -15.515, -36.8402]","[166.4317, 177.4387, 178.4235, 168.3044, 167.1867, 174.7721]","['Tropical Southwestern Pacific', 'Tropical Southwestern Pacific', 'Tropical Southwestern Pacific', 'Tropical Southwestern Pacific', 'Tropical Southwestern Pacific', 'Northern New Zealand']","[0.0, 60.245598127586774, 11.044211415220069, 43.403892092530846, 54.35958629929183, 175.94636514446347]","[91.51460793265515, np.float64(73.58761516872852), np.float64(36.935071185125764), np.float64(16.079774866672057), np.float64(29.26246493631309), 0.0]",24.6825,500.8646,AUCKLAND
syn_06699,3,RoRo,19879.0,6,"['BUNBURY', 'THEVENARD', 'BRISBANE', 'KEMBLA', 'BOTANY', 'TAURANGA']","['Australia', 'Australia', 'Australia', 'Australia', 'Australia', 'New Zealand']","[-33.3243, -32.1493, -27.3765, -34.4537, -33.9682, -37.6444]","[115.6615, 133.6409, 153.1665, 150.8864, 151.2149, 176.1819]","['Southwest Australian Shelf', 'Southwest Australian Shelf', 'East Central Australian Shelf', 'East Central Australian Shelf', 'East Central Australian Shelf', 'Northern New Zealand']","[0.0, 119.89558268901084, 213.79311757891108, 54.79355983261687, 54.068016121821806, 142.54732693707302]","[19.139554801484206, 50.92427199996166, np.float64(64.14415422363713), np.float64(35.312479187157464), np.float64(18.32075394356341), 0.0]",32.2058,753.7993,TAURANGA
syn_06700,3,Tanker,16298.0,5,"['LAE', 'KIMBE', 'RABAUL', 'HONIARA', 'TAURANGA']","['Papua New Guinea', 'Papua New Guinea', 'Papua New Guinea', 'Solomon Islands', 'New Zealand']","[-6.8146, -5.5497, -4.2033, -9.4274, -37.6444]","[146.9681, 150.1486, 152.1667, 159.9603, 176.1819]","['Eastern Coral Triangle', 'Eastern Coral Triangle', 'Eastern Coral Triangle', 'Eastern Coral Triangle', 'Northern New Zealand']","[0.0, 4.982304648211997, 27.9615944720627, 55.59198666000553, 141.63696992707997]","[np.float64(23.16796114160094), np.float64(19.152190997954335), 27.50933642706491, np.float64(80.95001793600449), 0.0]",15.873,357.7844,TAURANGA
syn_06701,3,RoRo,18556.0,6,"['HEDLAND', 'DAMPIER', 'FREMANTLE', 'KWINANA', 'GEELONG', 'NELSON']","['Australia', 'Australia', 'Australia', 'Australia', 'Australia', 'New Zealand']","[-20.0977, -20.38, -32.051, -32.0435, -38.096, -41.2611]","[118.5382, 116.6317, 115.7393, 115.6652, 144.3819, 173.2733]","['Northwest Australian Shelf', 'Northwest Australian Shelf', 'Southwest Australian Shelf', 'Southwest Australian Shelf', 'Southeast Australian Shelf', 'Southern New Zealand']","[0.0, 9.572630766903455, 143.05080454163775, 51.281997362623436, 111.46341051532805, 86.9865149647925]","[50.67693814740696, 39.0844298915204, 36.49663963142574, 16.766115589130603, np.float64(27.392283072904142), 0.0]",23.8655,522.0948,NELSON
syn_06702,3,General Cargo,19497.0,5,"['TOWNSVILLE', 'GLADSTONE', 'ADELAIDE', 'LINCOLN', 'NAPIER']","['Australia', 'Australia', 'Australia', 'Australia', 'New Zealand']","[-19.0942, -23.8351, -34.8169, -34.7176, -39.4759]","[146.9491, 151.2712, 138.2816, 135.8701, 176.9184]","['Northeast Australian Shelf', 'Northeast Australian Shelf', 'Southwest Australian Shelf', 'Southwest Australian Shelf', 'Southern New Zealand']","[0.0, 79.32972639419008, 159.60805141312434, 11.993561266126685, 358.1974848229496]","[9.762511356760244, 56.74912215952056, np.float64(17.469631000380545), 27.447049314227144, 0.0]",30.0232,710.7946,NAPIER
syn_06703,3,RoRo,43878.0,7,"['TAROONA', 'HOBART', 'ADELAIDE', 'GEELONG', 'NEWCASTLE', 'BRISBANE', 'WELLINGTON']","['Australia', 'Australia', 'Australia', 'Australia', 'Australia', 'Australia', 'New Zealand']","[-42.938, -42.8304, -34.8169, -38.096, -32.9182, -27.3765, -41.2746]","[147.3863, 147.3195, 138.2816, 144.3819, 151.7701, 153.1665, 174.7887]","['Southeast Australian Shelf', 'Southeast Australian Shelf', 'Southwest Australian Shelf', 'Southeast Australian Shelf', 'East Central Australian Shelf', 'East Central Australian Shelf', 'Southern New Zealand']","[0.0, 84.24373033499734, 48.00870692214488, 23.34830830225124, 45.08435431871097, 50.1302427290662, 103.65982654607342]","[34.82077344894146, 54.0174472471729, np.float64(36.04109577690156), np.float64(80.13769457762777), np.float64(13.26691809087114), np.float64(37.247283092950006), 0.0]",25.4169,575.1856,WELLINGTON
syn_06704,3,General Cargo,12502.0,5,"['MOTUKEA ISLAND', 'TOWNSVILLE', 'BRISBANE', 'GEELONG', 'GISBORNE']","['Papua New Guinea', 'Australia', 'Australia', 'Australia', 'New Zealand']","[-9.4328, -19.0942, -27.3765, -38.096, -38.6751]","[147.1035, 146.9491, 153.1665, 144.3819, 178.0221]","['Eastern Coral Triangle', 'Northeast Australian Shelf', 'East Central Australian Shelf', 'Southeast Australian Shelf', 'Northern New Zealand']","[0.0, 65.11161745567506, 44.88838726282756, 75.91207520042961, 206.8842060752]","[np.float64(9.729272085437513), 29.612189789549046, np.float64(12.683219123371408), np.float64(20.540167871951553), 0.0]",19.39,455.6319,GISBORNE
syn_06705,3,General Cargo,5351.0,5,"['NAPA NAPA', 'MOTUKEA ISLAND', 'TOWNSVILLE', 'BOTANY', 'AUCKLAND']","['Papua New Guinea', 'Papua New Guinea', 'Australia', 'Australia', 'New Zealand']","[-9.5056, -9.4328, -19.0942, -33.9682, -36.8402]","[147.1542, 147.1035, 146.9491, 151.2149, 174.7721]","['Eastern Coral Triangle', 'Eastern Coral Triangle', 'Northeast Australian Shelf', 'East Central Australian Shelf', 'Northern New Zealand']","[0.0, 33.65199708064787, 85.98706386301846, 99.33868962716156, 138.2127822829511]","[29.770847851314233, np.float64(36.33899380551508), 21.458600624075792, np.float64(16.9780228958541), 0.0]",19.239,431.9662,AUCKLAND
syn_06706,3,Bulker,38896.0,6,"['CAIRNS', 'MACKAY', 'BRISBANE', 'NEWCASTLE', 'GEELONG', 'TAURANGA']","['Australia', 'Australia', 'Australia', 'Australia', 'Australia', 'New Zealand']","[-16.8017, -21.1059, -27.3765, -32.9182, -38.096, -37.6444]","[145.8833, 149.2318, 153.1665, 151.7701, 144.3819, 176.1819]","['Northeast Australian Shelf', 'Northeast Australian Shelf', 'East Central Australian Shelf', 'East Central Australian Shelf', 'Southeast Australian Shelf', 'Northern New Zealand']","[0.0, 45.32561252285474, 68.89698001073727, 53.07484342273044, 68.45025053735088, 241.86867171233416]","[66.44386565602987, 68.38867741120005, np.float64(104.86025221701901), np.float64(88.45867998719534), np.float64(81.09509292390688), 0.0]",36.9526,820.4191,TAURANGA
syn_06707,3,Container,34362.0,7,"['GEELONG', 'BRISBANE', 'TAROONA', 'HOBART', 'ADELAIDE', 'GEELONG', 'NEW PLYMOUTH']","['Australia', 'Australia', 'Australia', 'Australia', 'Australia', 'Australia', 'New Zealand']","[-38.096, -27.3765, -42.938, -42.8304, -34.8169, -38.096, -39.0577]","[144.3819, 153.1665, 147.3863, 147.3195, 138.2816, 144.3819, 174.0346]","['Southeast Australian Shelf', 'East Central Australian Shelf', 'Southeast Australian Shelf', 'Southeast Australian Shelf', 'Southwest Australian Shelf', 'Southeast Australian Shelf', 'Southern New Zealand']","[0.0, 104.0287913421729, 103.03943322473589, 35.56870107514188, 44.29181168651809, 32.39027141609136, 75.01524394968683]","[np.float64(22.7404453146009), np.float64(52.46966013669594), 44.074536286619356, 28.645116128468576, np.float64(12.843899944582843), np.float64(44.102369102465225), 0.0]",24.9671,576.4698,NEW PLYMOUTH
syn_06708,3,Container,12502.0,6,"['BRISBANE', 'HAY POINT', 'MACKAY', 'TOWNSVILLE', 'GEELONG', 'NAPIER']","['Australia', 'Australia', 'Australia', 'Australia', 'Australia', 'New Zealand']","[-27.3765, -21.1629, -21.1059, -19.0942, -38.096, -39.4759]","[153.1665, 149.3474, 149.2318, 146.9491, 144.3819, 176.9184]","['East Central Australian Shelf', 'Northeast Australian Shelf', 'Northeast Australian Shelf', 'Northeast Australian Shelf', 'Southeast Australian Shelf', 'Southern New Zealand']","[0.0, 33.1644521808919, 65.53493238300116, 27.18904606107944, 95.61158675520343, 72.51981267388062]","[np.float64(82.7985658693471), 20.694114979741375, 26.665599044628113, 23.71090269122234, np.float64(34.731486973363104), 0.0]",20.1092,399.8219,NAPIER
syn_06709,3,RoRo,22068.0,6,"['KWINANA', 'FREMANTLE', 'ADELAIDE', 'MELBOURNE', 'BOTANY', 'NELSON']","['Australia', 'Australia', 'Australia', 'Australia', 'Australia', 'New Zealand']","[-32.0435, -32.051, -34.8169, -37.844, -33.9682, -41.2611]","[115.6652, 115.7393, 138.2816, 144.905, 151.2149, 173.2733]","['Southwest Australian Shelf', 'Southwest Australian Shelf', 'Southwest Australian Shelf', 'Southeast Australian Shelf', 'East Central Australian Shelf', 'Southern New Zealand']","[0.0, 50.98051260679557, 151.57357588956938, 34.28292712255767, 56.59701541715498, 66.08707386258638]","[9.314833894906172, 30.83105025427005, np.float64(33.792471332702384), np.float64(86.3771844754339), np.float64(15.317040167092642), 0.0]",22.2981,525.8389,NELSON
syn_06710,3,Bulker,42446.0,6,"['SOUTH TREES', 'NEWCASTLE', 'MELBOURNE', 'GEELONG', 'THEVENARD', 'AUCKLAND']","['Australia', 'Australia', 'Australia', 'Australia', 'Australia', 'New Zealand']","[-23.8483, -32.9182, -37.844, -38.096, -32.1493, -36.8402]","[151.3268, 151.7701, 144.905, 144.3819, 133.6409, 174.7721]","['Northeast Australian Shelf', 'East Central Australian Shelf', 'Southeast Australian Shelf', 'Southeast Australian Shelf', 'Southwest Australian Shelf', 'Northern New Zealand']","[0.0, 50.32367931802931, 80.36759522778618, 47.91511681303476, 87.15331694836671, 290.656467023327]","[87.07113169856873, np.float64(18.497331972376408), np.float64(35.65737842623913), np.float64(114.96319915541754), 61.89171505479268, 0.0]",36.4374,787.4258,AUCKLAND
syn_06711,3,Container,22968.0,7,"['KWINANA', 'ESPERANCE', 'ADELAIDE', 'GEELONG', 'TAROONA', 'HOBART', 'AUCKLAND']","['Australia', 'Australia', 'Australia', 'Australia', 'Australia', 'Australia', 'New Zealand']","[-32.0435, -33.8718, -34.8169, -38.096, -42.938, -42.8304, -36.8402]","[115.6652, 121.8997, 138.2816, 144.3819, 147.3863, 147.3195, 174.7721]","['Southwest Australian Shelf', 'Southwest Australian Shelf', 'Southwest Australian Shelf', 'Southeast Australian Shelf', 'Southeast Australian Shelf', 'Southeast Australian Shelf', 'Northern New Zealand']","[0.0, 33.176640857094284, 137.20024063831463, 23.323059116697102, 23.63501036451939, 36.743577790831154, 103.65366553934048]","[15.845089653003539, 23.543513157140268, np.float64(40.36637723701592), np.float64(52.63980828842147), 80.19527946591168, 18.17433695694401, 0.0]",24.5207,572.6515,AUCKLAND
syn_06712,3,Container,13102.0,5,"['CAIRNS', 'MACKAY', 'BRISBANE', 'NEWCASTLE', 'GISBORNE']","['Australia', 'Australia', 'Australia', 'Australia', 'New Zealand']","[-16.8017, -21.1059, -27.3765, -32.9182, -38.6751]","[145.8833, 149.2318, 153.1665, 151.7701, 178.0221]","['Northeast Australian Shelf', 'Northeast Australian Shelf', 'East Central Australian Shelf', 'East Central Australian Shelf', 'Northern New Zealand']","[0.0, 34.233022661302726, 33.23419629824062, 25.676520733219583, 79.67504237931126]","[21.305845693896252, 12.67064133578016, np.float64(32.957391556932144), np.float64(92.66299606537216), 0.0]",13.8507,311.1098,GISBORNE
syn_06713,3,Bulker,31669.0,7,"['TOWNSVILLE', 'NAPA NAPA', 'MOTUKEA ISLAND', 'LAE', 'HONIARA', 'LUGANVILLE', 'AUCKLAND']","['Australia', 'Papua New Guinea', 'Papua New Guinea', 'Papua New Guinea', 'Solomon Islands', 'Vanuatu', 'New Zealand']","[-19.0942, -9.5056, -9.4328, -6.8146, -9.4274, -15.515, -36.8402]","[146.9491, 147.1542, 147.1035, 146.9681, 159.9603, 167.1867, 174.7721]","['Northeast Australian Shelf', 'Eastern Coral Triangle', 'Eastern Coral Triangle', 'Eastern Coral Triangle', 'Eastern Coral Triangle', 'Tropical Southwestern Pacific', 'Northern New Zealand']","[0.0, 61.446404118705686, 60.7707177739417, 117.86790116448459, 150.03730692899114, 50.87425697266843, 193.7789683235022]","[89.82956293128258, 43.04180778848493, np.float64(72.32097723772499), np.float64(49.183298896857266), np.float64(94.60402614977826), np.float64(49.80671677519367), 0.0]",43.0651,943.7324,AUCKLAND
syn_06714,3,Bulker,39721.0,7,"['NEWCASTLE', 'VAVOUTO', 'NEWCASTLE', 'PRONY BAY', 'NEWCASTLE', 'VAVOUTO', 'AUCKLAND']","['Australia', 'New Caledonia', 'Australia', 'New Caledonia', 'Australia', 'New Caledonia', 'New Zealand']","[-32.9182, -21.0033, -32.9182, -22.3524, -32.9182, -21.0033, -36.8402]","[151.7701, 164.6667, 151.7701, 166.8904, 151.7701, 164.6667, 174.7721]","['East Central Australian Shelf', 'Tropical Southwestern Pacific', 'East Central Australian Shelf', 'Tropical Southwestern Pacific', 'East Central Australian Shelf', 'Tropical Southwestern Pacific', 'Northern New Zealand']","[0.0, 205.8441718740126, 142.76876346120562, 97.81968676204491, 191.60167667674673, 108.08184375404609, 245.93352963752812]","[np.float64(48.36228072104591), 95.2284459850013, np.float64(45.080731330056366), 39.432266620787196, np.float64(97.0052812706938), 117.49217834324796, 0.0]",59.7771,1386.2886,AUCKLAND
syn_06715,3,Bulker,37520.0,6,"['NAPA NAPA', 'MOTUKEA ISLAND', 'LAE', 'RABAUL', 'HONIARA', 'TAURANGA']","['Papua New Guinea', 'Papua New Guinea', 'Papua New Guinea', 'Papua New Guinea', 'Solomon Islands', 'New Zealand']","[-9.5056, -9.4328, -6.8146, -4.2033, -9.4274, -37.6444]","[147.1542, 147.1035, 146.9681, 152.1667, 159.9603, 176.1819]","['Eastern Coral Triangle', 'Eastern Coral Triangle', 'Eastern Coral Triangle', 'Eastern Coral Triangle', 'Eastern Coral Triangle', 'Northern New Zealand']","[0.0, 77.68463080932827, 70.57791876406954, 56.332462843461016, 94.28003087227474, 172.76827669569116]","[134.88227942130786, np.float64(115.7878186519709), np.float64(81.58595942639246), 40.317609111725304, np.float64(61.443480177445885), 0.0]",37.7359,770.7782,TAURANGA
syn_06716,3,Bulker,37520.0,5,"['LAE', 'HONIARA', 'LUGANVILLE', 'VILA', 'AUCKLAND']","['Papua New Guinea', 'Solomon Islands', 'Vanuatu', 'Vanuatu', 'New Zealand']","[-6.8146, -9.4274, -15.515, -17.754, -36.8402]","[146.9681, 159.9603, 167.1867, 168.3044, 174.7721]","['Eastern Coral Triangle', 'Eastern Coral Triangle', 'Tropical Southwestern Pacific', 'Tropical Southwestern Pacific', 'Northern New Zealand']","[0.0, 117.33785071706086, 123.05474501564201, 56.7383458999283, 127.54903318552915]","[np.float64(58.39839297965937), np.float64(23.30484459928424), np.float64(40.253517831996824), np.float64(29.25825507879747), 0.0]",23.9956,517.4966,AUCKLAND
syn_06717,3,Bulker,32741.0,6,"['NAPA NAPA', 'MOTUKEA ISLAND', 'LAE', 'HONIARA', 'LUGANVILLE', 'AUCKLAND']","['Papua New Guinea', 'Papua New Guinea', 'Papua New Guinea', 'Solomon Islands', 'Vanuatu', 'New Zealand']","[-9.5056, -9.4328, -6.8146, -9.4274, -15.515, -36.8402]","[147.1542, 147.1035, 146.9681, 159.9603, 167.1867, 174.7721]","['Eastern Coral Triangle', 'Eastern Coral Triangle', 'Eastern Coral Triangle', 'Eastern Coral Triangle', 'Tropical Southwestern Pacific', 'Northern New Zealand']","[0.0, 66.91852964827571, 68.6370301439015, 92.3578485388109, 90.64096203386617, 218.01660355364143]","[24.678155182647785, np.float64(71.67675405519493), np.float64(56.70807651942841), np.float64(33.62425585297327), np.float64(48.87276457687299), 0.0]",32.1721,747.4528,AUCKLAND
syn_06718,3,General Cargo,9793.0,7,"['NAPA NAPA', 'MOTUKEA ISLAND', 'LAE', 'HONIARA', 'LUGANVILLE', 'VILA', 'AUCKLAND']","['Papua New Guinea', 'Papua New Guinea', 'Papua New Guinea', 'Solomon Islands', 'Vanuatu', 'Vanuatu', 'New Zealand']","[-9.5056, -9.4328, -6.8146, -9.4274, -15.515, -17.754, -36.8402]","[147.1542, 147.1035, 146.9681, 159.9603, 167.1867, 168.3044, 174.7721]","['Eastern Coral Triangle', 'Eastern Coral Triangle', 'Eastern Coral Triangle', 'Eastern Coral Triangle', 'Tropical Southwestern Pacific', 'Tropical Southwestern Pacific', 'Northern New Zealand']","[0.0, 46.486880638361, 91.2450228764841, 112.13512791832433, 50.181011892589396, 69.09195169463504, 195.76969669087975]","[53.67589722168928, np.float64(37.76760814203904), np.float64(20.749009669898577), np.float64(12.316901564697504), np.float64(52.34081762779152), np.float64(7.30288409629308), 0.0]",31.211,695.3869,AUCKLAND
syn_06719,3,RoRo,21856.0,6,"['FREMANTLE', 'ADELAIDE', 'MELBOURNE', 'KEMBLA', 'NEWCASTLE', 'NEW PLYMOUTH']","['Australia', 'Australia', 'Australia', 'Australia', 'Australia', 'New Zealand']","[-32.051, -34.8169, -37.844, -34.4537, -32.9182, -39.0577]","[115.7393, 138.2816, 144.905, 150.8864, 151.7701, 174.0346]","['Southwest Australian Shelf', 'Southwest Australian Shelf', 'Southeast Australian Shelf', 'East Central Australian Shelf', 'East Central Australian Shelf', 'Southern New Zealand']","[0.0, 102.52350866961636, 27.289054543094995, 82.7559170533107, 6.4896103007588035, 73.71166903152022]","[36.64432158575928, np.float64(14.889886325160662), np.float64(33.40050145846944), np.float64(109.62742197529917), np.float64(15.167109617739609), 0.0]",20.9375,465.8547,NEW PLYMOUTH
syn_06720,3,Tanker,3854.0,5,"['LAE', 'KIMBE', 'RABAUL', 'HONIARA', 'TAURANGA']","['Papua New Guinea', 'Papua New Guinea', 'Papua New Guinea', 'Solomon Islands', 'New Zealand']","[-6.8146, -5.5497, -4.2033, -9.4274, -37.6444]","[146.9681, 150.1486, 152.1667, 159.9603, 176.1819]","['Eastern Coral Triangle', 'Eastern Coral Triangle', 'Eastern Coral Triangle', 'Eastern Coral Triangle', 'Northern New Zealand']","[0.0, 5.099916332888056, 25.021534318903242, 61.603128020238415, 192.7331649738887]","[np.float64(61.33771666338977), np.float64(18.44687993114559), 7.790601694367598, np.float64(19.878369804286244), 0.0]",16.3296,330.5736,TAURANGA
syn_06721,3,Container,5923.0,7,"['COWES', 'LONG ISLAND POINT', 'PRONY BAY', 'BOTANY', 'BRISBANE', 'NOUMEA', 'TAURANGA']","['Australia', 'Australia', 'New Caledonia', 'Australia', 'Australia', 'New Caledonia', 'New Zealand']","[-38.4372, -38.2983, -22.3524, -33.9682, -27.3765, -22.2633, -37.6444]","[145.2507, 145.2386, 166.8904, 151.2149, 153.1665, 166.4317, 176.1819]","['Southeast Australian Shelf', 'Southeast Australian Shelf', 'Tropical Southwestern Pacific', 'East Central Australian Shelf', 'East Central Australian Shelf', 'Tropical Southwestern Pacific', 'Northern New Zealand']","[0.0, 47.6625232934048, 129.86955243551182, 68.56935751824693, 40.95349823574012, 48.40787389547318, 144.53891362276815]","[31.914738176671882, 17.15647217887143, 16.82244799901138, np.float64(33.00110705758994), np.float64(77.38949393861081), 28.639414349502605, 0.0]",28.5386,653.0107,TAURANGA
syn_06722,3,Container,22968.0,7,"['BRISBANE', 'NEWCASTLE', 'DEVONPORT', 'GEELONG', 'PORTLAND', 'ADELAIDE', 'NAPIER']","['Australia', 'Australia', 'Australia', 'Australia', 'Australia', 'Australia', 'New Zealand']","[-27.3765, -32.9182, -41.1873, -38.096, -38.32, -34.8169, -39.4759]","[153.1665, 151.7701, 146.3638, 144.3819, 141.7092, 138.2816, 176.9184]","['East Central Australian Shelf', 'East Central Australian Shelf', 'Southeast Australian Shelf', 'Southeast Australian Shelf', 'Southeast Australian Shelf', 'Southwest Australian Shelf', 'Southern New Zealand']","[0.0, 29.098594160065076, 44.302554894464166, 9.060982289765555, 10.987029268142921, 20.13037353420565, 259.0513928204541]","[np.float64(90.27352930021495), np.float64(122.31847740706777), 21.960909108085822, np.float64(64.14091339340352), 40.65560622574182, np.float64(13.757713934300185), 0.0]",30.2391,635.4645,NAPIER
syn_06723,3,General Cargo,9793.0,7,"['BALL BAY', 'CASCADE', 'BOTANY', 'VUDA', 'NADI BAY', 'NOUMEA', 'NEW PLYMOUTH']","['Australia', 'Australia', 'Australia', 'Fiji', 'Fiji', 'New Caledonia', 'New Zealand']","[-29.0496, -29.0094, -33.9682, -17.6861, -17.7162, -22.2633, -39.0577]","[167.9864, 167.9779, 151.2149, 177.3849, 177.371, 166.4317, 174.0346]","['Lord Howe and Norfolk Islands', 'Lord Howe and Norfolk Islands', 'East Central Australian Shelf', 'Tropical Southwestern Pacific', 'Tropical Southwestern Pacific', 'Tropical Southwestern Pacific', 'Southern New Zealand']","[0.0, 83.91625324910066, 59.91779990384161, 99.36572255889992, 85.87023047070491, 68.63549729214633, 176.30338912342194]","[61.231949827820785, 10.775466600392233, np.float64(6.889648149185316), 44.9053962508999, 19.882285747083756, 28.699417687124328, 0.0]",31.0997,685.1611,NEW PLYMOUTH
syn_06724,3,Passenger,578.0,6,"['BRISBANE', 'KEMBLA', 'MELBOURNE', 'GEELONG', 'PORTLAND', 'WELLINGTON']","['Australia', 'Australia', 'Australia', 'Australia', 'Australia', 'New Zealand']","[-27.3765, -34.4537, -37.844, -38.096, -38.32, -41.2746]","[153.1665, 150.8864, 144.905, 144.3819, 141.7092, 174.7887]","['East Central Australian Shelf', 'East Central Australian Shelf', 'Southeast Australian Shelf', 'Southeast Australian Shelf', 'Southeast Australian Shelf', 'Southern New Zealand']","[0.0, 25.71341880472186, 77.13395715756243, 33.7800741733282, 18.01858826029632, 233.76801829151447]","[np.float64(25.618769407985816), np.float64(61.81215069530878), np.float64(84.38865329644024), np.float64(10.648707566345532), 109.10380602386792, 0.0]",28.3328,654.3674,WELLINGTON
syn_06725,3,Tanker,4752.0,5,"['NEWCASTLE', 'MELBOURNE', 'GEELONG', 'BURNIE', 'NEW PLYMOUTH']","['Australia', 'Australia', 'Australia', 'Australia', 'New Zealand']","[-32.9182, -37.844, -38.096, -41.0534, -39.0577]","[151.7701, 144.905, 144.3819, 145.9108, 174.0346]","['East Central Australian Shelf', 'Southeast Australian Shelf', 'Southeast Australian Shelf', 'Southeast Australian Shelf', 'Southern New Zealand']","[0.0, 70.5215988141387, 77.9003067178193, 12.307854045654151, 148.84215757378055]","[np.float64(36.380745634379025), np.float64(15.334834248511969), np.float64(21.59229355215609), 75.49960056187629, 0.0]",19.0991,421.9986,NEW PLYMOUTH
syn_06726,3,Bulker,32561.0,6,"['GLADSTONE', 'SOUTH TREES', 'NEWCASTLE', 'BELL BAY', 'MELBOURNE', 'NELSON']","['Australia', 'Australia', 'Australia', 'Australia', 'Australia', 'New Zealand']","[-23.8351, -23.8483, -32.9182, -41.1352, -37.844, -41.2611]","[151.2712, 151.3268, 151.7701, 146.8752, 144.905, 173.2733]","['Northeast Australian Shelf', 'Northeast Australian Shelf', 'East Central Australian Shelf', 'Southeast Australian Shelf', 'Southeast Australian Shelf', 'Southern New Zealand']","[0.0, 96.34172848532306, 70.71367892791864, 72.42513753237695, 13.90394689376916, 107.17120609794772]","[29.17907620656873, 59.53540534115457, np.float64(60.61590803779905), 25.069040179787937, np.float64(32.6921307410965), 0.0]",23.652,538.4682,NELSON
syn_06727,3,Bulker,31669.0,5,"['NOUMEA', 'LAUTOKA', 'SUVA', 'VILA', 'AUCKLAND']","['New Caledonia', 'Fiji', 'Fiji', 'Vanuatu', 'New Zealand']","[-22.2633, -17.6036, -18.1339, -17.754, -36.8402]","[166.4317, 177.4387, 178.4235, 168.3044, 174.7721]","['Tropical Southwestern Pacific', 'Tropical Southwestern Pacific', 'Tropical Southwestern Pacific', 'Tropical Southwestern Pacific', 'Northern New Zealand']","[0.0, 100.14215065378112, 8.500103927990402, 49.60640596064603, 126.32855243522594]","[20.061862499627335, np.float64(133.0476380655919), np.float64(101.35727139409718), np.float64(89.14254888508903), 0.0]",26.1744,608.1247,AUCKLAND
syn_06728,3,Bulker,37650.0,5,"['ADELAIDE', 'MELBOURNE', 'KEMBLA', 'BLUESCOPE', 'TAURANGA']","['Australia', 'Australia', 'Australia', 'Australia', 'New Zealand']","[-34.8169, -37.844, -34.4537, -38.291, -37.6444]","[138.2816, 144.905, 150.8864, 145.2292, 176.1819]","['Southwest Australian Shelf', 'Southeast Australian Shelf', 'East Central Australian Shelf', 'Southeast Australian Shelf', 'Northern New Zealand']","[0.0, 53.08805144572706, 72.92236125656865, 86.45918536559279, 147.67029266138658]","[np.float64(99.33516453479305), np.float64(83.73882062406675), np.float64(49.568893561925286), 84.45114068869856, 0.0]",28.2181,577.8987,TAURANGA
syn_06729,3,RoRo,18867.0,6,"['BRISBANE', 'NEWCASTLE', 'BOTANY', 'MELBOURNE', 'ADELAIDE', 'TAURANGA']","['Australia', 'Australia', 'Australia', 'Australia', 'Australia', 'New Zealand']","[-27.3765, -32.9182, -33.9682, -37.844, -34.8169, -37.6444]","[153.1665, 151.7701, 151.2149, 144.905, 138.2816, 176.1819]","['East Central Australian Shelf', 'East Central Australian Shelf', 'East Central Australian Shelf', 'Southeast Australian Shelf', 'Southwest Australian Shelf', 'Northern New Zealand']","[0.0, 23.62444929363111, 4.017650015042637, 35.249090409925294, 28.473565481209118, 219.36989041303056]","[np.float64(59.67803847582272), np.float64(59.68442502303933), np.float64(75.38801364713242), np.float64(19.31551965934641), np.float64(10.723667167324843), 0.0]",22.3135,475.8463,TAURANGA
syn_06730,3,Bulker,34387.0,7,"['BOTANY', 'SYDNEY', 'BRISBANE', 'LAUTOKA', 'SUVA', 'VILA', 'TAURANGA']","['Australia', 'Australia', 'Australia', 'Fiji', 'Fiji', 'Vanuatu', 'New Zealand']","[-33.9682, -33.8648, -27.3765, -17.6036, -18.1339, -17.754, -37.6444]","[151.2149, 151.1829, 153.1665, 177.4387, 178.4235, 168.3044, 176.1819]","['East Central Australian Shelf', 'East Central Australian Shelf', 'East Central Australian Shelf', 'Tropical Southwestern Pacific', 'Tropical Southwestern Pacific', 'Tropical Southwestern Pacific', 'Northern New Zealand']","[0.0, 52.773116588946195, 81.5091262522985, 173.25939113994423, 10.499596354345126, 68.33485957291975, 121.97783600687394]","[np.float64(88.31149178173993), 10.627800112469567, np.float64(134.06815905318734), np.float64(9.076928486966112), np.float64(66.87620077825437), np.float64(31.869010669933786), 0.0]",35.3826,760.872,TAURANGA
syn_06731,3,Container,68411.0,6,"['NAPA NAPA', 'MOTUKEA ISLAND', 'LAE', 'HONIARA', 'LUGANVILLE', 'AUCKLAND']","['Papua New Guinea', 'Papua New Guinea', 'Papua New Guinea', 'Solomon Islands', 'Vanuatu', 'New Zealand']","[-9.5056, -9.4328, -6.8146, -9.4274, -15.515, -36.8402]","[147.1542, 147.1035, 146.9681, 159.9603, 167.1867, 174.7721]","['Eastern Coral Triangle', 'Eastern Coral Triangle', 'Eastern Coral Triangle', 'Eastern Coral Triangle', 'Tropical Southwestern Pacific', 'Northern New Zealand']","[0.0, 17.864509954840987, 47.25451902305042, 57.357733157908235, 49.3669716916665, 165.5650928764613]","[10.073706795019266, np.float64(16.95216482392786), np.float64(17.011563719970937), np.float64(24.213493944114074), np.float64(20.851014838096358), 0.0]",17.7713,416.4371,AUCKLAND
syn_06732,3,Bulker,38896.0,6,"['LAE', 'KIMBE', 'RABAUL', 'HONIARA', 'LUGANVILLE', 'AUCKLAND']","['Papua New Guinea', 'Papua New Guinea', 'Papua New Guinea', 'Solomon Islands', 'Vanuatu', 'New Zealand']","[-6.8146, -5.5497, -4.2033, -9.4274, -15.515, -36.8402]","[146.9681, 150.1486, 152.1667, 159.9603, 167.1867, 174.7721]","['Eastern Coral Triangle', 'Eastern Coral Triangle', 'Eastern Coral Triangle', 'Eastern Coral Triangle', 'Tropical Southwestern Pacific', 'Northern New Zealand']","[0.0, 7.033790045742969, 51.44568480504142, 57.04027825078291, 86.39891283932107, 156.06816378967838]","[np.float64(59.316973702200144), np.float64(11.57666643988234), 77.63523864763211, np.float64(63.034517621959395), np.float64(23.46005907251368), 0.0]",24.7088,533.6933,AUCKLAND
syn_06733,3,RoRo,18556.0,5,"['FREMANTLE', 'ARDROSSAN', 'KEMBLA', 'TOWNSVILLE', 'WELLINGTON']","['Australia', 'Australia', 'Australia', 'Australia', 'New Zealand']","[-32.051, -34.4394, -34.4537, -19.0942, -41.2746]","[115.7393, 137.9262, 150.8864, 146.9491, 174.7887]","['Southwest Australian Shelf', 'Southwest Australian Shelf', 'East Central Australian Shelf', 'Northeast Australian Shelf', 'Southern New Zealand']","[0.0, 138.46011071414358, 54.61713756825522, 108.46720036336959, 235.92757651246154]","[24.513858357122064, 8.203881932054614, np.float64(45.722504525330244), 15.617372874368185, 0.0]",26.3137,607.0158,WELLINGTON
syn_06734,3,Container,12502.0,7,"['FISHERMANS LANDING', 'NEWCASTLE', 'MACKAY', 'MELBOURNE', 'NEWCASTLE', 'LAE', 'NELSON']","['Australia', 'Australia', 'Australia', 'Australia', 'Australia', 'Papua New Guinea', 'New Zealand']","[-23.7873, -32.9182, -21.1059, -37.844, -32.9182, -6.8146, -41.2611]","[151.1761, 151.7701, 149.2318, 144.905, 151.7701, 146.9681, 173.2733]","['Northeast Australian Shelf', 'East Central Australian Shelf', 'Northeast Australian Shelf', 'Southeast Australian Shelf', 'East Central Australian Shelf', 'Eastern Coral Triangle', 'Southern New Zealand']","[0.0, 69.54039524379351, 40.997481799012256, 104.38122281644793, 31.33374181025622, 127.34377848428413, 181.81318397970927]","[42.395540332485346, np.float64(11.162839231203343), 23.026693923151974, np.float64(34.06420780278646), np.float64(107.63073383281584), np.float64(22.303175808160233), 0.0]",33.1664,753.5975,NELSON
syn_06735,3,Tanker,5155.0,7,"['BURNIE', 'HAY POINT', 'MACKAY', 'MELBOURNE', 'KWINANA', 'ADELAIDE', 'NEW PLYMOUTH']","['Australia', 'Australia', 'Australia', 'Australia', 'Australia', 'Australia', 'New Zealand']","[-41.0534, -21.1629, -21.1059, -37.844, -32.0435, -34.8169, -39.0577]","[145.9108, 149.3474, 149.2318, 144.905, 115.6652, 138.2816, 174.0346]","['Southeast Australian Shelf', 'Northeast Australian Shelf', 'Northeast Australian Shelf', 'Southeast Australian Shelf', 'Southwest Australian Shelf', 'Southwest Australian Shelf', 'Southern New Zealand']","[0.0, 196.4922490418134, 62.13496451640389, 129.7247257503757, 179.71928897452435, 222.34454337514853, 144.9410887929024]","[75.80947663260346, 10.797512344240806, 101.2462302666081, np.float64(25.76281002739134), 19.66135642466054, np.float64(41.76119734910047), 0.0]",50.4331,1134.586,NEW PLYMOUTH
syn_06736,3,Bulker,39758.0,5,"['LAE', 'KIMBE', 'RABAUL', 'HONIARA', 'TAURANGA']","['Papua New Guinea', 'Papua New Guinea', 'Papua New Guinea', 'Solomon Islands', 'New Zealand']","[-6.8146, -5.5497, -4.2033, -9.4274, -37.6444]","[146.9681, 150.1486, 152.1667, 159.9603, 176.1819]","['Eastern Coral Triangle', 'Eastern Coral Triangle', 'Eastern Coral Triangle', 'Eastern Coral Triangle', 'Northern New Zealand']","[0.0, 7.865153119963662, 48.48880226487346, 81.84099897921386, 243.85564570646636]","[np.float64(63.71192477691722), np.float64(34.8447883785099), 38.75312840258399, np.float64(105.00403274511234), 0.0]",26.0152,560.6525,TAURANGA
syn_06737,3,Bulker,39641.0,6,"['GERALDTON', 'BUNBURY', 'THEVENARD', 'BRISBANE', 'KEMBLA', 'WELLINGTON']","['Australia', 'Australia', 'Australia', 'Australia', 'Australia', 'New Zealand']","[-28.6797, -33.3243, -32.1493, -27.3765, -34.4537, -41.2746]","[114.5095, 115.6615, 133.6409, 153.1665, 150.8864, 174.7887]","['West Central Australian Shelf', 'Southwest Australian Shelf', 'Southwest Australian Shelf', 'East Central Australian Shelf', 'East Central Australian Shelf', 'Southern New Zealand']","[0.0, 32.69457702281204, 120.28776777130979, 138.08183120288047, 58.327685553472996, 138.38652977896865]","[41.195725981796116, 66.32163911320646, 32.97264359055716, np.float64(21.28436011662043), np.float64(82.95789807962785), 0.0]",30.5213,691.3149,WELLINGTON
syn_06738,3,Bulker,42446.0,7,"['NAPA NAPA', 'MOTUKEA ISLAND', 'LAE', 'HONIARA', 'LUGANVILLE', 'VILA', 'TAURANGA']","['Papua New Guinea', 'Papua New Guinea', 'Papua New Guinea', 'Solomon Islands', 'Vanuatu', 'Vanuatu', 'New Zealand']","[-9.5056, -9.4328, -6.8146, -9.4274, -15.515, -17.754, -37.6444]","[147.1542, 147.1035, 146.9681, 159.9603, 167.1867, 168.3044, 176.1819]","['Eastern Coral Triangle', 'Eastern Coral Triangle', 'Eastern Coral Triangle', 'Eastern Coral Triangle', 'Tropical Southwestern Pacific', 'Tropical Southwestern Pacific', 'Northern New Zealand']","[0.0, 40.6130084323397, 55.66103010738879, 105.55844726109838, 95.99224246917139, 86.25846607057007, 106.27947886445936]","[38.087526596261974, np.float64(13.17901064367346), np.float64(127.23925880869504), np.float64(39.74688766163167), np.float64(108.19124907067126), np.float64(28.050819712760948), 0.0]",35.2024,806.7699,TAURANGA
syn_06739,3,Container,34362.0,6,"['NEWCASTLE', 'BRISBANE', 'KEMBLA', 'BOTANY', 'MELBOURNE', 'AUCKLAND']","['Australia', 'Australia', 'Australia', 'Australia', 'Australia', 'New Zealand']","[-32.9182, -27.3765, -34.4537, -33.9682, -37.844, -36.8402]","[151.7701, 153.1665, 150.8864, 151.2149, 144.905, 174.7721]","['East Central Australian Shelf', 'East Central Australian Shelf', 'East Central Australian Shelf', 'East Central Australian Shelf', 'Southeast Australian Shelf', 'Northern New Zealand']","[0.0, 54.70618835253277, 33.79484081270447, 28.689573237796104, 31.65577408628141, 70.15165879544253]","[np.float64(96.09099549833097), np.float64(80.96817679056215), np.float64(75.1593698613844), np.float64(34.64997304478899), np.float64(9.849755226234166), 0.0]",21.4882,419.6253,AUCKLAND
syn_06740,3,Bulker,38852.0,7,"['BRISBANE', 'NEWCASTLE', 'GLADSTONE', 'SOUTH TREES', 'NEWCASTLE', 'MELBOURNE', 'AUCKLAND']","['Australia', 'Australia', 'Australia', 'Australia', 'Australia', 'Australia', 'New Zealand']","[-27.3765, -32.9182, -23.8351, -23.8483, -32.9182, -37.844, -36.8402]","[153.1665, 151.7701, 151.2712, 151.3268, 151.7701, 144.905, 174.7721]","['East Central Australian Shelf', 'East Central Australian Shelf', 'Northeast Australian Shelf', 'Northeast Australian Shelf', 'East Central Australian Shelf', 'Southeast Australian Shelf', 'Northern New Zealand']","[0.0, 46.724886471723686, 51.829299376889374, 50.106044789198606, 46.97620670909674, 66.85371670893845, 164.6411532418883]","[np.float64(91.79719711986434), np.float64(87.51600718115013), 69.67328556915047, 93.5819902251935, np.float64(121.14430379967922), np.float64(71.1706771382081), 0.0]",40.0839,870.2176,AUCKLAND
syn_06741,3,Bulker,57195.0,5,"['LAE', 'KIMBE', 'RABAUL', 'HONIARA', 'TAURANGA']","['Papua New Guinea', 'Papua New Guinea', 'Papua New Guinea', 'Solomon Islands', 'New Zealand']","[-6.8146, -5.5497, -4.2033, -9.4274, -37.6444]","[146.9681, 150.1486, 152.1667, 159.9603, 176.1819]","['Eastern Coral Triangle', 'Eastern Coral Triangle', 'Eastern Coral Triangle', 'Eastern Coral Triangle', 'Northern New Zealand']","[0.0, 6.7044051691842865, 41.35602486736853, 66.89489231081161, 237.52221259188772]","[np.float64(83.87176497104899), np.float64(40.19153737522032), 13.70652656460481, np.float64(9.847715657532326), 0.0]",20.8373,416.2233,TAURANGA
syn_06742,3,Bulker,37657.0,6,"['BALL BAY', 'CASCADE', 'BOTANY', 'VUDA', 'NADI BAY', 'AUCKLAND']","['Australia', 'Australia', 'Australia', 'Fiji', 'Fiji', 'New Zealand']","[-29.0496, -29.0094, -33.9682, -17.6861, -17.7162, -36.8402]","[167.9864, 167.9779, 151.2149, 177.3849, 177.371, 174.7721]","['Lord Howe and Norfolk Islands', 'Lord Howe and Norfolk Islands', 'East Central Australian Shelf', 'Tropical Southwestern Pacific', 'Tropical Southwestern Pacific', 'Northern New Zealand']","[0.0, 59.79427907685, 188.5795834123875, 269.5648334160177, 38.24233708347042, 165.4904862374612]","[25.572214322133515, 103.41017427439122, np.float64(30.333439125282332), 83.6667397023207, 57.792568268388386, 0.0]",42.6019,996.8744,AUCKLAND
syn_06743,3,Container,12502.0,7,"['NAPA NAPA', 'MOTUKEA ISLAND', 'LAE', 'KIMBE', 'RABAUL', 'HONIARA', 'TAURANGA']","['Papua New Guinea', 'Papua New Guinea', 'Papua New Guinea', 'Papua New Guinea', 'Papua New Guinea', 'Solomon Islands', 'New Zealand']","[-9.5056, -9.4328, -6.8146, -5.5497, -4.2033, -9.4274, -37.6444]","[147.1542, 147.1035, 146.9681, 150.1486, 152.1667, 159.9603, 176.1819]","['Eastern Coral Triangle', 'Eastern Coral Triangle', 'Eastern Coral Triangle', 'Eastern Coral Triangle', 'Eastern Coral Triangle', 'Eastern Coral Triangle', 'Northern New Zealand']","[0.0, 17.864509954840987, 54.00470618774923, 6.179840860187983, 15.161623883426389, 37.12384428662848, 130.2159671339062]","[39.60389679900799, np.float64(7.895071431258226), np.float64(32.510763635965326), np.float64(6.828261860328154), 61.0510853559233, np.float64(35.121872404378145), 0.0]",18.4817,403.9575,TAURANGA
syn_06744,3,Bulker,42446.0,5,"['NAPA NAPA', 'MOTUKEA ISLAND', 'LAE', 'HONIARA', 'AUCKLAND']","['Papua New Guinea', 'Papua New Guinea', 'Papua New Guinea', 'Solomon Islands', 'New Zealand']","[-9.5056, -9.4328, -6.8146, -9.4274, -36.8402]","[147.1542, 147.1035, 146.9681, 159.9603, 174.7721]","['Eastern Coral Triangle', 'Eastern Coral Triangle', 'Eastern Coral Triangle', 'Eastern Coral Triangle', 'Northern New Zealand']","[0.0, 51.1536603653487, 76.86221773123869, 120.45704877920407, 281.9539820255495]","[58.165542933640516, np.float64(118.25517748095412), np.float64(72.3206943179133), np.float64(11.396617927383526), 0.0]",32.9402,732.3994,AUCKLAND
syn_06745,3,Container,12502.0,6,"['MOTUKEA ISLAND', 'LAE', 'HONIARA', 'LUGANVILLE', 'VILA', 'TAURANGA']","['Papua New Guinea', 'Papua New Guinea', 'Solomon Islands', 'Vanuatu', 'Vanuatu', 'New Zealand']","[-9.4328, -6.8146, -9.4274, -15.515, -17.754, -37.6444]","[147.1035, 146.9681, 159.9603, 167.1867, 168.3044, 176.1819]","['Eastern Coral Triangle', 'Eastern Coral Triangle', 'Eastern Coral Triangle', 'Tropical Southwestern Pacific', 'Tropical Southwestern Pacific', 'Northern New Zealand']","[0.0, 71.20246827296398, 44.93104500596421, 36.460667577804585, 39.86955152429748, 100.14400215011071]","[np.float64(25.326802752872663), np.float64(34.45129294271162), np.float64(12.418380386897228), np.float64(20.571025686070254), np.float64(18.570228553765297), 0.0]",16.8311,378.6187,TAURANGA
syn_06746,3,Bulker,37686.0,6,"['KWINANA', 'FREMANTLE', 'MELBOURNE', 'KEMBLA', 'BRISBANE', 'AUCKLAND']","['Australia', 'Australia', 'Australia', 'Australia', 'Australia', 'New Zealand']","[-32.0435, -32.051, -37.844, -34.4537, -27.3765, -36.8402]","[115.6652, 115.7393, 144.905, 150.8864, 153.1665, 174.7721]","['Southwest Australian Shelf', 'Southwest Australian Shelf', 'Southeast Australian Shelf', 'East Central Australian Shelf', 'East Central Australian Shelf', 'Northern New Zealand']","[0.0, 89.73745120462365, 264.0154950319134, 44.36460699548975, 35.841380741746875, 147.45050557631436]","[56.83653919889942, 72.99654908203749, np.float64(106.0420877226246), np.float64(87.00824558878797), np.float64(101.65272495038967), 0.0]",41.9144,949.109,AUCKLAND
syn_06747,3,Container,17842.0,5,"['HEDLAND', 'SURABAYA', 'GRESIK, JAVA', 'SURABAYA', 'GISBORNE']","['Australia', 'Indonesia', 'Indonesia', 'Indonesia', 'New Zealand']","[-20.0977, -6.8484, -7.1978, -6.8484, -38.6751]","[118.5382, 112.7851, 112.7238, 112.7851, 178.0221]","['Northwest Australian Shelf', 'Sunda Shelf', 'Sunda Shelf', 'Sunda Shelf', 'Northern New Zealand']","[0.0, 114.264430853616, 31.75084745216295, 26.18188636480941, 465.4517143330809]","[67.27857921944457, 30.552750838355117, 27.739806890760082, 16.600828642583767, 0.0]",32.4925,712.5423,GISBORNE
syn_06748,3,Tanker,4752.0,5,"['TOWNSVILLE', 'HOBART', 'MELBOURNE', 'PIRIE', 'GISBORNE']","['Australia', 'Australia', 'Australia', 'Australia', 'New Zealand']","[-19.0942, -42.8304, -37.844, -33.1693, -38.6751]","[146.9491, 147.3195, 144.905, 138.0138, 178.0221]","['Northeast Australian Shelf', 'Southeast Australian Shelf', 'Southeast Australian Shelf', 'Southwest Australian Shelf', 'Northern New Zealand']","[0.0, 151.30618274642828, 51.728159512581584, 48.588115879405805, 163.58012454028903]","[33.947124797900585, 29.52010053633656, np.float64(132.1708445811885), 8.16856757910227, 0.0]",25.7921,585.0621,GISBORNE
syn_06749,3,Bulker,37534.0,7,"['BRISBANE', 'NEWCASTLE', 'BOTANY', 'MELBOURNE', 'KWINANA', 'PORTLAND', 'NEW PLYMOUTH']","['Australia', 'Australia', 'Australia', 'Australia', 'Australia', 'Australia', 'New Zealand']","[-27.3765, -32.9182, -33.9682, -37.844, -32.0435, -38.32, -39.0577]","[153.1665, 151.7701, 151.2149, 144.905, 115.6652, 141.7092, 174.0346]","['East Central Australian Shelf', 'East Central Australian Shelf', 'East Central Australian Shelf', 'Southeast Australian Shelf', 'Southwest Australian Shelf', 'Southeast Australian Shelf', 'Southern New Zealand']","[0.0, 32.85172877849515, 11.250509502567754, 68.44746632064722, 170.27334580780442, 137.99612897344713, 144.6510677806082]","[np.float64(75.89021420933035), np.float64(38.24172525950912), np.float64(35.73728900152923), np.float64(54.84120611933357), 67.0323321420191, 112.30074501385226, 0.0]",39.5631,873.6235,NEW PLYMOUTH
syn_06750,3,Container,12502.0,6,"['BRISBANE', 'NEWCASTLE', 'MELBOURNE', 'GEELONG', 'THEVENARD', 'NEW PLYMOUTH']","['Australia', 'Australia', 'Australia', 'Australia', 'Australia', 'New Zealand']","[-27.3765, -32.9182, -37.844, -38.096, -32.1493, -39.0577]","[153.1665, 151.7701, 144.905, 144.3819, 133.6409, 174.0346]","['East Central Australian Shelf', 'East Central Australian Shelf', 'Southeast Australian Shelf', 'Southeast Australian Shelf', 'Southwest Australian Shelf', 'Southern New Zealand']","[0.0, 44.796621181006095, 90.07659606533178, 37.05813804080265, 64.00808406973182, 102.89870295238597]","[np.float64(32.28688307272669), np.float64(17.726618868762905), np.float64(24.902547008078933), np.float64(66.94878151130185), 14.931089656898015, 0.0]",20.6514,463.3472,NEW PLYMOUTH
syn_06751,3,General Cargo,9793.0,5,"['GLADSTONE', 'FISHERMANS LANDING', 'HAY POINT', 'MACKAY', 'NEW PLYMOUTH']","['Australia', 'Australia', 'Australia', 'Australia', 'New Zealand']","[-23.8351, -23.7873, -21.1629, -21.1059, -39.0577]","[151.2712, 151.1761, 149.3474, 149.2318, 174.0346]","['Northeast Australian Shelf', 'Northeast Australian Shelf', 'Northeast Australian Shelf', 'Northeast Australian Shelf', 'Southern New Zealand']","[0.0, 21.13835296773984, 32.39019383815001, 34.25285737829528, 160.41457590205763]","[42.3221485086505, 16.079053563519807, 18.233150082366052, 8.051958811076041, 0.0]",13.8701,290.5601,NEW PLYMOUTH
syn_06752,3,RoRo,19879.0,5,"['BRISBANE', 'GEELONG', 'DEVONPORT', 'PORTLAND', 'AUCKLAND']","['Australia', 'Australia', 'Australia', 'Australia', 'New Zealand']","[-27.3765, -38.096, -41.1873, -38.32, -36.8402]","[153.1665, 144.3819, 146.3638, 141.7092, 174.7721]","['East Central Australian Shelf', 'Southeast Australian Shelf', 'Southeast Australian Shelf', 'Southeast Australian Shelf', 'Northern New Zealand']","[0.0, 84.84289671590713, 5.750531090813783, 25.058522766586655, 271.7627451905078]","[np.float64(44.726853816447736), np.float64(14.051936864555966), 42.059317741969885, 44.579400001130644, 0.0]",22.2013,488.1054,AUCKLAND
syn_06753,3,Bulker,36833.0,5,"['RABAUL', 'MOTUKEA ISLAND', 'TOWNSVILLE', 'BOTANY', 'AUCKLAND']","['Papua New Guinea', 'Papua New Guinea', 'Australia', 'Australia', 'New Zealand']","[-4.2033, -9.4328, -19.0942, -33.9682, -36.8402]","[152.1667, 147.1035, 146.9491, 151.2149, 174.7721]","['Eastern Coral Triangle', 'Eastern Coral Triangle', 'Northeast Australian Shelf', 'East Central Australian Shelf', 'Northern New Zealand']","[0.0, 82.83726538371988, 78.11041034833815, 132.41217875001934, 147.57670117354954]","[88.27961057509775, np.float64(33.6385571347661), 23.984310895938926, np.float64(72.83312190165387), 0.0]",27.4863,571.3925,AUCKLAND
syn_06754,3,Container,12502.0,7,"['KWINANA', 'FREMANTLE', 'ADELAIDE', 'MELBOURNE', 'LAE', 'LAUTOKA', 'TAURANGA']","['Australia', 'Australia', 'Australia', 'Australia', 'Papua New Guinea', 'Fiji', 'New Zealand']","[-32.0435, -32.051, -34.8169, -37.844, -6.8146, -17.6036, -37.6444]","[115.6652, 115.7393, 138.2816, 144.905, 146.9681, 177.4387, 176.1819]","['Southwest Australian Shelf', 'Southwest Australian Shelf', 'Southwest Australian Shelf', 'Southeast Australian Shelf', 'Eastern Coral Triangle', 'Tropical Southwestern Pacific', 'Northern New Zealand']","[0.0, 47.89240582740169, 90.2714848966266, 24.11226745939499, 93.85556789084457, 217.6475881000405, 75.26731095972713]","[19.52328046632607, 29.906970059899464, np.float64(6.004678061052448), np.float64(37.986804133644355), np.float64(19.874277337563992), np.float64(14.421155263244383), 0.0]",28.1985,657.2405,TAURANGA
syn_06755,3,RoRo,43878.0,7,"['TOWNSVILLE', 'BRISBANE', 'GEELONG', 'DEVONPORT', 'PORTLAND', 'ADELAIDE', 'NAPIER']","['Australia', 'Australia', 'Australia', 'Australia', 'Australia', 'Australia', 'New Zealand']","[-19.0942, -27.3765, -38.096, -41.1873, -38.32, -34.8169, -39.4759]","[146.9491, 153.1665, 144.3819, 146.3638, 141.7092, 138.2816, 176.9184]","['Northeast Australian Shelf', 'East Central Australian Shelf', 'Southeast Australian Shelf', 'Southeast Australian Shelf', 'Southeast Australian Shelf', 'Southwest Australian Shelf', 'Southern New Zealand']","[0.0, 44.27411793315128, 109.11331438808224, 18.789961603508047, 29.104902391318543, 21.755161976847294, 188.91156756802496]","[19.405652991371692, np.float64(10.543223322401229), np.float64(85.87297209023171), 32.41283887416604, 6.434731732283857, np.float64(61.02182019596625), 0.0]",26.1517,608.2346,NAPIER
syn_06756,3,Bulker,33144.0,5,"['BUNBURY', 'THEVENARD', 'BRISBANE', 'KEMBLA', 'WELLINGTON']","['Australia', 'Australia', 'Australia', 'Australia', 'New Zealand']","[-33.3243, -32.1493, -27.3765, -34.4537, -41.2746]","[115.6615, 133.6409, 153.1665, 150.8864, 174.7887]","['Southwest Australian Shelf', 'Southwest Australian Shelf', 'East Central Australian Shelf', 'East Central Australian Shelf', 'Southern New Zealand']","[0.0, 78.92023574357734, 148.4081049874065, 52.34030488540031, 185.15513569461083]","[16.753042645095096, 27.890009034068193, np.float64(122.64264390803486), np.float64(34.151184661172294), 0.0]",27.7609,649.5076,WELLINGTON
syn_06757,3,Container,12502.0,7,"['KEMBLA', 'GEELONG', 'ADELAIDE', 'LINCOLN', 'ARDROSSAN', 'KEMBLA', 'PORT CHALMERS']","['Australia', 'Australia', 'Australia', 'Australia', 'Australia', 'Australia', 'New Zealand']","[-34.4537, -38.096, -34.8169, -34.7176, -34.4394, -34.4537, -45.8742]","[150.8864, 144.3819, 138.2816, 135.8701, 137.9262, 150.8864, 170.5221]","['East Central Australian Shelf', 'Southeast Australian Shelf', 'Southwest Australian Shelf', 'Southwest Australian Shelf', 'Southwest Australian Shelf', 'East Central Australian Shelf', 'Southern New Zealand']","[0.0, 49.37703847620517, 21.881915143532428, 7.921246043970757, 7.123988309954385, 50.36492309897834, 127.13397590353438]","[np.float64(64.68914198678088), np.float64(60.900309312634334), np.float64(117.33090165597078), 19.88402936442083, 22.6612363840618, np.float64(13.993777930316794), 0.0]",23.4693,498.5733,PORT CHALMERS
syn_06758,3,Bulker,34442.0,7,"['NEW PRIOK', 'KWINANA', 'FREMANTLE', 'ADELAIDE', 'MELBOURNE', 'KEMBLA', 'AUCKLAND']","['Indonesia', 'Australia', 'Australia', 'Australia', 'Australia', 'Australia', 'New Zealand']","[-6.0976, -32.0435, -32.051, -34.8169, -37.844, -34.4537, -36.8402]","[106.884, 115.6652, 115.7393, 138.2816, 144.905, 150.8864, 174.7721]","['Java Transitional', 'Southwest Australian Shelf', 'Southwest Australian Shelf', 'Southwest Australian Shelf', 'Southeast Australian Shelf', 'East Central Australian Shelf', 'Northern New Zealand']","[0.0, 260.9477346116813, 67.67172177400428, 150.66005325551347, 53.72867361948643, 45.756497227887614, 154.65867297269816]","[31.624075489650952, 21.020728515447423, 21.6242946102418, np.float64(62.09093830626037), np.float64(98.71111045001228), np.float64(83.09325427426378), 0.0]",43.8162,1019.9637,AUCKLAND
syn_06759,3,Container,12502.0,6,"['LAE', 'KIMBE', 'RABAUL', 'HONIARA', 'LUGANVILLE', 'AUCKLAND']","['Papua New Guinea', 'Papua New Guinea', 'Papua New Guinea', 'Solomon Islands', 'Vanuatu', 'New Zealand']","[-6.8146, -5.5497, -4.2033, -9.4274, -15.515, -36.8402]","[146.9681, 150.1486, 152.1667, 159.9603, 167.1867, 174.7721]","['Eastern Coral Triangle', 'Eastern Coral Triangle', 'Eastern Coral Triangle', 'Eastern Coral Triangle', 'Tropical Southwestern Pacific', 'Northern New Zealand']","[0.0, 6.179840860187983, 27.94798173141364, 65.68848437715808, 44.64556005168488, 190.536482482629]","[np.float64(39.02416326439168), np.float64(18.77243374134556), 31.557459240186155, np.float64(26.30546065492901), np.float64(11.853890886327171), 0.0]",19.2713,423.4876,AUCKLAND
syn_06760,3,Bulker,29738.0,5,"['NEWCASTLE', 'PRONY BAY', 'NOUMEA', 'VUDA', 'AUCKLAND']","['Australia', 'New Caledonia', 'New Caledonia', 'Fiji', 'New Zealand']","[-32.9182, -22.3524, -22.2633, -17.6861, -36.8402]","[151.7701, 166.8904, 166.4317, 177.3849, 174.7721]","['East Central Australian Shelf', 'Tropical Southwestern Pacific', 'Tropical Southwestern Pacific', 'Tropical Southwestern Pacific', 'Northern New Zealand']","[0.0, 88.90874297697576, 90.85576186434267, 96.1001316644528, 155.13727664051189]","[np.float64(37.86630486617943), 46.456368089050606, 22.463969421669635, 19.347382321027613, 0.0]",23.214,519.2696,AUCKLAND
syn_06761,3,General Cargo,9793.0,7,"['GLADSTONE', 'FISHERMANS LANDING', 'NEWCASTLE', 'KEMBLA', 'WHYALLA', 'MELBOURNE', 'GISBORNE']","['Australia', 'Australia', 'Australia', 'Australia', 'Australia', 'Australia', 'New Zealand']","[-23.8351, -23.7873, -32.9182, -34.4537, -33.0139, -37.844, -38.6751]","[151.2712, 151.1761, 151.7701, 150.8864, 137.5918, 144.905, 178.0221]","['Northeast Australian Shelf', 'Northeast Australian Shelf', 'East Central Australian Shelf', 'East Central Australian Shelf', 'Southwest Australian Shelf', 'Southeast Australian Shelf', 'Northern New Zealand']","[0.0, 51.45625443700892, 42.40629586482592, 8.05068153177643, 48.93313401852488, 22.948575038426434, 84.99352901473314]","[65.75825078128034, 48.77283788058286, np.float64(118.37605707858128), np.float64(78.1055457186957), 7.799169434221731, np.float64(97.58295008649183), 0.0]",28.1326,609.425,GISBORNE
syn_06762,3,Container,34567.0,6,"['NOUMEA', 'LAUTOKA', 'SUVA', 'VILA', 'LUGANVILLE', 'AUCKLAND']","['New Caledonia', 'Fiji', 'Fiji', 'Vanuatu', 'Vanuatu', 'New Zealand']","[-22.2633, -17.6036, -18.1339, -17.754, -15.515, -36.8402]","[166.4317, 177.4387, 178.4235, 168.3044, 167.1867, 174.7721]","['Tropical Southwestern Pacific', 'Tropical Southwestern Pacific', 'Tropical Southwestern Pacific', 'Tropical Southwestern Pacific', 'Tropical Southwestern Pacific', 'Northern New Zealand']","[0.0, 85.10480405460073, 9.870520642277036, 79.9232006014441, 57.588609850582515, 209.32686604007625]","[10.641212040496763, np.float64(6.240537455478678), np.float64(20.250164879557676), np.float64(67.36662745434504), np.float64(42.786982680652535), 0.0]",24.5458,578.4583,AUCKLAND
syn_06763,3,General Cargo,9793.0,7,"['FUNAFUTI', 'NANUMANGA', 'NANUMEA', 'NIUTAO', 'FUNAFUTI', 'SUVA', 'AUCKLAND']","['Tuvalu', 'Tuvalu', 'Tuvalu', 'Tuvalu', 'Tuvalu', 'Fiji', 'New Zealand']","[-8.5032, -6.2821, -5.6755, -6.1016, -8.5032, -18.1339, -36.8402]","[179.1946, 176.3086, 176.1033, 177.3293, 179.1946, 178.4235, 174.7721]","['Marshall, Gilbert and Ellis Islands', 'Marshall, Gilbert and Ellis Islands', 'Marshall, Gilbert and Ellis Islands', 'Marshall, Gilbert and Ellis Islands', 'Marshall, Gilbert and Ellis Islands', 'Tropical Southwestern Pacific', 'Northern New Zealand']","[0.0, 70.52739400888109, 22.30422984596546, 6.468624532385656, 31.557935771450346, 33.15188988071045, 114.69311370600123]","[47.843916092687785, 35.23068210893624, 20.574897263201976, 65.15756007261558, 15.102697453901696, np.float64(10.395535159147279), 0.0]",19.7087,425.1646,AUCKLAND
syn_06764,3,General Cargo,19497.0,5,"['TOWNSVILLE', 'BRISBANE', 'BURNIE', 'GEELONG', 'NELSON']","['Australia', 'Australia', 'Australia', 'Australia', 'New Zealand']","[-19.0942, -27.3765, -41.0534, -38.096, -41.2611]","[146.9491, 153.1665, 145.9108, 144.3819, 173.2733]","['Northeast Australian Shelf', 'East Central Australian Shelf', 'Southeast Australian Shelf', 'Southeast Australian Shelf', 'Southern New Zealand']","[0.0, 35.149174955793626, 90.34355091200908, 4.581374306398114, 75.47339638414566]","[46.97486709703814, np.float64(96.72751937790147), 13.271191530476617, np.float64(9.740279738070848), 0.0]",15.5109,325.2865,NELSON
syn_06765,3,Container,12502.0,6,"['GERALDTON', 'BUNBURY', 'THEVENARD', 'BRISBANE', 'KEMBLA', 'WELLINGTON']","['Australia', 'Australia', 'Australia', 'Australia', 'Australia', 'New Zealand']","[-28.6797, -33.3243, -32.1493, -27.3765, -34.4537, -41.2746]","[114.5095, 115.6615, 133.6409, 153.1665, 150.8864, 174.7887]","['West Central Australian Shelf', 'Southwest Australian Shelf', 'Southwest Australian Shelf', 'East Central Australian Shelf', 'East Central Australian Shelf', 'Southern New Zealand']","[0.0, 23.581019018168735, 84.59638468340773, 137.78087497402294, 51.17501931866012, 87.92685836047598]","[33.848386121233276, 8.124029073572684, 15.866844920158393, np.float64(19.34172372675605), np.float64(74.60917107746005), 0.0]",22.3688,503.0019,WELLINGTON
syn_06766,3,Tanker,4755.0,5,"['KWINANA', 'FREMANTLE', 'ADELAIDE', 'KEMBLA', 'PORT CHALMERS']","['Australia', 'Australia', 'Australia', 'Australia', 'New Zealand']","[-32.0435, -32.051, -34.8169, -34.4537, -45.8742]","[115.6652, 115.7393, 138.2816, 150.8864, 170.5221]","['Southwest Australian Shelf', 'Southwest Australian Shelf', 'Southwest Australian Shelf', 'East Central Australian Shelf', 'Southern New Zealand']","[0.0, 44.21589786255496, 172.84031628973753, 145.8406034103887, 109.27014948598162]","[44.23125674568075, 57.98880949591784, np.float64(83.75860066465721), np.float64(57.794847328498186), 0.0]",29.8309,671.7092,PORT CHALMERS
syn_06767,3,Container,12502.0,5,"['BRISBANE', 'MOTUKEA ISLAND', 'LAE', 'HONIARA', 'AUCKLAND']","['Australia', 'Papua New Guinea', 'Papua New Guinea', 'Solomon Islands', 'New Zealand']","[-27.3765, -9.4328, -6.8146, -9.4274, -36.8402]","[153.1665, 147.1035, 146.9681, 159.9603, 174.7721]","['East Central Australian Shelf', 'Eastern Coral Triangle', 'Eastern Coral Triangle', 'Eastern Coral Triangle', 'Northern New Zealand']","[0.0, 96.69117803308134, 35.47142692141751, 78.96979731645192, 113.77889757488256]","[np.float64(56.522834992718664), np.float64(7.479711955161867), np.float64(10.9948434330544), np.float64(9.03257539819124), 0.0]",17.0392,352.4184,AUCKLAND
syn_06768,3,Container,12502.0,7,"['NEWCASTLE', 'PRONY BAY', 'NEWCASTLE', 'VAVOUTO', 'NEWCASTLE', 'PRONY BAY', 'AUCKLAND']","['Australia', 'New Caledonia', 'Australia', 'New Caledonia', 'Australia', 'New Caledonia', 'New Zealand']","[-32.9182, -22.3524, -32.9182, -21.0033, -32.9182, -22.3524, -36.8402]","[151.7701, 166.8904, 151.7701, 164.6667, 151.7701, 166.8904, 174.7721]","['East Central Australian Shelf', 'Tropical Southwestern Pacific', 'East Central Australian Shelf', 'Tropical Southwestern Pacific', 'East Central Australian Shelf', 'Tropical Southwestern Pacific', 'Northern New Zealand']","[0.0, 121.41479617924536, 112.1232176556071, 124.13043743620801, 79.58995272929278, 101.00001321632496, 69.45871796039967]","[np.float64(27.160379279220333), 6.931724643591365, np.float64(59.734540782018314), 24.067335937514898, np.float64(12.870868126986862), 8.873966892104747, 0.0]",31.1398,720.1956,AUCKLAND
syn_06769,3,Container,12502.0,7,"['TOWNSVILLE', 'BRISBANE', 'MELBOURNE', 'BELL BAY', 'BOTANY', 'BRISBANE', 'NEW PLYMOUTH']","['Australia', 'Australia', 'Australia', 'Australia', 'Australia', 'Australia', 'New Zealand']","[-19.0942, -27.3765, -37.844, -41.1352, -33.9682, -27.3765, -39.0577]","[146.9491, 153.1665, 144.905, 146.8752, 151.2149, 153.1665, 174.0346]","['Northeast Australian Shelf', 'East Central Australian Shelf', 'Southeast Australian Shelf', 'Southeast Australian Shelf', 'East Central Australian Shelf', 'East Central Australian Shelf', 'Southern New Zealand']","[0.0, 70.66402656830324, 83.47477791847649, 6.788934284803034, 31.704989544910966, 52.14019915741466, 58.536810939085484]","[53.86918487558439, np.float64(34.27201991866018), np.float64(58.74691631166474), 9.336897704915444, np.float64(42.013335910743294), np.float64(44.68904158800595), 0.0]",22.7599,492.3679,NEW PLYMOUTH
syn_06770,3,Bulker,34443.0,6,"['KIMBE', 'RABAUL', 'HONIARA', 'LUGANVILLE', 'VILA', 'TAURANGA']","['Papua New Guinea', 'Papua New Guinea', 'Solomon Islands', 'Vanuatu', 'Vanuatu', 'New Zealand']","[-5.5497, -4.2033, -9.4274, -15.515, -17.754, -37.6444]","[150.1486, 152.1667, 159.9603, 167.1867, 168.3044, 176.1819]","['Eastern Coral Triangle', 'Eastern Coral Triangle', 'Eastern Coral Triangle', 'Tropical Southwestern Pacific', 'Tropical Southwestern Pacific', 'Northern New Zealand']","[0.0, 41.05279888039567, 70.51682416674348, 55.003960098372886, 83.98604650193855, 121.67279941640875]","[np.float64(15.277106901444377), 47.59231700162646, np.float64(40.01402946825605), np.float64(42.39985019129849), np.float64(40.49196451700858), 0.0]",23.2503,542.7306,TAURANGA
syn_06771,3,Bulker,39828.0,7,"['GLADSTONE', 'SOUTH TREES', 'NEWCASTLE', 'BELL BAY', 'BRISBANE', 'ADELAIDE', 'AUCKLAND']","['Australia', 'Australia', 'Australia', 'Australia', 'Australia', 'Australia', 'New Zealand']","[-23.8351, -23.8483, -32.9182, -41.1352, -27.3765, -34.8169, -36.8402]","[151.2712, 151.3268, 151.7701, 146.8752, 153.1665, 138.2816, 174.7721]","['Northeast Australian Shelf', 'Northeast Australian Shelf', 'East Central Australian Shelf', 'Southeast Australian Shelf', 'East Central Australian Shelf', 'Southwest Australian Shelf', 'Northern New Zealand']","[0.0, 56.054602294304566, 87.61410600864112, 91.93101327035484, 72.75153023662763, 218.95508794437902, 327.4932720550981]","[35.646013597143515, 121.80208510259146, np.float64(76.34415892537444), 38.64636792045571, np.float64(101.58475792772784), np.float64(111.24416040971727), 0.0]",55.8361,1304.4211,AUCKLAND
syn_06772,3,General Cargo,7709.0,5,"['LAE', 'RABAUL', 'HONIARA', 'BRISBANE', 'TAURANGA']","['Papua New Guinea', 'Papua New Guinea', 'Solomon Islands', 'Australia', 'New Zealand']","[-6.8146, -4.2033, -9.4274, -27.3765, -37.6444]","[146.9681, 152.1667, 159.9603, 153.1665, 176.1819]","['Eastern Coral Triangle', 'Eastern Coral Triangle', 'Eastern Coral Triangle', 'East Central Australian Shelf', 'Northern New Zealand']","[0.0, 29.070382317166167, 58.73151022631325, 39.7938053127346, 161.23923371653]","[np.float64(7.228237551448028), 9.810266361367056, np.float64(18.759275536859285), np.float64(82.4714618068791), 0.0]",16.9627,399.8759,TAURANGA
syn_06773,3,Bulker,34387.0,7,"['NAPA NAPA', 'MOTUKEA ISLAND', 'LAE', 'HONIARA', 'LUGANVILLE', 'VILA', 'TAURANGA']","['Papua New Guinea', 'Papua New Guinea', 'Papua New Guinea', 'Solomon Islands', 'Vanuatu', 'Vanuatu', 'New Zealand']","[-9.5056, -9.4328, -6.8146, -9.4274, -15.515, -17.754, -37.6444]","[147.1542, 147.1035, 146.9681, 159.9603, 167.1867, 168.3044, 176.1819]","['Eastern Coral Triangle', 'Eastern Coral Triangle', 'Eastern Coral Triangle', 'Eastern Coral Triangle', 'Tropical Southwestern Pacific', 'Tropical Southwestern Pacific', 'Northern New Zealand']","[0.0, 45.74987936252652, 87.71443795935143, 103.98014520344724, 61.89818705962442, 65.93982822367089, 132.11333828073393]","[110.00440587090603, np.float64(13.92043442035744), np.float64(100.11905171655637), np.float64(64.24508595902678), np.float64(69.93956894722272), np.float64(14.87496159085824), 0.0]",36.2708,760.4949,TAURANGA
syn_06774,3,Container,12502.0,5,"['CAIRNS', 'GLADSTONE', 'FISHERMANS LANDING', 'BRISBANE', 'NAPIER']","['Australia', 'Australia', 'Australia', 'Australia', 'New Zealand']","[-16.8017, -23.8351, -23.7873, -27.3765, -39.4759]","[145.8833, 151.2712, 151.1761, 153.1665, 176.9184]","['Northeast Australian Shelf', 'Northeast Australian Shelf', 'Northeast Australian Shelf', 'East Central Australian Shelf', 'Southern New Zealand']","[0.0, 67.33676134098447, 40.459282726295775, 14.960394176619847, 110.76586892076843]","[26.01416680906477, 9.98485949933653, 33.49778813245838, np.float64(15.840127876726653), 0.0]",13.2858,292.8451,NAPIER
syn_06775,3,Bulker,34443.0,6,"['KWINANA', 'FREMANTLE', 'ADELAIDE', 'MELBOURNE', 'KEMBLA', 'AUCKLAND']","['Australia', 'Australia', 'Australia', 'Australia', 'Australia', 'New Zealand']","[-32.0435, -32.051, -34.8169, -37.844, -34.4537, -36.8402]","[115.6652, 115.7393, 138.2816, 144.905, 150.8864, 174.7721]","['Southwest Australian Shelf', 'Southwest Australian Shelf', 'Southwest Australian Shelf', 'Southeast Australian Shelf', 'East Central Australian Shelf', 'Northern New Zealand']","[0.0, 38.98466657870449, 221.8382881175549, 36.521778602678935, 95.71949044031476, 221.78574693814647]","[23.167261232654464, 89.4432549998229, np.float64(78.59727565021696), np.float64(121.5971088253537), np.float64(108.85285583589564), 0.0]",43.1878,1013.3405,AUCKLAND
syn_06776,3,Bulker,40481.0,5,"['TOWNSVILLE', 'NAPA NAPA', 'MOTUKEA ISLAND', 'LAE', 'TAURANGA']","['Australia', 'Papua New Guinea', 'Papua New Guinea', 'Papua New Guinea', 'New Zealand']","[-19.0942, -9.5056, -9.4328, -6.8146, -37.6444]","[146.9491, 147.1542, 147.1035, 146.9681, 176.1819]","['Northeast Australian Shelf', 'Eastern Coral Triangle', 'Eastern Coral Triangle', 'Eastern Coral Triangle', 'Northern New Zealand']","[0.0, 56.20691202046172, 107.49177477730977, 85.64395055051764, 245.88949268699733]","[52.55528803226114, 21.46584241864966, np.float64(68.03407796176623), np.float64(48.316091998594835), 0.0]",28.5668,633.0481,TAURANGA
syn_06777,3,Container,5923.0,5,"['NOUMEA', 'LAUTOKA', 'SUVA', 'VILA', 'TAURANGA']","['New Caledonia', 'Fiji', 'Fiji', 'Vanuatu', 'New Zealand']","[-22.2633, -17.6036, -18.1339, -17.754, -37.6444]","[166.4317, 177.4387, 178.4235, 168.3044, 176.1819]","['Tropical Southwestern Pacific', 'Tropical Southwestern Pacific', 'Tropical Southwestern Pacific', 'Tropical Southwestern Pacific', 'Northern New Zealand']","[0.0, 83.37133248493865, 13.12183787604132, 89.54263942393958, 95.29151932942919]","[10.21857562204198, np.float64(74.75457679599276), np.float64(17.401276367314587), np.float64(19.29650176831259), 0.0]",16.7916,392.7797,TAURANGA
syn_06778,3,Bulker,42446.0,7,"['GLADSTONE', 'SOUTH TREES', 'BELL BAY', 'ADELAIDE', 'LAE', 'LAUTOKA', 'NEW PLYMOUTH']","['Australia', 'Australia', 'Australia', 'Australia', 'Papua New Guinea', 'Fiji', 'New Zealand']","[-23.8351, -23.8483, -41.1352, -34.8169, -6.8146, -17.6036, -39.0577]","[151.2712, 151.3268, 146.8752, 138.2816, 146.9681, 177.4387, 174.0346]","['Northeast Australian Shelf', 'Northeast Australian Shelf', 'Southeast Australian Shelf', 'Southwest Australian Shelf', 'Eastern Coral Triangle', 'Tropical Southwestern Pacific', 'Southern New Zealand']","[0.0, 46.016386888421984, 216.31613861497678, 103.53376616895403, 212.1561437870687, 245.31747640091413, 225.2352298619126]","[37.17636709078803, 26.64081860747387, 46.50222139860303, np.float64(17.913147094514585), np.float64(83.13126124642977), np.float64(52.719965491111495), 0.0]",54.6941,1275.4826,NEW PLYMOUTH
syn_06779,3,Bulker,40481.0,6,"['BRISBANE', 'NEWCASTLE', 'GEELONG', 'DEVONPORT', 'PORTLAND', 'GISBORNE']","['Australia', 'Australia', 'Australia', 'Australia', 'Australia', 'New Zealand']","[-27.3765, -32.9182, -38.096, -41.1873, -38.32, -38.6751]","[153.1665, 151.7701, 144.3819, 146.3638, 141.7092, 178.0221]","['East Central Australian Shelf', 'East Central Australian Shelf', 'Southeast Australian Shelf', 'Southeast Australian Shelf', 'Southeast Australian Shelf', 'Northern New Zealand']","[0.0, 39.75288392648456, 70.83890787669478, 14.227503230379595, 22.46789443578113, 226.86380231836958]","[np.float64(63.07521824171458), np.float64(20.006689863416526), np.float64(57.455907285872705), 60.22582347131262, 116.09611577243236, 0.0]",28.7921,627.9355,GISBORNE
syn_06780,3,Container,12502.0,6,"['USELESS LOOP', 'SYDNEY', 'KEMBLA', 'BLUESCOPE', 'MELBOURNE', 'LYTTELTON']","['Australia', 'Australia', 'Australia', 'Australia', 'Australia', 'New Zealand']","[-26.089, -33.8648, -34.4537, -38.291, -37.844, -43.606]","[113.4185, 151.1829, 150.8864, 145.2292, 144.905, 172.7213]","['West Central Australian Shelf', 'East Central Australian Shelf', 'East Central Australian Shelf', 'Southeast Australian Shelf', 'Southeast Australian Shelf', 'Southern New Zealand']","[0.0, 249.59630185624735, 27.792263260127623, 46.243139196224774, 53.94242992992893, 189.53583697688396]","[44.19811005559121, 12.916698095052633, np.float64(76.15739302664743), 31.880908869146058, np.float64(32.29171566731423), 0.0]",31.8564,720.3567,LYTTELTON
syn_06781,3,Bulker,37806.0,6,"['NOUMEA', 'LAUTOKA', 'SUVA', 'VILA', 'LUGANVILLE', 'AUCKLAND']","['New Caledonia', 'Fiji', 'Fiji', 'Vanuatu', 'Vanuatu', 'New Zealand']","[-22.2633, -17.6036, -18.1339, -17.754, -15.515, -36.8402]","[166.4317, 177.4387, 178.4235, 168.3044, 167.1867, 174.7721]","['Tropical Southwestern Pacific', 'Tropical Southwestern Pacific', 'Tropical Southwestern Pacific', 'Tropical Southwestern Pacific', 'Tropical Southwestern Pacific', 'Northern New Zealand']","[0.0, 105.89364449987538, 8.602881994532996, 53.22986347371711, 81.7196980782876, 177.07892464425436]","[23.786579305143206, np.float64(79.73845867996101), np.float64(33.90098439375091), np.float64(22.839885990812117), np.float64(48.33940014984088), 0.0]",26.4638,611.3437,AUCKLAND
syn_06782,3,Bulker,34387.0,6,"['BRISBANE', 'TOWNSVILLE', 'LAE', 'MOTUKEA ISLAND', 'BRISBANE', 'NAPIER']","['Australia', 'Australia', 'Papua New Guinea', 'Papua New Guinea', 'Australia', 'New Zealand']","[-27.3765, -19.0942, -6.8146, -9.4328, -27.3765, -39.4759]","[153.1665, 146.9491, 146.9681, 147.1035, 153.1665, 176.9184]","['East Central Australian Shelf', 'Northeast Australian Shelf', 'Eastern Coral Triangle', 'Eastern Coral Triangle', 'East Central Australian Shelf', 'Southern New Zealand']","[0.0, 89.52582300337771, 189.42586647903093, 102.34728397442177, 180.23712439400424, 255.03757070574974]","[np.float64(77.96064981392246), 12.784629688472332, np.float64(21.078001757750645), np.float64(32.454475941707415), np.float64(70.79027301832615), 0.0]",42.9851,953.681,NAPIER
syn_06783,3,General Cargo,40297.0,7,"['NAPA NAPA', 'MOTUKEA ISLAND', 'LAE', 'KIMBE', 'RABAUL', 'HONIARA', 'TAURANGA']","['Papua New Guinea', 'Papua New Guinea', 'Papua New Guinea', 'Papua New Guinea', 'Papua New Guinea', 'Solomon Islands', 'New Zealand']","[-9.5056, -9.4328, -6.8146, -5.5497, -4.2033, -9.4274, -37.6444]","[147.1542, 147.1035, 146.9681, 150.1486, 152.1667, 159.9603, 176.1819]","['Eastern Coral Triangle', 'Eastern Coral Triangle', 'Eastern Coral Triangle', 'Eastern Coral Triangle', 'Eastern Coral Triangle', 'Eastern Coral Triangle', 'Northern New Zealand']","[0.0, 53.811889831803974, 50.71764979622174, 4.176508182750693, 14.061550450685974, 43.455595860163235, 138.77463524398695]","[11.705266540144624, np.float64(17.397837836433236), np.float64(32.846585495131905), np.float64(14.266371901004137), 27.16618170328652, np.float64(103.769254021313), 0.0]",21.3396,500.4441,TAURANGA
syn_06784,3,Container,17842.0,7,"['BIRINGKASSI', 'GEELONG', 'MELBOURNE', 'ARDROSSAN', 'KEMBLA', 'TOWNSVILLE', 'TAURANGA']","['Indonesia', 'Australia', 'Australia', 'Australia', 'Australia', 'Australia', 'New Zealand']","[-4.816, -38.096, -37.844, -34.4394, -34.4537, -19.0942, -37.6444]","[119.4552, 144.3819, 144.905, 137.9262, 150.8864, 146.9491, 176.1819]","['Western Coral Triangle', 'Southeast Australian Shelf', 'Southeast Australian Shelf', 'Southwest Australian Shelf', 'East Central Australian Shelf', 'Northeast Australian Shelf', 'Northern New Zealand']","[0.0, 392.6239530101416, 24.957805438568748, 39.96828194992452, 64.59211976642796, 104.04794883895367, 88.77943102260437]","[13.765903507687623, np.float64(10.796910083845981), np.float64(9.464800707995835), 39.62365567230298, np.float64(80.5157815063028), 10.146119564613254, 0.0]",36.6368,865.5168,TAURANGA
syn_06785,3,Tanker,5155.0,7,"['BRISBANE', 'MELBOURNE', 'BELL BAY', 'BOTANY', 'BRISBANE', 'NOUMEA', 'TAURANGA']","['Australia', 'Australia', 'Australia', 'Australia', 'Australia', 'New Caledonia', 'New Zealand']","[-27.3765, -37.844, -41.1352, -33.9682, -27.3765, -22.2633, -37.6444]","[153.1665, 144.905, 146.8752, 151.2149, 153.1665, 166.4317, 176.1819]","['East Central Australian Shelf', 'Southeast Australian Shelf', 'Southeast Australian Shelf', 'East Central Australian Shelf', 'East Central Australian Shelf', 'Tropical Southwestern Pacific', 'Northern New Zealand']","[0.0, 113.6073990086208, 8.87660987472823, 55.182497375334734, 32.812575975739485, 103.36845946581161, 135.71185781648043]","[np.float64(6.003069375391182), np.float64(25.482571612273006), 25.14425864435625, np.float64(10.578844440662422), np.float64(22.602794952016843), 24.314761636258996, 0.0]",23.4869,557.6826,TAURANGA
syn_06786,3,RoRo,30796.0,7,"['BRISBANE', 'NEWCASTLE', 'GEELONG', 'ADELAIDE', 'LINCOLN', 'ARDROSSAN', 'TAURANGA']","['Australia', 'Australia', 'Australia', 'Australia', 'Australia', 'Australia', 'New Zealand']","[-27.3765, -32.9182, -38.096, -34.8169, -34.7176, -34.4394, -37.6444]","[153.1665, 151.7701, 144.3819, 138.2816, 135.8701, 137.9262, 176.1819]","['East Central Australian Shelf', 'East Central Australian Shelf', 'Southeast Australian Shelf', 'Southwest Australian Shelf', 'Southwest Australian Shelf', 'Southwest Australian Shelf', 'Northern New Zealand']","[0.0, 28.618798190269498, 83.98645384860893, 52.076017558418464, 5.630294022752217, 12.791874136238999, 150.42900841902892]","[np.float64(45.06575695614913), np.float64(133.51732082753423), np.float64(62.71634231891552), np.float64(36.6444499330642), 19.84148352390688, 17.279711746331863, 0.0]",27.0249,603.5318,TAURANGA
syn_06787,3,Bulker,37686.0,5,"['TOWNSVILLE', 'NAPA NAPA', 'MOTUKEA ISLAND', 'LAE', 'PORT CHALMERS']","['Australia', 'Papua New Guinea', 'Papua New Guinea', 'Papua New Guinea', 'New Zealand']","[-19.0942, -9.5056, -9.4328, -6.8146, -45.8742]","[146.9491, 147.1542, 147.1035, 146.9681, 170.5221]","['Northeast Australian Shelf', 'Eastern Coral Triangle', 'Eastern Coral Triangle', 'Eastern Coral Triangle', 'Southern New Zealand']","[0.0, 91.56946646850017, 69.68021644461514, 82.16211038063953, 362.2326344023731]","[58.676474442550465, 104.36198849582189, np.float64(22.077732960099492), np.float64(70.9522422945437), 0.0]",35.9047,803.0364,PORT CHALMERS
syn_06788,3,Bulker,42446.0,6,"['KWINANA', 'FREMANTLE', 'ADELAIDE', 'MELBOURNE', 'KEMBLA', 'AUCKLAND']","['Australia', 'Australia', 'Australia', 'Australia', 'Australia', 'New Zealand']","[-32.0435, -32.051, -34.8169, -37.844, -34.4537, -36.8402]","[115.6652, 115.7393, 138.2816, 144.905, 150.8864, 174.7721]","['Southwest Australian Shelf', 'Southwest Australian Shelf', 'Southwest Australian Shelf', 'Southeast Australian Shelf', 'East Central Australian Shelf', 'Northern New Zealand']","[0.0, 39.059978146088454, 113.19059497047141, 30.31868764499135, 39.45344408938168, 201.3093448548825]","[74.19471731538873, 14.976222533728656, np.float64(31.74583629985502), np.float64(8.888750573394187), np.float64(69.17347470601437), 0.0]",25.9296,548.1163,AUCKLAND
syn_06789,3,Bulker,37806.0,7,"['ESPERANCE', 'ADELAIDE', 'GEELONG', 'TAROONA', 'HOBART', 'KEMBLA', 'TAURANGA']","['Australia', 'Australia', 'Australia', 'Australia', 'Australia', 'Australia', 'New Zealand']","[-33.8718, -34.8169, -38.096, -42.938, -42.8304, -34.4537, -37.6444]","[121.8997, 138.2816, 144.3819, 147.3863, 147.3195, 150.8864, 176.1819]","['Southwest Australian Shelf', 'Southwest Australian Shelf', 'Southeast Australian Shelf', 'Southeast Australian Shelf', 'Southeast Australian Shelf', 'East Central Australian Shelf', 'Northern New Zealand']","[0.0, 74.91756667842793, 44.780396733293976, 54.85619361722204, 50.536740980324595, 109.61074389461311, 145.04262054290808]","[17.68416365703603, np.float64(89.79264372590762), np.float64(37.038118476239816), 55.99520624985682, 87.81548701633437, np.float64(37.83563876952137), 0.0]",33.5794,788.2214,TAURANGA
syn_06790,3,Bulker,37636.0,7,"['FUNAFUTI', 'NANUMANGA', 'NANUMEA', 'NIUTAO', 'FUNAFUTI', 'SUVA', 'AUCKLAND']","['Tuvalu', 'Tuvalu', 'Tuvalu', 'Tuvalu', 'Tuvalu', 'Fiji', 'New Zealand']","[-8.5032, -6.2821, -5.6755, -6.1016, -8.5032, -18.1339, -36.8402]","[179.1946, 176.3086, 176.1033, 177.3293, 179.1946, 178.4235, 174.7721]","['Marshall, Gilbert and Ellis Islands', 'Marshall, Gilbert and Ellis Islands', 'Marshall, Gilbert and Ellis Islands', 'Marshall, Gilbert and Ellis Islands', 'Marshall, Gilbert and Ellis Islands', 'Tropical Southwestern Pacific', 'Northern New Zealand']","[0.0, 50.96432210000121, 63.65026410257808, 11.78125237610251, 59.8875181164988, 60.07351287849003, 111.06866702634989]","[22.806702544552724, 23.01618502498505, 102.2724931726916, 22.335998912709528, 35.70857025654022, np.float64(81.3643231645928), 0.0]",26.8721,622.1231,AUCKLAND
syn_06791,3,Tanker,12707.0,6,"['BRISBANE', 'NEWCASTLE', 'BOTANY', 'MELBOURNE', 'KWINANA', 'NELSON']","['Australia', 'Australia', 'Australia', 'Australia', 'Australia', 'New Zealand']","[-27.3765, -32.9182, -33.9682, -37.844, -32.0435, -41.2611]","[153.1665, 151.7701, 151.2149, 144.905, 115.6652, 173.2733]","['East Central Australian Shelf', 'East Central Australian Shelf', 'East Central Australian Shelf', 'Southeast Australian Shelf', 'Southwest Australian Shelf', 'Southern New Zealand']","[0.0, 35.22678325609434, 6.546977926799327, 47.92933231915586, 156.1320858307521, 315.51924766467937]","[np.float64(46.5122861600629), np.float64(8.588212385364955), np.float64(27.49267992223255), np.float64(49.566279101974075), 9.527336447869015, 0.0]",29.2934,656.5289,NELSON
syn_06792,3,Bulker,37657.0,6,"['VAVOUTO', 'GLADSTONE', 'SOUTH TREES', 'NEWCASTLE', 'BELL BAY', 'NAPIER']","['New Caledonia', 'Australia', 'Australia', 'Australia', 'Australia', 'New Zealand']","[-21.0033, -23.8351, -23.8483, -32.9182, -41.1352, -39.4759]","[164.6667, 151.2712, 151.3268, 151.7701, 146.8752, 176.9184]","['Tropical Southwestern Pacific', 'Northeast Australian Shelf', 'Northeast Australian Shelf', 'East Central Australian Shelf', 'Southeast Australian Shelf', 'Southern New Zealand']","[0.0, 61.91722667289072, 41.55750015273417, 40.211945671427706, 68.57227746856543, 180.76372331993366]","[75.11820602251836, 60.40297065372826, 32.66410934034367, np.float64(93.31759623473607), 82.14374893559932, 0.0]",30.6946,661.5511,NAPIER
syn_06793,3,General Cargo,2159.0,6,"['ALBANY', 'ESPERANCE', 'THEVENARD', 'BUNDABERG', 'GLADSTONE', 'AUCKLAND']","['Australia', 'Australia', 'Australia', 'Australia', 'Australia', 'New Zealand']","[-35.0344, -33.8718, -32.1493, -24.7706, -23.8351, -36.8402]","[117.8934, 121.8997, 133.6409, 152.3816, 151.2712, 174.7721]","['Southwest Australian Shelf', 'Southwest Australian Shelf', 'Southwest Australian Shelf', 'East Central Australian Shelf', 'Northeast Australian Shelf', 'Northern New Zealand']","[0.0, 11.17674832918233, 61.287001134745175, 78.19799217084496, 39.05652452583106, 170.16595342757518]","[17.235064215270885, 64.4025660137267, 37.06000853213349, 63.91338248476389, 54.80213341062828, 0.0]",24.8874,580.0623,AUCKLAND
syn_06794,3,Bulker,34491.0,5,"['TOWNSVILLE', 'NAPA NAPA', 'MOTUKEA ISLAND', 'LAE', 'PORT CHALMERS']","['Australia', 'Papua New Guinea', 'Papua New Guinea', 'Papua New Guinea', 'New Zealand']","[-19.0942, -9.5056, -9.4328, -6.8146, -45.8742]","[146.9491, 147.1542, 147.1035, 146.9681, 170.5221]","['Northeast Australian Shelf', 'Eastern Coral Triangle', 'Eastern Coral Triangle', 'Eastern Coral Triangle', 'Southern New Zealand']","[0.0, 80.70475084750154, 52.224975077113044, 105.89182361535977, 308.89546698421117]","[71.2714780512549, 45.71563264409502, np.float64(68.09676072668141), np.float64(30.38075401496558), 0.0]",31.7992,691.9102,PORT CHALMERS
syn_06795,3,Bulker,40481.0,7,"['NEWCASTLE', 'PRONY BAY', 'NEWCASTLE', 'VAVOUTO', 'NOUMEA', 'BAIE NGO', 'AUCKLAND']","['Australia', 'New Caledonia', 'Australia', 'New Caledonia', 'New Caledonia', 'New Caledonia', 'New Zealand']","[-32.9182, -22.3524, -32.9182, -21.0033, -22.2633, -22.3317, -36.8402]","[151.7701, 166.8904, 151.7701, 164.6667, 166.4317, 166.6933, 174.7721]","['East Central Australian Shelf', 'Tropical Southwestern Pacific', 'East Central Australian Shelf', 'Tropical Southwestern Pacific', 'Tropical Southwestern Pacific', 'Tropical Southwestern Pacific', 'Northern New Zealand']","[0.0, 75.2944865096799, 109.69008552286951, 129.6588532907993, 31.91186324760699, 52.74838495448333, 113.57477301696345]","[np.float64(95.1628608384578), 40.474091739538856, np.float64(68.90428125824488), 32.27861552603657, 116.26166810104195, 109.82418723414307, 0.0]",40.6577,880.6213,AUCKLAND
syn_06796,3,General Cargo,12502.0,6,"['MELBOURNE', 'BELL BAY', 'BOTANY', 'BRISBANE', 'NOUMEA', 'NELSON']","['Australia', 'Australia', 'Australia', 'Australia', 'New Caledonia', 'New Zealand']","[-37.844, -41.1352, -33.9682, -27.3765, -22.2633, -41.2611]","[144.905, 146.8752, 151.2149, 153.1665, 166.4317, 173.2733]","['Southeast Australian Shelf', 'Southeast Australian Shelf', 'East Central Australian Shelf', 'East Central Australian Shelf', 'Tropical Southwestern Pacific', 'Southern New Zealand']","[0.0, 11.05092373116293, 36.520870823932775, 30.81692728457159, 30.28647594329866, 90.81757181388606]","[np.float64(51.22481302971659), 48.66043421381631, np.float64(16.715672131266487), np.float64(78.89488272734577), 45.5600540423595, 0.0]",18.3562,389.3238,NELSON
syn_06797,3,General Cargo,2159.0,6,"['NOUMEA', 'LAUTOKA', 'SUVA', 'LUGANVILLE', 'VILA', 'TAURANGA']","['New Caledonia', 'Fiji', 'Fiji', 'Vanuatu', 'Vanuatu', 'New Zealand']","[-22.2633, -17.6036, -18.1339, -15.515, -17.754, -37.6444]","[166.4317, 177.4387, 178.4235, 167.1867, 168.3044, 176.1819]","['Tropical Southwestern Pacific', 'Tropical Southwestern Pacific', 'Tropical Southwestern Pacific', 'Tropical Southwestern Pacific', 'Tropical Southwestern Pacific', 'Northern New Zealand']","[0.0, 124.77445517392592, 11.056008506101115, 115.00383165685298, 45.69512729642275, 92.85603626319816]","[13.904157709259009, np.float64(71.85591747689043), np.float64(23.741175780736203), np.float64(27.04654360831433), np.float64(55.081955700140995), 0.0]",24.209,567.1111,TAURANGA
syn_06798,3,Container,17842.0,6,"['HEDLAND', 'DAMPIER', 'FREMANTLE', 'KWINANA', 'HENDERSON', 'TAURANGA']","['Australia', 'Australia', 'Australia', 'Australia', 'Australia', 'New Zealand']","[-20.0977, -20.38, -32.051, -32.0435, -32.1635, -37.6444]","[118.5382, 116.6317, 115.7393, 115.6652, 115.7667, 176.1819]","['Northwest Australian Shelf', 'Northwest Australian Shelf', 'Southwest Australian Shelf', 'Southwest Australian Shelf', 'Southwest Australian Shelf', 'Northern New Zealand']","[0.0, 10.245620880232446, 114.67634112527382, 37.24595672470973, 25.582791577921224, 321.1916945438027]","[7.66715398622757, 16.23774448259409, 9.049295711948345, 12.197421368219395, 66.16139283225472, 0.0]",25.844,612.5883,TAURANGA
syn_06799,3,Bulker,37520.0,5,"['NOUMEA', 'LAUTOKA', 'SUVA', 'VILA', 'NEW PLYMOUTH']","['New Caledonia', 'Fiji', 'Fiji', 'Vanuatu', 'New Zealand']","[-22.2633, -17.6036, -18.1339, -17.754, -39.0577]","[166.4317, 177.4387, 178.4235, 168.3044, 174.0346]","['Tropical Southwestern Pacific', 'Tropical Southwestern Pacific', 'Tropical Southwestern Pacific', 'Tropical Southwestern Pacific', 'Southern New Zealand']","[0.0, 132.3972426464296, 8.989427625952057, 76.90730420576925, 275.8213748456823]","[83.27261995418571, np.float64(67.94921965284311), np.float64(50.1758172815252), np.float64(18.758480337608283), 0.0]",29.7613,630.9989,NEW PLYMOUTH
syn_06800,3,RoRo,30796.0,5,"['NOUMEA', 'LAUTOKA', 'SUVA', 'LUGANVILLE', 'TAURANGA']","['New Caledonia', 'Fiji', 'Fiji', 'Vanuatu', 'New Zealand']","[-22.2633, -17.6036, -18.1339, -15.515, -37.6444]","[166.4317, 177.4387, 178.4235, 167.1867, 176.1819]","['Tropical Southwestern Pacific', 'Tropical Southwestern Pacific', 'Tropical Southwestern Pacific', 'Tropical Southwestern Pacific', 'Northern New Zealand']","[0.0, 54.091353059005975, 8.336566268395476, 103.81742241444377, 268.91532126669523]","[131.95308394045418, np.float64(11.891160435110852), np.float64(11.245024689458196), np.float64(10.86700108475674), 0.0]",25.0465,469.1638,TAURANGA
syn_06801,3,Container,22708.0,6,"['TOWNSVILLE', 'NAPA NAPA', 'MOTUKEA ISLAND', 'LAE', 'HONIARA', 'AUCKLAND']","['Australia', 'Papua New Guinea', 'Papua New Guinea', 'Papua New Guinea', 'Solomon Islands', 'New Zealand']","[-19.0942, -9.5056, -9.4328, -6.8146, -9.4274, -36.8402]","[146.9491, 147.1542, 147.1035, 146.9681, 159.9603, 174.7721]","['Northeast Australian Shelf', 'Eastern Coral Triangle', 'Eastern Coral Triangle', 'Eastern Coral Triangle', 'Eastern Coral Triangle', 'Northern New Zealand']","[0.0, 46.39433081344868, 17.864509954840987, 36.21793292575387, 56.932004333662995, 186.9944637592215]","[15.99908673238319, 23.35586111890438, np.float64(6.211723024877432), np.float64(34.71671439195996), np.float64(36.675095563615386), 0.0]",19.2234,445.3626,AUCKLAND
syn_06802,3,Container,34362.0,6,"['TOWNSVILLE', 'BRISBANE', 'MELBOURNE', 'KEMBLA', 'WHYALLA', 'TAURANGA']","['Australia', 'Australia', 'Australia', 'Australia', 'Australia', 'New Zealand']","[-19.0942, -27.3765, -37.844, -34.4537, -33.0139, -37.6444]","[146.9491, 153.1665, 144.905, 150.8864, 137.5918, 176.1819]","['Northeast Australian Shelf', 'East Central Australian Shelf', 'Southeast Australian Shelf', 'East Central Australian Shelf', 'Southwest Australian Shelf', 'Northern New Zealand']","[0.0, 79.74266789510561, 101.7723395250001, 53.162497378868764, 38.076431795552466, 281.6747586024853]","[18.93661266949034, np.float64(8.462940760039798), np.float64(57.239419150793594), np.float64(49.60375550722629), 27.285588206502283, 0.0]",29.8315,697.0204,TAURANGA
syn_06803,3,Container,12502.0,6,"['KIMBE', 'RABAUL', 'HONIARA', 'LUGANVILLE', 'VILA', 'TAURANGA']","['Papua New Guinea', 'Papua New Guinea', 'Solomon Islands', 'Vanuatu', 'Vanuatu', 'New Zealand']","[-5.5497, -4.2033, -9.4274, -15.515, -17.754, -37.6444]","[150.1486, 152.1667, 159.9603, 167.1867, 168.3044, 176.1819]","['Eastern Coral Triangle', 'Eastern Coral Triangle', 'Eastern Coral Triangle', 'Tropical Southwestern Pacific', 'Tropical Southwestern Pacific', 'Northern New Zealand']","[0.0, 13.419599724611455, 51.58353526569637, 38.51301236785651, 22.391327816332144, 133.0251037137004]","[np.float64(20.205191675029784), 36.98160848441085, np.float64(24.17854311724936), np.float64(9.560816741917298), np.float64(7.286439457523683), 0.0]",14.881,336.94,TAURANGA
syn_06804,3,Container,28170.0,7,"['BRISBANE', 'NAPA NAPA', 'MOTUKEA ISLAND', 'LAE', 'KIMBE', 'RABAUL', 'NELSON']","['Australia', 'Papua New Guinea', 'Papua New Guinea', 'Papua New Guinea', 'Papua New Guinea', 'Papua New Guinea', 'New Zealand']","[-27.3765, -9.5056, -9.4328, -6.8146, -5.5497, -4.2033, -41.2611]","[153.1665, 147.1542, 147.1035, 146.9681, 150.1486, 152.1667, 173.2733]","['East Central Australian Shelf', 'Eastern Coral Triangle', 'Eastern Coral Triangle', 'Eastern Coral Triangle', 'Eastern Coral Triangle', 'Eastern Coral Triangle', 'Southern New Zealand']","[0.0, 64.06117391663125, 17.864509954840987, 42.864332840638234, 6.179840860187983, 33.8830549661679, 157.98936011905238]","[np.float64(105.75508615543723), 8.666442662780193, np.float64(11.325797855447977), np.float64(28.69255653652211), np.float64(8.761323223048038), 23.628231982427156, 0.0]",21.2363,403.9166,NELSON
syn_06805,3,Bulker,37657.0,7,"['GLADSTONE', 'FISHERMANS LANDING', 'NEWCASTLE', 'KEMBLA', 'WHYALLA', 'MELBOURNE', 'GISBORNE']","['Australia', 'Australia', 'Australia', 'Australia', 'Australia', 'Australia', 'New Zealand']","[-23.8351, -23.7873, -32.9182, -34.4537, -33.0139, -37.844, -38.6751]","[151.2712, 151.1761, 151.7701, 150.8864, 137.5918, 144.905, 178.0221]","['Northeast Australian Shelf', 'Northeast Australian Shelf', 'East Central Australian Shelf', 'East Central Australian Shelf', 'Southwest Australian Shelf', 'Southeast Australian Shelf', 'Northern New Zealand']","[0.0, 53.005678304874536, 51.224437897208006, 10.9529694877507, 88.98056156328838, 78.3882433569561, 271.64040664838916]","[67.20203596349528, 94.75802727705538, np.float64(34.4212979969823), np.float64(87.43044131773787), 25.1702935135828, np.float64(77.72710679697994), 0.0]",39.2042,873.6995,GISBORNE
syn_06806,3,Bulker,40481.0,7,"['GLADSTONE', 'SOUTH TREES', 'NEWCASTLE', 'BELL BAY', 'MELBOURNE', 'GEELONG', 'LYTTELTON']","['Australia', 'Australia', 'Australia', 'Australia', 'Australia', 'Australia', 'New Zealand']","[-23.8351, -23.8483, -32.9182, -41.1352, -37.844, -38.096, -43.606]","[151.2712, 151.3268, 151.7701, 146.8752, 144.905, 144.3819, 172.7213]","['Northeast Australian Shelf', 'Northeast Australian Shelf', 'East Central Australian Shelf', 'Southeast Australian Shelf', 'Southeast Australian Shelf', 'Southeast Australian Shelf', 'Southern New Zealand']","[0.0, 48.302329498851876, 92.82384634604755, 59.95590361883849, 10.658601330844553, 72.56284792569951, 185.92246973744938]","[83.7139996476824, 101.07274589767891, np.float64(44.08931836978664), 16.428231719062143, np.float64(77.78613066469542), np.float64(80.60139344599013), 0.0]",36.4132,790.2038,LYTTELTON
syn_06807,3,Other,4000.0,6,"['BRISBANE', 'KEMBLA', 'MELBOURNE', 'ADELAIDE', 'SUVA', 'TAURANGA']","['Australia', 'Australia', 'Australia', 'Australia', 'Fiji', 'New Zealand']","[-27.3765, -34.4537, -37.844, -34.8169, -18.1339, -37.6444]","[153.1665, 150.8864, 144.905, 138.2816, 178.4235, 176.1819]","['East Central Australian Shelf', 'East Central Australian Shelf', 'Southeast Australian Shelf', 'Southwest Australian Shelf', 'Tropical Southwestern Pacific', 'Northern New Zealand']","[0.0, 38.19525435200469, 44.9082463488324, 45.03741277184545, 420.0107505119797, 59.43664442131292]","[np.float64(33.35169624201739), np.float64(55.90200204971329), np.float64(73.19111100865818), np.float64(42.96537119901404), np.float64(59.43576502854357), 0.0]",36.3514,839.0826,TAURANGA
syn_06808,3,Bulker,39721.0,5,"['GLADSTONE', 'SOUTH TREES', 'BELL BAY', 'ADELAIDE', 'GISBORNE']","['Australia', 'Australia', 'Australia', 'Australia', 'New Zealand']","[-23.8351, -23.8483, -41.1352, -34.8169, -38.6751]","[151.2712, 151.3268, 146.8752, 138.2816, 178.0221]","['Northeast Australian Shelf', 'Northeast Australian Shelf', 'Southeast Australian Shelf', 'Southwest Australian Shelf', 'Northern New Zealand']","[0.0, 62.43314831401807, 113.58201565758846, 63.584963064585224, 199.49582278008833]","[16.983231711626086, 103.37733468235737, 20.627617133208144, np.float64(52.91258341009547), 0.0]",26.3749,616.0135,GISBORNE
syn_06809,3,Container,23357.0,5,"['NAPA NAPA', 'MOTUKEA ISLAND', 'LAE', 'HONIARA', 'AUCKLAND']","['Papua New Guinea', 'Papua New Guinea', 'Papua New Guinea', 'Solomon Islands', 'New Zealand']","[-9.5056, -9.4328, -6.8146, -9.4274, -36.8402]","[147.1542, 147.1035, 146.9681, 159.9603, 174.7721]","['Eastern Coral Triangle', 'Eastern Coral Triangle', 'Eastern Coral Triangle', 'Eastern Coral Triangle', 'Northern New Zealand']","[0.0, 17.864509954840987, 81.22118108469816, 68.57033570317365, 98.36540727547637]","[30.131578613890742, np.float64(8.82760402484696), np.float64(44.65843489672431), np.float64(11.819452329430176), 0.0]",15.0608,331.3269,AUCKLAND
syn_06810,3,Bulker,42446.0,7,"['BALL BAY', 'CASCADE', 'BOTANY', 'VUDA', 'NADI BAY', 'NOUMEA', 'NEW PLYMOUTH']","['Australia', 'Australia', 'Australia', 'Fiji', 'Fiji', 'New Caledonia', 'New Zealand']","[-29.0496, -29.0094, -33.9682, -17.6861, -17.7162, -22.2633, -39.0577]","[167.9864, 167.9779, 151.2149, 177.3849, 177.371, 166.4317, 174.0346]","['Lord Howe and Norfolk Islands', 'Lord Howe and Norfolk Islands', 'East Central Australian Shelf', 'Tropical Southwestern Pacific', 'Tropical Southwestern Pacific', 'Tropical Southwestern Pacific', 'Southern New Zealand']","[0.0, 49.52201478852016, 84.08686639291099, 251.20650601020694, 88.13523134948936, 120.96657759704945, 96.41408606481673]","[26.79453992196621, 95.0837554185745, np.float64(24.0542184621606), 135.3153177067147, 87.9316828476248, 97.05767179082183, 0.0]",48.1904,1129.7739,NEW PLYMOUTH
syn_06811,3,Bulker,33745.0,5,"['HEDLAND', 'FREMANTLE', 'BURNIE', 'GLADSTONE', 'WELLINGTON']","['Australia', 'Australia', 'Australia', 'Australia', 'New Zealand']","[-20.0977, -32.051, -41.0534, -23.8351, -41.2746]","[118.5382, 115.7393, 145.9108, 151.2712, 174.7887]","['Northwest Australian Shelf', 'Southwest Australian Shelf', 'Southeast Australian Shelf', 'Northeast Australian Shelf', 'Southern New Zealand']","[0.0, 108.13244017048214, 153.96309949320252, 125.45196711599786, 155.0142742168587]","[25.8099462830348, 91.83124959224456, 86.97299730219223, 87.45106929250676, 0.0]",34.7761,808.8171,WELLINGTON
syn_06812,3,Container,12502.0,5,"['RABAUL', 'KIMBE', 'LAE', 'HONIARA', 'AUCKLAND']","['Papua New Guinea', 'Papua New Guinea', 'Papua New Guinea', 'Solomon Islands', 'New Zealand']","[-4.2033, -5.5497, -6.8146, -9.4274, -36.8402]","[152.1667, 150.1486, 146.9681, 159.9603, 174.7721]","['Eastern Coral Triangle', 'Eastern Coral Triangle', 'Eastern Coral Triangle', 'Eastern Coral Triangle', 'Northern New Zealand']","[0.0, 15.153447589156967, 1.7405058541576914, 70.49937152576805, 78.4812987451696]","[24.409354725646807, np.float64(33.67672613390587), np.float64(16.001366343075727), np.float64(39.35163227747001), 0.0]",11.6381,254.9043,AUCKLAND
syn_06813,3,Bulker,37520.0,6,"['TOWNSVILLE', 'NAPA NAPA', 'MOTUKEA ISLAND', 'LAE', 'KIMBE', 'TAURANGA']","['Australia', 'Papua New Guinea', 'Papua New Guinea', 'Papua New Guinea', 'Papua New Guinea', 'New Zealand']","[-19.0942, -9.5056, -9.4328, -6.8146, -5.5497, -37.6444]","[146.9491, 147.1542, 147.1035, 146.9681, 150.1486, 176.1819]","['Northeast Australian Shelf', 'Eastern Coral Triangle', 'Eastern Coral Triangle', 'Eastern Coral Triangle', 'Eastern Coral Triangle', 'Northern New Zealand']","[0.0, 68.709858895979, 46.66313078903012, 109.19732533821254, 5.558743369784249, 259.4163777083405]","[38.043012773755656, 57.359460165312086, np.float64(13.857016716701962), np.float64(100.87983033101399), np.float64(127.41710777338771), 0.0]",34.4626,789.0589,TAURANGA
syn_06814,3,Bulker,39758.0,6,"['NOUMEA', 'LAUTOKA', 'SUVA', 'LUGANVILLE', 'VILA', 'TAURANGA']","['New Caledonia', 'Fiji', 'Fiji', 'Vanuatu', 'Vanuatu', 'New Zealand']","[-22.2633, -17.6036, -18.1339, -15.515, -17.754, -37.6444]","[166.4317, 177.4387, 178.4235, 167.1867, 168.3044, 176.1819]","['Tropical Southwestern Pacific', 'Tropical Southwestern Pacific', 'Tropical Southwestern Pacific', 'Tropical Southwestern Pacific', 'Tropical Southwestern Pacific', 'Northern New Zealand']","[0.0, 89.92909781935347, 10.444650656841068, 246.9678253812445, 54.996789364106725, 179.89845179082604]","[71.5040791736799, np.float64(73.10051304839263), np.float64(79.34798161041734), np.float64(12.282788008292298), np.float64(68.6251901142932), 0.0]",36.9624,815.5933,TAURANGA
syn_06815,3,RoRo,18556.0,6,"['MOTUKEA ISLAND', 'TOWNSVILLE', 'BOTANY', 'MELBOURNE', 'KWINANA', 'TAURANGA']","['Papua New Guinea', 'Australia', 'Australia', 'Australia', 'Australia', 'New Zealand']","[-9.4328, -19.0942, -33.9682, -37.844, -32.0435, -37.6444]","[147.1035, 146.9491, 151.2149, 144.905, 115.6652, 176.1819]","['Eastern Coral Triangle', 'Northeast Australian Shelf', 'East Central Australian Shelf', 'Southeast Australian Shelf', 'Southwest Australian Shelf', 'Northern New Zealand']","[0.0, 116.31680957605805, 104.44099144398754, 36.90713636792653, 146.1101479822334, 312.57826668356245]","[np.float64(22.808311346440654), 37.78271708095936, np.float64(11.587160442272562), np.float64(9.125957691782835), 20.785827802129443, 0.0]",34.1018,795.635,TAURANGA
syn_06816,3,Bulker,32561.0,6,"['MOTUKEA ISLAND', 'LAE', 'HONIARA', 'LUGANVILLE', 'VILA', 'TAURANGA']","['Papua New Guinea', 'Papua New Guinea', 'Solomon Islands', 'Vanuatu', 'Vanuatu', 'New Zealand']","[-9.4328, -6.8146, -9.4274, -15.515, -17.754, -37.6444]","[147.1035, 146.9681, 159.9603, 167.1867, 168.3044, 176.1819]","['Eastern Coral Triangle', 'Eastern Coral Triangle', 'Eastern Coral Triangle', 'Tropical Southwestern Pacific', 'Tropical Southwestern Pacific', 'Northern New Zealand']","[0.0, 56.04479452830641, 63.4406653406311, 55.8353216307712, 76.15655853564063, 199.64203854831058]","[np.float64(22.867048920825262), np.float64(40.30210503833287), np.float64(54.7242604949615), np.float64(41.868555681872714), np.float64(13.635297183015508), 0.0]",26.0215,601.6496,TAURANGA
syn_06817,3,General Cargo,12746.0,6,"['NEW PRIOK', 'TOWNSVILLE', 'GEELONG', 'PORTLAND', 'ADELAIDE', 'NAPIER']","['Indonesia', 'Australia', 'Australia', 'Australia', 'Australia', 'New Zealand']","[-6.0976, -19.0942, -38.096, -38.32, -34.8169, -39.4759]","[106.884, 146.9491, 144.3819, 141.7092, 138.2816, 176.9184]","['Java Transitional', 'Northeast Australian Shelf', 'Southeast Australian Shelf', 'Southeast Australian Shelf', 'Southwest Australian Shelf', 'Southern New Zealand']","[0.0, 312.86023756039606, 196.5652611400715, 17.316188066267625, 30.13785106700461, 226.2819981247384]","[75.91522424684909, 51.825821575063635, np.float64(25.922490732807756), 28.735030683594122, np.float64(122.36762483882103), 0.0]",45.3303,1012.0125,NAPIER
syn_06818,3,Container,22968.0,7,"['TOWNSVILLE', 'BRISBANE', 'NEWCASTLE', 'GEELONG', 'ARDROSSAN', 'KEMBLA', 'AUCKLAND']","['Australia', 'Australia', 'Australia', 'Australia', 'Australia', 'Australia', 'New Zealand']","[-19.0942, -27.3765, -32.9182, -38.096, -34.4394, -34.4537, -36.8402]","[146.9491, 153.1665, 151.7701, 144.3819, 137.9262, 150.8864, 174.7721]","['Northeast Australian Shelf', 'East Central Australian Shelf', 'East Central Australian Shelf', 'Southeast Australian Shelf', 'Southwest Australian Shelf', 'East Central Australian Shelf', 'Northern New Zealand']","[0.0, 79.03386298561193, 28.310613787450322, 50.53368061051915, 18.657085217343305, 138.50167379433958, 70.4366265429613]","[105.89056393720836, np.float64(16.20432916820111), np.float64(13.059886313546544), np.float64(19.452495151870515), 14.278627909466906, np.float64(75.42319586729624), 0.0]",26.2409,523.8921,AUCKLAND
syn_06819,3,Container,22708.0,7,"['NAPA NAPA', 'MOTUKEA ISLAND', 'TOWNSVILLE', 'BRISBANE', 'BURNIE', 'MELBOURNE', 'TAURANGA']","['Papua New Guinea', 'Papua New Guinea', 'Australia', 'Australia', 'Australia', 'Australia', 'New Zealand']","[-9.5056, -9.4328, -19.0942, -27.3765, -41.0534, -37.844, -37.6444]","[147.1542, 147.1035, 146.9491, 153.1665, 145.9108, 144.905, 176.1819]","['Eastern Coral Triangle', 'Eastern Coral Triangle', 'Northeast Australian Shelf', 'East Central Australian Shelf', 'Southeast Australian Shelf', 'Southeast Australian Shelf', 'Northern New Zealand']","[0.0, 17.864509954840987, 37.70080867656197, 55.01285278035731, 77.05145324432155, 7.85507639258465, 172.47138210341876]","[42.863966859343186, np.float64(27.75649162639479), 66.59425421228516, np.float64(46.663036422864366), 33.32533166729701, np.float64(26.55252568185338), 0.0]",25.488,568.8477,TAURANGA
syn_06820,3,RoRo,18924.0,5,"['LAE', 'HONIARA', 'LUGANVILLE', 'VILA', 'AUCKLAND']","['Papua New Guinea', 'Solomon Islands', 'Vanuatu', 'Vanuatu', 'New Zealand']","[-6.8146, -9.4274, -15.515, -17.754, -36.8402]","[146.9681, 159.9603, 167.1867, 168.3044, 174.7721]","['Eastern Coral Triangle', 'Eastern Coral Triangle', 'Tropical Southwestern Pacific', 'Tropical Southwestern Pacific', 'Northern New Zealand']","[0.0, 84.32822218194677, 90.9999530069728, 69.04433657637891, 107.12896898439439]","[np.float64(53.91005599931958), np.float64(24.182706980231675), np.float64(25.22356431196858), np.float64(13.97878153802838), 0.0]",19.5332,414.8865,AUCKLAND
syn_06821,3,Container,34567.0,6,"['GEELONG', 'BRISBANE', 'HAY POINT', 'MACKAY', 'TOWNSVILLE', 'GISBORNE']","['Australia', 'Australia', 'Australia', 'Australia', 'Australia', 'New Zealand']","[-38.096, -27.3765, -21.1629, -21.1059, -19.0942, -38.6751]","[144.3819, 153.1665, 149.3474, 149.2318, 146.9491, 178.0221]","['Southeast Australian Shelf', 'East Central Australian Shelf', 'Northeast Australian Shelf', 'Northeast Australian Shelf', 'Northeast Australian Shelf', 'Northern New Zealand']","[0.0, 61.822565902009345, 35.411948254277846, 18.461156984202066, 12.086824328600313, 103.39678858384515]","[np.float64(50.03198387470604), np.float64(109.74601538934803), 30.403054225958297, 54.71526406584767, 33.12563362007956, 0.0]",21.2167,459.1693,GISBORNE
syn_06822,3,RoRo,19879.0,6,"['BRISBANE', 'NEWCASTLE', 'MELBOURNE', 'GEELONG', 'THEVENARD', 'TAURANGA']","['Australia', 'Australia', 'Australia', 'Australia', 'Australia', 'New Zealand']","[-27.3765, -32.9182, -37.844, -38.096, -32.1493, -37.6444]","[153.1665, 151.7701, 144.905, 144.3819, 133.6409, 176.1819]","['East Central Australian Shelf', 'East Central Australian Shelf', 'Southeast Australian Shelf', 'Southeast Australian Shelf', 'Southwest Australian Shelf', 'Northern New Zealand']","[0.0, 48.230626641942436, 50.352566003721286, 41.23659340779166, 87.53070155147219, 248.7485769360847]","[np.float64(32.58326487884983), np.float64(24.156393705443083), np.float64(51.27718169600428), np.float64(9.387537539328337), 19.331834348194707, 0.0]",25.5348,580.252,TAURANGA
syn_06823,3,Container,12502.0,6,"['NEW PRIOK', 'TOWNSVILLE', 'GEELONG', 'PORTLAND', 'ADELAIDE', 'NAPIER']","['Indonesia', 'Australia', 'Australia', 'Australia', 'Australia', 'New Zealand']","[-6.0976, -19.0942, -38.096, -38.32, -34.8169, -39.4759]","[106.884, 146.9491, 144.3819, 141.7092, 138.2816, 176.9184]","['Java Transitional', 'Northeast Australian Shelf', 'Southeast Australian Shelf', 'Southeast Australian Shelf', 'Southwest Australian Shelf', 'Southern New Zealand']","[0.0, 227.63970329190386, 115.35634301521979, 23.15998286103288, 33.262597402266884, 154.40721917118495]","[40.720810384460634, 12.422455063981197, np.float64(107.67031658226811), 24.43976054501396, np.float64(42.77339791238833), 0.0]",32.5772,741.1318,NAPIER
syn_06824,3,Bulker,34529.0,7,"['ADELAIDE', 'GLADSTONE', 'NAPA NAPA', 'MOTUKEA ISLAND', 'LAE', 'KIMBE', 'PORT CHALMERS']","['Australia', 'Australia', 'Papua New Guinea', 'Papua New Guinea', 'Papua New Guinea', 'Papua New Guinea', 'New Zealand']","[-34.8169, -23.8351, -9.5056, -9.4328, -6.8146, -5.5497, -45.8742]","[138.2816, 151.2712, 147.1542, 147.1035, 146.9681, 150.1486, 170.5221]","['Southwest Australian Shelf', 'Northeast Australian Shelf', 'Eastern Coral Triangle', 'Eastern Coral Triangle', 'Eastern Coral Triangle', 'Eastern Coral Triangle', 'Southern New Zealand']","[0.0, 190.70151836691747, 127.82494105027114, 61.42128680375529, 78.42212541969899, 3.5242899598043405, 415.56869093426496]","[np.float64(103.34109971266112), 84.37144637205463, 14.990200030254666, np.float64(21.202790266197468), np.float64(31.39132048028163), np.float64(12.547924714161223), 0.0]",47.7212,1041.9665,PORT CHALMERS
syn_06825,3,Bulker,37534.0,7,"['NAPA NAPA', 'MOTUKEA ISLAND', 'LAE', 'HONIARA', 'LUGANVILLE', 'VILA', 'TAURANGA']","['Papua New Guinea', 'Papua New Guinea', 'Papua New Guinea', 'Solomon Islands', 'Vanuatu', 'Vanuatu', 'New Zealand']","[-9.5056, -9.4328, -6.8146, -9.4274, -15.515, -17.754, -37.6444]","[147.1542, 147.1035, 146.9681, 159.9603, 167.1867, 168.3044, 176.1819]","['Eastern Coral Triangle', 'Eastern Coral Triangle', 'Eastern Coral Triangle', 'Eastern Coral Triangle', 'Tropical Southwestern Pacific', 'Tropical Southwestern Pacific', 'Northern New Zealand']","[0.0, 43.34223456778537, 115.30492407166219, 111.27020804160433, 97.77978052296876, 56.68787822971205, 171.02773857259697]","[86.33478127276977, np.float64(9.857174823292493), np.float64(33.1221147494208), np.float64(34.99523642418394), np.float64(13.884993825433366), np.float64(13.38213200455081), 0.0]",32.7912,700.6544,TAURANGA
syn_06826,3,Bulker,37743.0,7,"['HEDLAND', 'SURABAYA', 'GRESIK, JAVA', 'SURABAYA', 'HAY POINT', 'MACKAY', 'NEW PLYMOUTH']","['Australia', 'Indonesia', 'Indonesia', 'Indonesia', 'Australia', 'Australia', 'New Zealand']","[-20.0977, -6.8484, -7.1978, -6.8484, -21.1629, -21.1059, -39.0577]","[118.5382, 112.7851, 112.7238, 112.7851, 149.3474, 149.2318, 174.0346]","['Northwest Australian Shelf', 'Sunda Shelf', 'Sunda Shelf', 'Sunda Shelf', 'Northeast Australian Shelf', 'Northeast Australian Shelf', 'Southern New Zealand']","[0.0, 108.08035287536349, 57.032782915682496, 44.86346308908406, 286.6967825660155, 49.569899001348624, 167.87456401231316]","[35.21369466923345, 117.399393170563, 43.541975355420135, 43.686878647349666, 51.67176515492442, 54.88616637615534, 0.0]",44.1882,1025.304,NEW PLYMOUTH
syn_06827,3,Other,4000.0,5,"['BRISBANE', 'LAUTOKA', 'SUVA', 'VILA', 'TAURANGA']","['Australia', 'Fiji', 'Fiji', 'Vanuatu', 'New Zealand']","[-27.3765, -17.6036, -18.1339, -17.754, -37.6444]","[153.1665, 177.4387, 178.4235, 168.3044, 176.1819]","['East Central Australian Shelf', 'Tropical Southwestern Pacific', 'Tropical Southwestern Pacific', 'Tropical Southwestern Pacific', 'Northern New Zealand']","[0.0, 129.97953365329656, 7.410437665123451, 79.37319605614, 96.5478822018952]","[np.float64(50.36195117564621), np.float64(40.36828499063815), np.float64(31.959941228089), np.float64(34.183618354716174), 0.0]",19.591,419.8229,TAURANGA
syn_06828,3,RoRo,17339.0,7,"['GLADSTONE', 'MOTUKEA ISLAND', 'LAE', 'KIMBE', 'RABAUL', 'HONIARA', 'TAURANGA']","['Australia', 'Papua New Guinea', 'Papua New Guinea', 'Papua New Guinea', 'Papua New Guinea', 'Solomon Islands', 'New Zealand']","[-23.8351, -9.4328, -6.8146, -5.5497, -4.2033, -9.4274, -37.6444]","[151.2712, 147.1035, 146.9681, 150.1486, 152.1667, 159.9603, 176.1819]","['Northeast Australian Shelf', 'Eastern Coral Triangle', 'Eastern Coral Triangle', 'Eastern Coral Triangle', 'Eastern Coral Triangle', 'Eastern Coral Triangle', 'Northern New Zealand']","[0.0, 185.59006223157002, 63.745445363028665, 3.916333885071137, 50.431630552775296, 77.15791603377996, 146.47837310499676]","[53.81148416781238, np.float64(65.82303483401026), np.float64(32.02912146291281), np.float64(13.036829855441049), 75.0050335858633, np.float64(15.822905083054975), 0.0]",32.6187,729.0367,TAURANGA
syn_06829,3,General Cargo,37711.0,6,"['FUNAFUTI', 'NANUMANGA', 'NANUMEA', 'NIUTAO', 'FUNAFUTI', 'GISBORNE']","['Tuvalu', 'Tuvalu', 'Tuvalu', 'Tuvalu', 'Tuvalu', 'New Zealand']","[-8.5032, -6.2821, -5.6755, -6.1016, -8.5032, -38.6751]","[179.1946, 176.3086, 176.1033, 177.3293, 179.1946, 178.0221]","['Marshall, Gilbert and Ellis Islands', 'Marshall, Gilbert and Ellis Islands', 'Marshall, Gilbert and Ellis Islands', 'Marshall, Gilbert and Ellis Islands', 'Marshall, Gilbert and Ellis Islands', 'Northern New Zealand']","[0.0, 27.069695209317324, 68.64083375638879, 5.4943888805828, 58.128545422582484, 214.93970449760053]","[33.127495304356266, 34.31803709235942, 17.4285467009752, 31.954448680258018, 7.563936154224968, 0.0]",20.7777,465.5381,GISBORNE
syn_06830,3,General Cargo,9793.0,6,"['BUNBURY', 'THEVENARD', 'BRISBANE', 'KEMBLA', 'MELBOURNE', 'AUCKLAND']","['Australia', 'Australia', 'Australia', 'Australia', 'Australia', 'New Zealand']","[-33.3243, -32.1493, -27.3765, -34.4537, -37.844, -36.8402]","[115.6615, 133.6409, 153.1665, 150.8864, 144.905, 174.7721]","['Southwest Australian Shelf', 'Southwest Australian Shelf', 'East Central Australian Shelf', 'East Central Australian Shelf', 'Southeast Australian Shelf', 'Northern New Zealand']","[0.0, 117.09583301120877, 204.00462206907739, 60.625265584863286, 47.83328486331532, 79.41234108379172]","[23.169489981577467, 36.88896933476713, np.float64(72.5007599767584), np.float64(89.92199587952449), np.float64(36.35627055559285), 0.0]",31.992,744.6393,AUCKLAND
syn_06831,3,Bulker,36833.0,7,"['TOWNSVILLE', 'NAPA NAPA', 'MOTUKEA ISLAND', 'LAE', 'KIMBE', 'RABAUL', 'NEW PLYMOUTH']","['Australia', 'Papua New Guinea', 'Papua New Guinea', 'Papua New Guinea', 'Papua New Guinea', 'Papua New Guinea', 'New Zealand']","[-19.0942, -9.5056, -9.4328, -6.8146, -5.5497, -4.2033, -39.0577]","[146.9491, 147.1542, 147.1035, 146.9681, 150.1486, 152.1667, 174.0346]","['Northeast Australian Shelf', 'Eastern Coral Triangle', 'Eastern Coral Triangle', 'Eastern Coral Triangle', 'Eastern Coral Triangle', 'Eastern Coral Triangle', 'Southern New Zealand']","[0.0, 157.1108568817257, 46.163697761991884, 65.91839515128311, 6.738065806955906, 32.016443623840146, 291.4945351986642]","[30.95767956809338, 114.63678153969087, np.float64(16.582561774697126), np.float64(87.74585093337471), np.float64(10.137636547864897), 126.70616922504603, 0.0]",41.092,955.251,NEW PLYMOUTH
syn_06832,3,Container,22968.0,6,"['TAROONA', 'HOBART', 'ADELAIDE', 'GEELONG', 'TAROONA', 'TAURANGA']","['Australia', 'Australia', 'Australia', 'Australia', 'Australia', 'New Zealand']","[-42.938, -42.8304, -34.8169, -38.096, -42.938, -37.6444]","[147.3863, 147.3195, 138.2816, 144.3819, 147.3863, 176.1819]","['Southeast Australian Shelf', 'Southeast Australian Shelf', 'Southwest Australian Shelf', 'Southeast Australian Shelf', 'Southeast Australian Shelf', 'Northern New Zealand']","[0.0, 72.83747416474526, 76.38258315971234, 51.48281792136512, 43.407121777274575, 120.79614390472356]","[77.2004892361694, 15.884891410597067, np.float64(8.84630771118292), np.float64(53.68894344862654), 14.841018412390262, 0.0]",22.307,458.1673,TAURANGA
syn_06833,3,RoRo,18836.0,6,"['TOWNSVILLE', 'BRISBANE', 'BURNIE', 'GEELONG', 'ADELAIDE', 'NAPIER']","['Australia', 'Australia', 'Australia', 'Australia', 'Australia', 'New Zealand']","[-19.0942, -27.3765, -41.0534, -38.096, -34.8169, -39.4759]","[146.9491, 153.1665, 145.9108, 144.3819, 138.2816, 176.9184]","['Northeast Australian Shelf', 'East Central Australian Shelf', 'Southeast Australian Shelf', 'Southeast Australian Shelf', 'Southwest Australian Shelf', 'Southern New Zealand']","[0.0, 50.960873584553546, 87.06409191330901, 7.367828287323876, 30.084094029748737, 390.9409945762103]","[13.306155440384348, np.float64(81.67923933662702), 45.44513878118954, np.float64(119.21728052925133), np.float64(100.65817463791045), 0.0]",38.6135,913.4177,NAPIER
syn_06834,3,Bulker,39758.0,5,"['BRISBANE', 'LAE', 'MOTUKEA ISLAND', 'GLADSTONE', 'NAPIER']","['Australia', 'Papua New Guinea', 'Papua New Guinea', 'Australia', 'New Zealand']","[-27.3765, -6.8146, -9.4328, -23.8351, -39.4759]","[153.1665, 146.9681, 147.1035, 151.2712, 176.9184]","['East Central Australian Shelf', 'Eastern Coral Triangle', 'Eastern Coral Triangle', 'Northeast Australian Shelf', 'Southern New Zealand']","[0.0, 132.88349193360196, 58.409829905121946, 165.76773929207812, 212.88421656663044]","[np.float64(130.01384522579863), np.float64(94.1036383390625), np.float64(21.937616165145144), 81.0654722699898, 0.0]",37.3777,767.052,NAPIER
syn_06835,3,Tanker,12707.0,7,"['BRISBANE', 'KEMBLA', 'MELBOURNE', 'ADELAIDE', 'MELBOURNE', 'GEELONG', 'LYTTELTON']","['Australia', 'Australia', 'Australia', 'Australia', 'Australia', 'Australia', 'New Zealand']","[-27.3765, -34.4537, -37.844, -34.8169, -37.844, -38.096, -43.606]","[153.1665, 150.8864, 144.905, 138.2816, 144.905, 144.3819, 172.7213]","['East Central Australian Shelf', 'East Central Australian Shelf', 'Southeast Australian Shelf', 'Southwest Australian Shelf', 'Southeast Australian Shelf', 'Southeast Australian Shelf', 'Southern New Zealand']","[0.0, 39.680475061451055, 80.60263106426565, 29.8918681845344, 37.79871601434875, 62.63766209516427, 111.93402840766353]","[np.float64(78.17608928421095), np.float64(68.7625455968041), np.float64(41.62932997934321), np.float64(70.00406156306994), np.float64(42.92953463429171), np.float64(26.590608483812662), 0.0]",28.7766,612.4615,LYTTELTON
syn_06836,3,Bulker,28240.0,7,"['MOTUKEA ISLAND', 'LAE', 'KIMBE', 'RABAUL', 'HONIARA', 'LUGANVILLE', 'AUCKLAND']","['Papua New Guinea', 'Papua New Guinea', 'Papua New Guinea', 'Papua New Guinea', 'Solomon Islands', 'Vanuatu', 'New Zealand']","[-9.4328, -6.8146, -5.5497, -4.2033, -9.4274, -15.515, -36.8402]","[147.1035, 146.9681, 150.1486, 152.1667, 159.9603, 167.1867, 174.7721]","['Eastern Coral Triangle', 'Eastern Coral Triangle', 'Eastern Coral Triangle', 'Eastern Coral Triangle', 'Eastern Coral Triangle', 'Tropical Southwestern Pacific', 'Northern New Zealand']","[0.0, 81.07713235147746, 4.308374552427759, 47.8926261532004, 61.986271702854836, 65.4337794141509, 152.74048535972244]","[np.float64(52.93986765990208), np.float64(83.22666244073181), np.float64(7.366464777462378), 19.313267253803666, np.float64(41.81284244640046), np.float64(84.79394626717202), 0.0]",29.2872,649.9519,AUCKLAND
syn_06837,3,General Cargo,40527.0,7,"['DURBAN', 'FREMANTLE', 'MELBOURNE', 'KEMBLA', 'WHYALLA', 'MELBOURNE', 'GISBORNE']","['South Africa', 'Australia', 'Australia', 'Australia', 'Australia', 'Australia', 'New Zealand']","[-29.8669, -32.051, -37.844, -34.4537, -33.0139, -37.844, -38.6751]","[31.0333, 115.7393, 144.905, 150.8864, 137.5918, 144.905, 178.0221]","['Agulhas', 'Southwest Australian Shelf', 'Southeast Australian Shelf', 'East Central Australian Shelf', 'Southwest Australian Shelf', 'Southeast Australian Shelf', 'Northern New Zealand']","[0.0, 453.302086766372, 151.30641318733583, 88.35524640573799, 56.00848658806583, 27.864454334666892, 83.74364707928736]","[96.08359241052169, 14.250654866357003, np.float64(38.814211180450535), np.float64(98.69908625248647), 11.863397154672944, np.float64(81.6814122268027), 0.0]",50.0822,1105.8891,GISBORNE
syn_06838,3,Bulker,34387.0,5,"['NAPA NAPA', 'MOTUKEA ISLAND', 'LAE', 'HONIARA', 'AUCKLAND']","['Papua New Guinea', 'Papua New Guinea', 'Papua New Guinea', 'Solomon Islands', 'New Zealand']","[-9.5056, -9.4328, -6.8146, -9.4274, -36.8402]","[147.1542, 147.1035, 146.9681, 159.9603, 174.7721]","['Eastern Coral Triangle', 'Eastern Coral Triangle', 'Eastern Coral Triangle', 'Eastern Coral Triangle', 'Northern New Zealand']","[0.0, 69.23521866838513, 136.5583068229042, 63.65355966145401, 195.7360574653996]","[49.301218327593745, np.float64(15.518726111932184), np.float64(46.56393640560632), np.float64(98.83227802691104), 0.0]",28.1416,626.0981,AUCKLAND
syn_06839,3,RoRo,23786.0,7,"['COWES', 'LONG ISLAND POINT', 'PRONY BAY', 'BOTANY', 'BRISBANE', 'NOUMEA', 'NELSON']","['Australia', 'Australia', 'New Caledonia', 'Australia', 'Australia', 'New Caledonia', 'New Zealand']","[-38.4372, -38.2983, -22.3524, -33.9682, -27.3765, -22.2633, -41.2611]","[145.2507, 145.2386, 166.8904, 151.2149, 153.1665, 166.4317, 173.2733]","['Southeast Australian Shelf', 'Southeast Australian Shelf', 'Tropical Southwestern Pacific', 'East Central Australian Shelf', 'East Central Australian Shelf', 'Tropical Southwestern Pacific', 'Southern New Zealand']","[0.0, 42.316744301517495, 107.84903398514383, 121.0604659903643, 25.256039199941597, 63.637735692788, 114.81903309681175]","[11.326850167839714, 48.99313577370745, 19.07014195632538, np.float64(67.35586380947484), np.float64(33.75133833296841), 38.31552873704042, 0.0]",28.9063,682.4251,NELSON
syn_06840,3,Container,13048.0,5,"['LAE', 'KIMBE', 'RABAUL', 'HONIARA', 'TAURANGA']","['Papua New Guinea', 'Papua New Guinea', 'Papua New Guinea', 'Solomon Islands', 'New Zealand']","[-6.8146, -5.5497, -4.2033, -9.4274, -37.6444]","[146.9681, 150.1486, 152.1667, 159.9603, 176.1819]","['Eastern Coral Triangle', 'Eastern Coral Triangle', 'Eastern Coral Triangle', 'Eastern Coral Triangle', 'Northern New Zealand']","[0.0, 6.179840860187983, 23.234702134578562, 41.780405417209394, 176.40445078865983]","[np.float64(18.438492208480568), np.float64(17.749062748424087), 8.032045466306904, np.float64(60.87323989392264), 0.0]",14.6955,334.2537,TAURANGA
syn_06841,3,Container,12502.0,6,"['HEDLAND', 'FREMANTLE', 'BURNIE', 'GLADSTONE', 'MACKAY', 'TAURANGA']","['Australia', 'Australia', 'Australia', 'Australia', 'Australia', 'New Zealand']","[-20.0977, -32.051, -41.0534, -23.8351, -21.1059, -37.6444]","[118.5382, 115.7393, 145.9108, 151.2712, 149.2318, 176.1819]","['Northwest Australian Shelf', 'Southwest Australian Shelf', 'Southeast Australian Shelf', 'Northeast Australian Shelf', 'Northeast Australian Shelf', 'Northern New Zealand']","[0.0, 70.05712928881452, 162.16774837873962, 57.58255356689595, 21.344117841664627, 245.32485162738274]","[45.400684030467296, 8.10878240710911, 16.652554870884956, 30.415289324862727, 28.202711667977287, 0.0]",28.5524,639.8557,TAURANGA
syn_06842,3,General Cargo,33738.0,7,"['NAPA NAPA', 'MOTUKEA ISLAND', 'LAE', 'KIMBE', 'RABAUL', 'HONIARA', 'TAURANGA']","['Papua New Guinea', 'Papua New Guinea', 'Papua New Guinea', 'Papua New Guinea', 'Papua New Guinea', 'Solomon Islands', 'New Zealand']","[-9.5056, -9.4328, -6.8146, -5.5497, -4.2033, -9.4274, -37.6444]","[147.1542, 147.1035, 146.9681, 150.1486, 152.1667, 159.9603, 176.1819]","['Eastern Coral Triangle', 'Eastern Coral Triangle', 'Eastern Coral Triangle', 'Eastern Coral Triangle', 'Eastern Coral Triangle', 'Eastern Coral Triangle', 'Northern New Zealand']","[0.0, 27.304670191540207, 123.71352274346312, 1.9988352925212685, 35.38463879335687, 103.75912617097286, 93.45164401180183]","[26.93537242765702, np.float64(13.884127635197782), np.float64(50.349739461315), np.float64(10.618363433169257), 81.96575986570218, np.float64(12.877519091800323), 0.0]",24.2601,555.3079,TAURANGA
syn_06843,3,Bulker,42446.0,6,"['BRISBANE', 'GEELONG', 'DEVONPORT', 'PORTLAND', 'BLUESCOPE', 'NELSON']","['Australia', 'Australia', 'Australia', 'Australia', 'Australia', 'New Zealand']","[-27.3765, -38.096, -41.1873, -38.32, -38.291, -41.2611]","[153.1665, 144.3819, 146.3638, 141.7092, 145.2292, 173.2733]","['East Central Australian Shelf', 'Southeast Australian Shelf', 'Southeast Australian Shelf', 'Southeast Australian Shelf', 'Southeast Australian Shelf', 'Southern New Zealand']","[0.0, 164.62644896931707, 8.917349130684315, 36.848148118908945, 18.496622741911313, 205.49967492345831]","[np.float64(95.07750597924269), np.float64(66.26708450947528), 54.96658018072062, 66.40122664716587, 123.21865122410935, 0.0]",35.0133,745.2418,NELSON
syn_06844,3,Container,28170.0,7,"['KWINANA', 'FREMANTLE', 'ADELAIDE', 'MELBOURNE', 'KEMBLA', 'BRISBANE', 'AUCKLAND']","['Australia', 'Australia', 'Australia', 'Australia', 'Australia', 'Australia', 'New Zealand']","[-32.0435, -32.051, -34.8169, -37.844, -34.4537, -27.3765, -36.8402]","[115.6652, 115.7393, 138.2816, 144.905, 150.8864, 153.1665, 174.7721]","['Southwest Australian Shelf', 'Southwest Australian Shelf', 'Southwest Australian Shelf', 'Southeast Australian Shelf', 'East Central Australian Shelf', 'East Central Australian Shelf', 'Northern New Zealand']","[0.0, 36.16257641735433, 48.34610904700612, 25.653085247339753, 35.730413603257915, 48.277797883649, 185.62889367476745]","[10.498977591223277, 30.817759870220556, np.float64(35.80613031415387), np.float64(14.095797997030303), np.float64(83.2425390449752), np.float64(11.141450413677536), 0.0]",23.5584,554.9026,AUCKLAND
syn_06845,3,Bulker,37534.0,6,"['NEW PRIOK', 'TOWNSVILLE', 'GEELONG', 'PORTLAND', 'ADELAIDE', 'NAPIER']","['Indonesia', 'Australia', 'Australia', 'Australia', 'Australia', 'New Zealand']","[-6.0976, -19.0942, -38.096, -38.32, -34.8169, -39.4759]","[106.884, 146.9491, 144.3819, 141.7092, 138.2816, 176.9184]","['Java Transitional', 'Northeast Australian Shelf', 'Southeast Australian Shelf', 'Southeast Australian Shelf', 'Southwest Australian Shelf', 'Southern New Zealand']","[0.0, 291.6785727782674, 259.77583876329425, 22.096055068122652, 17.383663482605492, 164.78908879462722]","[116.84309956957287, 111.36706837768384, np.float64(99.71750411210496), 101.60680551236125, np.float64(63.37187377671372), 0.0]",52.0262,1131.7865,NAPIER
syn_06846,3,General Cargo,12502.0,6,"['BRISBANE', 'TAROONA', 'HOBART', 'KEMBLA', 'NEWCASTLE', 'NEW PLYMOUTH']","['Australia', 'Australia', 'Australia', 'Australia', 'Australia', 'New Zealand']","[-27.3765, -42.938, -42.8304, -34.4537, -32.9182, -39.0577]","[153.1665, 147.3863, 147.3195, 150.8864, 151.7701, 174.0346]","['East Central Australian Shelf', 'Southeast Australian Shelf', 'Southeast Australian Shelf', 'East Central Australian Shelf', 'East Central Australian Shelf', 'Southern New Zealand']","[0.0, 79.88914686792114, 40.24532395419471, 96.78259142106616, 5.003603743569665, 116.8855146584826]","[np.float64(39.97758865149391), 14.639495653637628, 31.78065722740554, np.float64(134.93165563257952), np.float64(46.82799219995571), 0.0]",25.2901,566.986,NEW PLYMOUTH
syn_06847,3,Bulker,34491.0,7,"['NAPA NAPA', 'MOTUKEA ISLAND', 'LAE', 'KIMBE', 'RABAUL', 'HONIARA', 'TAURANGA']","['Papua New Guinea', 'Papua New Guinea', 'Papua New Guinea', 'Papua New Guinea', 'Papua New Guinea', 'Solomon Islands', 'New Zealand']","[-9.5056, -9.4328, -6.8146, -5.5497, -4.2033, -9.4274, -37.6444]","[147.1542, 147.1035, 146.9681, 150.1486, 152.1667, 159.9603, 176.1819]","['Eastern Coral Triangle', 'Eastern Coral Triangle', 'Eastern Coral Triangle', 'Eastern Coral Triangle', 'Eastern Coral Triangle', 'Eastern Coral Triangle', 'Northern New Zealand']","[0.0, 43.273911706439826, 68.14876175621636, 8.127338750348446, 34.25574721842572, 61.272786292277445, 179.16893360532316]","[19.312247141169536, np.float64(26.916930633833488), np.float64(130.2596236378124), np.float64(47.738975763720056), 51.09185659106257, np.float64(27.838496584842712), 0.0]",29.0586,678.0934,TAURANGA
syn_06848,3,Bulker,39758.0,5,"['TOWNSVILLE', 'BRISBANE', 'BURNIE', 'MELBOURNE', 'GISBORNE']","['Australia', 'Australia', 'Australia', 'Australia', 'New Zealand']","[-19.0942, -27.3765, -41.0534, -37.844, -38.6751]","[146.9491, 153.1665, 145.9108, 144.905, 178.0221]","['Northeast Australian Shelf', 'East Central Australian Shelf', 'Southeast Australian Shelf', 'Southeast Australian Shelf', 'Northern New Zealand']","[0.0, 121.95970311093738, 88.5191588236615, 16.63544430323098, 154.72651852654715]","[65.96258950036747, np.float64(114.91005302397801), 80.67856519528581, np.float64(38.090820336565834), 0.0]",28.3951,615.5203,GISBORNE
syn_06849,3,Container,17842.0,7,"['NEWCASTLE', 'BRISBANE', 'KEMBLA', 'BOTANY', 'MELBOURNE', 'KWINANA', 'AUCKLAND']","['Australia', 'Australia', 'Australia', 'Australia', 'Australia', 'Australia', 'New Zealand']","[-32.9182, -27.3765, -34.4537, -33.9682, -37.844, -32.0435, -36.8402]","[151.7701, 153.1665, 150.8864, 151.2149, 144.905, 115.6652, 174.7721]","['East Central Australian Shelf', 'East Central Australian Shelf', 'East Central Australian Shelf', 'East Central Australian Shelf', 'Southeast Australian Shelf', 'Southwest Australian Shelf', 'Northern New Zealand']","[0.0, 23.264071706532537, 35.533963269332276, 43.12373650735176, 49.62441532589444, 209.3741611558488, 373.3358649630086]","[np.float64(75.87598085907031), np.float64(27.14013307159834), np.float64(29.43961486814176), np.float64(46.07946579284059), np.float64(16.540299208799915), 41.256792427760075, 0.0]",40.4412,894.7125,AUCKLAND
syn_06850,3,Container,22708.0,7,"['BELL BAY', 'BOTANY', 'BRISBANE', 'NOUMEA', 'SUVA', 'LAUTOKA', 'NELSON']","['Australia', 'Australia', 'Australia', 'New Caledonia', 'Fiji', 'Fiji', 'New Zealand']","[-41.1352, -33.9682, -27.3765, -22.2633, -18.1339, -17.6036, -41.2611]","[146.8752, 151.2149, 153.1665, 166.4317, 178.4235, 177.4387, 173.2733]","['Southeast Australian Shelf', 'East Central Australian Shelf', 'East Central Australian Shelf', 'Tropical Southwestern Pacific', 'Tropical Southwestern Pacific', 'Tropical Southwestern Pacific', 'Southern New Zealand']","[0.0, 26.434165790321284, 42.810200768161415, 78.59871954030397, 40.986794916379345, 8.504378565623142, 82.72307396626643]","[72.28248530544091, np.float64(14.539672190717262), np.float64(19.49603888164377), 23.84255312841586, np.float64(29.59926177987806), np.float64(8.03529092186219), 0.0]",18.6605,375.5702,NELSON
syn_06851,3,Bulker,36861.0,7,"['NEWCASTLE', 'GLADSTONE', 'SOUTH TREES', 'NEWCASTLE', 'BELL BAY', 'BRISBANE', 'NELSON']","['Australia', 'Australia', 'Australia', 'Australia', 'Australia', 'Australia', 'New Zealand']","[-32.9182, -23.8351, -23.8483, -32.9182, -41.1352, -27.3765, -41.2611]","[151.7701, 151.2712, 151.3268, 151.7701, 146.8752, 153.1665, 173.2733]","['East Central Australian Shelf', 'Northeast Australian Shelf', 'Northeast Australian Shelf', 'East Central Australian Shelf', 'Southeast Australian Shelf', 'East Central Australian Shelf', 'Southern New Zealand']","[0.0, 79.2793026214238, 61.04678241252264, 60.986057051160294, 40.38210425281403, 88.63493403768537, 162.40589954080855]","[np.float64(129.17847245623304), 104.83379252484609, 83.45051357020027, np.float64(53.12890924181561), 59.608554934940166, np.float64(44.36700522137562), 0.0]",40.3043,838.1239,NELSON
syn_06852,3,Tanker,3854.0,5,"['FUNAFUTI', 'NANUMANGA', 'NANUMEA', 'NIUTAO', 'NEW PLYMOUTH']","['Tuvalu', 'Tuvalu', 'Tuvalu', 'Tuvalu', 'New Zealand']","[-8.5032, -6.2821, -5.6755, -6.1016, -39.0577]","[179.1946, 176.3086, 176.1033, 177.3293, 174.0346]","['Marshall, Gilbert and Ellis Islands', 'Marshall, Gilbert and Ellis Islands', 'Marshall, Gilbert and Ellis Islands', 'Marshall, Gilbert and Ellis Islands', 'Southern New Zealand']","[0.0, 51.189519250724594, 49.58623115778536, 9.701614703925538, 205.78807450315537]","[85.33726742746988, 19.90035639195297, 77.30903326462423, 56.62853497640689, 0.0]",23.1434,470.1034,NEW PLYMOUTH
syn_06853,3,RoRo,18836.0,7,"['NAPA NAPA', 'MOTUKEA ISLAND', 'TOWNSVILLE', 'BRISBANE', 'MELBOURNE', 'KEMBLA', 'AUCKLAND']","['Papua New Guinea', 'Papua New Guinea', 'Australia', 'Australia', 'Australia', 'Australia', 'New Zealand']","[-9.5056, -9.4328, -19.0942, -27.3765, -37.844, -34.4537, -36.8402]","[147.1542, 147.1035, 146.9491, 153.1665, 144.905, 150.8864, 174.7721]","['Eastern Coral Triangle', 'Eastern Coral Triangle', 'Northeast Australian Shelf', 'East Central Australian Shelf', 'Southeast Australian Shelf', 'East Central Australian Shelf', 'Northern New Zealand']","[0.0, 37.326777835503655, 50.44668456884134, 60.96470457997427, 123.39477283752537, 49.131237412029606, 86.50210526625439]","[30.376215935982405, np.float64(11.42370832253626), 119.11164945070182, np.float64(14.03516320390785), np.float64(25.344810221783273), np.float64(69.48349254006055), 0.0]",28.2309,647.1651,AUCKLAND
syn_06854,3,Container,22968.0,6,"['FREMANTLE', 'ADELAIDE', 'MELBOURNE', 'KEMBLA', 'NEWCASTLE', 'AUCKLAND']","['Australia', 'Australia', 'Australia', 'Australia', 'Australia', 'New Zealand']","[-32.051, -34.8169, -37.844, -34.4537, -32.9182, -36.8402]","[115.7393, 138.2816, 144.905, 150.8864, 151.7701, 174.7721]","['Southwest Australian Shelf', 'Southwest Australian Shelf', 'Southeast Australian Shelf', 'East Central Australian Shelf', 'East Central Australian Shelf', 'Northern New Zealand']","[0.0, 67.43731574263214, 40.16568619346851, 31.124101873750664, 6.081364085631444, 129.70663780105713]","[21.663727544892613, np.float64(29.761204715230672), np.float64(11.399646090938344), np.float64(35.77182698754496), np.float64(74.76838997422811), 0.0]",18.6617,426.2162,AUCKLAND
syn_06855,3,General Cargo,37711.0,6,"['TOWNSVILLE', 'NAPA NAPA', 'MOTUKEA ISLAND', 'LAE', 'HONIARA', 'AUCKLAND']","['Australia', 'Papua New Guinea', 'Papua New Guinea', 'Papua New Guinea', 'Solomon Islands', 'New Zealand']","[-19.0942, -9.5056, -9.4328, -6.8146, -9.4274, -36.8402]","[146.9491, 147.1542, 147.1035, 146.9681, 159.9603, 174.7721]","['Northeast Australian Shelf', 'Eastern Coral Triangle', 'Eastern Coral Triangle', 'Eastern Coral Triangle', 'Eastern Coral Triangle', 'Northern New Zealand']","[0.0, 58.31462100405405, 43.79761085539041, 88.53837765409051, 45.266250849222544, 176.0109907879757]","[89.22845986988112, 24.41927787591832, np.float64(11.867352538205779), np.float64(68.49302238079233), np.float64(38.36020039073089), 0.0]",26.8457,555.0677,AUCKLAND
syn_06856,3,Container,12502.0,7,"['CAIRNS', 'GLADSTONE', 'FISHERMANS LANDING', 'HAY POINT', 'MACKAY', 'TOWNSVILLE', 'GISBORNE']","['Australia', 'Australia', 'Australia', 'Australia', 'Australia', 'Australia', 'New Zealand']","[-16.8017, -23.8351, -23.7873, -21.1629, -21.1059, -19.0942, -38.6751]","[145.8833, 151.2712, 151.1761, 149.3474, 149.2318, 146.9491, 178.0221]","['Northeast Australian Shelf', 'Northeast Australian Shelf', 'Northeast Australian Shelf', 'Northeast Australian Shelf', 'Northeast Australian Shelf', 'Northeast Australian Shelf', 'Northern New Zealand']","[0.0, 87.56222776366683, 26.003480798751827, 14.411228580403744, 43.97053595327114, 13.655983618354446, 184.83508098672843]","[36.248867277271934, 10.847923295998735, 6.1706516254121055, 116.36172731484668, 21.081516519547357, 112.77677620492057, 0.0]",28.0802,637.6771,GISBORNE
syn_06857,3,Bulker,28240.0,7,"['LAE', 'KIMBE', 'RABAUL', 'HONIARA', 'BRISBANE', 'NAPA NAPA', 'WELLINGTON']","['Papua New Guinea', 'Papua New Guinea', 'Papua New Guinea', 'Solomon Islands', 'Australia', 'Papua New Guinea', 'New Zealand']","[-6.8146, -5.5497, -4.2033, -9.4274, -27.3765, -9.5056, -41.2746]","[146.9681, 150.1486, 152.1667, 159.9603, 153.1665, 147.1542, 174.7887]","['Eastern Coral Triangle', 'Eastern Coral Triangle', 'Eastern Coral Triangle', 'Eastern Coral Triangle', 'East Central Australian Shelf', 'Eastern Coral Triangle', 'Southern New Zealand']","[0.0, 6.2514216400476, 43.38378789173059, 64.658098522493, 241.33147471905878, 138.69113848398425, 224.05146684853472]","[np.float64(83.30010838768081), np.float64(6.002470320401462), 66.03045070415702, np.float64(35.46975987576985), np.float64(89.3719307014461), 112.89912482409969, 0.0]",46.3101,1028.1411,WELLINGTON
syn_06858,3,Bulker,40481.0,6,"['BRISBANE', 'NAPA NAPA', 'MOTUKEA ISLAND', 'LAE', 'KIMBE', 'TAURANGA']","['Australia', 'Papua New Guinea', 'Papua New Guinea', 'Papua New Guinea', 'Papua New Guinea', 'New Zealand']","[-27.3765, -9.5056, -9.4328, -6.8146, -5.5497, -37.6444]","[153.1665, 147.1542, 147.1035, 146.9681, 150.1486, 176.1819]","['East Central Australian Shelf', 'Eastern Coral Triangle', 'Eastern Coral Triangle', 'Eastern Coral Triangle', 'Eastern Coral Triangle', 'Northern New Zealand']","[0.0, 280.6406431162413, 58.90962772363033, 71.22765251653078, 4.455106289067666, 222.65152649832442]","[np.float64(28.74239140445183), 87.25267183672955, np.float64(15.197237876928137), np.float64(108.10284697091842), np.float64(23.954914521224676), 0.0]",37.5473,872.3922,TAURANGA
syn_06859,3,Bulker,33963.0,6,"['VIT_RIA', 'PARANAGU_', 'PARANAGUA', 'IMBITUBA', 'PUNTA ARENAS', 'TAURANGA']","['Brazil', 'Brazil', 'Brazil', 'Brazil', 'Chile', 'New Zealand']","[-20.3247, -25.4891, -25.7154, -28.1921, -53.1954, -37.6444]","[-40.3331, -48.4598, -48.2778, -48.605, -70.9036, 176.1819]","['Tropical Southwestern Atlantic', 'Warm Temperate Southwestern Atlantic', 'Warm Temperate Southwestern Atlantic', 'Warm Temperate Southwestern Atlantic', 'Magellanic', 'Northern New Zealand']","[0.0, 78.9354386026793, 53.81028669876052, 42.51596767442928, 194.33055292088164, 457.40090899195815]","[47.62944068803068, 25.000366112350946, 71.52996039551243, 37.22956004921567, 61.61760987248008, 0.0]",44.5833,1022.3707,TAURANGA
syn_06860,3,Bulker,57195.0,6,"['KWINANA', 'FREMANTLE', 'ADELAIDE', 'MELBOURNE', 'BOTANY', 'NELSON']","['Australia', 'Australia', 'Australia', 'Australia', 'Australia', 'New Zealand']","[-32.0435, -32.051, -34.8169, -37.844, -33.9682, -41.2611]","[115.6652, 115.7393, 138.2816, 144.905, 151.2149, 173.2733]","['Southwest Australian Shelf', 'Southwest Australian Shelf', 'Southwest Australian Shelf', 'Southeast Australian Shelf', 'East Central Australian Shelf', 'Southern New Zealand']","[0.0, 47.78066436641795, 129.18349036775783, 63.44881973978148, 52.243506242502434, 195.68905739316108]","[20.677387863236685, 76.44402059886076, np.float64(34.541268731669696), np.float64(94.66378221673317), np.float64(10.975838943093814), 0.0]",30.2353,704.9704,NELSON
syn_06861,3,General Cargo,63340.0,5,"['NAPA NAPA', 'MOTUKEA ISLAND', 'LAE', 'HONIARA', 'AUCKLAND']","['Papua New Guinea', 'Papua New Guinea', 'Papua New Guinea', 'Solomon Islands', 'New Zealand']","[-9.5056, -9.4328, -6.8146, -9.4274, -36.8402]","[147.1542, 147.1035, 146.9681, 159.9603, 174.7721]","['Eastern Coral Triangle', 'Eastern Coral Triangle', 'Eastern Coral Triangle', 'Eastern Coral Triangle', 'Northern New Zealand']","[0.0, 35.052165797020905, 70.64222726453025, 60.72877813279946, 199.51663140585813]","[12.961376105749746, np.float64(8.819539425034797), np.float64(128.65110433168272), np.float64(23.03668880361972), 0.0]",22.4754,526.4471,AUCKLAND
syn_06862,3,Container,12502.0,7,"['HAY POINT', 'MACKAY', 'MELBOURNE', 'NEWCASTLE', 'LAE', 'LAUTOKA', 'NEW PLYMOUTH']","['Australia', 'Australia', 'Australia', 'Australia', 'Papua New Guinea', 'Fiji', 'New Zealand']","[-21.1629, -21.1059, -37.844, -32.9182, -6.8146, -17.6036, -39.0577]","[149.3474, 149.2318, 144.905, 151.7701, 146.9681, 177.4387, 174.0346]","['Northeast Australian Shelf', 'Northeast Australian Shelf', 'Southeast Australian Shelf', 'East Central Australian Shelf', 'Eastern Coral Triangle', 'Tropical Southwestern Pacific', 'Southern New Zealand']","[0.0, 28.4664693082971, 98.17120029254697, 83.31276117678358, 114.1809961268851, 140.5395133844307, 86.9166488448096]","[20.66889459635584, 15.88905896758005, np.float64(31.116609335361492), np.float64(91.8754034882654), np.float64(12.16061169458502), np.float64(16.825667650482153), 0.0]",30.8385,719.4549,NEW PLYMOUTH
syn_06863,3,Bulker,37743.0,7,"['BRISBANE', 'KEMBLA', 'BOTANY', 'MELBOURNE', 'ADELAIDE', 'SUVA', 'GISBORNE']","['Australia', 'Australia', 'Australia', 'Australia', 'Australia', 'Fiji', 'New Zealand']","[-27.3765, -34.4537, -33.9682, -37.844, -34.8169, -18.1339, -38.6751]","[153.1665, 150.8864, 151.2149, 144.905, 138.2816, 178.4235, 178.0221]","['East Central Australian Shelf', 'East Central Australian Shelf', 'East Central Australian Shelf', 'Southeast Australian Shelf', 'Southwest Australian Shelf', 'Tropical Southwestern Pacific', 'Northern New Zealand']","[0.0, 54.75651345178432, 40.51031789468405, 86.92972283418707, 64.39435401292965, 318.2317323754211, 120.13758098282155]","[np.float64(131.21543107670178), np.float64(113.88003322549143), np.float64(67.13709261126277), np.float64(87.53571788837664), np.float64(70.51211158829183), np.float64(86.01432659803491), 0.0]",51.719,1110.0395,GISBORNE
syn_06864,3,Container,12502.0,6,"['FREMANTLE', 'ADELAIDE', 'MELBOURNE', 'KEMBLA', 'BRISBANE', 'AUCKLAND']","['Australia', 'Australia', 'Australia', 'Australia', 'Australia', 'New Zealand']","[-32.051, -34.8169, -37.844, -34.4537, -27.3765, -36.8402]","[115.7393, 138.2816, 144.905, 150.8864, 153.1665, 174.7721]","['Southwest Australian Shelf', 'Southwest Australian Shelf', 'Southeast Australian Shelf', 'East Central Australian Shelf', 'East Central Australian Shelf', 'Northern New Zealand']","[0.0, 110.07620962096907, 38.767795811935486, 49.402397334205105, 38.6479311573943, 193.0447980181357]","[23.40036352948388, np.float64(28.514822552370635), np.float64(10.385496315407533), np.float64(23.8878243147365), np.float64(29.944377729926828), 0.0]",22.753,522.6717,AUCKLAND
syn_06865,3,General Cargo,40297.0,5,"['GEELONG', 'ADELAIDE', 'LINCOLN', 'ARDROSSAN', 'NEW PLYMOUTH']","['Australia', 'Australia', 'Australia', 'Australia', 'New Zealand']","[-38.096, -34.8169, -34.7176, -34.4394, -39.0577]","[144.3819, 138.2816, 135.8701, 137.9262, 174.0346]","['Southeast Australian Shelf', 'Southwest Australian Shelf', 'Southwest Australian Shelf', 'Southwest Australian Shelf', 'Southern New Zealand']","[0.0, 32.50321952722412, 4.831968912642349, 13.449464661974204, 210.5540963146195]","[np.float64(62.95327683824679), np.float64(39.63310743901959), 36.7846233997794, 96.19100288984612, 0.0]",20.7042,433.9475,NEW PLYMOUTH
syn_06866,3,Bulker,40481.0,6,"['NAPA NAPA', 'MOTUKEA ISLAND', 'LAE', 'HONIARA', 'BRISBANE', 'TAURANGA']","['Papua New Guinea', 'Papua New Guinea', 'Papua New Guinea', 'Solomon Islands', 'Australia', 'New Zealand']","[-9.5056, -9.4328, -6.8146, -9.4274, -27.3765, -37.6444]","[147.1542, 147.1035, 146.9681, 159.9603, 153.1665, 176.1819]","['Eastern Coral Triangle', 'Eastern Coral Triangle', 'Eastern Coral Triangle', 'Eastern Coral Triangle', 'East Central Australian Shelf', 'Northern New Zealand']","[0.0, 87.83661625130301, 90.88218842188721, 81.29321792640232, 209.9539025302748, 151.42921749173496]","[16.775127121229975, np.float64(61.131065153249466), np.float64(114.29558389002115), np.float64(10.915274640290002), np.float64(80.2744234208083), 0.0]",37.6994,888.0115,TAURANGA
syn_06867,3,Bulker,42446.0,7,"['VAVOUTO', 'NEWCASTLE', 'PRONY BAY', 'NEWCASTLE', 'VAVOUTO', 'NOUMEA', 'AUCKLAND']","['New Caledonia', 'Australia', 'New Caledonia', 'Australia', 'New Caledonia', 'New Caledonia', 'New Zealand']","[-21.0033, -32.9182, -22.3524, -32.9182, -21.0033, -22.2633, -36.8402]","[164.6667, 151.7701, 166.8904, 151.7701, 164.6667, 166.4317, 174.7721]","['Tropical Southwestern Pacific', 'East Central Australian Shelf', 'Tropical Southwestern Pacific', 'East Central Australian Shelf', 'Tropical Southwestern Pacific', 'Tropical Southwestern Pacific', 'Northern New Zealand']","[0.0, 98.50725813955621, 213.76541906749623, 153.97949953093078, 129.43026063182057, 24.67565717100822, 146.52537500178698]","[37.95056056272295, np.float64(85.62461946033488), 29.060806411634516, np.float64(127.36351957061731), 90.54050371787228, 31.31620504327455, 0.0]",48.6975,1130.7891,AUCKLAND
syn_06868,3,Container,12502.0,5,"['NAPA NAPA', 'MOTUKEA ISLAND', 'LAE', 'HONIARA', 'AUCKLAND']","['Papua New Guinea', 'Papua New Guinea', 'Papua New Guinea', 'Solomon Islands', 'New Zealand']","[-9.5056, -9.4328, -6.8146, -9.4274, -36.8402]","[147.1542, 147.1035, 146.9681, 159.9603, 174.7721]","['Eastern Coral Triangle', 'Eastern Coral Triangle', 'Eastern Coral Triangle', 'Eastern Coral Triangle', 'Northern New Zealand']","[0.0, 17.864509954840987, 63.25030916408168, 70.9105143965183, 143.55168747403522]","[64.45290007937577, np.float64(9.697001034604831), np.float64(12.861385664526036), np.float64(53.65907034332998), 0.0]",18.177,371.7945,AUCKLAND
syn_06869,3,Bulker,38852.0,5,"['BRISBANE', 'MELBOURNE', 'KEMBLA', 'WHYALLA', 'AUCKLAND']","['Australia', 'Australia', 'Australia', 'Australia', 'New Zealand']","[-27.3765, -37.844, -34.4537, -33.0139, -36.8402]","[153.1665, 144.905, 150.8864, 137.5918, 174.7721]","['East Central Australian Shelf', 'Southeast Australian Shelf', 'East Central Australian Shelf', 'Southwest Australian Shelf', 'Northern New Zealand']","[0.0, 133.43474215171912, 57.659647719630684, 100.13737653982093, 378.8614665759378]","[np.float64(51.17789528384596), np.float64(50.820274737294994), np.float64(110.10573617136153), 60.74669078679144, 0.0]",39.2893,891.7659,AUCKLAND
syn_06870,3,Container,12502.0,7,"['FREMANTLE', 'ADELAIDE', 'MELBOURNE', 'KEMBLA', 'WHYALLA', 'GEELONG', 'AUCKLAND']","['Australia', 'Australia', 'Australia', 'Australia', 'Australia', 'Australia', 'New Zealand']","[-32.051, -34.8169, -37.844, -34.4537, -33.0139, -38.096, -36.8402]","[115.7393, 138.2816, 144.905, 150.8864, 137.5918, 144.3819, 174.7721]","['Southwest Australian Shelf', 'Southwest Australian Shelf', 'Southeast Australian Shelf', 'East Central Australian Shelf', 'Southwest Australian Shelf', 'Southeast Australian Shelf', 'Northern New Zealand']","[0.0, 90.33144145392312, 44.862827729567606, 30.623486532408762, 78.45225437800339, 26.066291495035838, 67.56864332037864]","[64.05322213246777, np.float64(52.306620241563635), np.float64(33.84212322872823), np.float64(9.661207085410654), 28.890522253199737, np.float64(14.459768174846548), 0.0]",22.5466,477.0652,AUCKLAND
syn_06871,3,Bulker,39721.0,7,"['EST', 'KWINANA', 'FREMANTLE', 'ADELAIDE', 'MELBOURNE', 'KEMBLA', 'AUCKLAND']","['RÃ\x83Â©union', 'Australia', 'Australia', 'Australia', 'Australia', 'Australia', 'New Zealand']","[-20.9327, -32.0435, -32.051, -34.8169, -37.844, -34.4537, -36.8402]","[55.3178, 115.6652, 115.7393, 138.2816, 144.905, 150.8864, 174.7721]","['Western Indian Ocean', 'Southwest Australian Shelf', 'Southwest Australian Shelf', 'Southwest Australian Shelf', 'Southeast Australian Shelf', 'East Central Australian Shelf', 'Northern New Zealand']","[0.0, 288.0035619461241, 52.0573184011899, 204.11150017884898, 42.78488620131321, 105.21932463521742, 115.28703500419228]","[53.84436323389079, 40.93970256211985, 31.87180538321797, np.float64(87.41398334902013), np.float64(33.25214470513212), np.float64(35.04688811668268), 0.0]",45.4097,1035.9882,AUCKLAND
syn_06872,3,Container,12502.0,6,"['NOUMEA', 'LAUTOKA', 'SUVA', 'VILA', 'LUGANVILLE', 'AUCKLAND']","['New Caledonia', 'Fiji', 'Fiji', 'Vanuatu', 'Vanuatu', 'New Zealand']","[-22.2633, -17.6036, -18.1339, -17.754, -15.515, -36.8402]","[166.4317, 177.4387, 178.4235, 168.3044, 167.1867, 174.7721]","['Tropical Southwestern Pacific', 'Tropical Southwestern Pacific', 'Tropical Southwestern Pacific', 'Tropical Southwestern Pacific', 'Tropical Southwestern Pacific', 'Northern New Zealand']","[0.0, 55.23508007889376, 9.32732152652621, 41.14994930943466, 21.574448141552416, 121.38245629455366]","[47.36145161145008, np.float64(60.57046243410456), np.float64(12.74842749118578), np.float64(14.438360892993188), np.float64(42.055571277672605), 0.0]",17.7435,378.4821,AUCKLAND
syn_06873,3,Container,17842.0,5,"['ELIZABETH', 'DURBAN', 'FREMANTLE', 'MELBOURNE', 'AUCKLAND']","['South Africa', 'South Africa', 'Australia', 'Australia', 'New Zealand']","[-33.9598, -29.8669, -32.051, -37.844, -36.8402]","[25.6321, 31.0333, 115.7393, 144.905, 174.7721]","['Agulhas', 'Agulhas', 'Southwest Australian Shelf', 'Southeast Australian Shelf', 'Northern New Zealand']","[0.0, 41.00892635998983, 316.46961327811897, 79.09208028036784, 165.74937876660698]","[26.86420797208629, 15.81025604301501, 17.857569061408423, np.float64(68.2916780173232), 0.0]",30.4643,704.2795,AUCKLAND
syn_06874,3,Container,18409.0,5,"['NOUMEA', 'SUVA', 'LAUTOKA', 'LUGANVILLE', 'AUCKLAND']","['New Caledonia', 'Fiji', 'Fiji', 'Vanuatu', 'New Zealand']","[-22.2633, -18.1339, -17.6036, -15.515, -36.8402]","[166.4317, 178.4235, 177.4387, 167.1867, 174.7721]","['Tropical Southwestern Pacific', 'Tropical Southwestern Pacific', 'Tropical Southwestern Pacific', 'Tropical Southwestern Pacific', 'Northern New Zealand']","[0.0, 31.54689170537105, 7.041821225044128, 60.309797889857634, 211.41148116551457]","[28.55399949710719, np.float64(31.388488931053264), np.float64(22.2033926194975), np.float64(8.696908482520437), 0.0]",16.7147,372.5988,AUCKLAND
syn_06875,3,Bulker,37806.0,7,"['BRISBANE', 'NEWCASTLE', 'BOTANY', 'MELBOURNE', 'ADELAIDE', 'LAE', 'NEW PLYMOUTH']","['Australia', 'Australia', 'Australia', 'Australia', 'Australia', 'Papua New Guinea', 'New Zealand']","[-27.3765, -32.9182, -33.9682, -37.844, -34.8169, -6.8146, -39.0577]","[153.1665, 151.7701, 151.2149, 144.905, 138.2816, 146.9681, 174.0346]","['East Central Australian Shelf', 'East Central Australian Shelf', 'East Central Australian Shelf', 'Southeast Australian Shelf', 'Southwest Australian Shelf', 'Eastern Coral Triangle', 'Southern New Zealand']","[0.0, 41.441146061878094, 12.333059152298006, 101.1628042346862, 49.7074538867772, 425.9719483799274, 350.4420477120359]","[np.float64(39.204844493073), np.float64(85.07716731966572), np.float64(36.627916427201), np.float64(78.29866654169359), np.float64(50.51738950905008), np.float64(22.275193626897217), 0.0]",53.8775,1253.8548,NEW PLYMOUTH
syn_06876,3,Bulker,37655.0,7,"['NAPA NAPA', 'MOTUKEA ISLAND', 'LAE', 'KIMBE', 'RABAUL', 'HONIARA', 'TAURANGA']","['Papua New Guinea', 'Papua New Guinea', 'Papua New Guinea', 'Papua New Guinea', 'Papua New Guinea', 'Solomon Islands', 'New Zealand']","[-9.5056, -9.4328, -6.8146, -5.5497, -4.2033, -9.4274, -37.6444]","[147.1542, 147.1035, 146.9681, 150.1486, 152.1667, 159.9603, 176.1819]","['Eastern Coral Triangle', 'Eastern Coral Triangle', 'Eastern Coral Triangle', 'Eastern Coral Triangle', 'Eastern Coral Triangle', 'Eastern Coral Triangle', 'Northern New Zealand']","[0.0, 66.58313783338818, 87.30593076922091, 5.780275394938905, 32.92756678005297, 66.0339685186491, 212.91170959570272]","[108.87546207927839, np.float64(53.283180634883735), np.float64(109.41677654924125), np.float64(17.59075150787508), 91.1073272120944, np.float64(81.03729074690357), 0.0]",38.8689,823.9779,TAURANGA
syn_06877,3,General Cargo,37711.0,6,"['RABAUL', 'KIMBE', 'LAE', 'HONIARA', 'LUGANVILLE', 'AUCKLAND']","['Papua New Guinea', 'Papua New Guinea', 'Papua New Guinea', 'Solomon Islands', 'Vanuatu', 'New Zealand']","[-4.2033, -5.5497, -6.8146, -9.4274, -15.515, -36.8402]","[152.1667, 150.1486, 146.9681, 159.9603, 167.1867, 174.7721]","['Eastern Coral Triangle', 'Eastern Coral Triangle', 'Eastern Coral Triangle', 'Eastern Coral Triangle', 'Tropical Southwestern Pacific', 'Northern New Zealand']","[0.0, 37.66031054642005, 6.705507693909076, 38.31589674372597, 38.7050022803208, 192.89901912025766]","[70.67712024478747, np.float64(8.377621191422257), np.float64(49.449237982275854), np.float64(19.28340608196486), np.float64(12.108090842212404), 0.0]",19.7576,403.5041,AUCKLAND
syn_06878,3,General Cargo,40297.0,7,"['BRISBANE', 'NEWCASTLE', 'GEELONG', 'ADELAIDE', 'LINCOLN', 'ARDROSSAN', 'AUCKLAND']","['Australia', 'Australia', 'Australia', 'Australia', 'Australia', 'Australia', 'New Zealand']","[-27.3765, -32.9182, -38.096, -34.8169, -34.7176, -34.4394, -36.8402]","[153.1665, 151.7701, 144.3819, 138.2816, 135.8701, 137.9262, 174.7721]","['East Central Australian Shelf', 'East Central Australian Shelf', 'Southeast Australian Shelf', 'Southwest Australian Shelf', 'Southwest Australian Shelf', 'Southwest Australian Shelf', 'Northern New Zealand']","[0.0, 28.13405936275002, 100.43037609107074, 27.073481543226137, 5.585679589289719, 6.879716160758491, 159.16188413453463]","[np.float64(47.99943029044177), np.float64(82.05674266067824), np.float64(30.06585376007815), np.float64(86.36125747429757), 23.141301362866006, 8.623083212324225, 0.0]",25.2297,557.5134,AUCKLAND
syn_06879,3,Container,5923.0,6,"['NADI BAY', 'LONG ISLAND POINT', 'BRISBANE', 'VUDA', 'PRONY BAY', 'AUCKLAND']","['Fiji', 'Australia', 'Australia', 'Fiji', 'New Caledonia', 'New Zealand']","[-17.7162, -38.2983, -27.3765, -17.6861, -22.3524, -36.8402]","[177.371, 145.2386, 153.1665, 177.3849, 166.8904, 174.7721]","['Tropical Southwestern Pacific', 'Southeast Australian Shelf', 'East Central Australian Shelf', 'Tropical Southwestern Pacific', 'Tropical Southwestern Pacific', 'Northern New Zealand']","[0.0, 151.3761138616232, 125.71356702688334, 94.45963092342019, 59.051113426305704, 123.97888856373554]","[29.53727301242027, 23.731453635287398, np.float64(22.028710706405217), 22.09076923805776, 29.938987776133263, 0.0]",28.4128,652.3692,AUCKLAND
syn_06880,3,Bulker,37705.0,6,"['NEWCASTLE', 'BELL BAY', 'MELBOURNE', 'GEELONG', 'BURNIE', 'NELSON']","['Australia', 'Australia', 'Australia', 'Australia', 'Australia', 'New Zealand']","[-32.9182, -41.1352, -37.844, -38.096, -41.0534, -41.2611]","[151.7701, 146.8752, 144.905, 144.3819, 145.9108, 173.2733]","['East Central Australian Shelf', 'Southeast Australian Shelf', 'Southeast Australian Shelf', 'Southeast Australian Shelf', 'Southeast Australian Shelf', 'Southern New Zealand']","[0.0, 42.94514087365002, 9.44687605691555, 46.068556591141835, 13.132099105433033, 100.16248930294635]","[np.float64(94.85438456974146), 118.94690086693373, np.float64(33.5043118274075), np.float64(73.35359142738602), 77.49490104830217, 0.0]",25.4129,515.0549,NELSON
syn_06881,3,Bulker,33963.0,7,"['NEW PRIOK', 'KWINANA', 'FREMANTLE', 'ADELAIDE', 'MELBOURNE', 'BOTANY', 'NELSON']","['Indonesia', 'Australia', 'Australia', 'Australia', 'Australia', 'Australia', 'New Zealand']","[-6.0976, -32.0435, -32.051, -34.8169, -37.844, -33.9682, -41.2611]","[106.884, 115.6652, 115.7393, 138.2816, 144.905, 151.2149, 173.2733]","['Java Transitional', 'Southwest Australian Shelf', 'Southwest Australian Shelf', 'Southwest Australian Shelf', 'Southeast Australian Shelf', 'East Central Australian Shelf', 'Southern New Zealand']","[0.0, 278.94994539415416, 77.93758498064842, 151.7689413112714, 32.387900261357636, 93.293373265732, 100.23535934760322]","[80.8795760616749, 19.512163692153038, 69.33869668506959, np.float64(105.07294403516775), np.float64(135.8494520767894), np.float64(10.834334533679282), 0.0]",48.1692,1075.1807,NELSON
syn_06882,3,General Cargo,2159.0,6,"['NOUMEA', 'LAUTOKA', 'SUVA', 'VILA', 'LUGANVILLE', 'AUCKLAND']","['New Caledonia', 'Fiji', 'Fiji', 'Vanuatu', 'Vanuatu', 'New Zealand']","[-22.2633, -17.6036, -18.1339, -17.754, -15.515, -36.8402]","[166.4317, 177.4387, 178.4235, 168.3044, 167.1867, 174.7721]","['Tropical Southwestern Pacific', 'Tropical Southwestern Pacific', 'Tropical Southwestern Pacific', 'Tropical Southwestern Pacific', 'Tropical Southwestern Pacific', 'Northern New Zealand']","[0.0, 79.53469934920544, 6.636763869152838, 100.22057334379994, 25.872728317879965, 235.14416409423373]","[75.5746397011359, np.float64(14.106722281709414), np.float64(21.890239905799106), np.float64(29.80092025185873), np.float64(64.49097276604458), 0.0]",27.2197,577.6978,AUCKLAND
syn_06883,3,Bulker,40481.0,7,"['NAPA NAPA', 'MOTUKEA ISLAND', 'LAE', 'BRISBANE', 'BOTANY', 'MELBOURNE', 'AUCKLAND']","['Papua New Guinea', 'Papua New Guinea', 'Papua New Guinea', 'Australia', 'Australia', 'Australia', 'New Zealand']","[-9.5056, -9.4328, -6.8146, -27.3765, -33.9682, -37.844, -36.8402]","[147.1542, 147.1035, 146.9681, 153.1665, 151.2149, 144.905, 174.7721]","['Eastern Coral Triangle', 'Eastern Coral Triangle', 'Eastern Coral Triangle', 'East Central Australian Shelf', 'East Central Australian Shelf', 'Southeast Australian Shelf', 'Northern New Zealand']","[0.0, 48.861377084910394, 92.85508818799126, 214.00721152461117, 54.347485526284004, 113.58180963599237, 170.60920354350958]","[71.37164547271406, np.float64(95.11386531549866), np.float64(92.02376994495546), np.float64(16.922825902759453), np.float64(49.31513691838095), np.float64(45.964452046243565), 0.0]",44.3739,993.6022,AUCKLAND
syn_06884,3,Container,22968.0,7,"['LAE', 'KIMBE', 'RABAUL', 'HONIARA', 'LUGANVILLE', 'VILA', 'AUCKLAND']","['Papua New Guinea', 'Papua New Guinea', 'Papua New Guinea', 'Solomon Islands', 'Vanuatu', 'Vanuatu', 'New Zealand']","[-6.8146, -5.5497, -4.2033, -9.4274, -15.515, -17.754, -36.8402]","[146.9681, 150.1486, 152.1667, 159.9603, 167.1867, 168.3044, 174.7721]","['Eastern Coral Triangle', 'Eastern Coral Triangle', 'Eastern Coral Triangle', 'Eastern Coral Triangle', 'Tropical Southwestern Pacific', 'Tropical Southwestern Pacific', 'Northern New Zealand']","[0.0, 6.179840860187983, 14.90599543598663, 40.30771926629861, 51.81086587646456, 25.634449168619508, 83.26624147369161]","[np.float64(19.04639838194947), np.float64(8.318823606730918), 8.854462052416046, np.float64(29.533113289700353), np.float64(11.02457085846205), np.float64(11.946429735063479), 0.0]",12.9512,291.7825,AUCKLAND
syn_06885,3,Bulker,37657.0,7,"['CAIRNS', 'MACKAY', 'BRISBANE', 'NEWCASTLE', 'BOTANY', 'MELBOURNE', 'AUCKLAND']","['Australia', 'Australia', 'Australia', 'Australia', 'Australia', 'Australia', 'New Zealand']","[-16.8017, -21.1059, -27.3765, -32.9182, -33.9682, -37.844, -36.8402]","[145.8833, 149.2318, 153.1665, 151.7701, 151.2149, 144.905, 174.7721]","['Northeast Australian Shelf', 'Northeast Australian Shelf', 'East Central Australian Shelf', 'East Central Australian Shelf', 'East Central Australian Shelf', 'Southeast Australian Shelf', 'Northern New Zealand']","[0.0, 74.00374371293334, 50.62131006926468, 37.13756408318247, 8.3427172417898, 51.183560168430034, 175.11098722207322]","[77.73460045495426, 56.358119090159875, np.float64(45.104074779612816), np.float64(112.47336499705092), np.float64(12.35341954624285), np.float64(51.85574597330281), 0.0]",31.345,674.5446,AUCKLAND
syn_06886,3,Container,12502.0,7,"['FUNAFUTI', 'NANUMANGA', 'NANUMEA', 'NIUTAO', 'FUNAFUTI', 'SUVA', 'AUCKLAND']","['Tuvalu', 'Tuvalu', 'Tuvalu', 'Tuvalu', 'Tuvalu', 'Fiji', 'New Zealand']","[-8.5032, -6.2821, -5.6755, -6.1016, -8.5032, -18.1339, -36.8402]","[179.1946, 176.3086, 176.1033, 177.3293, 179.1946, 178.4235, 174.7721]","['Marshall, Gilbert and Ellis Islands', 'Marshall, Gilbert and Ellis Islands', 'Marshall, Gilbert and Ellis Islands', 'Marshall, Gilbert and Ellis Islands', 'Marshall, Gilbert and Ellis Islands', 'Tropical Southwestern Pacific', 'Northern New Zealand']","[0.0, 42.257820774922465, 57.82499926479474, 9.142659898680426, 41.91313014404398, 49.09390097414361, 78.49807759740314]","[19.062695513215914, 24.422399195942237, 38.75947741416556, 90.38656165355776, 27.378988148256926, np.float64(32.196433563430766), 0.0]",21.289,491.8744,AUCKLAND
syn_06887,3,Container,12502.0,6,"['TOWNSVILLE', 'NAPA NAPA', 'MOTUKEA ISLAND', 'LAE', 'HONIARA', 'AUCKLAND']","['Australia', 'Papua New Guinea', 'Papua New Guinea', 'Papua New Guinea', 'Solomon Islands', 'New Zealand']","[-19.0942, -9.5056, -9.4328, -6.8146, -9.4274, -36.8402]","[146.9491, 147.1542, 147.1035, 146.9681, 159.9603, 174.7721]","['Northeast Australian Shelf', 'Eastern Coral Triangle', 'Eastern Coral Triangle', 'Eastern Coral Triangle', 'Eastern Coral Triangle', 'Northern New Zealand']","[0.0, 44.74271096187243, 17.864509954840987, 84.40425122161489, 65.56992607113578, 83.47162331459143]","[9.853404323151972, 95.62229037948165, np.float64(13.42584274207746), np.float64(82.9517831122427), np.float64(18.166604748219108), 0.0]",21.503,506.2195,AUCKLAND
syn_06888,3,Container,12502.0,5,"['BRISBANE', 'ALMA', 'GLADSTONE', 'BURNIE', 'NEW PLYMOUTH']","['Australia', 'Australia', 'Australia', 'Australia', 'New Zealand']","[-27.3765, -23.5832, -23.8351, -41.0534, -39.0577]","[153.1665, 150.8631, 151.2712, 145.9108, 174.0346]","['East Central Australian Shelf', 'Northeast Australian Shelf', 'Northeast Australian Shelf', 'Southeast Australian Shelf', 'Southern New Zealand']","[0.0, 24.3243528505279, 30.552731530360695, 85.71495530968497, 98.38891984916886]","[np.float64(23.820311220517702), 18.298070805130838, 18.459700017579557, 10.129720819653485, 0.0]",12.9037,285.8685,NEW PLYMOUTH
syn_06889,3,Bulker,37806.0,5,"['LAE', 'KIMBE', 'RABAUL', 'HONIARA', 'TAURANGA']","['Papua New Guinea', 'Papua New Guinea', 'Papua New Guinea', 'Solomon Islands', 'New Zealand']","[-6.8146, -5.5497, -4.2033, -9.4274, -37.6444]","[146.9681, 150.1486, 152.1667, 159.9603, 176.1819]","['Eastern Coral Triangle', 'Eastern Coral Triangle', 'Eastern Coral Triangle', 'Eastern Coral Triangle', 'Northern New Zealand']","[0.0, 5.908326467614508, 25.890509989994438, 99.21866835123964, 145.6872594536942]","[np.float64(88.2729078989554), np.float64(23.099731676704433), 73.54620975852409, np.float64(110.9265901355078), 0.0]",23.8563,484.2773,TAURANGA
syn_06890,3,Container,12502.0,5,"['LAE', 'KIMBE', 'RABAUL', 'HONIARA', 'TAURANGA']","['Papua New Guinea', 'Papua New Guinea', 'Papua New Guinea', 'Solomon Islands', 'New Zealand']","[-6.8146, -5.5497, -4.2033, -9.4274, -37.6444]","[146.9681, 150.1486, 152.1667, 159.9603, 176.1819]","['Eastern Coral Triangle', 'Eastern Coral Triangle', 'Eastern Coral Triangle', 'Eastern Coral Triangle', 'Northern New Zealand']","[0.0, 6.179840860187983, 19.895211120939557, 55.3863140392048, 194.24921598530557]","[np.float64(16.483055065810152), np.float64(7.534172043813408), 27.491756331479596, np.float64(12.668442473305152), 0.0]",14.162,323.405,TAURANGA
syn_06891,3,Container,22968.0,7,"['KWINANA', 'FREMANTLE', 'ADELAIDE', 'MELBOURNE', 'KEMBLA', 'BRISBANE', 'AUCKLAND']","['Australia', 'Australia', 'Australia', 'Australia', 'Australia', 'Australia', 'New Zealand']","[-32.0435, -32.051, -34.8169, -37.844, -34.4537, -27.3765, -36.8402]","[115.6652, 115.7393, 138.2816, 144.905, 150.8864, 153.1665, 174.7721]","['Southwest Australian Shelf', 'Southwest Australian Shelf', 'Southwest Australian Shelf', 'Southeast Australian Shelf', 'East Central Australian Shelf', 'East Central Australian Shelf', 'Northern New Zealand']","[0.0, 46.81757777955304, 121.16724262140507, 31.134831225522213, 48.771527859487655, 16.454990259902317, 112.62635466133972]","[6.199863303630961, 92.70985707461139, np.float64(49.30811326355208), np.float64(50.66205892981557), np.float64(120.08104617875077), np.float64(28.647187330735097), 0.0]",30.1909,718.3808,AUCKLAND
syn_06892,3,General Cargo,37711.0,7,"['FUNAFUTI', 'NANUMANGA', 'NANUMEA', 'NIUTAO', 'FUNAFUTI', 'SUVA', 'AUCKLAND']","['Tuvalu', 'Tuvalu', 'Tuvalu', 'Tuvalu', 'Tuvalu', 'Fiji', 'New Zealand']","[-8.5032, -6.2821, -5.6755, -6.1016, -8.5032, -18.1339, -36.8402]","[179.1946, 176.3086, 176.1033, 177.3293, 179.1946, 178.4235, 174.7721]","['Marshall, Gilbert and Ellis Islands', 'Marshall, Gilbert and Ellis Islands', 'Marshall, Gilbert and Ellis Islands', 'Marshall, Gilbert and Ellis Islands', 'Marshall, Gilbert and Ellis Islands', 'Tropical Southwestern Pacific', 'Northern New Zealand']","[0.0, 79.56340983846204, 41.43821290032445, 8.512731022933869, 36.249745033859355, 70.49589535247766, 152.48010377768432]","[97.3721842958498, 13.316552662011183, 19.11509261216485, 54.279963632533146, 131.71641209654325, np.float64(48.16610652618418), 0.0]",31.3628,655.3342,AUCKLAND
syn_06893,3,Container,12502.0,6,"['COWES', 'LONG ISLAND POINT', 'PRONY BAY', 'BOTANY', 'BRISBANE', 'NEW PLYMOUTH']","['Australia', 'Australia', 'New Caledonia', 'Australia', 'Australia', 'New Zealand']","[-38.4372, -38.2983, -22.3524, -33.9682, -27.3765, -39.0577]","[145.2507, 145.2386, 166.8904, 151.2149, 153.1665, 174.0346]","['Southeast Australian Shelf', 'Southeast Australian Shelf', 'Tropical Southwestern Pacific', 'East Central Australian Shelf', 'East Central Australian Shelf', 'Southern New Zealand']","[0.0, 31.769919368301924, 238.07579239137124, 60.28576215052531, 46.487370843718836, 49.892741215900514]","[20.958753726626345, 55.16989404182568, 36.91591083410209, np.float64(14.683704854144972), np.float64(15.55366157343912), 0.0]",23.7414,548.8348,NEW PLYMOUTH
syn_06894,3,Container,12502.0,7,"['MOTUKEA ISLAND', 'LAE', 'KIMBE', 'RABAUL', 'HONIARA', 'LUGANVILLE', 'AUCKLAND']","['Papua New Guinea', 'Papua New Guinea', 'Papua New Guinea', 'Papua New Guinea', 'Solomon Islands', 'Vanuatu', 'New Zealand']","[-9.4328, -6.8146, -5.5497, -4.2033, -9.4274, -15.515, -36.8402]","[147.1035, 146.9681, 150.1486, 152.1667, 159.9603, 167.1867, 174.7721]","['Eastern Coral Triangle', 'Eastern Coral Triangle', 'Eastern Coral Triangle', 'Eastern Coral Triangle', 'Eastern Coral Triangle', 'Tropical Southwestern Pacific', 'Northern New Zealand']","[0.0, 37.66324142479527, 6.179840860187983, 15.53125606930876, 50.50025272182504, 45.38579490585629, 105.6449682349884]","[np.float64(11.251747031594563), np.float64(18.97769672366522), np.float64(11.939200789398937), 8.534063005603926, np.float64(47.27283314618365), np.float64(22.36909988404121), 0.0]",15.8854,369.9982,AUCKLAND
syn_06895,3,Container,5923.0,5,"['BRISBANE', 'MOTUKEA ISLAND', 'LAE', 'HONIARA', 'AUCKLAND']","['Australia', 'Papua New Guinea', 'Papua New Guinea', 'Solomon Islands', 'New Zealand']","[-27.3765, -9.4328, -6.8146, -9.4274, -36.8402]","[153.1665, 147.1035, 146.9681, 159.9603, 174.7721]","['East Central Australian Shelf', 'Eastern Coral Triangle', 'Eastern Coral Triangle', 'Eastern Coral Triangle', 'Northern New Zealand']","[0.0, 111.58115924406043, 36.63618455464503, 72.96215761241731, 257.38271507987275]","[np.float64(97.00510184787693), np.float64(35.16465679599585), np.float64(26.97062072872981), np.float64(13.378335436043555), 0.0]",27.1284,554.0758,AUCKLAND
syn_06896,3,Container,12502.0,7,"['TOWNSVILLE', 'BRISBANE', 'DEVONPORT', 'GEELONG', 'PORTLAND', 'ADELAIDE', 'NAPIER']","['Australia', 'Australia', 'Australia', 'Australia', 'Australia', 'Australia', 'New Zealand']","[-19.0942, -27.3765, -41.1873, -38.096, -38.32, -34.8169, -39.4759]","[146.9491, 153.1665, 146.3638, 144.3819, 141.7092, 138.2816, 176.9184]","['Northeast Australian Shelf', 'East Central Australian Shelf', 'Southeast Australian Shelf', 'Southeast Australian Shelf', 'Southeast Australian Shelf', 'Southwest Australian Shelf', 'Southern New Zealand']","[0.0, 64.58140135039322, 60.12395218971885, 7.890763019821602, 11.438184586179613, 16.616258967662006, 144.69364338269665]","[10.937350422752889, np.float64(30.588509794347587), 11.930002462137018, np.float64(19.66694537261574), 11.144920118371717, np.float64(13.761354055393857), 0.0]",16.8072,392.4359,NAPIER
syn_06897,3,Bulker,37806.0,6,"['NAPA NAPA', 'MOTUKEA ISLAND', 'TOWNSVILLE', 'BRISBANE', 'MELBOURNE', 'PORT CHALMERS']","['Papua New Guinea', 'Papua New Guinea', 'Australia', 'Australia', 'Australia', 'New Zealand']","[-9.5056, -9.4328, -19.0942, -27.3765, -37.844, -45.8742]","[147.1542, 147.1035, 146.9491, 153.1665, 144.905, 170.5221]","['Eastern Coral Triangle', 'Eastern Coral Triangle', 'Northeast Australian Shelf', 'East Central Australian Shelf', 'Southeast Australian Shelf', 'Southern New Zealand']","[0.0, 61.25304037231356, 91.3531591851015, 53.775180719404155, 188.98819224456892, 116.54052030587638]","[36.831564241133826, np.float64(17.011479258637845), 41.6357650790253, np.float64(90.15408767983402), np.float64(60.77135496471788), 0.0]",31.5964,721.4828,PORT CHALMERS
syn_06898,3,Bulker,38114.0,7,"['ALBANY', 'ESPERANCE', 'THEVENARD', 'BUNDABERG', 'GLADSTONE', 'SOUTH TREES', 'GISBORNE']","['Australia', 'Australia', 'Australia', 'Australia', 'Australia', 'Australia', 'New Zealand']","[-35.0344, -33.8718, -32.1493, -24.7706, -23.8351, -23.8483, -38.6751]","[117.8934, 121.8997, 133.6409, 152.3816, 151.2712, 151.3268, 178.0221]","['Southwest Australian Shelf', 'Southwest Australian Shelf', 'Southwest Australian Shelf', 'East Central Australian Shelf', 'Northeast Australian Shelf', 'Northeast Australian Shelf', 'Northern New Zealand']","[0.0, 28.865226280739275, 45.38159120656579, 268.8069104668182, 55.70779511659612, 92.64718202027824, 334.0624467111209]","[30.868498673262128, 37.532276352121016, 18.776588787438104, 11.642832153777807, 12.97003503439786, 66.74992312248543, 0.0]",41.8338,973.1428,GISBORNE
syn_06899,3,Container,13048.0,5,"['CAIRNS', 'HAY POINT', 'MACKAY', 'TOWNSVILLE', 'GISBORNE']","['Australia', 'Australia', 'Australia', 'Australia', 'New Zealand']","[-16.8017, -21.1629, -21.1059, -19.0942, -38.6751]","[145.8833, 149.3474, 149.2318, 146.9491, 178.0221]","['Northeast Australian Shelf', 'Northeast Australian Shelf', 'Northeast Australian Shelf', 'Northeast Australian Shelf', 'Northern New Zealand']","[0.0, 29.838154416270545, 40.693757616013755, 25.024147345639037, 275.45702338771247]","[10.25076349633985, 29.147219936421248, 22.88845798929814, 22.542836632635918, 0.0]",18.9934,445.5916,GISBORNE
syn_06900,3,Container,17842.0,6,"['RABAUL', 'MOTUKEA ISLAND', 'TOWNSVILLE', 'BRISBANE', 'MELBOURNE', 'TAURANGA']","['Papua New Guinea', 'Papua New Guinea', 'Australia', 'Australia', 'Australia', 'New Zealand']","[-4.2033, -9.4328, -19.0942, -27.3765, -37.844, -37.6444]","[152.1667, 147.1035, 146.9491, 153.1665, 144.905, 176.1819]","['Eastern Coral Triangle', 'Eastern Coral Triangle', 'Northeast Australian Shelf', 'East Central Australian Shelf', 'Southeast Australian Shelf', 'Northern New Zealand']","[0.0, 105.82004201851076, 60.789680628291606, 69.09995033597409, 52.40641812890678, 85.80273604712544]","[6.59903966093044, np.float64(7.311593986676253), 15.24819594167277, np.float64(53.58829985567065), np.float64(18.242001620639734), 0.0]",19.7878,468.3089,TAURANGA
syn_06901,3,Bulker,31669.0,7,"['NAPA NAPA', 'MOTUKEA ISLAND', 'LAE', 'KIMBE', 'RABAUL', 'HONIARA', 'TAURANGA']","['Papua New Guinea', 'Papua New Guinea', 'Papua New Guinea', 'Papua New Guinea', 'Papua New Guinea', 'Solomon Islands', 'New Zealand']","[-9.5056, -9.4328, -6.8146, -5.5497, -4.2033, -9.4274, -37.6444]","[147.1542, 147.1035, 146.9681, 150.1486, 152.1667, 159.9603, 176.1819]","['Eastern Coral Triangle', 'Eastern Coral Triangle', 'Eastern Coral Triangle', 'Eastern Coral Triangle', 'Eastern Coral Triangle', 'Eastern Coral Triangle', 'Northern New Zealand']","[0.0, 49.69653062893089, 70.13872921487349, 4.518258884299364, 69.48285313840786, 103.80297169435605, 149.73635986100487]","[36.85720453599531, np.float64(20.683133546032142), np.float64(127.31212025300778), np.float64(21.792121265696334), 116.59594610653997, np.float64(60.600483090311215), 0.0]",34.634,794.3595,TAURANGA
syn_06902,3,Tanker,4752.0,7,"['KEMBLA', 'WHYALLA', 'GEELONG', 'MELBOURNE', 'ARDROSSAN', 'KEMBLA', 'GISBORNE']","['Australia', 'Australia', 'Australia', 'Australia', 'Australia', 'Australia', 'New Zealand']","[-34.4537, -33.0139, -38.096, -37.844, -34.4394, -34.4537, -38.6751]","[150.8864, 137.5918, 144.3819, 144.905, 137.9262, 150.8864, 178.0221]","['East Central Australian Shelf', 'Southwest Australian Shelf', 'Southeast Australian Shelf', 'Southeast Australian Shelf', 'Southwest Australian Shelf', 'East Central Australian Shelf', 'Northern New Zealand']","[0.0, 76.15372888351258, 35.51859043588612, 89.51711290761303, 33.77269808703693, 95.66201698547823, 166.58999401149478]","[np.float64(44.506579770631944), 49.605035135639106, np.float64(23.004855436458037), np.float64(15.240566469917322), 10.17387101469749, np.float64(98.23318484968547), 0.0]",30.7491,693.4717,GISBORNE
syn_06903,3,General Cargo,12502.0,5,"['VIT_RIA', 'PARANAGU_', 'PARANAGUA', 'IMBITUBA', 'TAURANGA']","['Brazil', 'Brazil', 'Brazil', 'Brazil', 'New Zealand']","[-20.3247, -25.4891, -25.7154, -28.1921, -37.6444]","[-40.3331, -48.4598, -48.2778, -48.605, 176.1819]","['Tropical Southwestern Atlantic', 'Warm Temperate Southwestern Atlantic', 'Warm Temperate Southwestern Atlantic', 'Warm Temperate Southwestern Atlantic', 'Northern New Zealand']","[0.0, 87.9980498828807, 32.698268516519235, 59.456912524037236, 500.91452223303304]","[44.46816975323793, 13.857780248196944, 82.54092344474253, 23.675859348784943, 0.0]",35.2338,801.1423,TAURANGA
syn_06904,3,RoRo,22068.0,7,"['GERALDTON', 'BUNBURY', 'THEVENARD', 'BRISBANE', 'KEMBLA', 'MELBOURNE', 'AUCKLAND']","['Australia', 'Australia', 'Australia', 'Australia', 'Australia', 'Australia', 'New Zealand']","[-28.6797, -33.3243, -32.1493, -27.3765, -34.4537, -37.844, -36.8402]","[114.5095, 115.6615, 133.6409, 153.1665, 150.8864, 144.905, 174.7721]","['West Central Australian Shelf', 'Southwest Australian Shelf', 'Southwest Australian Shelf', 'East Central Australian Shelf', 'East Central Australian Shelf', 'Southeast Australian Shelf', 'Northern New Zealand']","[0.0, 48.68276978850391, 94.45060713982146, 142.1866713296986, 27.57890675018087, 37.03949514405817, 95.0170444251527]","[55.46552895317216, 30.563254704094195, 29.257432004631635, np.float64(53.80243045363485), np.float64(112.15732866239134), np.float64(52.94730079017282), 0.0]",32.4645,723.6832,AUCKLAND
syn_06905,3,Tanker,12707.0,7,"['TOWNSVILLE', 'BRISBANE', 'DEVONPORT', 'GEELONG', 'PORTLAND', 'ADELAIDE', 'NAPIER']","['Australia', 'Australia', 'Australia', 'Australia', 'Australia', 'Australia', 'New Zealand']","[-19.0942, -27.3765, -41.1873, -38.096, -38.32, -34.8169, -39.4759]","[146.9491, 153.1665, 146.3638, 144.3819, 141.7092, 138.2816, 176.9184]","['Northeast Australian Shelf', 'East Central Australian Shelf', 'Southeast Australian Shelf', 'Southeast Australian Shelf', 'Southeast Australian Shelf', 'Southwest Australian Shelf', 'Southern New Zealand']","[0.0, 78.0064769057589, 75.11829385119792, 9.413373962263433, 24.845966918566756, 24.55786790768217, 168.47007838294596]","[54.21425762854924, np.float64(24.682896841496134), 8.356044882181566, np.float64(48.93188254818552), 19.326103799004812, np.float64(17.706690715564765), 0.0]",23.0679,499.4157,NAPIER
syn_06906,3,General Cargo,9793.0,6,"['BRISBANE', 'MELBOURNE', 'KEMBLA', 'WHYALLA', 'GEELONG', 'TAURANGA']","['Australia', 'Australia', 'Australia', 'Australia', 'Australia', 'New Zealand']","[-27.3765, -37.844, -34.4537, -33.0139, -38.096, -37.6444]","[153.1665, 144.905, 150.8864, 137.5918, 144.3819, 176.1819]","['East Central Australian Shelf', 'Southeast Australian Shelf', 'East Central Australian Shelf', 'Southwest Australian Shelf', 'Southeast Australian Shelf', 'Northern New Zealand']","[0.0, 58.0036282987246, 47.95554441109513, 55.764677075656884, 46.544142943372904, 109.39739699278519]","[np.float64(23.81655088919847), np.float64(107.79465337027801), np.float64(47.938896993879965), 23.937761467180074, np.float64(37.19179358825813), 0.0]",23.2644,534.5285,TAURANGA
syn_06907,3,Container,5923.0,5,"['NOUMEA', 'LAUTOKA', 'SUVA', 'VILA', 'TAURANGA']","['New Caledonia', 'Fiji', 'Fiji', 'Vanuatu', 'New Zealand']","[-22.2633, -17.6036, -18.1339, -17.754, -37.6444]","[166.4317, 177.4387, 178.4235, 168.3044, 176.1819]","['Tropical Southwestern Pacific', 'Tropical Southwestern Pacific', 'Tropical Southwestern Pacific', 'Tropical Southwestern Pacific', 'Northern New Zealand']","[0.0, 43.8424596353807, 11.332890737300865, 30.438917293330885, 96.67947514954038]","[27.480975025008746, np.float64(21.552651799946094), np.float64(67.81686771282585), np.float64(19.434797914353688), 0.0]",13.2741,291.0981,TAURANGA
syn_06908,3,Bulker,33144.0,6,"['LAE', 'KIMBE', 'RABAUL', 'HONIARA', 'BRISBANE', 'TAURANGA']","['Papua New Guinea', 'Papua New Guinea', 'Papua New Guinea', 'Solomon Islands', 'Australia', 'New Zealand']","[-6.8146, -5.5497, -4.2033, -9.4274, -27.3765, -37.6444]","[146.9681, 150.1486, 152.1667, 159.9603, 153.1665, 176.1819]","['Eastern Coral Triangle', 'Eastern Coral Triangle', 'Eastern Coral Triangle', 'Eastern Coral Triangle', 'East Central Australian Shelf', 'Northern New Zealand']","[0.0, 5.818014629779776, 42.7546669019131, 62.943249226086415, 133.1507270199518, 178.77007221867325]","[np.float64(72.2462058674288), np.float64(20.281768846892213), 46.87279767772085, np.float64(51.922895171267434), np.float64(28.156669478498618), 0.0]",26.7882,570.6709,TAURANGA
syn_06909,3,Container,23357.0,7,"['NADI BAY', 'LONG ISLAND POINT', 'BRISBANE', 'VUDA', 'NOUMEA', 'MOTUKEA ISLAND', 'NEW PLYMOUTH']","['Fiji', 'Australia', 'Australia', 'Fiji', 'New Caledonia', 'Papua New Guinea', 'New Zealand']","[-17.7162, -38.2983, -27.3765, -17.6861, -22.2633, -9.4328, -39.0577]","[177.371, 145.2386, 153.1665, 177.3849, 166.4317, 147.1035, 174.0346]","['Tropical Southwestern Pacific', 'Southeast Australian Shelf', 'East Central Australian Shelf', 'Tropical Southwestern Pacific', 'Tropical Southwestern Pacific', 'Eastern Coral Triangle', 'Southern New Zealand']","[0.0, 203.35050179311042, 46.038522261987424, 120.62312280700273, 98.29604219809399, 189.22284490697982, 218.50970935433767]","[7.599554324034547, 25.77631889916831, np.float64(26.4062892207977), 27.68655523960206, 26.324732648366695, np.float64(11.97597936087112), 0.0]",41.7421,994.2106,NEW PLYMOUTH
syn_06910,3,Bulker,40259.0,7,"['NAPA NAPA', 'MOTUKEA ISLAND', 'LAE', 'KIMBE', 'RABAUL', 'MOTUKEA ISLAND', 'NELSON']","['Papua New Guinea', 'Papua New Guinea', 'Papua New Guinea', 'Papua New Guinea', 'Papua New Guinea', 'Papua New Guinea', 'New Zealand']","[-9.5056, -9.4328, -6.8146, -5.5497, -4.2033, -9.4328, -41.2611]","[147.1542, 147.1035, 146.9681, 150.1486, 152.1667, 147.1035, 173.2733]","['Eastern Coral Triangle', 'Eastern Coral Triangle', 'Eastern Coral Triangle', 'Eastern Coral Triangle', 'Eastern Coral Triangle', 'Eastern Coral Triangle', 'Southern New Zealand']","[0.0, 40.82654933819478, 88.35498226288765, 6.264137328802631, 46.39797076428041, 162.80458174082187, 445.821837224651]","[61.58199901909079, np.float64(65.17049908155971), np.float64(70.42632838964707), np.float64(10.566339020764259), 95.39174247907114, np.float64(26.373203203627465), 0.0]",46.6658,1058.3982,NELSON
syn_06911,3,Bulker,34545.0,7,"['TAROONA', 'HOBART', 'ADELAIDE', 'GEELONG', 'NEWCASTLE', 'BRISBANE', 'WELLINGTON']","['Australia', 'Australia', 'Australia', 'Australia', 'Australia', 'Australia', 'New Zealand']","[-42.938, -42.8304, -34.8169, -38.096, -32.9182, -27.3765, -41.2746]","[147.3863, 147.3195, 138.2816, 144.3819, 151.7701, 153.1665, 174.7887]","['Southeast Australian Shelf', 'Southeast Australian Shelf', 'Southwest Australian Shelf', 'Southeast Australian Shelf', 'East Central Australian Shelf', 'East Central Australian Shelf', 'Southern New Zealand']","[0.0, 58.744441135470794, 84.01475079701066, 50.6497116631846, 76.83677104747117, 39.1931653229055, 226.80639393427768]","[100.08975187309443, 31.85003439564131, np.float64(30.676005284311273), np.float64(84.95306666714032), np.float64(31.69142449424314), np.float64(24.917493662964297), 0.0]",35.0176,740.3333,WELLINGTON
syn_06912,3,Bulker,35513.0,7,"['NAPA NAPA', 'MOTUKEA ISLAND', 'LAE', 'KIMBE', 'RABAUL', 'HONIARA', 'TAURANGA']","['Papua New Guinea', 'Papua New Guinea', 'Papua New Guinea', 'Papua New Guinea', 'Papua New Guinea', 'Solomon Islands', 'New Zealand']","[-9.5056, -9.4328, -6.8146, -5.5497, -4.2033, -9.4274, -37.6444]","[147.1542, 147.1035, 146.9681, 150.1486, 152.1667, 159.9603, 176.1819]","['Eastern Coral Triangle', 'Eastern Coral Triangle', 'Eastern Coral Triangle', 'Eastern Coral Triangle', 'Eastern Coral Triangle', 'Eastern Coral Triangle', 'Northern New Zealand']","[0.0, 53.421617918794304, 71.18239316534354, 5.524634365375879, 26.279279786864436, 127.88852092814014, 258.0573973685412]","[83.05285133110857, np.float64(7.268983788668551), np.float64(68.22504021785369), np.float64(7.62256057263174), 55.39149372278307, np.float64(35.98905736322984), 0.0]",33.3293,716.851,TAURANGA
syn_06913,3,Tanker,4752.0,7,"['LAE', 'KIMBE', 'RABAUL', 'HONIARA', 'LUGANVILLE', 'VILA', 'AUCKLAND']","['Papua New Guinea', 'Papua New Guinea', 'Papua New Guinea', 'Solomon Islands', 'Vanuatu', 'Vanuatu', 'New Zealand']","[-6.8146, -5.5497, -4.2033, -9.4274, -15.515, -17.754, -36.8402]","[146.9681, 150.1486, 152.1667, 159.9603, 167.1867, 168.3044, 174.7721]","['Eastern Coral Triangle', 'Eastern Coral Triangle', 'Eastern Coral Triangle', 'Eastern Coral Triangle', 'Tropical Southwestern Pacific', 'Tropical Southwestern Pacific', 'Northern New Zealand']","[0.0, 2.952895341038147, 29.824226197270907, 74.89103398968206, 65.77394322789827, 55.74239414216581, 156.26350042636446]","[np.float64(8.742594139497532), np.float64(8.121253664483417), 12.278340214479787, np.float64(30.27335362784952), np.float64(15.806093145086978), np.float64(50.05759776339806), 0.0]",21.2803,501.9846,AUCKLAND
syn_06914,3,Bulker,40481.0,7,"['KWINANA', 'ESPERANCE', 'ADELAIDE', 'GEELONG', 'NEWCASTLE', 'NOUMEA', 'GISBORNE']","['Australia', 'Australia', 'Australia', 'Australia', 'Australia', 'New Caledonia', 'New Zealand']","[-32.0435, -33.8718, -34.8169, -38.096, -32.9182, -22.2633, -38.6751]","[115.6652, 121.8997, 138.2816, 144.3819, 151.7701, 166.4317, 178.0221]","['Southwest Australian Shelf', 'Southwest Australian Shelf', 'Southwest Australian Shelf', 'Southeast Australian Shelf', 'East Central Australian Shelf', 'Tropical Southwestern Pacific', 'Northern New Zealand']","[0.0, 53.09082039978407, 125.51987455090487, 34.29991458959772, 59.10976744224015, 96.55452139890271, 142.95323704603635]","[50.670024197996675, 11.35397968012851, np.float64(47.70992980496238), np.float64(66.68672011972812), np.float64(132.37068757842505), 87.23371882724652, 0.0]",37.8147,856.8832,GISBORNE
syn_06915,3,Container,5923.0,7,"['BRISBANE', 'NEWCASTLE', 'MELBOURNE', 'GEELONG', 'BRISBANE', 'HAY POINT', 'TAURANGA']","['Australia', 'Australia', 'Australia', 'Australia', 'Australia', 'Australia', 'New Zealand']","[-27.3765, -32.9182, -37.844, -38.096, -27.3765, -21.1629, -37.6444]","[153.1665, 151.7701, 144.905, 144.3819, 153.1665, 149.3474, 176.1819]","['East Central Australian Shelf', 'East Central Australian Shelf', 'Southeast Australian Shelf', 'Southeast Australian Shelf', 'East Central Australian Shelf', 'Northeast Australian Shelf', 'Northern New Zealand']","[0.0, 17.697982519753324, 65.03224403056186, 35.10946146505303, 108.28780265631478, 32.047136125828004, 123.40333215768047]","[np.float64(25.77559162895597), np.float64(31.855967218522974), np.float64(55.264488718577184), np.float64(61.26194749912213), np.float64(33.78450677092493), 25.06986714102005, 0.0]",25.6079,588.8147,TAURANGA
syn_06916,3,Container,12502.0,7,"['ALBANY', 'ESPERANCE', 'THEVENARD', 'BUNDABERG', 'GLADSTONE', 'SOUTH TREES', 'GISBORNE']","['Australia', 'Australia', 'Australia', 'Australia', 'Australia', 'Australia', 'New Zealand']","[-35.0344, -33.8718, -32.1493, -24.7706, -23.8351, -23.8483, -38.6751]","[117.8934, 121.8997, 133.6409, 152.3816, 151.2712, 151.3268, 178.0221]","['Southwest Australian Shelf', 'Southwest Australian Shelf', 'Southwest Australian Shelf', 'East Central Australian Shelf', 'Northeast Australian Shelf', 'Northeast Australian Shelf', 'Northern New Zealand']","[0.0, 18.56577526182871, 40.324362952107116, 146.73460773464828, 64.92489573800584, 65.2377997072657, 256.9052671773873]","[35.423662224003884, 13.832864422275868, 40.63567868974384, 21.695076961185723, 49.31533079834441, 64.49710979796151, 0.0]",34.0872,782.6688,GISBORNE
syn_06917,3,Container,22314.0,6,"['FREMANTLE', 'ADELAIDE', 'MELBOURNE', 'KEMBLA', 'BRISBANE', 'AUCKLAND']","['Australia', 'Australia', 'Australia', 'Australia', 'Australia', 'New Zealand']","[-32.051, -34.8169, -37.844, -34.4537, -27.3765, -36.8402]","[115.7393, 138.2816, 144.905, 150.8864, 153.1665, 174.7721]","['Southwest Australian Shelf', 'Southwest Australian Shelf', 'Southeast Australian Shelf', 'East Central Australian Shelf', 'East Central Australian Shelf', 'Northern New Zealand']","[0.0, 126.9655290105316, 57.72387934356838, 33.00390342089561, 36.693439961465884, 120.38494460614622]","[72.18868970999284, np.float64(26.011062524547924), np.float64(26.734446141452842), np.float64(54.550100330782044), np.float64(13.64708229529623), 0.0]",23.6626,495.7144,AUCKLAND
syn_06918,3,Container,12502.0,7,"['NAPA NAPA', 'MOTUKEA ISLAND', 'LAE', 'HONIARA', 'LUGANVILLE', 'VILA', 'TAURANGA']","['Papua New Guinea', 'Papua New Guinea', 'Papua New Guinea', 'Solomon Islands', 'Vanuatu', 'Vanuatu', 'New Zealand']","[-9.5056, -9.4328, -6.8146, -9.4274, -15.515, -17.754, -37.6444]","[147.1542, 147.1035, 146.9681, 159.9603, 167.1867, 168.3044, 176.1819]","['Eastern Coral Triangle', 'Eastern Coral Triangle', 'Eastern Coral Triangle', 'Eastern Coral Triangle', 'Tropical Southwestern Pacific', 'Tropical Southwestern Pacific', 'Northern New Zealand']","[0.0, 17.864509954840987, 61.06526083959922, 99.49589260199706, 46.72680846736343, 45.28942856053864, 106.41036511685056]","[28.337478896816553, np.float64(9.140935386633055), np.float64(26.547729326932977), np.float64(68.426918491383), np.float64(21.25251915467982), np.float64(11.046815837697869), 0.0]",22.5669,513.2672,TAURANGA
syn_06919,3,Container,13102.0,7,"['HEDLAND', 'DAMPIER', 'FREMANTLE', 'KWINANA', 'GEELONG', 'LAE', 'NAPIER']","['Australia', 'Australia', 'Australia', 'Australia', 'Australia', 'Papua New Guinea', 'New Zealand']","[-20.0977, -20.38, -32.051, -32.0435, -38.096, -6.8146, -39.4759]","[118.5382, 116.6317, 115.7393, 115.6652, 144.3819, 146.9681, 176.9184]","['Northwest Australian Shelf', 'Northwest Australian Shelf', 'Southwest Australian Shelf', 'Southwest Australian Shelf', 'Southeast Australian Shelf', 'Eastern Coral Triangle', 'Southern New Zealand']","[0.0, 5.431988893469976, 86.35601454540009, 29.566116651036427, 86.70342039452099, 186.78838967984186, 294.15473978736804]","[22.429213092997422, 15.73645607148651, 10.693231798040594, 41.97701084146129, np.float64(91.1761974366525), np.float64(20.363144726014735), 0.0]",37.1407,868.9467,NAPIER
syn_06920,3,General Cargo,9032.0,7,"['KWINANA', 'ESPERANCE', 'ADELAIDE', 'GEELONG', 'NEWCASTLE', 'BRISBANE', 'WELLINGTON']","['Australia', 'Australia', 'Australia', 'Australia', 'Australia', 'Australia', 'New Zealand']","[-32.0435, -33.8718, -34.8169, -38.096, -32.9182, -27.3765, -41.2746]","[115.6652, 121.8997, 138.2816, 144.3819, 151.7701, 153.1665, 174.7887]","['Southwest Australian Shelf', 'Southwest Australian Shelf', 'Southwest Australian Shelf', 'Southeast Australian Shelf', 'East Central Australian Shelf', 'East Central Australian Shelf', 'Southern New Zealand']","[0.0, 25.22240818632517, 99.30268255266809, 36.793620861901566, 67.44700236685013, 32.12064801746265, 107.71988495848957]","[64.82700487143757, 60.088158993233144, np.float64(65.46505968492409), np.float64(76.58611789399977), np.float64(18.826540136423038), np.float64(24.954223316620038), 0.0]",28.3064,614.5263,WELLINGTON
syn_06921,3,General Cargo,12502.0,7,"['LAE', 'KIMBE', 'RABAUL', 'HONIARA', 'BRISBANE', 'NAPA NAPA', 'TAURANGA']","['Papua New Guinea', 'Papua New Guinea', 'Papua New Guinea', 'Solomon Islands', 'Australia', 'Papua New Guinea', 'New Zealand']","[-6.8146, -5.5497, -4.2033, -9.4274, -27.3765, -9.5056, -37.6444]","[146.9681, 150.1486, 152.1667, 159.9603, 153.1665, 147.1542, 176.1819]","['Eastern Coral Triangle', 'Eastern Coral Triangle', 'Eastern Coral Triangle', 'Eastern Coral Triangle', 'East Central Australian Shelf', 'Eastern Coral Triangle', 'Northern New Zealand']","[0.0, 5.529967528115574, 28.902514731980258, 83.009459132301, 123.56811871272977, 217.03938001808467, 193.9831459748411]","[np.float64(41.8564446827716), np.float64(6.702753383421505), 91.88212561933616, np.float64(72.12102664126192), np.float64(36.83516157417668), 23.12730481390264, 0.0]",38.5232,882.701,TAURANGA
syn_06922,3,Bulker,34327.0,7,"['ADELAIDE', 'GEELONG', 'TAROONA', 'HOBART', 'KEMBLA', 'NEWCASTLE', 'NEW PLYMOUTH']","['Australia', 'Australia', 'Australia', 'Australia', 'Australia', 'Australia', 'New Zealand']","[-34.8169, -38.096, -42.938, -42.8304, -34.4537, -32.9182, -39.0577]","[138.2816, 144.3819, 147.3863, 147.3195, 150.8864, 151.7701, 174.0346]","['Southwest Australian Shelf', 'Southeast Australian Shelf', 'Southeast Australian Shelf', 'Southeast Australian Shelf', 'East Central Australian Shelf', 'East Central Australian Shelf', 'Southern New Zealand']","[0.0, 47.46356699583946, 45.61829699625456, 45.11880116403099, 65.0147210540092, 10.85170331071501, 167.99291502367188]","[np.float64(44.342928208899345), np.float64(47.50565274984619), 125.94141577442467, 41.52277464282533, np.float64(42.18628184525776), np.float64(93.91500829903933), 0.0]",32.3948,733.1311,NEW PLYMOUTH
syn_06923,3,Bulker,37155.0,5,"['NOUMEA', 'LAUTOKA', 'SUVA', 'VILA', 'GISBORNE']","['New Caledonia', 'Fiji', 'Fiji', 'Vanuatu', 'New Zealand']","[-22.2633, -17.6036, -18.1339, -17.754, -38.6751]","[166.4317, 177.4387, 178.4235, 168.3044, 178.0221]","['Tropical Southwestern Pacific', 'Tropical Southwestern Pacific', 'Tropical Southwestern Pacific', 'Tropical Southwestern Pacific', 'Northern New Zealand']","[0.0, 77.9067298079152, 7.101333223711573, 74.565392323408, 140.29698550734793]","[20.93196997782302, np.float64(115.96799531945996), np.float64(35.4587685265895), np.float64(127.08068183893621), 0.0]",24.9712,578.3779,GISBORNE
syn_06924,3,Bulker,40481.0,7,"['LAE', 'KIMBE', 'RABAUL', 'HONIARA', 'LUGANVILLE', 'VILA', 'TAURANGA']","['Papua New Guinea', 'Papua New Guinea', 'Papua New Guinea', 'Solomon Islands', 'Vanuatu', 'Vanuatu', 'New Zealand']","[-6.8146, -5.5497, -4.2033, -9.4274, -15.515, -17.754, -37.6444]","[146.9681, 150.1486, 152.1667, 159.9603, 167.1867, 168.3044, 176.1819]","['Eastern Coral Triangle', 'Eastern Coral Triangle', 'Eastern Coral Triangle', 'Eastern Coral Triangle', 'Tropical Southwestern Pacific', 'Tropical Southwestern Pacific', 'Northern New Zealand']","[0.0, 5.053141731981166, 35.85305324211824, 98.24770227367459, 86.76028111373942, 104.62216393942651, 175.475633625604]","[np.float64(68.75084475444775), np.float64(41.773276689575404), 37.37523218628952, np.float64(49.183098099055876), np.float64(70.7140795497829), np.float64(21.19860440831401), 0.0]",33.1253,726.2563,TAURANGA
syn_06925,3,Container,17842.0,6,"['LAE', 'KIMBE', 'RABAUL', 'HONIARA', 'BRISBANE', 'TAURANGA']","['Papua New Guinea', 'Papua New Guinea', 'Papua New Guinea', 'Solomon Islands', 'Australia', 'New Zealand']","[-6.8146, -5.5497, -4.2033, -9.4274, -27.3765, -37.6444]","[146.9681, 150.1486, 152.1667, 159.9603, 153.1665, 176.1819]","['Eastern Coral Triangle', 'Eastern Coral Triangle', 'Eastern Coral Triangle', 'Eastern Coral Triangle', 'East Central Australian Shelf', 'Northern New Zealand']","[0.0, 6.179840860187983, 28.515329141480354, 39.43898112060614, 111.6060165153831, 69.87735503382933]","[np.float64(29.769598206387826), np.float64(16.040945597859675), 73.26301376519771, np.float64(25.987460216225756), np.float64(38.408686682613705), 0.0]",18.2953,409.3176,TAURANGA
syn_06926,3,Bulker,35513.0,6,"['NAPA NAPA', 'MOTUKEA ISLAND', 'LAE', 'HONIARA', 'LUGANVILLE', 'AUCKLAND']","['Papua New Guinea', 'Papua New Guinea', 'Papua New Guinea', 'Solomon Islands', 'Vanuatu', 'New Zealand']","[-9.5056, -9.4328, -6.8146, -9.4274, -15.515, -36.8402]","[147.1542, 147.1035, 146.9681, 159.9603, 167.1867, 174.7721]","['Eastern Coral Triangle', 'Eastern Coral Triangle', 'Eastern Coral Triangle', 'Eastern Coral Triangle', 'Tropical Southwestern Pacific', 'Northern New Zealand']","[0.0, 60.20175859987765, 97.77759467002785, 70.6002820796713, 108.40384625066015, 145.53951275220223]","[47.99544579232547, np.float64(22.86702494863632), np.float64(97.86348808186986), np.float64(121.73567293349666), np.float64(64.27168181765778), 0.0]",34.8857,789.2609,AUCKLAND
syn_06927,3,Container,13048.0,7,"['BALL BAY', 'CASCADE', 'BOTANY', 'VUDA', 'NADI BAY', 'NOUMEA', 'NEW PLYMOUTH']","['Australia', 'Australia', 'Australia', 'Fiji', 'Fiji', 'New Caledonia', 'New Zealand']","[-29.0496, -29.0094, -33.9682, -17.6861, -17.7162, -22.2633, -39.0577]","[167.9864, 167.9779, 151.2149, 177.3849, 177.371, 166.4317, 174.0346]","['Lord Howe and Norfolk Islands', 'Lord Howe and Norfolk Islands', 'East Central Australian Shelf', 'Tropical Southwestern Pacific', 'Tropical Southwestern Pacific', 'Tropical Southwestern Pacific', 'Southern New Zealand']","[0.0, 44.91391073314003, 126.64244614728372, 146.72955013743086, 35.13593616352564, 50.03281623232561, 91.74735630323983]","[9.49270449162207, 37.179343288731964, np.float64(38.835794757147006), 12.938376464300603, 29.84119475261081, 61.83080584374682, 0.0]",28.555,675.8275,NEW PLYMOUTH
syn_06928,3,Bulker,42446.0,6,"['KWINANA', 'FREMANTLE', 'ADELAIDE', 'MELBOURNE', 'KEMBLA', 'AUCKLAND']","['Australia', 'Australia', 'Australia', 'Australia', 'Australia', 'New Zealand']","[-32.0435, -32.051, -34.8169, -37.844, -34.4537, -36.8402]","[115.6652, 115.7393, 138.2816, 144.905, 150.8864, 174.7721]","['Southwest Australian Shelf', 'Southwest Australian Shelf', 'Southwest Australian Shelf', 'Southeast Australian Shelf', 'East Central Australian Shelf', 'Northern New Zealand']","[0.0, 86.79846371247405, 102.05314859533547, 57.22455032198436, 72.81703652280424, 109.48073508599447]","[27.400891794003375, 43.709007264247525, np.float64(135.96245074748668), np.float64(104.13652153691383), np.float64(117.67246882270216), 0.0]",35.719,829.8544,AUCKLAND
syn_06929,3,Bulker,39721.0,5,"['BRISBANE', 'NOUMEA', 'SUVA', 'LAUTOKA', 'NELSON']","['Australia', 'New Caledonia', 'Fiji', 'Fiji', 'New Zealand']","[-27.3765, -22.2633, -18.1339, -17.6036, -41.2611]","[153.1665, 166.4317, 178.4235, 177.4387, 173.2733]","['East Central Australian Shelf', 'Tropical Southwestern Pacific', 'Tropical Southwestern Pacific', 'Tropical Southwestern Pacific', 'Southern New Zealand']","[0.0, 145.89227374286327, 92.75228301356388, 8.791621305405663, 136.51037982578777]","[np.float64(75.45386131292103), 67.87769004399595, np.float64(131.4912711732057), np.float64(63.44537577828914), 0.0]",30.0923,646.7609,NELSON
syn_06930,3,RoRo,18556.0,6,"['GLADSTONE', 'SOUTH TREES', 'NEWCASTLE', 'MELBOURNE', 'GEELONG', 'LYTTELTON']","['Australia', 'Australia', 'Australia', 'Australia', 'Australia', 'New Zealand']","[-23.8351, -23.8483, -32.9182, -37.844, -38.096, -43.606]","[151.2712, 151.3268, 151.7701, 144.905, 144.3819, 172.7213]","['Northeast Australian Shelf', 'Northeast Australian Shelf', 'East Central Australian Shelf', 'Southeast Australian Shelf', 'Southeast Australian Shelf', 'Southern New Zealand']","[0.0, 34.87742379777639, 86.64263358491083, 44.93675821511742, 47.84319573791936, 215.86875579811377]","[36.24833274997852, 59.73483083480643, np.float64(131.7068778621581), np.float64(56.932828798768234), np.float64(32.05764282050604), 0.0]",31.1187,710.6009,LYTTELTON
syn_06931,3,Bulker,37555.0,7,"['NEW PRIOK', 'KWINANA', 'FREMANTLE', 'ADELAIDE', 'MELBOURNE', 'BOTANY', 'NELSON']","['Indonesia', 'Australia', 'Australia', 'Australia', 'Australia', 'Australia', 'New Zealand']","[-6.0976, -32.0435, -32.051, -34.8169, -37.844, -33.9682, -41.2611]","[106.884, 115.6652, 115.7393, 138.2816, 144.905, 151.2149, 173.2733]","['Java Transitional', 'Southwest Australian Shelf', 'Southwest Australian Shelf', 'Southwest Australian Shelf', 'Southeast Australian Shelf', 'East Central Australian Shelf', 'Southern New Zealand']","[0.0, 231.80212052129497, 66.63085543410196, 113.88440691379299, 53.53308674571441, 58.309951328611525, 127.94304206444754]","[111.89876697995251, 70.79144994771481, 50.34306526887453, np.float64(107.99067427802173), np.float64(98.0765100965477), np.float64(127.79399548847104), 0.0]",50.7916,1107.0992,NELSON
syn_06932,3,Bulker,39828.0,7,"['TOWNSVILLE', 'NAPA NAPA', 'MOTUKEA ISLAND', 'LAE', 'LUGANVILLE', 'VILA', 'TAURANGA']","['Australia', 'Papua New Guinea', 'Papua New Guinea', 'Papua New Guinea', 'Vanuatu', 'Vanuatu', 'New Zealand']","[-19.0942, -9.5056, -9.4328, -6.8146, -15.515, -17.754, -37.6444]","[146.9491, 147.1542, 147.1035, 146.9681, 167.1867, 168.3044, 176.1819]","['Northeast Australian Shelf', 'Eastern Coral Triangle', 'Eastern Coral Triangle', 'Eastern Coral Triangle', 'Tropical Southwestern Pacific', 'Tropical Southwestern Pacific', 'Northern New Zealand']","[0.0, 65.02647736459062, 42.553431815851944, 77.28931676328725, 112.50564184478918, 76.24763948104844, 153.69924898488958]","[72.74459959034529, 46.42760054263571, np.float64(17.247801057635666), np.float64(105.091010388719), np.float64(35.20442851140105), np.float64(103.17429094732923), 0.0]",37.8005,834.4669,TAURANGA
syn_06933,3,Tanker,4752.0,6,"['HAY POINT', 'MACKAY', 'MELBOURNE', 'KWINANA', 'ADELAIDE', 'NEW PLYMOUTH']","['Australia', 'Australia', 'Australia', 'Australia', 'Australia', 'New Zealand']","[-21.1629, -21.1059, -37.844, -32.0435, -34.8169, -39.0577]","[149.3474, 149.2318, 144.905, 115.6652, 138.2816, 174.0346]","['Northeast Australian Shelf', 'Northeast Australian Shelf', 'Southeast Australian Shelf', 'Southwest Australian Shelf', 'Southwest Australian Shelf', 'Southern New Zealand']","[0.0, 47.242117277858306, 157.1140829485894, 162.11635586044372, 121.59637636584996, 175.14150014012952]","[19.90376761371053, 123.67660918794432, np.float64(18.929926739297414), 41.21680552674244, np.float64(51.066615395210434), 0.0]",38.2502,898.1004,NEW PLYMOUTH
syn_06934,3,Bulker,31669.0,7,"['TOWNSVILLE', 'BRISBANE', 'GEELONG', 'DEVONPORT', 'PORTLAND', 'BLUESCOPE', 'NELSON']","['Australia', 'Australia', 'Australia', 'Australia', 'Australia', 'Australia', 'New Zealand']","[-19.0942, -27.3765, -38.096, -41.1873, -38.32, -38.291, -41.2611]","[146.9491, 153.1665, 144.3819, 146.3638, 141.7092, 145.2292, 173.2733]","['Northeast Australian Shelf', 'East Central Australian Shelf', 'Southeast Australian Shelf', 'Southeast Australian Shelf', 'Southeast Australian Shelf', 'Southeast Australian Shelf', 'Southern New Zealand']","[0.0, 68.02819954553141, 93.7405288029567, 14.451677173068925, 22.408536656520944, 28.10967237260796, 181.04368368109337]","[34.95332553016018, np.float64(124.61062472437906), np.float64(87.89713929267842), 40.47676303094028, 60.320289500182234, 18.355933510001435, 0.0]",32.2665,739.443,NELSON
syn_06935,3,Container,12502.0,5,"['LAE', 'KIMBE', 'RABAUL', 'MOTUKEA ISLAND', 'TAURANGA']","['Papua New Guinea', 'Papua New Guinea', 'Papua New Guinea', 'Papua New Guinea', 'New Zealand']","[-6.8146, -5.5497, -4.2033, -9.4328, -37.6444]","[146.9681, 150.1486, 152.1667, 147.1035, 176.1819]","['Eastern Coral Triangle', 'Eastern Coral Triangle', 'Eastern Coral Triangle', 'Eastern Coral Triangle', 'Northern New Zealand']","[0.0, 6.179840860187983, 14.273025158484442, 96.95956257308367, 330.32235636509944]","[np.float64(34.491092879202164), np.float64(6.992722284461029), 14.469045918470224, np.float64(10.612687631737773), 0.0]",21.4292,479.8092,TAURANGA
syn_06936,3,Container,12502.0,7,"['ELIZABETH', 'DURBAN', 'FREMANTLE', 'MELBOURNE', 'KEMBLA', 'BRISBANE', 'AUCKLAND']","['South Africa', 'South Africa', 'Australia', 'Australia', 'Australia', 'Australia', 'New Zealand']","[-33.9598, -29.8669, -32.051, -37.844, -34.4537, -27.3765, -36.8402]","[25.6321, 31.0333, 115.7393, 144.905, 150.8864, 153.1665, 174.7721]","['Agulhas', 'Agulhas', 'Southwest Australian Shelf', 'Southeast Australian Shelf', 'East Central Australian Shelf', 'East Central Australian Shelf', 'Northern New Zealand']","[0.0, 26.440535074418786, 161.94369171171613, 104.83974244225946, 54.482708533549214, 21.118676900688463, 115.95253982830121]","[32.15404264285553, 8.254196259197899, 11.420776266760319, np.float64(15.40253000772458), np.float64(29.946743645404386), np.float64(58.38320651563079), 0.0]",26.6808,608.1853,AUCKLAND
syn_06937,3,Bulker,39742.0,7,"['BRISBANE', 'GEELONG', 'DEVONPORT', 'PORTLAND', 'BLUESCOPE', 'KEMBLA', 'TAURANGA']","['Australia', 'Australia', 'Australia', 'Australia', 'Australia', 'Australia', 'New Zealand']","[-27.3765, -38.096, -41.1873, -38.32, -38.291, -34.4537, -37.6444]","[153.1665, 144.3819, 146.3638, 141.7092, 145.2292, 150.8864, 176.1819]","['East Central Australian Shelf', 'Southeast Australian Shelf', 'Southeast Australian Shelf', 'Southeast Australian Shelf', 'Southeast Australian Shelf', 'East Central Australian Shelf', 'Northern New Zealand']","[0.0, 131.0319543925212, 7.831412936122793, 20.594087774498576, 20.205121868325417, 45.13275834095083, 112.4799266332544]","[np.float64(32.56238602447235), np.float64(124.97553959137302), 124.2568354882101, 42.02217260027457, 81.42759505650177, np.float64(103.57014776360552), 0.0]",35.2537,813.5276,TAURANGA
syn_06938,3,Bulker,37657.0,6,"['BRISBANE', 'NEWCASTLE', 'BOTANY', 'MELBOURNE', 'KWINANA', 'TAURANGA']","['Australia', 'Australia', 'Australia', 'Australia', 'Australia', 'New Zealand']","[-27.3765, -32.9182, -33.9682, -37.844, -32.0435, -37.6444]","[153.1665, 151.7701, 151.2149, 144.905, 115.6652, 176.1819]","['East Central Australian Shelf', 'East Central Australian Shelf', 'East Central Australian Shelf', 'Southeast Australian Shelf', 'Southwest Australian Shelf', 'Northern New Zealand']","[0.0, 30.907165515514773, 6.7387480214828965, 83.06251489365147, 245.45618215394532, 414.3795370747627]","[np.float64(86.5984037936162), np.float64(92.96439921760356), np.float64(12.715162207781374), np.float64(49.47287108010416), 97.78112797136255, 0.0]",46.6698,1033.4777,TAURANGA
syn_06939,3,RoRo,19879.0,7,"['LAE', 'TOWNSVILLE', 'BRISBANE', 'BURNIE', 'MELBOURNE', 'ALMA', 'NEW PLYMOUTH']","['Papua New Guinea', 'Australia', 'Australia', 'Australia', 'Australia', 'Australia', 'New Zealand']","[-6.8146, -19.0942, -27.3765, -41.0534, -37.844, -23.5832, -39.0577]","[146.9681, 146.9491, 153.1665, 145.9108, 144.905, 150.8631, 174.0346]","['Eastern Coral Triangle', 'Northeast Australian Shelf', 'East Central Australian Shelf', 'Southeast Australian Shelf', 'Southeast Australian Shelf', 'Northeast Australian Shelf', 'Southern New Zealand']","[0.0, 73.60341776224122, 46.2964718582412, 84.77516871434526, 11.327330885121714, 89.71824486695708, 130.7921157037875]","[np.float64(30.337303652020918), 24.810383085290454, np.float64(35.22119161228429), 55.241722061819836, np.float64(11.63997739543556), 84.35625149878004, 0.0]",28.255,647.7823,NEW PLYMOUTH
syn_06940,3,Bulker,34387.0,7,"['BRISBANE', 'KEMBLA', 'MELBOURNE', 'ADELAIDE', 'LAE', 'LAUTOKA', 'NEW PLYMOUTH']","['Australia', 'Australia', 'Australia', 'Australia', 'Papua New Guinea', 'Fiji', 'New Zealand']","[-27.3765, -34.4537, -37.844, -34.8169, -6.8146, -17.6036, -39.0577]","[153.1665, 150.8864, 144.905, 138.2816, 146.9681, 177.4387, 174.0346]","['East Central Australian Shelf', 'East Central Australian Shelf', 'Southeast Australian Shelf', 'Southwest Australian Shelf', 'Eastern Coral Triangle', 'Tropical Southwestern Pacific', 'Southern New Zealand']","[0.0, 48.68239272543704, 41.07410751667705, 50.83672202674522, 359.02042587201635, 177.4101201793593, 210.10920005623524]","[np.float64(39.63516465913475), np.float64(89.77205669081432), np.float64(66.4415256203588), np.float64(90.932278394981), np.float64(74.875898620096), np.float64(19.25981854752753), 0.0]",52.8354,1228.4145,NEW PLYMOUTH
syn_06941,3,Bulker,37520.0,6,"['FREMANTLE', 'ADELAIDE', 'MELBOURNE', 'KEMBLA', 'BRISBANE', 'AUCKLAND']","['Australia', 'Australia', 'Australia', 'Australia', 'Australia', 'New Zealand']","[-32.051, -34.8169, -37.844, -34.4537, -27.3765, -36.8402]","[115.7393, 138.2816, 144.905, 150.8864, 153.1665, 174.7721]","['Southwest Australian Shelf', 'Southwest Australian Shelf', 'Southeast Australian Shelf', 'East Central Australian Shelf', 'East Central Australian Shelf', 'Northern New Zealand']","[0.0, 132.7354617323296, 44.95291003916774, 66.7395982144438, 49.36886809609561, 160.0748464492033]","[35.54182900735916, np.float64(65.4231066811745), np.float64(27.59902132457235), np.float64(50.337048272231726), np.float64(131.1204574054483), 0.0]",31.8289,728.3513,AUCKLAND
syn_06942,3,Passenger,578.0,6,"['KWINANA', 'FREMANTLE', 'MELBOURNE', 'KEMBLA', 'BRISBANE', 'AUCKLAND']","['Australia', 'Australia', 'Australia', 'Australia', 'Australia', 'New Zealand']","[-32.0435, -32.051, -37.844, -34.4537, -27.3765, -36.8402]","[115.6652, 115.7393, 144.905, 150.8864, 153.1665, 174.7721]","['Southwest Australian Shelf', 'Southwest Australian Shelf', 'Southeast Australian Shelf', 'East Central Australian Shelf', 'East Central Australian Shelf', 'Northern New Zealand']","[0.0, 66.01857206139324, 244.8815754107426, 45.31430659019564, 30.038642194977086, 195.43629715927875]","[87.90409389732012, 19.63132995281829, np.float64(28.099788153106395), np.float64(45.72334283638352), np.float64(92.92578962392163), 0.0]",35.6656,768.0696,AUCKLAND
syn_06943,3,Bulker,40481.0,7,"['LAE', 'KIMBE', 'RABAUL', 'HONIARA', 'LUGANVILLE', 'VILA', 'TAURANGA']","['Papua New Guinea', 'Papua New Guinea', 'Papua New Guinea', 'Solomon Islands', 'Vanuatu', 'Vanuatu', 'New Zealand']","[-6.8146, -5.5497, -4.2033, -9.4274, -15.515, -17.754, -37.6444]","[146.9681, 150.1486, 152.1667, 159.9603, 167.1867, 168.3044, 176.1819]","['Eastern Coral Triangle', 'Eastern Coral Triangle', 'Eastern Coral Triangle', 'Eastern Coral Triangle', 'Tropical Southwestern Pacific', 'Tropical Southwestern Pacific', 'Northern New Zealand']","[0.0, 4.540020031442894, 35.614534522334374, 61.52728233867787, 97.63231428083698, 46.8433340014294, 111.56573474221594]","[np.float64(50.73954372874572), np.float64(53.78559272052861), 10.158047304946674, np.float64(9.955530808733995), np.float64(29.85300751218308), np.float64(65.81131550146208), 0.0]",24.0844,527.2867,TAURANGA
syn_06944,3,Container,5923.0,7,"['HEDLAND', 'FREMANTLE', 'BURNIE', 'GLADSTONE', 'MACKAY', 'HAY POINT', 'GISBORNE']","['Australia', 'Australia', 'Australia', 'Australia', 'Australia', 'Australia', 'New Zealand']","[-20.0977, -32.051, -41.0534, -23.8351, -21.1059, -21.1629, -38.6751]","[118.5382, 115.7393, 145.9108, 151.2712, 149.2318, 149.3474, 178.0221]","['Northwest Australian Shelf', 'Southwest Australian Shelf', 'Southeast Australian Shelf', 'Northeast Australian Shelf', 'Northeast Australian Shelf', 'Northeast Australian Shelf', 'Northern New Zealand']","[0.0, 59.83179892477435, 89.92188224868777, 70.73958624843016, 12.48138831950083, 45.11243649715473, 113.64414261994315]","[40.00952393834741, 13.620599153694927, 53.574253694313654, 36.702068882208955, 12.546734716567865, 62.76484354497208, 0.0]",25.4562,570.9397,GISBORNE
syn_06945,3,Bulker,37650.0,5,"['NEWCASTLE', 'BELL BAY', 'MELBOURNE', 'GEELONG', 'TAURANGA']","['Australia', 'Australia', 'Australia', 'Australia', 'New Zealand']","[-32.9182, -41.1352, -37.844, -38.096, -37.6444]","[151.7701, 146.8752, 144.905, 144.3819, 176.1819]","['East Central Australian Shelf', 'Southeast Australian Shelf', 'Southeast Australian Shelf', 'Southeast Australian Shelf', 'Northern New Zealand']","[0.0, 53.08885644247455, 10.296321595204564, 54.28234711943343, 181.45057465952533]","[np.float64(97.61547482838556), 121.94674428460927, np.float64(70.83764982047191), np.float64(130.28808400569298), 0.0]",29.9919,622.1906,TAURANGA
syn_06946,3,Bulker,36861.0,7,"['NAPA NAPA', 'MOTUKEA ISLAND', 'LAE', 'HONIARA', 'LUGANVILLE', 'VILA', 'TAURANGA']","['Papua New Guinea', 'Papua New Guinea', 'Papua New Guinea', 'Solomon Islands', 'Vanuatu', 'Vanuatu', 'New Zealand']","[-9.5056, -9.4328, -6.8146, -9.4274, -15.515, -17.754, -37.6444]","[147.1542, 147.1035, 146.9681, 159.9603, 167.1867, 168.3044, 176.1819]","['Eastern Coral Triangle', 'Eastern Coral Triangle', 'Eastern Coral Triangle', 'Eastern Coral Triangle', 'Tropical Southwestern Pacific', 'Tropical Southwestern Pacific', 'Northern New Zealand']","[0.0, 54.23065417715607, 101.94702238769148, 163.67783434338898, 63.31250891651817, 51.35708253820144, 145.55375257361658]","[59.00225082074976, np.float64(24.350108216769748), np.float64(57.50562629196132), np.float64(25.87045233644073), np.float64(78.64813741489169), np.float64(53.546995951012356), 0.0]",36.6251,820.0002,TAURANGA
syn_06947,3,Bulker,37686.0,7,"['NAPA NAPA', 'MOTUKEA ISLAND', 'LAE', 'HONIARA', 'LUGANVILLE', 'VILA', 'TAURANGA']","['Papua New Guinea', 'Papua New Guinea', 'Papua New Guinea', 'Solomon Islands', 'Vanuatu', 'Vanuatu', 'New Zealand']","[-9.5056, -9.4328, -6.8146, -9.4274, -15.515, -17.754, -37.6444]","[147.1542, 147.1035, 146.9681, 159.9603, 167.1867, 168.3044, 176.1819]","['Eastern Coral Triangle', 'Eastern Coral Triangle', 'Eastern Coral Triangle', 'Eastern Coral Triangle', 'Tropical Southwestern Pacific', 'Tropical Southwestern Pacific', 'Northern New Zealand']","[0.0, 67.19000705300583, 63.21717169251364, 61.371941098564946, 90.98165015149235, 78.18282397920217, 156.61742479649948]","[62.560148716616155, np.float64(58.943071977076194), np.float64(75.361111553076), np.float64(80.07948306015777), np.float64(91.87631966096961), np.float64(31.27437990132753), 0.0]",38.2356,855.0954,TAURANGA
syn_06948,3,Bulker,37636.0,6,"['BURNIE', 'HAY POINT', 'MACKAY', 'MELBOURNE', 'KWINANA', 'AUCKLAND']","['Australia', 'Australia', 'Australia', 'Australia', 'Australia', 'New Zealand']","[-41.0534, -21.1629, -21.1059, -37.844, -32.0435, -36.8402]","[145.9108, 149.3474, 149.2318, 144.905, 115.6652, 174.7721]","['Southeast Australian Shelf', 'Northeast Australian Shelf', 'Northeast Australian Shelf', 'Southeast Australian Shelf', 'Southwest Australian Shelf', 'Northern New Zealand']","[0.0, 159.11673233168983, 51.47765485830557, 163.3487054345054, 193.13057839520414, 458.3046068480853]","[39.17139860154729, 19.037036423223114, 118.75883238819767, np.float64(27.35929947265878), 100.44824419696812, 0.0]",55.423,1290.9817,AUCKLAND
syn_06949,3,Bulker,34387.0,6,"['TOWNSVILLE', 'BRISBANE', 'MELBOURNE', 'KEMBLA', 'BRISBANE', 'AUCKLAND']","['Australia', 'Australia', 'Australia', 'Australia', 'Australia', 'New Zealand']","[-19.0942, -27.3765, -37.844, -34.4537, -27.3765, -36.8402]","[146.9491, 153.1665, 144.905, 150.8864, 153.1665, 174.7721]","['Northeast Australian Shelf', 'East Central Australian Shelf', 'Southeast Australian Shelf', 'East Central Australian Shelf', 'East Central Australian Shelf', 'Northern New Zealand']","[0.0, 77.74053710636647, 93.89165279784378, 53.55093725099513, 57.30877538055227, 201.24214491732602]","[115.40311335926631, np.float64(68.01669118033331), np.float64(50.74224591400895), np.float64(63.04071550931109), np.float64(44.675918500180735), 0.0]",34.4005,710.2096,AUCKLAND
syn_06950,3,Container,34067.0,7,"['NAPA NAPA', 'MOTUKEA ISLAND', 'LAE', 'KIMBE', 'RABAUL', 'HONIARA', 'TAURANGA']","['Papua New Guinea', 'Papua New Guinea', 'Papua New Guinea', 'Papua New Guinea', 'Papua New Guinea', 'Solomon Islands', 'New Zealand']","[-9.5056, -9.4328, -6.8146, -5.5497, -4.2033, -9.4274, -37.6444]","[147.1542, 147.1035, 146.9681, 150.1486, 152.1667, 159.9603, 176.1819]","['Eastern Coral Triangle', 'Eastern Coral Triangle', 'Eastern Coral Triangle', 'Eastern Coral Triangle', 'Eastern Coral Triangle', 'Eastern Coral Triangle', 'Northern New Zealand']","[0.0, 17.864509954840987, 77.16146851098082, 6.179840860187983, 24.862648931264342, 53.083137077798916, 110.99345217437993]","[67.91865038089006, np.float64(39.54994199629684), np.float64(24.10857633929044), np.float64(14.089688825186538), 10.195439261026698, np.float64(7.199735479396613), 0.0]",18.8836,385.2884,TAURANGA
syn_06951,3,General Cargo,40527.0,7,"['TOWNSVILLE', 'NAPA NAPA', 'MOTUKEA ISLAND', 'TOWNSVILLE', 'BOTANY', 'MELBOURNE', 'AUCKLAND']","['Australia', 'Papua New Guinea', 'Papua New Guinea', 'Australia', 'Australia', 'Australia', 'New Zealand']","[-19.0942, -9.5056, -9.4328, -19.0942, -33.9682, -37.844, -36.8402]","[146.9491, 147.1542, 147.1035, 146.9491, 151.2149, 144.905, 174.7721]","['Northeast Australian Shelf', 'Eastern Coral Triangle', 'Eastern Coral Triangle', 'Northeast Australian Shelf', 'East Central Australian Shelf', 'Southeast Australian Shelf', 'Northern New Zealand']","[0.0, 76.09210087292706, 53.76097949923371, 65.28526990686495, 82.83860732779385, 44.998110091486495, 144.79907121286843]","[24.343414828459355, 95.71605973177974, np.float64(23.190717417469678), 15.496253743556506, np.float64(19.29201765627951), np.float64(29.524257123486752), 0.0]",28.139,650.9934,AUCKLAND
syn_06952,3,General Cargo,12746.0,6,"['BELL BAY', 'BRISBANE', 'ADELAIDE', 'GEELONG', 'TAROONA', 'TAURANGA']","['Australia', 'Australia', 'Australia', 'Australia', 'Australia', 'New Zealand']","[-41.1352, -27.3765, -34.8169, -38.096, -42.938, -37.6444]","[146.8752, 153.1665, 138.2816, 144.3819, 147.3863, 176.1819]","['Southeast Australian Shelf', 'East Central Australian Shelf', 'Southwest Australian Shelf', 'Southeast Australian Shelf', 'Southeast Australian Shelf', 'Northern New Zealand']","[0.0, 103.96113068442111, 67.1912933088575, 36.07830559712858, 30.266327965644315, 184.29440508909352]","[44.525515568630475, np.float64(55.275356526638134), np.float64(108.33898052553202), np.float64(53.99873691976916), 11.935445385530892, 0.0]",28.9944,651.34,TAURANGA
syn_06953,3,Container,12502.0,7,"['LINCOLN', 'ADELAIDE', 'PORTLAND', 'GEELONG', 'NEWCASTLE', 'BRISBANE', 'WELLINGTON']","['Australia', 'Australia', 'Australia', 'Australia', 'Australia', 'Australia', 'New Zealand']","[-34.7176, -34.8169, -38.32, -38.096, -32.9182, -27.3765, -41.2746]","[135.8701, 138.2816, 141.7092, 144.3819, 151.7701, 153.1665, 174.7887]","['Southwest Australian Shelf', 'Southwest Australian Shelf', 'Southeast Australian Shelf', 'Southeast Australian Shelf', 'East Central Australian Shelf', 'East Central Australian Shelf', 'Southern New Zealand']","[0.0, 4.858812796785608, 21.62245183830497, 13.638261855918321, 61.9293866915733, 39.42967336167851, 113.96082816745702]","[40.00601282903643, np.float64(6.694389911247032), 19.89929892479588, np.float64(8.03480501602021), np.float64(83.22385856992626), np.float64(28.58213209866205), 0.0]",18.4117,401.8739,WELLINGTON
syn_06954,3,Container,12502.0,7,"['LAE', 'KIMBE', 'RABAUL', 'HONIARA', 'BRISBANE', 'NOUMEA', 'TAURANGA']","['Papua New Guinea', 'Papua New Guinea', 'Papua New Guinea', 'Solomon Islands', 'Australia', 'New Caledonia', 'New Zealand']","[-6.8146, -5.5497, -4.2033, -9.4274, -27.3765, -22.2633, -37.6444]","[146.9681, 150.1486, 152.1667, 159.9603, 153.1665, 166.4317, 176.1819]","['Eastern Coral Triangle', 'Eastern Coral Triangle', 'Eastern Coral Triangle', 'Eastern Coral Triangle', 'East Central Australian Shelf', 'Tropical Southwestern Pacific', 'Northern New Zealand']","[0.0, 6.179840860187983, 13.200031452260133, 42.563165549105804, 104.06256929781836, 49.78250429953526, 76.0227806531959]","[np.float64(27.44835977934092), np.float64(6.401878087694923), 12.956632274689376, np.float64(7.004475615955906), np.float64(28.84284702077823), 35.920928770192134, 0.0]",17.0994,382.9377,TAURANGA
syn_06955,3,Bulker,31669.0,5,"['LAE', 'KIMBE', 'RABAUL', 'HONIARA', 'TAURANGA']","['Papua New Guinea', 'Papua New Guinea', 'Papua New Guinea', 'Solomon Islands', 'New Zealand']","[-6.8146, -5.5497, -4.2033, -9.4274, -37.6444]","[146.9681, 150.1486, 152.1667, 159.9603, 176.1819]","['Eastern Coral Triangle', 'Eastern Coral Triangle', 'Eastern Coral Triangle', 'Eastern Coral Triangle', 'Northern New Zealand']","[0.0, 3.698702338869325, 54.93399210220133, 85.75939141655633, 297.7427774282868]","[np.float64(85.08158440321614), np.float64(36.12929823667394), 92.01243275580468, np.float64(51.00400677450939), 0.0]",29.4318,621.2806,TAURANGA
syn_06956,3,Container,12502.0,7,"['NEWCASTLE', 'BRISBANE', 'KEMBLA', 'MELBOURNE', 'ADELAIDE', 'LAE', 'NEW PLYMOUTH']","['Australia', 'Australia', 'Australia', 'Australia', 'Australia', 'Papua New Guinea', 'New Zealand']","[-32.9182, -27.3765, -34.4537, -37.844, -34.8169, -6.8146, -39.0577]","[151.7701, 153.1665, 150.8864, 144.905, 138.2816, 146.9681, 174.0346]","['East Central Australian Shelf', 'East Central Australian Shelf', 'East Central Australian Shelf', 'Southeast Australian Shelf', 'Southwest Australian Shelf', 'Eastern Coral Triangle', 'Southern New Zealand']","[0.0, 23.849373219467527, 31.498168912933476, 40.59477412514471, 50.50150152747757, 288.3051776919063, 173.17035359797438]","[np.float64(16.019409678650476), np.float64(46.8985981267471), np.float64(76.46677156454984), np.float64(17.579249759902538), np.float64(27.46602041259169), np.float64(28.87495331229016), 0.0]",34.2177,805.2049,NEW PLYMOUTH
syn_06957,3,General Cargo,5351.0,7,"['BRISBANE', 'GEELONG', 'DEVONPORT', 'PORTLAND', 'ADELAIDE', 'LINCOLN', 'NAPIER']","['Australia', 'Australia', 'Australia', 'Australia', 'Australia', 'Australia', 'New Zealand']","[-27.3765, -38.096, -41.1873, -38.32, -34.8169, -34.7176, -39.4759]","[153.1665, 144.3819, 146.3638, 141.7092, 138.2816, 135.8701, 176.9184]","['East Central Australian Shelf', 'Southeast Australian Shelf', 'Southeast Australian Shelf', 'Southeast Australian Shelf', 'Southwest Australian Shelf', 'Southwest Australian Shelf', 'Southern New Zealand']","[0.0, 101.70312847048918, 10.71931407131432, 32.586771922678984, 21.398558492128632, 14.64285793112786, 139.628147799331]","[np.float64(82.24847458906885), np.float64(33.779433694278715), 76.07384180715995, 44.271582440330846, np.float64(49.14660408464153), 20.684043147868643, 0.0]",26.1201,544.6343,NAPIER
syn_06958,3,Container,22314.0,5,"['GERALDTON', 'BUNBURY', 'THEVENARD', 'BRISBANE', 'AUCKLAND']","['Australia', 'Australia', 'Australia', 'Australia', 'New Zealand']","[-28.6797, -33.3243, -32.1493, -27.3765, -36.8402]","[114.5095, 115.6615, 133.6409, 153.1665, 174.7721]","['West Central Australian Shelf', 'Southwest Australian Shelf', 'Southwest Australian Shelf', 'East Central Australian Shelf', 'Northern New Zealand']","[0.0, 21.75892100245725, 52.273142867123475, 75.35030602292565, 118.02799255555593]","[10.330596458850373, 19.484240212374417, 9.566586079780498, np.float64(9.914107006765416), 0.0]",13.1961,306.3753,AUCKLAND
syn_06959,3,Container,5923.0,6,"['BRISBANE', 'ADELAIDE', 'GEELONG', 'TAROONA', 'HOBART', 'NEW PLYMOUTH']","['Australia', 'Australia', 'Australia', 'Australia', 'Australia', 'New Zealand']","[-27.3765, -34.8169, -38.096, -42.938, -42.8304, -39.0577]","[153.1665, 138.2816, 144.3819, 147.3863, 147.3195, 174.0346]","['East Central Australian Shelf', 'Southwest Australian Shelf', 'Southeast Australian Shelf', 'Southeast Australian Shelf', 'Southeast Australian Shelf', 'Southern New Zealand']","[0.0, 88.72493559139275, 39.62822569658616, 31.26916896120202, 72.80314093845017, 113.58159038411978]","[np.float64(26.723921964874176), np.float64(45.64748543494582), np.float64(9.467977555169966), 124.42554296278774, 33.029334325428046, 0.0]",24.3876,558.5774,NEW PLYMOUTH
syn_06960,3,General Cargo,9793.0,7,"['NAPA NAPA', 'MOTUKEA ISLAND', 'LAE', 'HONIARA', 'LUGANVILLE', 'VILA', 'TAURANGA']","['Papua New Guinea', 'Papua New Guinea', 'Papua New Guinea', 'Solomon Islands', 'Vanuatu', 'Vanuatu', 'New Zealand']","[-9.5056, -9.4328, -6.8146, -9.4274, -15.515, -17.754, -37.6444]","[147.1542, 147.1035, 146.9681, 159.9603, 167.1867, 168.3044, 176.1819]","['Eastern Coral Triangle', 'Eastern Coral Triangle', 'Eastern Coral Triangle', 'Eastern Coral Triangle', 'Tropical Southwestern Pacific', 'Tropical Southwestern Pacific', 'Northern New Zealand']","[0.0, 41.499088135383424, 83.40711190365786, 61.27561790810833, 35.59312383949392, 29.409761242408198, 109.36731923202076]","[41.30624643988226, np.float64(6.466830973763016), np.float64(15.496000183526832), np.float64(18.258287957005635), np.float64(27.941096067204544), np.float64(15.660396621797696), 0.0]",20.2367,444.3746,TAURANGA
syn_06961,3,Tanker,12707.0,7,"['NAPA NAPA', 'MOTUKEA ISLAND', 'LAE', 'HONIARA', 'LUGANVILLE', 'VILA', 'TAURANGA']","['Papua New Guinea', 'Papua New Guinea', 'Papua New Guinea', 'Solomon Islands', 'Vanuatu', 'Vanuatu', 'New Zealand']","[-9.5056, -9.4328, -6.8146, -9.4274, -15.515, -17.754, -37.6444]","[147.1542, 147.1035, 146.9681, 159.9603, 167.1867, 168.3044, 176.1819]","['Eastern Coral Triangle', 'Eastern Coral Triangle', 'Eastern Coral Triangle', 'Eastern Coral Triangle', 'Tropical Southwestern Pacific', 'Tropical Southwestern Pacific', 'Northern New Zealand']","[0.0, 56.518010726103675, 97.87623438692108, 65.40822908293805, 59.67316894285552, 61.966314768394106, 179.62723744888496]","[11.125864631747731, np.float64(6.833535392426542), np.float64(23.415880991430654), np.float64(27.87077319554721), np.float64(22.675340695176835), np.float64(11.768699310119423), 0.0]",26.0316,613.6334,TAURANGA
syn_06962,3,Bulker,37520.0,6,"['VAVOUTO', 'NEWCASTLE', 'PRONY BAY', 'NEWCASTLE', 'VAVOUTO', 'NELSON']","['New Caledonia', 'Australia', 'New Caledonia', 'Australia', 'New Caledonia', 'New Zealand']","[-21.0033, -32.9182, -22.3524, -32.9182, -21.0033, -41.2611]","[164.6667, 151.7701, 166.8904, 151.7701, 164.6667, 173.2733]","['Tropical Southwestern Pacific', 'East Central Australian Shelf', 'Tropical Southwestern Pacific', 'East Central Australian Shelf', 'Tropical Southwestern Pacific', 'Southern New Zealand']","[0.0, 185.6709033925249, 107.43552810634434, 105.70143563905981, 125.23660219789666, 181.00064393196558]","[38.019225131805996, np.float64(48.258368741855605), 25.740097875915943, np.float64(98.33068782431087), 33.08266518422871, 0.0]",39.5198,910.4569,NELSON
syn_06963,3,General Cargo,12502.0,6,"['NAPA NAPA', 'MOTUKEA ISLAND', 'LAE', 'HONIARA', 'LUGANVILLE', 'AUCKLAND']","['Papua New Guinea', 'Papua New Guinea', 'Papua New Guinea', 'Solomon Islands', 'Vanuatu', 'New Zealand']","[-9.5056, -9.4328, -6.8146, -9.4274, -15.515, -36.8402]","[147.1542, 147.1035, 146.9681, 159.9603, 167.1867, 174.7721]","['Eastern Coral Triangle', 'Eastern Coral Triangle', 'Eastern Coral Triangle', 'Eastern Coral Triangle', 'Tropical Southwestern Pacific', 'Northern New Zealand']","[0.0, 34.68410768350201, 87.22173025594716, 31.971208490894444, 47.44574531171094, 120.66558262300707]","[17.744090793806055, np.float64(7.480334604546732), np.float64(43.31292759042715), np.float64(48.18366887173592), np.float64(13.572396476003679), 0.0]",18.8451,434.5377,AUCKLAND
syn_06964,3,Bulker,33963.0,7,"['EST', 'KWINANA', 'FREMANTLE', 'ADELAIDE', 'MELBOURNE', 'KEMBLA', 'AUCKLAND']","['RÃ\x83Â©union', 'Australia', 'Australia', 'Australia', 'Australia', 'Australia', 'New Zealand']","[-20.9327, -32.0435, -32.051, -34.8169, -37.844, -34.4537, -36.8402]","[55.3178, 115.6652, 115.7393, 138.2816, 144.905, 150.8864, 174.7721]","['Western Indian Ocean', 'Southwest Australian Shelf', 'Southwest Australian Shelf', 'Southwest Australian Shelf', 'Southeast Australian Shelf', 'East Central Australian Shelf', 'Northern New Zealand']","[0.0, 491.79204688033536, 70.19917533704651, 143.82015007025623, 51.3457032983124, 55.22610835514705, 167.07373144336927]","[87.03785463637523, 22.586814216786582, 10.460114242601126, np.float64(36.738671098966314), np.float64(42.07064908688324), np.float64(35.608910678097935), 0.0]",50.5817,1126.9221,AUCKLAND
syn_06965,3,General Cargo,9793.0,7,"['NEW PRIOK', 'KWINANA', 'FREMANTLE', 'ADELAIDE', 'MELBOURNE', 'KEMBLA', 'AUCKLAND']","['Indonesia', 'Australia', 'Australia', 'Australia', 'Australia', 'Australia', 'New Zealand']","[-6.0976, -32.0435, -32.051, -34.8169, -37.844, -34.4537, -36.8402]","[106.884, 115.6652, 115.7393, 138.2816, 144.905, 150.8864, 174.7721]","['Java Transitional', 'Southwest Australian Shelf', 'Southwest Australian Shelf', 'Southwest Australian Shelf', 'Southeast Australian Shelf', 'East Central Australian Shelf', 'Northern New Zealand']","[0.0, 196.10058724621467, 49.568569791898014, 191.14019516228768, 53.52916188369364, 62.39258246615704, 118.27347959555497]","[109.4155784847561, 15.369325194266327, 10.960758001037766, np.float64(78.6523568827257), np.float64(131.23598757423423), np.float64(18.676769970800496), 0.0]",43.1381,925.8998,AUCKLAND
syn_06966,3,Container,28170.0,7,"['GLADSTONE', 'MOTUKEA ISLAND', 'LAE', 'HONIARA', 'LUGANVILLE', 'VILA', 'TAURANGA']","['Australia', 'Papua New Guinea', 'Papua New Guinea', 'Solomon Islands', 'Vanuatu', 'Vanuatu', 'New Zealand']","[-23.8351, -9.4328, -6.8146, -9.4274, -15.515, -17.754, -37.6444]","[151.2712, 147.1035, 146.9681, 159.9603, 167.1867, 168.3044, 176.1819]","['Northeast Australian Shelf', 'Eastern Coral Triangle', 'Eastern Coral Triangle', 'Eastern Coral Triangle', 'Tropical Southwestern Pacific', 'Tropical Southwestern Pacific', 'Northern New Zealand']","[0.0, 67.09421182515848, 61.02794155475972, 72.1001188785737, 46.72053087259155, 44.621581671923295, 132.24674177717498]","[13.038763905630802, np.float64(15.157679371262743), np.float64(24.362487460112707), np.float64(33.49269214854083), np.float64(10.072263447301074), np.float64(28.356014470039717), 0.0]",22.8455,535.2523,TAURANGA
syn_06967,3,Container,5923.0,7,"['GLADSTONE', 'MOTUKEA ISLAND', 'LAE', 'KIMBE', 'RABAUL', 'MOTUKEA ISLAND', 'NAPIER']","['Australia', 'Papua New Guinea', 'Papua New Guinea', 'Papua New Guinea', 'Papua New Guinea', 'Papua New Guinea', 'New Zealand']","[-23.8351, -9.4328, -6.8146, -5.5497, -4.2033, -9.4328, -39.4759]","[151.2712, 147.1035, 146.9681, 150.1486, 152.1667, 147.1035, 176.9184]","['Northeast Australian Shelf', 'Eastern Coral Triangle', 'Eastern Coral Triangle', 'Eastern Coral Triangle', 'Eastern Coral Triangle', 'Eastern Coral Triangle', 'Southern New Zealand']","[0.0, 111.64858513470288, 36.841218360760394, 6.179840860187983, 32.2169583600054, 40.581917172693565, 233.73337165084118]","[42.910262595743596, np.float64(10.445463113461168), np.float64(40.98087649728919), np.float64(13.014013942800828), 53.61926842366596, np.float64(8.508883309930738), 0.0]",26.2784,587.7704,NAPIER
syn_06968,3,Container,34567.0,6,"['NOUMEA', 'LAUTOKA', 'SUVA', 'LUGANVILLE', 'VILA', 'TAURANGA']","['New Caledonia', 'Fiji', 'Fiji', 'Vanuatu', 'Vanuatu', 'New Zealand']","[-22.2633, -17.6036, -18.1339, -15.515, -17.754, -37.6444]","[166.4317, 177.4387, 178.4235, 167.1867, 168.3044, 176.1819]","['Tropical Southwestern Pacific', 'Tropical Southwestern Pacific', 'Tropical Southwestern Pacific', 'Tropical Southwestern Pacific', 'Tropical Southwestern Pacific', 'Northern New Zealand']","[0.0, 98.1539752390257, 11.183206038062396, 146.04542000905712, 23.499593136867023, 115.66578663961751]","[28.191005077611283, np.float64(29.340263458108232), np.float64(75.34688891041148), np.float64(10.430636129374687), np.float64(16.73967510324707), 0.0]",23.1082,526.4054,TAURANGA
syn_06969,3,Container,22968.0,6,"['CAIRNS', 'MACKAY', 'BRISBANE', 'NEWCASTLE', 'BOTANY', 'NELSON']","['Australia', 'Australia', 'Australia', 'Australia', 'Australia', 'New Zealand']","[-16.8017, -21.1059, -27.3765, -32.9182, -33.9682, -41.2611]","[145.8833, 149.2318, 153.1665, 151.7701, 151.2149, 173.2733]","['Northeast Australian Shelf', 'Northeast Australian Shelf', 'East Central Australian Shelf', 'East Central Australian Shelf', 'East Central Australian Shelf', 'Southern New Zealand']","[0.0, 28.611558032522417, 19.09777402232383, 18.158001685463447, 2.6258102163786003, 51.69598406021349]","[32.786324768038945, 57.48488087057073, np.float64(17.926091332013367), np.float64(20.525668051517062), np.float64(24.40810241113922), 0.0]",11.3883,240.5339,NELSON
syn_06970,3,Container,12502.0,7,"['GLADSTONE', 'MOTUKEA ISLAND', 'LAE', 'RABAUL', 'HONIARA', 'LUGANVILLE', 'AUCKLAND']","['Australia', 'Papua New Guinea', 'Papua New Guinea', 'Papua New Guinea', 'Solomon Islands', 'Vanuatu', 'New Zealand']","[-23.8351, -9.4328, -6.8146, -4.2033, -9.4274, -15.515, -36.8402]","[151.2712, 147.1035, 146.9681, 152.1667, 159.9603, 167.1867, 174.7721]","['Northeast Australian Shelf', 'Eastern Coral Triangle', 'Eastern Coral Triangle', 'Eastern Coral Triangle', 'Eastern Coral Triangle', 'Tropical Southwestern Pacific', 'Northern New Zealand']","[0.0, 54.742114518475326, 42.02717882969435, 45.23249086179308, 45.127924462694054, 58.212169626061254, 147.9106537238172]","[13.005818967208898, np.float64(6.181095482077668), np.float64(16.527826661689847), 17.301758009869435, np.float64(33.572680847333544), np.float64(20.218052311958772), 0.0]",20.8358,487.0539,AUCKLAND
syn_06971,3,Bulker,37987.0,6,"['RABAUL', 'KIMBE', 'LAE', 'HONIARA', 'LUGANVILLE', 'AUCKLAND']","['Papua New Guinea', 'Papua New Guinea', 'Papua New Guinea', 'Solomon Islands', 'Vanuatu', 'New Zealand']","[-4.2033, -5.5497, -6.8146, -9.4274, -15.515, -36.8402]","[152.1667, 150.1486, 146.9681, 159.9603, 167.1867, 174.7721]","['Eastern Coral Triangle', 'Eastern Coral Triangle', 'Eastern Coral Triangle', 'Eastern Coral Triangle', 'Tropical Southwestern Pacific', 'Northern New Zealand']","[0.0, 34.53389934156726, 6.450396256297439, 68.33500745294273, 76.24098327643318, 205.80997079541723]","[42.825138003912336, np.float64(98.69410003989746), np.float64(66.2345480044499), np.float64(82.41595121376419), np.float64(115.7941477459885), 0.0]",33.2223,754.509,AUCKLAND
syn_06972,3,Bulker,37555.0,5,"['HEDLAND', 'SURABAYA', 'GRESIK, JAVA', 'KRANJI', 'TAURANGA']","['Australia', 'Indonesia', 'Indonesia', 'Indonesia', 'New Zealand']","[-20.0977, -6.8484, -7.1978, -6.8465, -37.6444]","[118.5382, 112.7851, 112.7238, 112.4288, 176.1819]","['Northwest Australian Shelf', 'Sunda Shelf', 'Sunda Shelf', 'Sunda Shelf', 'Northern New Zealand']","[0.0, 100.53993394760992, 57.1743607882875, 59.25909223245066, 409.35591742644027]","[71.98294362649864, 76.93984456358528, 91.00292927077157, 22.202817916219438, 0.0]",37.0191,816.4749,TAURANGA
syn_06973,3,RoRo,18867.0,7,"['BRISBANE', 'TAROONA', 'HOBART', 'ADELAIDE', 'GEELONG', 'TAROONA', 'NEW PLYMOUTH']","['Australia', 'Australia', 'Australia', 'Australia', 'Australia', 'Australia', 'New Zealand']","[-27.3765, -42.938, -42.8304, -34.8169, -38.096, -42.938, -39.0577]","[153.1665, 147.3863, 147.3195, 138.2816, 144.3819, 147.3863, 174.0346]","['East Central Australian Shelf', 'Southeast Australian Shelf', 'Southeast Australian Shelf', 'Southwest Australian Shelf', 'Southeast Australian Shelf', 'Southeast Australian Shelf', 'Southern New Zealand']","[0.0, 207.5035640515641, 39.80036214455577, 50.325655081161585, 24.18289815811035, 27.193284245760182, 121.80607711366525]","[np.float64(44.9207789802148), 6.594751221091054, 13.35761531032829, np.float64(83.85308376820335), np.float64(18.060118098134087), 28.206827888555363, 0.0]",27.7419,620.8842,NEW PLYMOUTH
syn_06974,3,Container,12502.0,6,"['BRISBANE', 'LAUTOKA', 'SUVA', 'VILA', 'LUGANVILLE', 'AUCKLAND']","['Australia', 'Fiji', 'Fiji', 'Vanuatu', 'Vanuatu', 'New Zealand']","[-27.3765, -17.6036, -18.1339, -17.754, -15.515, -36.8402]","[153.1665, 177.4387, 178.4235, 168.3044, 167.1867, 174.7721]","['East Central Australian Shelf', 'Tropical Southwestern Pacific', 'Tropical Southwestern Pacific', 'Tropical Southwestern Pacific', 'Tropical Southwestern Pacific', 'Northern New Zealand']","[0.0, 171.70717850819622, 12.667569637539403, 38.69067245035379, 73.79658247002729, 187.4184194641043]","[np.float64(20.225346850138944), np.float64(21.715377426772754), np.float64(33.77600446032051), np.float64(42.00765562315992), np.float64(6.169569417587913), 0.0]",25.3406,587.949,AUCKLAND
syn_06975,3,Bulker,37806.0,7,"['BRISBANE', 'LAE', 'MOTUKEA ISLAND', 'BRISBANE', 'NOUMEA', 'SUVA', 'AUCKLAND']","['Australia', 'Papua New Guinea', 'Papua New Guinea', 'Australia', 'New Caledonia', 'Fiji', 'New Zealand']","[-27.3765, -6.8146, -9.4328, -27.3765, -22.2633, -18.1339, -36.8402]","[153.1665, 146.9681, 147.1035, 153.1665, 166.4317, 178.4235, 174.7721]","['East Central Australian Shelf', 'Eastern Coral Triangle', 'Eastern Coral Triangle', 'East Central Australian Shelf', 'Tropical Southwestern Pacific', 'Tropical Southwestern Pacific', 'Northern New Zealand']","[0.0, 150.0441227454389, 70.28454064799024, 122.54707038230568, 104.32745667363899, 145.37301849755255, 165.45030278400577]","[np.float64(36.532489182571666), np.float64(89.43110685026106), np.float64(26.81794304746859), np.float64(121.60948464151325), 27.721034016997525, np.float64(124.91473553687142), 0.0]",49.3772,1148.5208,AUCKLAND
syn_06976,3,Bulker,37574.0,6,"['NOUMEA', 'LAUTOKA', 'SUVA', 'VILA', 'LUGANVILLE', 'AUCKLAND']","['New Caledonia', 'Fiji', 'Fiji', 'Vanuatu', 'Vanuatu', 'New Zealand']","[-22.2633, -17.6036, -18.1339, -17.754, -15.515, -36.8402]","[166.4317, 177.4387, 178.4235, 168.3044, 167.1867, 174.7721]","['Tropical Southwestern Pacific', 'Tropical Southwestern Pacific', 'Tropical Southwestern Pacific', 'Tropical Southwestern Pacific', 'Tropical Southwestern Pacific', 'Northern New Zealand']","[0.0, 129.97021446380785, 9.459820580415842, 57.86612991857544, 101.42969367906969, 131.5772255741085]","[19.949531900602036, np.float64(21.632072822820053), np.float64(113.34916807708348), np.float64(61.14679238528225), np.float64(46.46514921506926), 0.0]",28.8686,672.8963,AUCKLAND
syn_06977,3,Container,12502.0,7,"['BALL BAY', 'CASCADE', 'BOTANY', 'VUDA', 'NADI BAY', 'NOUMEA', 'NEW PLYMOUTH']","['Australia', 'Australia', 'Australia', 'Fiji', 'Fiji', 'New Caledonia', 'New Zealand']","[-29.0496, -29.0094, -33.9682, -17.6861, -17.7162, -22.2633, -39.0577]","[167.9864, 167.9779, 151.2149, 177.3849, 177.371, 166.4317, 174.0346]","['Lord Howe and Norfolk Islands', 'Lord Howe and Norfolk Islands', 'East Central Australian Shelf', 'Tropical Southwestern Pacific', 'Tropical Southwestern Pacific', 'Tropical Southwestern Pacific', 'Southern New Zealand']","[0.0, 48.66128790792611, 44.82899460706118, 209.34038740778624, 26.69276705764303, 54.916729593879694, 46.416537994791085]","[29.224613574308425, 13.4750785206084, np.float64(19.56953126016044), 27.03391439611876, 32.48967592193211, 18.77878845004998, 0.0]",23.8095,542.2037,NEW PLYMOUTH
syn_06978,3,Bulker,32701.0,7,"['NAPA NAPA', 'MOTUKEA ISLAND', 'LAE', 'HONIARA', 'LUGANVILLE', 'VILA', 'TAURANGA']","['Papua New Guinea', 'Papua New Guinea', 'Papua New Guinea', 'Solomon Islands', 'Vanuatu', 'Vanuatu', 'New Zealand']","[-9.5056, -9.4328, -6.8146, -9.4274, -15.515, -17.754, -37.6444]","[147.1542, 147.1035, 146.9681, 159.9603, 167.1867, 168.3044, 176.1819]","['Eastern Coral Triangle', 'Eastern Coral Triangle', 'Eastern Coral Triangle', 'Eastern Coral Triangle', 'Tropical Southwestern Pacific', 'Tropical Southwestern Pacific', 'Northern New Zealand']","[0.0, 98.09880919250806, 57.89718277155937, 75.49842536681834, 60.40867511595214, 80.75379381666706, 138.48247745438934]","[29.346487217149573, np.float64(12.151105300477088), np.float64(135.02406339905443), np.float64(88.28783205502641), np.float64(45.15536217953193), np.float64(12.58342369368724), 0.0]",34.737,804.3412,TAURANGA
syn_06979,3,Bulker,63666.0,7,"['GEELONG', 'PORTLAND', 'ADELAIDE', 'LINCOLN', 'ARDROSSAN', 'KEMBLA', 'AUCKLAND']","['Australia', 'Australia', 'Australia', 'Australia', 'Australia', 'Australia', 'New Zealand']","[-38.096, -38.32, -34.8169, -34.7176, -34.4394, -34.4537, -36.8402]","[144.3819, 141.7092, 138.2816, 135.8701, 137.9262, 150.8864, 174.7721]","['Southeast Australian Shelf', 'Southeast Australian Shelf', 'Southwest Australian Shelf', 'Southwest Australian Shelf', 'Southwest Australian Shelf', 'East Central Australian Shelf', 'Northern New Zealand']","[0.0, 15.972964214467542, 19.839328088708964, 9.513401591342996, 8.365948628466963, 102.11883683520303, 115.62349838188875]","[np.float64(86.68728690628222), 62.5874736866536, np.float64(113.56003045306124), 41.636818170681074, 61.9797972578544, np.float64(33.12703642064147), 0.0]",27.9589,584.3251,AUCKLAND
syn_06980,3,Bulker,34529.0,6,"['GEELONG', 'ARDROSSAN', 'KEMBLA', 'BLUESCOPE', 'MELBOURNE', 'LYTTELTON']","['Australia', 'Australia', 'Australia', 'Australia', 'Australia', 'New Zealand']","[-38.096, -34.4394, -34.4537, -38.291, -37.844, -43.606]","[144.3819, 137.9262, 150.8864, 145.2292, 144.905, 172.7213]","['Southeast Australian Shelf', 'Southwest Australian Shelf', 'East Central Australian Shelf', 'Southeast Australian Shelf', 'Southeast Australian Shelf', 'Southern New Zealand']","[0.0, 40.6812463414818, 76.44053930093006, 48.49688576867336, 40.29792459675427, 125.51356924393616]","[np.float64(28.450603153910368), 131.22919645014585, np.float64(39.49153833968959), 103.78955773970097, np.float64(123.04153122140383), 0.0]",31.5597,728.982,LYTTELTON
syn_06981,3,Bulker,40481.0,7,"['BIRINGKASSI', 'GEELONG', 'MELBOURNE', 'ARDROSSAN', 'KEMBLA', 'BLUESCOPE', 'TAURANGA']","['Indonesia', 'Australia', 'Australia', 'Australia', 'Australia', 'Australia', 'New Zealand']","[-4.816, -38.096, -37.844, -34.4394, -34.4537, -38.291, -37.6444]","[119.4552, 144.3819, 144.905, 137.9262, 150.8864, 145.2292, 176.1819]","['Western Coral Triangle', 'Southeast Australian Shelf', 'Southeast Australian Shelf', 'Southwest Australian Shelf', 'East Central Australian Shelf', 'Southeast Australian Shelf', 'Northern New Zealand']","[0.0, 471.6676261525195, 80.69291798953338, 54.708765350598064, 97.10782020856105, 69.76166773969106, 154.1177543927269]","[12.819682559641524, np.float64(76.54727767285422), np.float64(37.81705170821784), 79.4196179378821, np.float64(18.942939054293735), 96.50108252543444, 0.0]",52.0877,1237.2845,TAURANGA
syn_06982,3,Container,28170.0,7,"['BRISBANE', 'MELBOURNE', 'BELL BAY', 'BOTANY', 'BRISBANE', 'NOUMEA', 'NELSON']","['Australia', 'Australia', 'Australia', 'Australia', 'Australia', 'New Caledonia', 'New Zealand']","[-27.3765, -37.844, -41.1352, -33.9682, -27.3765, -22.2633, -41.2611]","[153.1665, 144.905, 146.8752, 151.2149, 153.1665, 166.4317, 173.2733]","['East Central Australian Shelf', 'Southeast Australian Shelf', 'Southeast Australian Shelf', 'East Central Australian Shelf', 'East Central Australian Shelf', 'Tropical Southwestern Pacific', 'Southern New Zealand']","[0.0, 81.19832598061878, 6.628668778589699, 57.55735761095583, 39.82889728941751, 93.07348472319998, 43.57567286479871]","[np.float64(77.17466434653494), np.float64(57.95056889247066), 23.021708631410643, np.float64(9.477200586644301), np.float64(19.785465723920723), 17.83634678720862, 0.0]",21.9628,449.9337,NELSON
syn_06983,3,Tanker,12812.0,7,"['NAPA NAPA', 'MOTUKEA ISLAND', 'LAE', 'HONIARA', 'LUGANVILLE', 'VILA', 'TAURANGA']","['Papua New Guinea', 'Papua New Guinea', 'Papua New Guinea', 'Solomon Islands', 'Vanuatu', 'Vanuatu', 'New Zealand']","[-9.5056, -9.4328, -6.8146, -9.4274, -15.515, -17.754, -37.6444]","[147.1542, 147.1035, 146.9681, 159.9603, 167.1867, 168.3044, 176.1819]","['Eastern Coral Triangle', 'Eastern Coral Triangle', 'Eastern Coral Triangle', 'Eastern Coral Triangle', 'Tropical Southwestern Pacific', 'Tropical Southwestern Pacific', 'Northern New Zealand']","[0.0, 53.18390058379456, 80.75567156209368, 95.14144880946859, 88.74365452484668, 56.28748542258595, 121.28561508801158]","[9.774345754697379, np.float64(16.490183595316434), np.float64(9.244824014915205), np.float64(21.364247043685065), np.float64(49.456453750690905), np.float64(43.51264169834177), 0.0]",26.885,635.4661,TAURANGA
syn_06984,3,General Cargo,2159.0,7,"['LAE', 'KIMBE', 'RABAUL', 'HONIARA', 'LUGANVILLE', 'VILA', 'TAURANGA']","['Papua New Guinea', 'Papua New Guinea', 'Papua New Guinea', 'Solomon Islands', 'Vanuatu', 'Vanuatu', 'New Zealand']","[-6.8146, -5.5497, -4.2033, -9.4274, -15.515, -17.754, -37.6444]","[146.9681, 150.1486, 152.1667, 159.9603, 167.1867, 168.3044, 176.1819]","['Eastern Coral Triangle', 'Eastern Coral Triangle', 'Eastern Coral Triangle', 'Eastern Coral Triangle', 'Tropical Southwestern Pacific', 'Tropical Southwestern Pacific', 'Northern New Zealand']","[0.0, 5.099756113403384, 15.98386092270422, 57.685592207539074, 68.2120561864463, 24.38083737777833, 109.19618697124194]","[np.float64(19.247486244218866), np.float64(12.2141710710866), 23.617282195221545, np.float64(24.760735582855755), np.float64(83.83040587916764), np.float64(20.74420352671974), 0.0]",19.3739,445.7251,TAURANGA
syn_06985,3,Container,5923.0,7,"['NAPA NAPA', 'MOTUKEA ISLAND', 'LAE', 'BRISBANE', 'BOTANY', 'MELBOURNE', 'AUCKLAND']","['Papua New Guinea', 'Papua New Guinea', 'Papua New Guinea', 'Australia', 'Australia', 'Australia', 'New Zealand']","[-9.5056, -9.4328, -6.8146, -27.3765, -33.9682, -37.844, -36.8402]","[147.1542, 147.1035, 146.9681, 153.1665, 151.2149, 144.905, 174.7721]","['Eastern Coral Triangle', 'Eastern Coral Triangle', 'Eastern Coral Triangle', 'East Central Australian Shelf', 'East Central Australian Shelf', 'Southeast Australian Shelf', 'Northern New Zealand']","[0.0, 17.864509954840987, 54.29049812603355, 63.75993400996877, 27.805899384682437, 51.549410978509606, 136.78721073781225]","[23.242225688599316, np.float64(46.11248482744125), np.float64(41.93896112001279), np.float64(23.470613746952658), np.float64(10.464354668517577), np.float64(40.26574784531743), 0.0]",22.398,514.3096,AUCKLAND
syn_06986,3,RoRo,18836.0,7,"['FUNAFUTI', 'NANUMANGA', 'NANUMEA', 'NIUTAO', 'FUNAFUTI', 'SUVA', 'AUCKLAND']","['Tuvalu', 'Tuvalu', 'Tuvalu', 'Tuvalu', 'Tuvalu', 'Fiji', 'New Zealand']","[-8.5032, -6.2821, -5.6755, -6.1016, -8.5032, -18.1339, -36.8402]","[179.1946, 176.3086, 176.1033, 177.3293, 179.1946, 178.4235, 174.7721]","['Marshall, Gilbert and Ellis Islands', 'Marshall, Gilbert and Ellis Islands', 'Marshall, Gilbert and Ellis Islands', 'Marshall, Gilbert and Ellis Islands', 'Marshall, Gilbert and Ellis Islands', 'Tropical Southwestern Pacific', 'Northern New Zealand']","[0.0, 36.55601508583502, 35.31048241365577, 9.53278645494224, 28.5106152569872, 70.75673596662939, 141.50839469679576]","[99.48512056375706, 19.19346843799662, 105.09934920059573, 99.37438024272139, 115.44314258225555, np.float64(27.003180213784127), 0.0]",32.8239,688.2886,AUCKLAND
syn_06987,3,Bulker,35513.0,7,"['MOTUKEA ISLAND', 'LAE', 'KIMBE', 'RABAUL', 'HONIARA', 'LUGANVILLE', 'AUCKLAND']","['Papua New Guinea', 'Papua New Guinea', 'Papua New Guinea', 'Papua New Guinea', 'Solomon Islands', 'Vanuatu', 'New Zealand']","[-9.4328, -6.8146, -5.5497, -4.2033, -9.4274, -15.515, -36.8402]","[147.1035, 146.9681, 150.1486, 152.1667, 159.9603, 167.1867, 174.7721]","['Eastern Coral Triangle', 'Eastern Coral Triangle', 'Eastern Coral Triangle', 'Eastern Coral Triangle', 'Eastern Coral Triangle', 'Tropical Southwestern Pacific', 'Northern New Zealand']","[0.0, 61.04345659800207, 3.8266218470511135, 38.142744624793416, 84.70917350712881, 65.33283465404148, 140.6027890530073]","[np.float64(56.11162574077269), np.float64(27.10108030516124), np.float64(21.952560257030633), 16.357123946384178, np.float64(34.116684205040464), np.float64(24.442148243041245), 0.0]",23.9058,517.6272,AUCKLAND
syn_06988,3,Bulker,39721.0,7,"['MOTUKEA ISLAND', 'LAE', 'KIMBE', 'RABAUL', 'HONIARA', 'LUGANVILLE', 'AUCKLAND']","['Papua New Guinea', 'Papua New Guinea', 'Papua New Guinea', 'Papua New Guinea', 'Solomon Islands', 'Vanuatu', 'New Zealand']","[-9.4328, -6.8146, -5.5497, -4.2033, -9.4274, -15.515, -36.8402]","[147.1035, 146.9681, 150.1486, 152.1667, 159.9603, 167.1867, 174.7721]","['Eastern Coral Triangle', 'Eastern Coral Triangle', 'Eastern Coral Triangle', 'Eastern Coral Triangle', 'Eastern Coral Triangle', 'Tropical Southwestern Pacific', 'Northern New Zealand']","[0.0, 65.53365284347599, 5.224382821311259, 27.46179314439209, 100.87214208474984, 116.71409863861524, 241.6123201487663]","[np.float64(42.53330103059999), np.float64(101.57963441565816), np.float64(48.2667763913257), 49.380405102947755, np.float64(119.98257473236968), np.float64(113.49977342227021), 0.0]",43.0275,990.1276,AUCKLAND
syn_06989,3,Bulker,40259.0,5,"['SURABAYA', 'HAY POINT', 'MACKAY', 'TOWNSVILLE', 'GISBORNE']","['Indonesia', 'Australia', 'Australia', 'Australia', 'New Zealand']","[-6.8484, -21.1629, -21.1059, -19.0942, -38.6751]","[112.7851, 149.3474, 149.2318, 146.9491, 178.0221]","['Sunda Shelf', 'Northeast Australian Shelf', 'Northeast Australian Shelf', 'Northeast Australian Shelf', 'Northern New Zealand']","[0.0, 208.0731650427521, 38.17328676146276, 25.537189924467967, 285.77849930752933]","[34.67524314755437, 36.44823731005365, 34.337837237193995, 38.85638517552544, 0.0]",29.245,667.2046,GISBORNE
syn_06990,3,Bulker,40259.0,5,"['BRISBANE', 'BURNIE', 'GEELONG', 'ADELAIDE', 'TAURANGA']","['Australia', 'Australia', 'Australia', 'Australia', 'New Zealand']","[-27.3765, -41.0534, -38.096, -34.8169, -37.6444]","[153.1665, 145.9108, 144.3819, 138.2816, 176.1819]","['East Central Australian Shelf', 'Southeast Australian Shelf', 'Southeast Australian Shelf', 'Southwest Australian Shelf', 'Northern New Zealand']","[0.0, 74.38954321819443, 16.521009512885534, 45.40033029904354, 253.5102987153744]","[np.float64(78.42868004804802), 59.807380368692506, np.float64(59.23068134397755), np.float64(112.35699397883333), 0.0]",29.1519,621.2162,TAURANGA
syn_06991,3,Container,13048.0,6,"['CAIRNS', 'MACKAY', 'BRISBANE', 'NEWCASTLE', 'GLADSTONE', 'TAURANGA']","['Australia', 'Australia', 'Australia', 'Australia', 'Australia', 'New Zealand']","[-16.8017, -21.1059, -27.3765, -32.9182, -23.8351, -37.6444]","[145.8833, 149.2318, 153.1665, 151.7701, 151.2712, 176.1819]","['Northeast Australian Shelf', 'Northeast Australian Shelf', 'East Central Australian Shelf', 'East Central Australian Shelf', 'Northeast Australian Shelf', 'Northern New Zealand']","[0.0, 19.260255281522216, 31.392407920936012, 35.5092429241437, 57.15007342269193, 117.41885964346862]","[126.57706704664655, 6.079530365398545, np.float64(38.80881094489819), np.float64(29.15401894023914), 34.64547444483755, 0.0]",20.6665,369.4187,TAURANGA
syn_06992,3,Container,5923.0,7,"['NEWCASTLE', 'GEELONG', 'DEVONPORT', 'PORTLAND', 'ADELAIDE', 'LINCOLN', 'NAPIER']","['Australia', 'Australia', 'Australia', 'Australia', 'Australia', 'Australia', 'New Zealand']","[-32.9182, -38.096, -41.1873, -38.32, -34.8169, -34.7176, -39.4759]","[151.7701, 144.3819, 146.3638, 141.7092, 138.2816, 135.8701, 176.9184]","['East Central Australian Shelf', 'Southeast Australian Shelf', 'Southeast Australian Shelf', 'Southeast Australian Shelf', 'Southwest Australian Shelf', 'Southwest Australian Shelf', 'Southern New Zealand']","[0.0, 33.46227965501104, 12.900922270443173, 14.72867528099446, 16.40399994431927, 8.122504103661425, 127.56291589167256]","[np.float64(11.888522680951766), np.float64(23.438660870363215), 32.97436579416249, 44.33098157471766, np.float64(23.474154121563554), 24.640329246170218, 0.0]",15.5803,362.0398,NAPIER
syn_06993,3,Container,12502.0,7,"['NAPA NAPA', 'MOTUKEA ISLAND', 'LAE', 'HONIARA', 'LUGANVILLE', 'VILA', 'TAURANGA']","['Papua New Guinea', 'Papua New Guinea', 'Papua New Guinea', 'Solomon Islands', 'Vanuatu', 'Vanuatu', 'New Zealand']","[-9.5056, -9.4328, -6.8146, -9.4274, -15.515, -17.754, -37.6444]","[147.1542, 147.1035, 146.9681, 159.9603, 167.1867, 168.3044, 176.1819]","['Eastern Coral Triangle', 'Eastern Coral Triangle', 'Eastern Coral Triangle', 'Eastern Coral Triangle', 'Tropical Southwestern Pacific', 'Tropical Southwestern Pacific', 'Northern New Zealand']","[0.0, 17.864509954840987, 51.031505750040935, 91.90917786637894, 46.22701732012966, 47.56428158133684, 143.08608503303094]","[92.45630824414188, np.float64(7.234648845875113), np.float64(61.938254761857145), np.float64(20.716308843760295), np.float64(13.650394096467394), np.float64(6.201981284987023), 0.0]",24.995,507.4242,TAURANGA
syn_06994,3,RoRo,19879.0,7,"['BRISBANE', 'NAPA NAPA', 'MOTUKEA ISLAND', 'LAE', 'LUGANVILLE', 'VILA', 'TAURANGA']","['Australia', 'Papua New Guinea', 'Papua New Guinea', 'Papua New Guinea', 'Vanuatu', 'Vanuatu', 'New Zealand']","[-27.3765, -9.5056, -9.4328, -6.8146, -15.515, -17.754, -37.6444]","[153.1665, 147.1542, 147.1035, 146.9681, 167.1867, 168.3044, 176.1819]","['East Central Australian Shelf', 'Eastern Coral Triangle', 'Eastern Coral Triangle', 'Eastern Coral Triangle', 'Tropical Southwestern Pacific', 'Tropical Southwestern Pacific', 'Northern New Zealand']","[0.0, 109.85502612524313, 71.89588405713482, 62.69756769491209, 90.9675561554786, 41.76568044594351, 70.80226582935244]","[np.float64(33.56189773375393), 14.646408699596634, np.float64(28.03629726508515), np.float64(31.893066731894717), np.float64(29.909713353746906), np.float64(54.56152919219852), 0.0]",26.6914,607.031,TAURANGA
syn_06995,3,General Cargo,12746.0,7,"['BRISBANE', 'NEWCASTLE', 'BOTANY', 'MELBOURNE', 'ADELAIDE', 'LAE', 'NEW PLYMOUTH']","['Australia', 'Australia', 'Australia', 'Australia', 'Australia', 'Papua New Guinea', 'New Zealand']","[-27.3765, -32.9182, -33.9682, -37.844, -34.8169, -6.8146, -39.0577]","[153.1665, 151.7701, 151.2149, 144.905, 138.2816, 146.9681, 174.0346]","['East Central Australian Shelf', 'East Central Australian Shelf', 'East Central Australian Shelf', 'Southeast Australian Shelf', 'Southwest Australian Shelf', 'Eastern Coral Triangle', 'Southern New Zealand']","[0.0, 30.024705263134354, 4.394042868819984, 33.860015965293705, 45.13513438893969, 225.25251319435586, 257.1154804818714]","[np.float64(92.7725601063938), np.float64(13.536661882863859), np.float64(41.873562194745645), np.float64(18.31146525652594), np.float64(45.477285809492145), np.float64(22.092602987968714), 0.0]",34.5769,737.0735,NEW PLYMOUTH
syn_06996,3,General Cargo,2159.0,7,"['NAPA NAPA', 'MOTUKEA ISLAND', 'LAE', 'KIMBE', 'RABAUL', 'HONIARA', 'TAURANGA']","['Papua New Guinea', 'Papua New Guinea', 'Papua New Guinea', 'Papua New Guinea', 'Papua New Guinea', 'Solomon Islands', 'New Zealand']","[-9.5056, -9.4328, -6.8146, -5.5497, -4.2033, -9.4274, -37.6444]","[147.1542, 147.1035, 146.9681, 150.1486, 152.1667, 159.9603, 176.1819]","['Eastern Coral Triangle', 'Eastern Coral Triangle', 'Eastern Coral Triangle', 'Eastern Coral Triangle', 'Eastern Coral Triangle', 'Eastern Coral Triangle', 'Northern New Zealand']","[0.0, 41.15874507602774, 85.06703044593854, 2.8793859776013773, 33.47811379109261, 70.38053465647178, 251.7969278488939]","[21.91753507356083, np.float64(39.66781335484406), np.float64(48.00335182198544), np.float64(11.048137954053258), 7.631447666045251, np.float64(65.23124622519092), 0.0]",28.2608,656.3427,TAURANGA
syn_06997,3,General Cargo,9793.0,7,"['VAVOUTO', 'NEWCASTLE', 'PRONY BAY', 'NEWCASTLE', 'VAVOUTO', 'NOUMEA', 'GISBORNE']","['New Caledonia', 'Australia', 'New Caledonia', 'Australia', 'New Caledonia', 'New Caledonia', 'New Zealand']","[-21.0033, -32.9182, -22.3524, -32.9182, -21.0033, -22.2633, -38.6751]","[164.6667, 151.7701, 166.8904, 151.7701, 164.6667, 166.4317, 178.0221]","['Tropical Southwestern Pacific', 'East Central Australian Shelf', 'Tropical Southwestern Pacific', 'East Central Australian Shelf', 'Tropical Southwestern Pacific', 'Tropical Southwestern Pacific', 'Northern New Zealand']","[0.0, 96.967453487249, 75.63858890154263, 95.51408408531844, 160.61937378184044, 13.720159119643649, 128.40902237614753]","[22.94786983848832, np.float64(61.05534399554176), 77.31632534777413, np.float64(40.68965071730864), 25.83110098889117, 23.8826062624707, 0.0]",34.2746,799.6437,GISBORNE
syn_06998,3,General Cargo,9793.0,7,"['BALL BAY', 'CASCADE', 'BOTANY', 'VUDA', 'NADI BAY', 'NOUMEA', 'NEW PLYMOUTH']","['Australia', 'Australia', 'Australia', 'Fiji', 'Fiji', 'New Caledonia', 'New Zealand']","[-29.0496, -29.0094, -33.9682, -17.6861, -17.7162, -22.2633, -39.0577]","[167.9864, 167.9779, 151.2149, 177.3849, 177.371, 166.4317, 174.0346]","['Lord Howe and Norfolk Islands', 'Lord Howe and Norfolk Islands', 'East Central Australian Shelf', 'Tropical Southwestern Pacific', 'Tropical Southwestern Pacific', 'Tropical Southwestern Pacific', 'Southern New Zealand']","[0.0, 44.216909196399854, 47.59308305637506, 194.77547349666074, 51.27348084320839, 40.90477816436576, 189.26289918821894]","[81.2623582900195, 10.37626999847176, np.float64(91.35872394463709), 57.25214136856226, 57.558895858122995, 28.156482171835652, 0.0]",37.2496,812.7291,NEW PLYMOUTH
syn_06999,3,Container,38420.0,7,"['KWINANA', 'FREMANTLE', 'ADELAIDE', 'MELBOURNE', 'GEELONG', 'PORTLAND', 'WELLINGTON']","['Australia', 'Australia', 'Australia', 'Australia', 'Australia', 'Australia', 'New Zealand']","[-32.0435, -32.051, -34.8169, -37.844, -38.096, -38.32, -41.2746]","[115.6652, 115.7393, 138.2816, 144.905, 144.3819, 141.7092, 174.7887]","['Southwest Australian Shelf', 'Southwest Australian Shelf', 'Southwest Australian Shelf', 'Southeast Australian Shelf', 'Southeast Australian Shelf', 'Southeast Australian Shelf', 'Southern New Zealand']","[0.0, 40.48534197608544, 105.90248709286062, 25.018266374704968, 21.098604198772726, 10.957757879567023, 182.6668755872841]","[34.929883062599224, 75.10107066628309, np.float64(53.294340917186425), np.float64(15.489915560432106), np.float64(17.64346697706755), 31.459006375931626, 0.0]",25.5853,579.1171,WELLINGTON
syn_07000,3,Container,12502.0,7,"['NAPA NAPA', 'MOTUKEA ISLAND', 'LAE', 'KIMBE', 'RABAUL', 'HONIARA', 'TAURANGA']","['Papua New Guinea', 'Papua New Guinea', 'Papua New Guinea', 'Papua New Guinea', 'Papua New Guinea', 'Solomon Islands', 'New Zealand']","[-9.5056, -9.4328, -6.8146, -5.5497, -4.2033, -9.4274, -37.6444]","[147.1542, 147.1035, 146.9681, 150.1486, 152.1667, 159.9603, 176.1819]","['Eastern Coral Triangle', 'Eastern Coral Triangle', 'Eastern Coral Triangle', 'Eastern Coral Triangle', 'Eastern Coral Triangle', 'Eastern Coral Triangle', 'Northern New Zealand']","[0.0, 17.864509954840987, 75.61161170228492, 6.179840860187983, 28.95211803939034, 53.53879938652211, 142.94403263150485]","[24.708637378004696, np.float64(36.14376093760781), np.float64(13.162713679977681), np.float64(8.797785309973827), 12.363023536205846, np.float64(21.275531879334363), 0.0]",18.3976,416.8337,TAURANGA
syn_07001,3,Bulker,33263.0,6,"['NOUMEA', 'LAUTOKA', 'SUVA', 'VILA', 'LUGANVILLE', 'AUCKLAND']","['New Caledonia', 'Fiji', 'Fiji', 'Vanuatu', 'Vanuatu', 'New Zealand']","[-22.2633, -17.6036, -18.1339, -17.754, -15.515, -36.8402]","[166.4317, 177.4387, 178.4235, 168.3044, 167.1867, 174.7721]","['Tropical Southwestern Pacific', 'Tropical Southwestern Pacific', 'Tropical Southwestern Pacific', 'Tropical Southwestern Pacific', 'Tropical Southwestern Pacific', 'Northern New Zealand']","[0.0, 89.88112136363917, 8.70530884421908, 84.75220681784538, 53.320395075951566, 169.11808877469244]","[116.85143538864472, np.float64(77.03209541411253), np.float64(76.94748300784914), np.float64(29.249437677509707), np.float64(39.25079687631879), 0.0]",31.0462,628.2569,AUCKLAND
syn_07002,3,Bulker,33745.0,7,"['BALL BAY', 'CASCADE', 'BOTANY', 'VUDA', 'NADI BAY', 'NOUMEA', 'NEW PLYMOUTH']","['Australia', 'Australia', 'Australia', 'Fiji', 'Fiji', 'New Caledonia', 'New Zealand']","[-29.0496, -29.0094, -33.9682, -17.6861, -17.7162, -22.2633, -39.0577]","[167.9864, 167.9779, 151.2149, 177.3849, 177.371, 166.4317, 174.0346]","['Lord Howe and Norfolk Islands', 'Lord Howe and Norfolk Islands', 'East Central Australian Shelf', 'Tropical Southwestern Pacific', 'Tropical Southwestern Pacific', 'Tropical Southwestern Pacific', 'Southern New Zealand']","[0.0, 68.22281944413555, 110.10188915383725, 261.0587353744562, 38.55047004012172, 96.76737052326521, 124.09771275256726]","[40.63680152164763, 104.49947790299527, np.float64(15.59757651568889), 78.75790483014029, 27.67885674064442, 43.92119415333796, 0.0]",42.0788,969.254,NEW PLYMOUTH
syn_07003,3,Bulker,34491.0,6,"['NAPA NAPA', 'MOTUKEA ISLAND', 'LAE', 'RABAUL', 'HONIARA', 'TAURANGA']","['Papua New Guinea', 'Papua New Guinea', 'Papua New Guinea', 'Papua New Guinea', 'Solomon Islands', 'New Zealand']","[-9.5056, -9.4328, -6.8146, -4.2033, -9.4274, -37.6444]","[147.1542, 147.1035, 146.9681, 152.1667, 159.9603, 176.1819]","['Eastern Coral Triangle', 'Eastern Coral Triangle', 'Eastern Coral Triangle', 'Eastern Coral Triangle', 'Eastern Coral Triangle', 'Northern New Zealand']","[0.0, 63.009001670031516, 96.03442358188447, 42.81441174711726, 54.90326159125211, 200.89182810329817]","[24.28230579839296, np.float64(30.75322725357907), np.float64(97.88652135631754), 82.74579888172934, np.float64(67.56076524761579), 0.0]",31.7034,736.5992,TAURANGA
syn_07004,3,Passenger,578.0,7,"['BRISBANE', 'NEWCASTLE', 'BOTANY', 'MELBOURNE', 'KWINANA', 'PORTLAND', 'NEW PLYMOUTH']","['Australia', 'Australia', 'Australia', 'Australia', 'Australia', 'Australia', 'New Zealand']","[-27.3765, -32.9182, -33.9682, -37.844, -32.0435, -38.32, -39.0577]","[153.1665, 151.7701, 151.2149, 144.905, 115.6652, 141.7092, 174.0346]","['East Central Australian Shelf', 'East Central Australian Shelf', 'East Central Australian Shelf', 'Southeast Australian Shelf', 'Southwest Australian Shelf', 'Southeast Australian Shelf', 'Southern New Zealand']","[0.0, 26.177387370461865, 3.9060918399563596, 60.76055020900742, 221.58577043518784, 83.19510004248174, 85.02748661051004]","[np.float64(9.9277177377849), np.float64(51.486549790015424), np.float64(42.284932817613445), np.float64(44.457816874222836), 45.059156884670685, 84.74544388273812, 0.0]",31.6089,748.6863,NEW PLYMOUTH
syn_07005,3,Tanker,3854.0,7,"['NEWCASTLE', 'BOTANY', 'MELBOURNE', 'ADELAIDE', 'MELBOURNE', 'KEMBLA', 'AUCKLAND']","['Australia', 'Australia', 'Australia', 'Australia', 'Australia', 'Australia', 'New Zealand']","[-32.9182, -33.9682, -37.844, -34.8169, -37.844, -34.4537, -36.8402]","[151.7701, 151.2149, 144.905, 138.2816, 144.905, 150.8864, 174.7721]","['East Central Australian Shelf', 'East Central Australian Shelf', 'Southeast Australian Shelf', 'Southwest Australian Shelf', 'Southeast Australian Shelf', 'East Central Australian Shelf', 'Northern New Zealand']","[0.0, 7.1695123032250905, 64.91557246921593, 52.781707211242356, 30.593012977042726, 41.287316620834325, 147.37916507480128]","[np.float64(20.560131167816362), np.float64(6.581361116702559), np.float64(73.24003142201501), np.float64(34.06341802477553), np.float64(94.31487319989449), np.float64(22.55946716028962), 0.0]",24.8102,574.8854,AUCKLAND
syn_07006,3,RoRo,18924.0,7,"['KWINANA', 'ESPERANCE', 'ADELAIDE', 'GEELONG', 'TAROONA', 'HOBART', 'TAURANGA']","['Australia', 'Australia', 'Australia', 'Australia', 'Australia', 'Australia', 'New Zealand']","[-32.0435, -33.8718, -34.8169, -38.096, -42.938, -42.8304, -37.6444]","[115.6652, 121.8997, 138.2816, 144.3819, 147.3863, 147.3195, 176.1819]","['Southwest Australian Shelf', 'Southwest Australian Shelf', 'Southwest Australian Shelf', 'Southeast Australian Shelf', 'Southeast Australian Shelf', 'Southeast Australian Shelf', 'Northern New Zealand']","[0.0, 91.66960423310216, 76.43398523922386, 25.848989349582244, 64.51517391447818, 66.2553084395361, 214.68350725455994]","[36.50066471436088, 22.660380578754214, np.float64(60.401677167141294), np.float64(61.4733054948783), 24.9278968272405, 82.80575249839592, 0.0]",34.5073,791.6756,TAURANGA
syn_07007,3,Bulker,57195.0,6,"['TOWNSVILLE', 'BRISBANE', 'NEWCASTLE', 'MELBOURNE', 'GEELONG', 'LYTTELTON']","['Australia', 'Australia', 'Australia', 'Australia', 'Australia', 'New Zealand']","[-19.0942, -27.3765, -32.9182, -37.844, -38.096, -43.606]","[146.9491, 153.1665, 151.7701, 144.905, 144.3819, 172.7213]","['Northeast Australian Shelf', 'East Central Australian Shelf', 'East Central Australian Shelf', 'Southeast Australian Shelf', 'Southeast Australian Shelf', 'Southern New Zealand']","[0.0, 55.6553763441129, 53.76810869013961, 46.395314445635, 44.49492429258902, 178.58262243787246]","[63.48870256272306, np.float64(105.95796568818106), np.float64(58.13758539963587), np.float64(63.0836492227926), np.float64(129.11939935544288), 0.0]",33.2785,735.1949,LYTTELTON
syn_07008,3,Bulker,37657.0,5,"['LAE', 'HONIARA', 'LUGANVILLE', 'VILA', 'TAURANGA']","['Papua New Guinea', 'Solomon Islands', 'Vanuatu', 'Vanuatu', 'New Zealand']","[-6.8146, -9.4274, -15.515, -17.754, -37.6444]","[146.9681, 159.9603, 167.1867, 168.3044, 176.1819]","['Eastern Coral Triangle', 'Eastern Coral Triangle', 'Tropical Southwestern Pacific', 'Tropical Southwestern Pacific', 'Northern New Zealand']","[0.0, 80.9940858107176, 69.56090514267461, 80.26395381931385, 155.08418940368162]","[np.float64(55.46769024097807), np.float64(129.65490818306472), np.float64(16.99593532757295), np.float64(56.31911739585005), 0.0]",26.8475,588.8731,TAURANGA
syn_07009,3,General Cargo,19497.0,6,"['NAPA NAPA', 'MOTUKEA ISLAND', 'LAE', 'HONIARA', 'LUGANVILLE', 'AUCKLAND']","['Papua New Guinea', 'Papua New Guinea', 'Papua New Guinea', 'Solomon Islands', 'Vanuatu', 'New Zealand']","[-9.5056, -9.4328, -6.8146, -9.4274, -15.515, -36.8402]","[147.1542, 147.1035, 146.9681, 159.9603, 167.1867, 174.7721]","['Eastern Coral Triangle', 'Eastern Coral Triangle', 'Eastern Coral Triangle', 'Eastern Coral Triangle', 'Tropical Southwestern Pacific', 'Northern New Zealand']","[0.0, 53.06773125087193, 98.07893320762038, 77.34206735858956, 47.74517956624478, 139.39630133012645]","[38.91889843350276, np.float64(53.14007256711862), np.float64(130.45194005028358), np.float64(89.78236654661103), np.float64(36.88942830458083), 0.0]",31.8672,725.894,AUCKLAND
syn_07010,3,Bulker,40481.0,5,"['BOTANY', 'MELBOURNE', 'KWINANA', 'ADELAIDE', 'NEW PLYMOUTH']","['Australia', 'Australia', 'Australia', 'Australia', 'New Zealand']","[-33.9682, -37.844, -32.0435, -34.8169, -39.0577]","[151.2149, 144.905, 115.6652, 138.2816, 174.0346]","['East Central Australian Shelf', 'Southeast Australian Shelf', 'Southwest Australian Shelf', 'Southwest Australian Shelf', 'Southern New Zealand']","[0.0, 79.95024260099198, 180.2690144448898, 187.1071241831491, 160.8307170373113]","[np.float64(99.93634021858104), np.float64(40.92479818453458), 106.36459712207233, np.float64(45.31677482447174), 0.0]",37.5292,800.7633,NEW PLYMOUTH
syn_07011,3,Container,13054.0,7,"['BRISBANE', 'NEWCASTLE', 'BOTANY', 'MELBOURNE', 'ADELAIDE', 'SUVA', 'GISBORNE']","['Australia', 'Australia', 'Australia', 'Australia', 'Australia', 'Fiji', 'New Zealand']","[-27.3765, -32.9182, -33.9682, -37.844, -34.8169, -18.1339, -38.6751]","[153.1665, 151.7701, 151.2149, 144.905, 138.2816, 178.4235, 178.0221]","['East Central Australian Shelf', 'East Central Australian Shelf', 'East Central Australian Shelf', 'Southeast Australian Shelf', 'Southwest Australian Shelf', 'Tropical Southwestern Pacific', 'Northern New Zealand']","[0.0, 20.97314320189132, 7.813312822560312, 34.637849418373946, 41.66406515811926, 118.73372747763496, 60.92925891017415]","[np.float64(17.94793669998579), np.float64(92.19962354581608), np.float64(25.56388328825039), np.float64(40.22734783341424), np.float64(33.85269705168478), np.float64(23.865824489758825), 0.0]",21.6004,500.4607,GISBORNE
syn_07012,3,General Cargo,2159.0,6,"['TOWNSVILLE', 'NAPA NAPA', 'MOTUKEA ISLAND', 'LAE', 'HONIARA', 'AUCKLAND']","['Australia', 'Papua New Guinea', 'Papua New Guinea', 'Papua New Guinea', 'Solomon Islands', 'New Zealand']","[-19.0942, -9.5056, -9.4328, -6.8146, -9.4274, -36.8402]","[146.9491, 147.1542, 147.1035, 146.9681, 159.9603, 174.7721]","['Northeast Australian Shelf', 'Eastern Coral Triangle', 'Eastern Coral Triangle', 'Eastern Coral Triangle', 'Eastern Coral Triangle', 'Northern New Zealand']","[0.0, 65.8920758209947, 40.863880602321274, 100.44230984510583, 63.08782305576602, 191.16136999429372]","[13.403916362520397, 11.4661353124675, np.float64(44.8085410329975), np.float64(6.7466277646396335), np.float64(67.0957867465219), 0.0]",25.207,591.5646,AUCKLAND
syn_07013,3,Container,12502.0,6,"['BRISBANE', 'NAPA NAPA', 'MOTUKEA ISLAND', 'LAE', 'HONIARA', 'AUCKLAND']","['Australia', 'Papua New Guinea', 'Papua New Guinea', 'Papua New Guinea', 'Solomon Islands', 'New Zealand']","[-27.3765, -9.5056, -9.4328, -6.8146, -9.4274, -36.8402]","[153.1665, 147.1542, 147.1035, 146.9681, 159.9603, 174.7721]","['East Central Australian Shelf', 'Eastern Coral Triangle', 'Eastern Coral Triangle', 'Eastern Coral Triangle', 'Eastern Coral Triangle', 'Northern New Zealand']","[0.0, 116.58259014752241, 17.864509954840987, 52.149738402822834, 52.42209706554127, 86.42247892025584]","[np.float64(18.585757331150557), 28.029492638080953, np.float64(21.249349754353318), np.float64(60.39813544118827), np.float64(25.85714699895184), 0.0]",19.9817,460.9755,AUCKLAND
syn_07014,3,Container,12502.0,7,"['CAIRNS', 'MACKAY', 'BRISBANE', 'NEWCASTLE', 'BOTANY', 'MELBOURNE', 'AUCKLAND']","['Australia', 'Australia', 'Australia', 'Australia', 'Australia', 'Australia', 'New Zealand']","[-16.8017, -21.1059, -27.3765, -32.9182, -33.9682, -37.844, -36.8402]","[145.8833, 149.2318, 153.1665, 151.7701, 151.2149, 144.905, 174.7721]","['Northeast Australian Shelf', 'Northeast Australian Shelf', 'East Central Australian Shelf', 'East Central Australian Shelf', 'East Central Australian Shelf', 'Southeast Australian Shelf', 'Northern New Zealand']","[0.0, 18.630596993623985, 50.039586061515436, 46.16534104099328, 5.077061784921033, 48.849539624420416, 131.4456732856922]","[37.280665209704615, 11.409426252705336, np.float64(38.2445229709717), np.float64(27.667113229822814), np.float64(7.614774392451968), np.float64(30.076865115171692), 0.0]",18.8542,415.2205,AUCKLAND
syn_07015,3,Container,17842.0,6,"['NOUMEA', 'LAUTOKA', 'SUVA', 'VILA', 'LUGANVILLE', 'AUCKLAND']","['New Caledonia', 'Fiji', 'Fiji', 'Vanuatu', 'Vanuatu', 'New Zealand']","[-22.2633, -17.6036, -18.1339, -17.754, -15.515, -36.8402]","[166.4317, 177.4387, 178.4235, 168.3044, 167.1867, 174.7721]","['Tropical Southwestern Pacific', 'Tropical Southwestern Pacific', 'Tropical Southwestern Pacific', 'Tropical Southwestern Pacific', 'Tropical Southwestern Pacific', 'Northern New Zealand']","[0.0, 55.25755242220201, 11.39989997419437, 66.43620974097738, 46.13518817827098, 79.55634437821224]","[11.362214967773403, np.float64(9.186502113834885), np.float64(16.55647399720959), np.float64(13.406406758212698), np.float64(8.30295857842049), 0.0]",13.2333,306.2375,AUCKLAND
syn_07016,3,Bulker,37650.0,7,"['BALL BAY', 'CASCADE', 'BOTANY', 'VUDA', 'NADI BAY', 'NOUMEA', 'NEW PLYMOUTH']","['Australia', 'Australia', 'Australia', 'Fiji', 'Fiji', 'New Caledonia', 'New Zealand']","[-29.0496, -29.0094, -33.9682, -17.6861, -17.7162, -22.2633, -39.0577]","[167.9864, 167.9779, 151.2149, 177.3849, 177.371, 166.4317, 174.0346]","['Lord Howe and Norfolk Islands', 'Lord Howe and Norfolk Islands', 'East Central Australian Shelf', 'Tropical Southwestern Pacific', 'Tropical Southwestern Pacific', 'Tropical Southwestern Pacific', 'Southern New Zealand']","[0.0, 87.93571743521154, 112.90258479827511, 326.71341690118965, 42.426969485972364, 81.2113859415636, 88.77644606778561]","[82.98563034332614, 44.071628868368, np.float64(41.119335803933765), 48.77095310059037, 51.59931238094849, 31.523033844919297, 0.0]",43.3349,957.0508,NEW PLYMOUTH
syn_07017,3,Bulker,28240.0,7,"['BRISBANE', 'VUDA', 'PRONY BAY', 'NOUMEA', 'VUDA', 'BOTANY', 'LYTTELTON']","['Australia', 'Fiji', 'New Caledonia', 'New Caledonia', 'Fiji', 'Australia', 'New Zealand']","[-27.3765, -17.6861, -22.3524, -22.2633, -17.6861, -33.9682, -43.606]","[153.1665, 177.3849, 166.8904, 166.4317, 177.3849, 151.2149, 172.7213]","['East Central Australian Shelf', 'Tropical Southwestern Pacific', 'Tropical Southwestern Pacific', 'Tropical Southwestern Pacific', 'Tropical Southwestern Pacific', 'East Central Australian Shelf', 'Southern New Zealand']","[0.0, 217.65115709248886, 61.52096842717407, 72.40544379714606, 99.64140975710976, 142.56680221113788, 105.90433522361563]","[np.float64(66.88470464950144), 11.962252713906231, 47.64774719136138, 65.75924534062014, 39.61511269258864, np.float64(16.723550445195055), 0.0]",39.5118,881.398,LYTTELTON
syn_07018,3,Bulker,42446.0,7,"['BRISBANE', 'NEWCASTLE', 'GLADSTONE', 'SOUTH TREES', 'NEWCASTLE', 'MELBOURNE', 'AUCKLAND']","['Australia', 'Australia', 'Australia', 'Australia', 'Australia', 'Australia', 'New Zealand']","[-27.3765, -32.9182, -23.8351, -23.8483, -32.9182, -37.844, -36.8402]","[153.1665, 151.7701, 151.2712, 151.3268, 151.7701, 144.905, 174.7721]","['East Central Australian Shelf', 'East Central Australian Shelf', 'Northeast Australian Shelf', 'Northeast Australian Shelf', 'East Central Australian Shelf', 'Southeast Australian Shelf', 'Northern New Zealand']","[0.0, 53.33674861577935, 48.22961408520265, 39.31541514204349, 72.74983268477757, 111.60375246805418, 243.84555000149194]","[np.float64(38.26587460955505), np.float64(38.052341424765395), 79.44143319763073, 85.80715707360322, np.float64(79.65875936327048), np.float64(56.873137823175604), 0.0]",39.4658,908.9137,AUCKLAND
syn_07019,3,General Cargo,19497.0,5,"['NOUMEA', 'SUVA', 'LAUTOKA', 'LUGANVILLE', 'AUCKLAND']","['New Caledonia', 'Fiji', 'Fiji', 'Vanuatu', 'New Zealand']","[-22.2633, -18.1339, -17.6036, -15.515, -36.8402]","[166.4317, 178.4235, 177.4387, 167.1867, 174.7721]","['Tropical Southwestern Pacific', 'Tropical Southwestern Pacific', 'Tropical Southwestern Pacific', 'Tropical Southwestern Pacific', 'Northern New Zealand']","[0.0, 82.53285074067297, 3.196518367253652, 48.24525326431456, 103.57698227267879]","[79.67411266530955, np.float64(7.260202115602212), np.float64(25.130568498783095), np.float64(8.53981660123153), 0.0]",14.9232,278.4822,AUCKLAND
syn_07020,3,Container,28170.0,6,"['TOWNSVILLE', 'BRISBANE', 'GEELONG', 'DEVONPORT', 'PORTLAND', 'TAURANGA']","['Australia', 'Australia', 'Australia', 'Australia', 'Australia', 'New Zealand']","[-19.0942, -27.3765, -38.096, -41.1873, -38.32, -37.6444]","[146.9491, 153.1665, 144.3819, 146.3638, 141.7092, 176.1819]","['Northeast Australian Shelf', 'East Central Australian Shelf', 'Southeast Australian Shelf', 'Southeast Australian Shelf', 'Southeast Australian Shelf', 'Northern New Zealand']","[0.0, 64.33649386459402, 39.46357865528776, 4.6713340785170265, 14.520209708166513, 123.82379560666331]","[16.386570753536457, np.float64(6.857389100526935), np.float64(34.108284224306836), 20.23123255447141, 8.854861999054028, 0.0]",13.8856,316.8672,TAURANGA
syn_07021,3,Container,22968.0,7,"['EST', 'KWINANA', 'FREMANTLE', 'ADELAIDE', 'MELBOURNE', 'KEMBLA', 'AUCKLAND']","['RÃ\x83Â©union', 'Australia', 'Australia', 'Australia', 'Australia', 'Australia', 'New Zealand']","[-20.9327, -32.0435, -32.051, -34.8169, -37.844, -34.4537, -36.8402]","[55.3178, 115.6652, 115.7393, 138.2816, 144.905, 150.8864, 174.7721]","['Western Indian Ocean', 'Southwest Australian Shelf', 'Southwest Australian Shelf', 'Southwest Australian Shelf', 'Southeast Australian Shelf', 'East Central Australian Shelf', 'Northern New Zealand']","[0.0, 202.10040295032226, 30.594092244396986, 131.36602194950262, 20.448943002562878, 28.42246437313757, 66.54223166352034]","[75.78365046976896, 13.944292018582962, 9.431805492517146, np.float64(33.89366072472935), np.float64(12.27044954585639), np.float64(43.20460990831441), 0.0]",27.8334,592.219,AUCKLAND
syn_07022,3,Container,12502.0,5,"['GEELONG', 'GILES', 'ADELAIDE', 'LAE', 'NEW PLYMOUTH']","['Australia', 'Australia', 'Australia', 'Papua New Guinea', 'New Zealand']","[-38.096, -35.0216, -34.8169, -6.8146, -39.0577]","[144.3819, 137.7669, 138.2816, 146.9681, 174.0346]","['Southeast Australian Shelf', 'Southwest Australian Shelf', 'Southwest Australian Shelf', 'Eastern Coral Triangle', 'Southern New Zealand']","[0.0, 26.356948829176687, 34.53906289241827, 238.47662267367542, 283.96163600063784]","[np.float64(16.65335704721434), 72.3357151965484, np.float64(59.59963095427387), np.float64(59.382053691537735), 0.0]",32.971,774.6517,NEW PLYMOUTH
syn_07023,3,Bulker,37574.0,7,"['NAPA NAPA', 'MOTUKEA ISLAND', 'LAE', 'KIMBE', 'RABAUL', 'HONIARA', 'TAURANGA']","['Papua New Guinea', 'Papua New Guinea', 'Papua New Guinea', 'Papua New Guinea', 'Papua New Guinea', 'Solomon Islands', 'New Zealand']","[-9.5056, -9.4328, -6.8146, -5.5497, -4.2033, -9.4274, -37.6444]","[147.1542, 147.1035, 146.9681, 150.1486, 152.1667, 159.9603, 176.1819]","['Eastern Coral Triangle', 'Eastern Coral Triangle', 'Eastern Coral Triangle', 'Eastern Coral Triangle', 'Eastern Coral Triangle', 'Eastern Coral Triangle', 'Northern New Zealand']","[0.0, 58.765008769887274, 100.48213609670951, 3.3333210047378428, 29.13781344896727, 65.50699550268735, 201.64080391402834]","[87.71991454633468, np.float64(9.20579795570247), np.float64(70.17210723686303), np.float64(11.39041338662206), 59.432101781425615, np.float64(45.9943922442044), 0.0]",30.9492,655.0609,TAURANGA
syn_07024,3,Tanker,3854.0,7,"['ALBANY', 'ESPERANCE', 'THEVENARD', 'BUNDABERG', 'GLADSTONE', 'SOUTH TREES', 'GISBORNE']","['Australia', 'Australia', 'Australia', 'Australia', 'Australia', 'Australia', 'New Zealand']","[-35.0344, -33.8718, -32.1493, -24.7706, -23.8351, -23.8483, -38.6751]","[117.8934, 121.8997, 133.6409, 152.3816, 151.2712, 151.3268, 178.0221]","['Southwest Australian Shelf', 'Southwest Australian Shelf', 'Southwest Australian Shelf', 'East Central Australian Shelf', 'Northeast Australian Shelf', 'Northeast Australian Shelf', 'Northern New Zealand']","[0.0, 25.951346721203496, 62.6768144989428, 187.31731577684818, 37.87853949453856, 63.2883621201681, 163.98227279552867]","[15.846203662630149, 34.0901568232517, 30.42973552825083, 19.089269481014377, 48.222514180630284, 10.784295434234279, 0.0]",29.1482,683.7106,GISBORNE
syn_07025,3,Container,12502.0,7,"['NEWCASTLE', 'GEELONG', 'DEVONPORT', 'PORTLAND', 'BLUESCOPE', 'KEMBLA', 'TAURANGA']","['Australia', 'Australia', 'Australia', 'Australia', 'Australia', 'Australia', 'New Zealand']","[-32.9182, -38.096, -41.1873, -38.32, -38.291, -34.4537, -37.6444]","[151.7701, 144.3819, 146.3638, 141.7092, 145.2292, 150.8864, 176.1819]","['East Central Australian Shelf', 'Southeast Australian Shelf', 'Southeast Australian Shelf', 'Southeast Australian Shelf', 'Southeast Australian Shelf', 'East Central Australian Shelf', 'Northern New Zealand']","[0.0, 30.84778461741029, 10.487228816291909, 25.934545944376755, 16.70451540236215, 30.110108835047797, 107.81668262122275]","[np.float64(61.869311596987494), np.float64(91.26318587835374), 8.276682613257936, 17.151611326115727, 21.100346082156236, np.float64(116.84857556417188), 0.0]",22.4338,476.5413,TAURANGA
syn_07026,3,General Cargo,9793.0,7,"['GEELONG', 'ADELAIDE', 'LINCOLN', 'ARDROSSAN', 'KEMBLA', 'SYDNEY', 'WELLINGTON']","['Australia', 'Australia', 'Australia', 'Australia', 'Australia', 'Australia', 'New Zealand']","[-38.096, -34.8169, -34.7176, -34.4394, -34.4537, -33.8648, -41.2746]","[144.3819, 138.2816, 135.8701, 137.9262, 150.8864, 151.1829, 174.7887]","['Southeast Australian Shelf', 'Southwest Australian Shelf', 'Southwest Australian Shelf', 'Southwest Australian Shelf', 'East Central Australian Shelf', 'East Central Australian Shelf', 'Southern New Zealand']","[0.0, 60.527709586851714, 14.677037885180283, 9.70401974668667, 55.138168486864835, 66.33961395377887, 164.86380685515073]","[np.float64(72.42185060215007), np.float64(75.4703036019565), 54.619308399014, 13.942535516240014, np.float64(59.174246849898616), 83.59977777448974, 0.0]",30.4366,658.0565,WELLINGTON
syn_07027,3,Bulker,40259.0,6,"['NAPA NAPA', 'MOTUKEA ISLAND', 'LAE', 'HONIARA', 'LUGANVILLE', 'AUCKLAND']","['Papua New Guinea', 'Papua New Guinea', 'Papua New Guinea', 'Solomon Islands', 'Vanuatu', 'New Zealand']","[-9.5056, -9.4328, -6.8146, -9.4274, -15.515, -36.8402]","[147.1542, 147.1035, 146.9681, 159.9603, 167.1867, 174.7721]","['Eastern Coral Triangle', 'Eastern Coral Triangle', 'Eastern Coral Triangle', 'Eastern Coral Triangle', 'Tropical Southwestern Pacific', 'Northern New Zealand']","[0.0, 43.73218324604988, 88.39439051564788, 77.1432884220093, 71.35396247278798, 195.08721563476283]","[28.46683344020078, np.float64(44.90578012530945), np.float64(92.27676394768802), np.float64(19.291659100009458), np.float64(63.9034308134892), 0.0]",30.1898,696.0887,AUCKLAND
syn_07028,3,Bulker,34442.0,7,"['BRISBANE', 'GEELONG', 'DEVONPORT', 'PORTLAND', 'BLUESCOPE', 'KEMBLA', 'TAURANGA']","['Australia', 'Australia', 'Australia', 'Australia', 'Australia', 'Australia', 'New Zealand']","[-27.3765, -38.096, -41.1873, -38.32, -38.291, -34.4537, -37.6444]","[153.1665, 144.3819, 146.3638, 141.7092, 145.2292, 150.8864, 176.1819]","['East Central Australian Shelf', 'Southeast Australian Shelf', 'Southeast Australian Shelf', 'Southeast Australian Shelf', 'Southeast Australian Shelf', 'East Central Australian Shelf', 'Northern New Zealand']","[0.0, 112.60873733416192, 12.177485012436254, 34.76558294166511, 14.78663163827326, 83.61733943133669, 158.69837536001228]","[np.float64(38.19796589031493), np.float64(55.916815603928605), 98.97604300782477, 24.134549372962855, 109.10020945522146, np.float64(52.29756398595138), 0.0]",33.1366,757.0793,TAURANGA
syn_07029,3,Container,12502.0,6,"['TAROONA', 'HOBART', 'ADELAIDE', 'GEELONG', 'KEMBLA', 'NAPIER']","['Australia', 'Australia', 'Australia', 'Australia', 'Australia', 'New Zealand']","[-42.938, -42.8304, -34.8169, -38.096, -34.4537, -39.4759]","[147.3863, 147.3195, 138.2816, 144.3819, 150.8864, 176.9184]","['Southeast Australian Shelf', 'Southeast Australian Shelf', 'Southwest Australian Shelf', 'Southeast Australian Shelf', 'East Central Australian Shelf', 'Southern New Zealand']","[0.0, 31.54077195274834, 31.279590496830874, 32.470971340579496, 34.237707889649556, 160.82808571879613]","[7.4433872070054035, 7.2566807351718365, np.float64(46.02668671683994), np.float64(61.19536000095727), np.float64(81.81512486322782), 0.0]",20.5873,486.651,NAPIER
syn_07030,3,General Cargo,19497.0,7,"['NAPA NAPA', 'MOTUKEA ISLAND', 'LAE', 'RABAUL', 'HONIARA', 'LUGANVILLE', 'AUCKLAND']","['Papua New Guinea', 'Papua New Guinea', 'Papua New Guinea', 'Papua New Guinea', 'Solomon Islands', 'Vanuatu', 'New Zealand']","[-9.5056, -9.4328, -6.8146, -4.2033, -9.4274, -15.515, -36.8402]","[147.1542, 147.1035, 146.9681, 152.1667, 159.9603, 167.1867, 174.7721]","['Eastern Coral Triangle', 'Eastern Coral Triangle', 'Eastern Coral Triangle', 'Eastern Coral Triangle', 'Eastern Coral Triangle', 'Tropical Southwestern Pacific', 'Northern New Zealand']","[0.0, 49.846189559889666, 76.04549226288665, 43.4577125136062, 85.14524036918364, 80.89909565505221, 122.80008412452901]","[47.72599496378409, np.float64(8.469279617408858), np.float64(77.86041078547744), 50.728651001990904, np.float64(35.17319143558176), np.float64(7.1343465104529376), 0.0]",28.5536,637.5597,AUCKLAND
syn_07031,3,Container,12502.0,7,"['NAPA NAPA', 'MOTUKEA ISLAND', 'LAE', 'KIMBE', 'RABAUL', 'HONIARA', 'TAURANGA']","['Papua New Guinea', 'Papua New Guinea', 'Papua New Guinea', 'Papua New Guinea', 'Papua New Guinea', 'Solomon Islands', 'New Zealand']","[-9.5056, -9.4328, -6.8146, -5.5497, -4.2033, -9.4274, -37.6444]","[147.1542, 147.1035, 146.9681, 150.1486, 152.1667, 159.9603, 176.1819]","['Eastern Coral Triangle', 'Eastern Coral Triangle', 'Eastern Coral Triangle', 'Eastern Coral Triangle', 'Eastern Coral Triangle', 'Eastern Coral Triangle', 'Northern New Zealand']","[0.0, 17.864509954840987, 41.98751989398348, 6.179840860187983, 20.58166801629494, 42.358241061184295, 150.34030275831748]","[18.857184876251758, np.float64(10.29682589140706), np.float64(21.359581399367652), np.float64(8.240777494214646), 61.72684203832032, np.float64(26.378026623807898), 0.0]",17.7571,407.3141,TAURANGA
syn_07032,3,Container,12502.0,7,"['BRISBANE', 'NAPA NAPA', 'MOTUKEA ISLAND', 'LAE', 'HONIARA', 'LUGANVILLE', 'AUCKLAND']","['Australia', 'Papua New Guinea', 'Papua New Guinea', 'Papua New Guinea', 'Solomon Islands', 'Vanuatu', 'New Zealand']","[-27.3765, -9.5056, -9.4328, -6.8146, -9.4274, -15.515, -36.8402]","[153.1665, 147.1542, 147.1035, 146.9681, 159.9603, 167.1867, 174.7721]","['East Central Australian Shelf', 'Eastern Coral Triangle', 'Eastern Coral Triangle', 'Eastern Coral Triangle', 'Eastern Coral Triangle', 'Tropical Southwestern Pacific', 'Northern New Zealand']","[0.0, 83.26023784614269, 17.864509954840987, 55.59019016879376, 80.48228964568611, 36.762359112589984, 170.24349077917825]","[np.float64(50.18308051239097), 17.212750961069144, np.float64(15.147684208104215), np.float64(76.21084844831721), np.float64(22.59310917548393), np.float64(8.2809987527522), 0.0]",26.4096,583.6485,AUCKLAND
syn_07033,3,Bulker,40481.0,7,"['BIRINGKASSI', 'GEELONG', 'MELBOURNE', 'ARDROSSAN', 'KEMBLA', 'SYDNEY', 'WELLINGTON']","['Indonesia', 'Australia', 'Australia', 'Australia', 'Australia', 'Australia', 'New Zealand']","[-4.816, -38.096, -37.844, -34.4394, -34.4537, -33.8648, -41.2746]","[119.4552, 144.3819, 144.905, 137.9262, 150.8864, 151.1829, 174.7887]","['Western Coral Triangle', 'Southeast Australian Shelf', 'Southeast Australian Shelf', 'Southwest Australian Shelf', 'East Central Australian Shelf', 'East Central Australian Shelf', 'Southern New Zealand']","[0.0, 311.9915085952335, 58.13717286732433, 29.345632177549167, 90.50707392172228, 53.181183901197784, 105.15235824136892]","[60.185668807989394, np.float64(46.73532996759287), np.float64(63.44708065571943), 62.42140216876664, np.float64(20.068459650600406), 41.057035989794386, 0.0]",39.2596,882.0442,WELLINGTON
syn_07034,3,Container,12502.0,7,"['BELL BAY', 'BRISBANE', 'ADELAIDE', 'GEELONG', 'TAROONA', 'HOBART', 'NEW PLYMOUTH']","['Australia', 'Australia', 'Australia', 'Australia', 'Australia', 'Australia', 'New Zealand']","[-41.1352, -27.3765, -34.8169, -38.096, -42.938, -42.8304, -39.0577]","[146.8752, 153.1665, 138.2816, 144.3819, 147.3863, 147.3195, 174.0346]","['Southeast Australian Shelf', 'East Central Australian Shelf', 'Southwest Australian Shelf', 'Southeast Australian Shelf', 'Southeast Australian Shelf', 'Southeast Australian Shelf', 'Southern New Zealand']","[0.0, 118.28231767039532, 68.72311795771432, 44.21404070036496, 39.61073989285105, 36.90800767639514, 143.9718471542271]","[42.27150975848327, np.float64(43.76563050086119), np.float64(50.70249093485141), np.float64(28.22847021139616), 61.39803743410396, 20.146562556625284, 0.0]",29.0926,655.9513,NEW PLYMOUTH
syn_07035,3,Bulker,38114.0,6,"['TOWNSVILLE', 'BRISBANE', 'MELBOURNE', 'KEMBLA', 'BRISBANE', 'AUCKLAND']","['Australia', 'Australia', 'Australia', 'Australia', 'Australia', 'New Zealand']","[-19.0942, -27.3765, -37.844, -34.4537, -27.3765, -36.8402]","[146.9491, 153.1665, 144.905, 150.8864, 153.1665, 174.7721]","['Northeast Australian Shelf', 'East Central Australian Shelf', 'Southeast Australian Shelf', 'East Central Australian Shelf', 'East Central Australian Shelf', 'Northern New Zealand']","[0.0, 50.10987141996955, 86.99184885168926, 39.64283624354289, 35.84001278358845, 140.87881385184326]","[7.433822431856361, np.float64(58.937308517759625), np.float64(78.69650356803794), np.float64(117.94266123095909), np.float64(23.111603653392443), 0.0]",26.6494,632.1515,AUCKLAND
syn_07036,3,General Cargo,9793.0,6,"['NOUMEA', 'LAUTOKA', 'SUVA', 'LUGANVILLE', 'VILA', 'TAURANGA']","['New Caledonia', 'Fiji', 'Fiji', 'Vanuatu', 'Vanuatu', 'New Zealand']","[-22.2633, -17.6036, -18.1339, -15.515, -17.754, -37.6444]","[166.4317, 177.4387, 178.4235, 167.1867, 168.3044, 176.1819]","['Tropical Southwestern Pacific', 'Tropical Southwestern Pacific', 'Tropical Southwestern Pacific', 'Tropical Southwestern Pacific', 'Tropical Southwestern Pacific', 'Northern New Zealand']","[0.0, 99.11432633787638, 3.621709885192069, 185.49872807498656, 62.75343700112128, 76.52919019955883]","[26.072184065657467, np.float64(8.018248183109888), np.float64(16.128971530659665), np.float64(28.06009359771847), np.float64(22.42829282956757), 0.0]",22.0094,502.153,TAURANGA
syn_07037,3,Container,12502.0,7,"['TOWNSVILLE', 'NAPA NAPA', 'MOTUKEA ISLAND', 'LAE', 'HONIARA', 'LUGANVILLE', 'AUCKLAND']","['Australia', 'Papua New Guinea', 'Papua New Guinea', 'Papua New Guinea', 'Solomon Islands', 'Vanuatu', 'New Zealand']","[-19.0942, -9.5056, -9.4328, -6.8146, -9.4274, -15.515, -36.8402]","[146.9491, 147.1542, 147.1035, 146.9681, 159.9603, 167.1867, 174.7721]","['Northeast Australian Shelf', 'Eastern Coral Triangle', 'Eastern Coral Triangle', 'Eastern Coral Triangle', 'Eastern Coral Triangle', 'Tropical Southwestern Pacific', 'Northern New Zealand']","[0.0, 54.17809601124776, 17.864509954840987, 30.580436897450998, 74.36898822155099, 42.217105275567086, 88.1013771416496]","[15.601513484542814, 28.80063161024984, np.float64(9.05447396794182), np.float64(17.429331225561857), np.float64(18.22177532773156), np.float64(16.83844758937447), 0.0]",17.219,397.6552,AUCKLAND
syn_07038,3,Container,13048.0,6,"['NOUMEA', 'LAUTOKA', 'SUVA', 'VILA', 'LUGANVILLE', 'AUCKLAND']","['New Caledonia', 'Fiji', 'Fiji', 'Vanuatu', 'Vanuatu', 'New Zealand']","[-22.2633, -17.6036, -18.1339, -17.754, -15.515, -36.8402]","[166.4317, 177.4387, 178.4235, 168.3044, 167.1867, 174.7721]","['Tropical Southwestern Pacific', 'Tropical Southwestern Pacific', 'Tropical Southwestern Pacific', 'Tropical Southwestern Pacific', 'Tropical Southwestern Pacific', 'Northern New Zealand']","[0.0, 109.76385517810839, 12.535386027932983, 54.08846090411493, 37.96449624293525, 156.61434892243605]","[35.17008915350702, np.float64(31.01410858839179), np.float64(18.78763745135952), np.float64(14.476004722016818), np.float64(20.814251637213264), 0.0]",20.4679,456.0585,AUCKLAND
syn_07039,3,Passenger,578.0,5,"['NEWCASTLE', 'HAY POINT', 'MACKAY', 'TOWNSVILLE', 'GISBORNE']","['Australia', 'Australia', 'Australia', 'Australia', 'New Zealand']","[-32.9182, -21.1629, -21.1059, -19.0942, -38.6751]","[151.7701, 149.3474, 149.2318, 146.9491, 178.0221]","['East Central Australian Shelf', 'Northeast Australian Shelf', 'Northeast Australian Shelf', 'Northeast Australian Shelf', 'Northern New Zealand']","[0.0, 90.43797748198966, 35.152973312024436, 31.113374840918695, 120.67757903094945]","[np.float64(114.35734147966987), 24.86494528392019, 8.774973993724247, 16.14159967439504, 0.0]",18.3967,327.1634,GISBORNE
syn_07040,3,Bulker,39828.0,6,"['BIRINGKASSI', 'GEELONG', 'MELBOURNE', 'ARDROSSAN', 'KEMBLA', 'PORT CHALMERS']","['Indonesia', 'Australia', 'Australia', 'Australia', 'Australia', 'New Zealand']","[-4.816, -38.096, -37.844, -34.4394, -34.4537, -45.8742]","[119.4552, 144.3819, 144.905, 137.9262, 150.8864, 170.5221]","['Western Coral Triangle', 'Southeast Australian Shelf', 'Southeast Australian Shelf', 'Southwest Australian Shelf', 'East Central Australian Shelf', 'Southern New Zealand']","[0.0, 598.4908383129756, 54.98649661856342, 60.32640335142061, 142.90127745434387, 222.0448821209892]","[17.62364613040664, np.float64(102.46604842405671), np.float64(48.702803854619), 13.953489230095395, np.float64(35.0542829968628), 0.0]",54.0229,1278.9265,PORT CHALMERS
syn_07041,3,Bulker,37657.0,7,"['TOWNSVILLE', 'BRISBANE', 'MELBOURNE', 'BELL BAY', 'BOTANY', 'BRISBANE', 'NEW PLYMOUTH']","['Australia', 'Australia', 'Australia', 'Australia', 'Australia', 'Australia', 'New Zealand']","[-19.0942, -27.3765, -37.844, -41.1352, -33.9682, -27.3765, -39.0577]","[146.9491, 153.1665, 144.905, 146.8752, 151.2149, 153.1665, 174.0346]","['Northeast Australian Shelf', 'East Central Australian Shelf', 'Southeast Australian Shelf', 'Southeast Australian Shelf', 'East Central Australian Shelf', 'East Central Australian Shelf', 'Southern New Zealand']","[0.0, 56.338085515619255, 111.10149085386685, 10.18254055815957, 40.515056236477506, 45.12022223475922, 124.13290664981163]","[42.420752638112326, np.float64(94.71046380472555), np.float64(55.69310799623059), 82.96435525657034, np.float64(8.46497299477613), np.float64(71.04283466900986), 0.0]",30.9453,700.266,NEW PLYMOUTH
syn_07042,3,Bulker,28240.0,7,"['SOUTH TREES', 'NEWCASTLE', 'BELL BAY', 'MELBOURNE', 'GEELONG', 'BURNIE', 'NEW PLYMOUTH']","['Australia', 'Australia', 'Australia', 'Australia', 'Australia', 'Australia', 'New Zealand']","[-23.8483, -32.9182, -41.1352, -37.844, -38.096, -41.0534, -39.0577]","[151.3268, 151.7701, 146.8752, 144.905, 144.3819, 145.9108, 174.0346]","['Northeast Australian Shelf', 'East Central Australian Shelf', 'Southeast Australian Shelf', 'Southeast Australian Shelf', 'Southeast Australian Shelf', 'Southeast Australian Shelf', 'Southern New Zealand']","[0.0, 89.39559198393603, 68.92591726966455, 7.957363532047662, 47.48736065832667, 12.340563087857937, 170.30472284814175]","[25.83848917942687, np.float64(24.694396933106745), 75.67380385746598, np.float64(87.24914445949778), np.float64(86.52323319285233), 24.734763454141664, 0.0]",30.0469,695.2869,NEW PLYMOUTH
syn_07043,3,Tanker,4752.0,7,"['BRISBANE', 'NEWCASTLE', 'MELBOURNE', 'GEELONG', 'THEVENARD', 'DEVONPORT', 'NELSON']","['Australia', 'Australia', 'Australia', 'Australia', 'Australia', 'Australia', 'New Zealand']","[-27.3765, -32.9182, -37.844, -38.096, -32.1493, -41.1873, -41.2611]","[153.1665, 151.7701, 144.905, 144.3819, 133.6409, 146.3638, 173.2733]","['East Central Australian Shelf', 'East Central Australian Shelf', 'Southeast Australian Shelf', 'Southeast Australian Shelf', 'Southwest Australian Shelf', 'Southeast Australian Shelf', 'Southern New Zealand']","[0.0, 29.798054047585058, 45.892174167207386, 39.05033334645451, 111.78095080296842, 152.60563760957766, 158.971426537386]","[np.float64(10.014025764201074), np.float64(115.88321848075904), np.float64(31.79548854502693), np.float64(36.88935291268751), 37.04285573303033, 10.094083728655828, 0.0]",32.4924,769.8036,NELSON
syn_07044,3,Bulker,32561.0,7,"['BUNBURY', 'PORTLAND', 'ARDROSSAN', 'KEMBLA', 'TOWNSVILLE', 'GLADSTONE', 'AUCKLAND']","['Australia', 'Australia', 'Australia', 'Australia', 'Australia', 'Australia', 'New Zealand']","[-33.3243, -38.32, -34.4394, -34.4537, -19.0942, -23.8351, -36.8402]","[115.6615, 141.7092, 137.9262, 150.8864, 146.9491, 151.2712, 174.7721]","['Southwest Australian Shelf', 'Southeast Australian Shelf', 'Southwest Australian Shelf', 'East Central Australian Shelf', 'Northeast Australian Shelf', 'Northeast Australian Shelf', 'Northern New Zealand']","[0.0, 195.29333269387112, 22.157751140960947, 73.31090363980033, 89.98383470816084, 49.45914544278179, 132.6257992398821]","[48.99659965545505, 57.68706335938315, 60.70783344801584, np.float64(114.22196112123038), 29.427217360109974, 72.37052358696145, 0.0]",39.4267,897.2454,AUCKLAND
syn_07045,3,Tanker,4752.0,6,"['NAPA NAPA', 'MOTUKEA ISLAND', 'LAE', 'KIMBE', 'RABAUL', 'AUCKLAND']","['Papua New Guinea', 'Papua New Guinea', 'Papua New Guinea', 'Papua New Guinea', 'Papua New Guinea', 'New Zealand']","[-9.5056, -9.4328, -6.8146, -5.5497, -4.2033, -36.8402]","[147.1542, 147.1035, 146.9681, 150.1486, 152.1667, 174.7721]","['Eastern Coral Triangle', 'Eastern Coral Triangle', 'Eastern Coral Triangle', 'Eastern Coral Triangle', 'Eastern Coral Triangle', 'Northern New Zealand']","[0.0, 93.16773005672748, 79.71203557564395, 3.642002380323497, 44.87330848954892, 338.29765159245954]","[19.417554351075594, np.float64(12.2385052869433), np.float64(40.162825546885955), np.float64(24.790520159933386), 18.955928026504232, 0.0]",28.1358,655.8405,AUCKLAND
syn_07046,3,Bulker,28240.0,7,"['BALL BAY', 'CASCADE', 'BOTANY', 'VUDA', 'NADI BAY', 'NOUMEA', 'NEW PLYMOUTH']","['Australia', 'Australia', 'Australia', 'Fiji', 'Fiji', 'New Caledonia', 'New Zealand']","[-29.0496, -29.0094, -33.9682, -17.6861, -17.7162, -22.2633, -39.0577]","[167.9864, 167.9779, 151.2149, 177.3849, 177.371, 166.4317, 174.0346]","['Lord Howe and Norfolk Islands', 'Lord Howe and Norfolk Islands', 'East Central Australian Shelf', 'Tropical Southwestern Pacific', 'Tropical Southwestern Pacific', 'Tropical Southwestern Pacific', 'Southern New Zealand']","[0.0, 77.80576589352967, 121.23690350505926, 209.2104134844212, 80.55641938246082, 98.3645107605701, 85.213713363077]","[67.51647238791087, 65.72706469545145, np.float64(37.706296943753706), 42.48425125512839, 118.31817494746825, 30.48193365156583, 0.0]",43.1092,967.1054,NEW PLYMOUTH
syn_07047,3,General Cargo,19497.0,7,"['LAE', 'KIMBE', 'RABAUL', 'HONIARA', 'BRISBANE', 'NOUMEA', 'TAURANGA']","['Papua New Guinea', 'Papua New Guinea', 'Papua New Guinea', 'Solomon Islands', 'Australia', 'New Caledonia', 'New Zealand']","[-6.8146, -5.5497, -4.2033, -9.4274, -27.3765, -22.2633, -37.6444]","[146.9681, 150.1486, 152.1667, 159.9603, 153.1665, 166.4317, 176.1819]","['Eastern Coral Triangle', 'Eastern Coral Triangle', 'Eastern Coral Triangle', 'Eastern Coral Triangle', 'East Central Australian Shelf', 'Tropical Southwestern Pacific', 'Northern New Zealand']","[0.0, 3.491304570346698, 40.71577417911796, 49.393798499242656, 66.42903417916399, 89.32796120642101, 77.74461129682194]","[np.float64(10.118076364859839), np.float64(6.949505151923148), 80.97284882054382, np.float64(20.810841744839394), np.float64(65.65080839625907), 56.011175765922346, 0.0]",23.6507,557.4977,TAURANGA
syn_07048,3,Bulker,37686.0,5,"['NAPA NAPA', 'MOTUKEA ISLAND', 'LAE', 'HONIARA', 'AUCKLAND']","['Papua New Guinea', 'Papua New Guinea', 'Papua New Guinea', 'Solomon Islands', 'New Zealand']","[-9.5056, -9.4328, -6.8146, -9.4274, -36.8402]","[147.1542, 147.1035, 146.9681, 159.9603, 174.7721]","['Eastern Coral Triangle', 'Eastern Coral Triangle', 'Eastern Coral Triangle', 'Eastern Coral Triangle', 'Northern New Zealand']","[0.0, 49.41473979067563, 84.17161314172328, 85.53975378610002, 299.01516667718624]","[80.96784679490423, np.float64(64.04348550054371), np.float64(91.46618023145079), np.float64(131.88570912178625), 0.0]",36.9377,805.5366,AUCKLAND
syn_07049,3,Container,5923.0,7,"['GLADSTONE', 'NAPA NAPA', 'MOTUKEA ISLAND', 'LAE', 'HONIARA', 'LUGANVILLE', 'AUCKLAND']","['Australia', 'Papua New Guinea', 'Papua New Guinea', 'Papua New Guinea', 'Solomon Islands', 'Vanuatu', 'New Zealand']","[-23.8351, -9.5056, -9.4328, -6.8146, -9.4274, -15.515, -36.8402]","[151.2712, 147.1542, 147.1035, 146.9681, 159.9603, 167.1867, 174.7721]","['Northeast Australian Shelf', 'Eastern Coral Triangle', 'Eastern Coral Triangle', 'Eastern Coral Triangle', 'Eastern Coral Triangle', 'Tropical Southwestern Pacific', 'Northern New Zealand']","[0.0, 79.9704477065512, 17.864509954840987, 39.40660156478698, 66.14192850929123, 49.535937736564584, 189.4482361113208]","[12.887400690618652, 9.667617412798394, np.float64(10.28299523637358), np.float64(16.700211063067314), np.float64(27.425078242660458), np.float64(24.473849758399552), 0.0]",22.6585,530.9174,AUCKLAND
syn_07050,3,Container,5923.0,5,"['NEW PRIOK', 'KWINANA', 'FREMANTLE', 'ADELAIDE', 'GISBORNE']","['Indonesia', 'Australia', 'Australia', 'Australia', 'New Zealand']","[-6.0976, -32.0435, -32.051, -34.8169, -38.6751]","[106.884, 115.6652, 115.7393, 138.2816, 178.0221]","['Java Transitional', 'Southwest Australian Shelf', 'Southwest Australian Shelf', 'Southwest Australian Shelf', 'Northern New Zealand']","[0.0, 204.43345229659425, 33.953319245839836, 133.8802988987071, 169.52936627171104]","[49.09202185075357, 43.36108072727037, 51.1868095450014, np.float64(45.19485900348724), 0.0]",30.443,681.5392,GISBORNE
syn_07051,3,Bulker,34529.0,7,"['NAPA NAPA', 'MOTUKEA ISLAND', 'LAE', 'HONIARA', 'LUGANVILLE', 'VILA', 'TAURANGA']","['Papua New Guinea', 'Papua New Guinea', 'Papua New Guinea', 'Solomon Islands', 'Vanuatu', 'Vanuatu', 'New Zealand']","[-9.5056, -9.4328, -6.8146, -9.4274, -15.515, -17.754, -37.6444]","[147.1542, 147.1035, 146.9681, 159.9603, 167.1867, 168.3044, 176.1819]","['Eastern Coral Triangle', 'Eastern Coral Triangle', 'Eastern Coral Triangle', 'Eastern Coral Triangle', 'Tropical Southwestern Pacific', 'Tropical Southwestern Pacific', 'Northern New Zealand']","[0.0, 43.67805595932378, 81.16263846281288, 127.97231970267384, 66.54245756844385, 64.62040507867636, 179.24667993315916]","[96.89571934465114, np.float64(39.55501202906098), np.float64(49.233758256683956), np.float64(14.31477239797214), np.float64(32.80454815947809), np.float64(25.94942389875832), 0.0]",34.249,725.0801,TAURANGA
syn_07052,3,General Cargo,9032.0,7,"['LAE', 'KIMBE', 'RABAUL', 'HONIARA', 'BRISBANE', 'NAPA NAPA', 'TAURANGA']","['Papua New Guinea', 'Papua New Guinea', 'Papua New Guinea', 'Solomon Islands', 'Australia', 'Papua New Guinea', 'New Zealand']","[-6.8146, -5.5497, -4.2033, -9.4274, -27.3765, -9.5056, -37.6444]","[146.9681, 150.1486, 152.1667, 159.9603, 153.1665, 147.1542, 176.1819]","['Eastern Coral Triangle', 'Eastern Coral Triangle', 'Eastern Coral Triangle', 'Eastern Coral Triangle', 'East Central Australian Shelf', 'Eastern Coral Triangle', 'Northern New Zealand']","[0.0, 2.3716904196441355, 42.51963496737394, 86.14619027464492, 95.95911187654298, 182.6085404187548, 196.08022846157087]","[np.float64(54.04668558906035), np.float64(7.540851643966196), 39.095501259752446, np.float64(22.71114247750697), np.float64(60.21192608553046), 76.85574231100365, 0.0]",36.0895,812.1006,TAURANGA
syn_07053,3,General Cargo,9793.0,7,"['SOUTH TREES', 'NEWCASTLE', 'BELL BAY', 'ADELAIDE', 'LAE', 'LAUTOKA', 'NEW PLYMOUTH']","['Australia', 'Australia', 'Australia', 'Australia', 'Papua New Guinea', 'Fiji', 'New Zealand']","[-23.8483, -32.9182, -41.1352, -34.8169, -6.8146, -17.6036, -39.0577]","[151.3268, 151.7701, 146.8752, 138.2816, 146.9681, 177.4387, 174.0346]","['Northeast Australian Shelf', 'East Central Australian Shelf', 'Southeast Australian Shelf', 'Southwest Australian Shelf', 'Eastern Coral Triangle', 'Tropical Southwestern Pacific', 'Southern New Zealand']","[0.0, 41.93536346505659, 42.82376188208433, 34.590137657927485, 342.433712083811, 323.2433460510545, 112.20821112982136]","[69.71566973200163, np.float64(49.156974513466), 29.30672460868915, np.float64(24.94971376936935), np.float64(135.31462471153753), np.float64(34.6658178998722), 0.0]",51.681,1170.6284,NEW PLYMOUTH
syn_07054,3,Bulker,31702.0,7,"['NAPA NAPA', 'MOTUKEA ISLAND', 'LAE', 'HONIARA', 'LUGANVILLE', 'VILA', 'TAURANGA']","['Papua New Guinea', 'Papua New Guinea', 'Papua New Guinea', 'Solomon Islands', 'Vanuatu', 'Vanuatu', 'New Zealand']","[-9.5056, -9.4328, -6.8146, -9.4274, -15.515, -17.754, -37.6444]","[147.1542, 147.1035, 146.9681, 159.9603, 167.1867, 168.3044, 176.1819]","['Eastern Coral Triangle', 'Eastern Coral Triangle', 'Eastern Coral Triangle', 'Eastern Coral Triangle', 'Tropical Southwestern Pacific', 'Tropical Southwestern Pacific', 'Northern New Zealand']","[0.0, 45.30101623811912, 67.0203595755697, 87.36163988024613, 55.256668731709695, 63.91199447571972, 127.36986611171506]","[75.2826655925227, np.float64(99.56757383160095), np.float64(67.42812968329353), np.float64(103.24357867573246), np.float64(15.149770016114427), np.float64(15.685129573842099), 0.0]",34.2741,747.2957,TAURANGA
syn_07055,3,General Cargo,9793.0,7,"['BRISBANE', 'NEWCASTLE', 'GEELONG', 'ADELAIDE', 'THEVENARD', 'MELBOURNE', 'GISBORNE']","['Australia', 'Australia', 'Australia', 'Australia', 'Australia', 'Australia', 'New Zealand']","[-27.3765, -32.9182, -38.096, -34.8169, -32.1493, -37.844, -38.6751]","[153.1665, 151.7701, 144.3819, 138.2816, 133.6409, 144.905, 178.0221]","['East Central Australian Shelf', 'East Central Australian Shelf', 'Southeast Australian Shelf', 'Southwest Australian Shelf', 'Southwest Australian Shelf', 'Southeast Australian Shelf', 'Northern New Zealand']","[0.0, 29.160897125560066, 38.34959061997606, 36.06307618427221, 46.150547063551585, 35.053385223429174, 60.02986847075145]","[np.float64(76.02468879821572), np.float64(20.546593508412393), np.float64(71.90633911018034), np.float64(51.05409918811763), 79.29328828873835, np.float64(81.53036138718663), 0.0]",26.0484,549.138,GISBORNE
syn_07056,3,General Cargo,7709.0,7,"['GERALDTON', 'BUNBURY', 'THEVENARD', 'BRISBANE', 'KEMBLA', 'MELBOURNE', 'AUCKLAND']","['Australia', 'Australia', 'Australia', 'Australia', 'Australia', 'Australia', 'New Zealand']","[-28.6797, -33.3243, -32.1493, -27.3765, -34.4537, -37.844, -36.8402]","[114.5095, 115.6615, 133.6409, 153.1665, 150.8864, 144.905, 174.7721]","['West Central Australian Shelf', 'Southwest Australian Shelf', 'Southwest Australian Shelf', 'East Central Australian Shelf', 'East Central Australian Shelf', 'Southeast Australian Shelf', 'Northern New Zealand']","[0.0, 29.1461721045439, 94.25914365539322, 146.54394486166493, 42.11240793666735, 74.93884722119886, 245.98675600778915]","[25.845765164723318, 19.64199753025738, 63.00676972280728, np.float64(95.49136858812513), np.float64(39.936219752692054), np.float64(49.90435801580489), 0.0]",38.6172,900.968,AUCKLAND
syn_07057,3,Container,23373.0,7,"['NAPA NAPA', 'MOTUKEA ISLAND', 'LAE', 'HONIARA', 'LUGANVILLE', 'VILA', 'TAURANGA']","['Papua New Guinea', 'Papua New Guinea', 'Papua New Guinea', 'Solomon Islands', 'Vanuatu', 'Vanuatu', 'New Zealand']","[-9.5056, -9.4328, -6.8146, -9.4274, -15.515, -17.754, -37.6444]","[147.1542, 147.1035, 146.9681, 159.9603, 167.1867, 168.3044, 176.1819]","['Eastern Coral Triangle', 'Eastern Coral Triangle', 'Eastern Coral Triangle', 'Eastern Coral Triangle', 'Tropical Southwestern Pacific', 'Tropical Southwestern Pacific', 'Northern New Zealand']","[0.0, 17.864509954840987, 48.91029805861489, 40.73115407664909, 58.05135422622053, 23.229107224450146, 73.27502724024183]","[14.397435583269102, np.float64(11.81285711565177), np.float64(27.644774019554248), np.float64(11.844096861960027), np.float64(40.43313464576753), np.float64(14.789790098139013), 0.0]",15.9576,368.5861,TAURANGA
syn_07058,3,Container,5923.0,7,"['EST', 'KWINANA', 'FREMANTLE', 'MELBOURNE', 'KEMBLA', 'NEWCASTLE', 'NELSON']","['RÃ\x83Â©union', 'Australia', 'Australia', 'Australia', 'Australia', 'Australia', 'New Zealand']","[-20.9327, -32.0435, -32.051, -37.844, -34.4537, -32.9182, -41.2611]","[55.3178, 115.6652, 115.7393, 144.905, 150.8864, 151.7701, 173.2733]","['Western Indian Ocean', 'Southwest Australian Shelf', 'Southwest Australian Shelf', 'Southeast Australian Shelf', 'East Central Australian Shelf', 'East Central Australian Shelf', 'Southern New Zealand']","[0.0, 414.8621681117434, 26.647672938791185, 124.42416056802584, 48.00223237920215, 5.823813266820766, 88.07423400146934]","[7.365640789200201, 27.15489989363745, 18.511558589676664, np.float64(76.38127623328205), np.float64(126.95904478859957), np.float64(10.442368750027104), 0.0]",40.6104,967.2834,NELSON
syn_07059,3,General Cargo,17961.0,7,"['CAIRNS', 'MACKAY', 'BRISBANE', 'NEWCASTLE', 'BOTANY', 'MELBOURNE', 'AUCKLAND']","['Australia', 'Australia', 'Australia', 'Australia', 'Australia', 'Australia', 'New Zealand']","[-16.8017, -21.1059, -27.3765, -32.9182, -33.9682, -37.844, -36.8402]","[145.8833, 149.2318, 153.1665, 151.7701, 151.2149, 144.905, 174.7721]","['Northeast Australian Shelf', 'Northeast Australian Shelf', 'East Central Australian Shelf', 'East Central Australian Shelf', 'East Central Australian Shelf', 'Southeast Australian Shelf', 'Northern New Zealand']","[0.0, 23.82029452342874, 29.391976265291554, 18.766445516980195, 3.901631961320391, 45.11691390265101, 92.99934709418713]","[43.04456187026579, 27.40178612652164, np.float64(44.39880437603427), np.float64(19.48304170851974), np.float64(24.92270718400901), np.float64(105.39648079513455), 0.0]",19.9435,435.5994,AUCKLAND
syn_07060,3,General Cargo,12502.0,6,"['TOWNSVILLE', 'BRISBANE', 'BURNIE', 'GEELONG', 'ADELAIDE', 'TAURANGA']","['Australia', 'Australia', 'Australia', 'Australia', 'Australia', 'New Zealand']","[-19.0942, -27.3765, -41.0534, -38.096, -34.8169, -37.6444]","[146.9491, 153.1665, 145.9108, 144.3819, 138.2816, 176.1819]","['Northeast Australian Shelf', 'East Central Australian Shelf', 'Southeast Australian Shelf', 'Southeast Australian Shelf', 'Southwest Australian Shelf', 'Northern New Zealand']","[0.0, 34.378192945989404, 52.34433151456517, 9.611424046975879, 46.78996881813917, 123.16635179398418]","[13.829378476202793, np.float64(63.029719875452514), 6.552695463451889, np.float64(12.591513863513404), np.float64(24.95550062334649), 0.0]",16.1354,373.4197,TAURANGA
syn_07061,3,Bulker,33144.0,7,"['TOWNSVILLE', 'BRISBANE', 'NEWCASTLE', 'GEELONG', 'ADELAIDE', 'SUVA', 'GISBORNE']","['Australia', 'Australia', 'Australia', 'Australia', 'Australia', 'Fiji', 'New Zealand']","[-19.0942, -27.3765, -32.9182, -38.096, -34.8169, -18.1339, -38.6751]","[146.9491, 153.1665, 151.7701, 144.3819, 138.2816, 178.4235, 178.0221]","['Northeast Australian Shelf', 'East Central Australian Shelf', 'East Central Australian Shelf', 'Southeast Australian Shelf', 'Southwest Australian Shelf', 'Tropical Southwestern Pacific', 'Northern New Zealand']","[0.0, 50.31075912142271, 38.38199207275388, 59.18416508653162, 64.07982438748054, 292.08545035111194, 138.509052218763]","[28.34795035625809, np.float64(101.94613528288261), np.float64(34.55610630043438), np.float64(92.67453059176663), np.float64(49.991496886075346), np.float64(23.386696725806694), 0.0]",40.5606,945.1062,GISBORNE
syn_07062,3,Container,23357.0,7,"['KWINANA', 'FREMANTLE', 'ADELAIDE', 'MELBOURNE', 'KEMBLA', 'BRISBANE', 'AUCKLAND']","['Australia', 'Australia', 'Australia', 'Australia', 'Australia', 'Australia', 'New Zealand']","[-32.0435, -32.051, -34.8169, -37.844, -34.4537, -27.3765, -36.8402]","[115.6652, 115.7393, 138.2816, 144.905, 150.8864, 153.1665, 174.7721]","['Southwest Australian Shelf', 'Southwest Australian Shelf', 'Southwest Australian Shelf', 'Southeast Australian Shelf', 'East Central Australian Shelf', 'East Central Australian Shelf', 'Northern New Zealand']","[0.0, 43.762695316588285, 83.31876005109274, 32.041799434554726, 40.44140569433991, 29.80345440271542, 143.41216032119755]","[16.732968089899536, 63.494299659674745, np.float64(39.439798020360065), np.float64(20.14524258340124), np.float64(43.87064233787736), np.float64(47.223668380764074), 0.0]",25.1536,586.9539,AUCKLAND
syn_07063,3,General Cargo,12502.0,7,"['RABAUL', 'MOTUKEA ISLAND', 'TOWNSVILLE', 'BRISBANE', 'NEWCASTLE', 'BOTANY', 'NAPIER']","['Papua New Guinea', 'Papua New Guinea', 'Australia', 'Australia', 'Australia', 'Australia', 'New Zealand']","[-4.2033, -9.4328, -19.0942, -27.3765, -32.9182, -33.9682, -39.4759]","[152.1667, 147.1035, 146.9491, 153.1665, 151.7701, 151.2149, 176.9184]","['Eastern Coral Triangle', 'Eastern Coral Triangle', 'Northeast Australian Shelf', 'East Central Australian Shelf', 'East Central Australian Shelf', 'East Central Australian Shelf', 'Southern New Zealand']","[0.0, 68.93591679828674, 37.945882005792875, 53.01270968110964, 18.671094960057836, 5.933378343641576, 57.938046565422646]","[89.32184939041686, np.float64(48.83731762798052), 11.659563705953948, np.float64(7.081157516118848), np.float64(54.820502935001386), np.float64(9.068211226781246), 0.0]",19.3011,373.9038,NAPIER
syn_07064,3,General Cargo,7709.0,7,"['NEWCASTLE', 'GEELONG', 'DEVONPORT', 'PORTLAND', 'ADELAIDE', 'LINCOLN', 'NAPIER']","['Australia', 'Australia', 'Australia', 'Australia', 'Australia', 'Australia', 'New Zealand']","[-32.9182, -38.096, -41.1873, -38.32, -34.8169, -34.7176, -39.4759]","[151.7701, 144.3819, 146.3638, 141.7092, 138.2816, 135.8701, 176.9184]","['East Central Australian Shelf', 'Southeast Australian Shelf', 'Southeast Australian Shelf', 'Southeast Australian Shelf', 'Southwest Australian Shelf', 'Southwest Australian Shelf', 'Southern New Zealand']","[0.0, 40.44533066033182, 8.938136473363713, 19.126479229224085, 24.25700796271424, 10.96204779548744, 153.11110648458236]","[np.float64(67.64950220666911), np.float64(112.51808935508274), 18.996627194636538, 27.74831620727405, np.float64(13.491637921956814), 11.017059039368483, 0.0]",21.1776,440.6118,NAPIER
syn_07065,3,Container,13048.0,7,"['NAPA NAPA', 'MOTUKEA ISLAND', 'LAE', 'BRISBANE', 'BOTANY', 'MELBOURNE', 'AUCKLAND']","['Papua New Guinea', 'Papua New Guinea', 'Papua New Guinea', 'Australia', 'Australia', 'Australia', 'New Zealand']","[-9.5056, -9.4328, -6.8146, -27.3765, -33.9682, -37.844, -36.8402]","[147.1542, 147.1035, 146.9681, 153.1665, 151.2149, 144.905, 174.7721]","['Eastern Coral Triangle', 'Eastern Coral Triangle', 'Eastern Coral Triangle', 'East Central Australian Shelf', 'East Central Australian Shelf', 'Southeast Australian Shelf', 'Northern New Zealand']","[0.0, 17.864509954840987, 46.979838057960116, 154.36685573965644, 42.52370923032715, 41.82318591057681, 168.06700845107073]","[98.85350972468191, np.float64(9.109187215164388), np.float64(19.258115614344533), np.float64(23.358068799875312), np.float64(8.70068740045468), np.float64(12.510194034337035), 0.0]",26.809,544.5614,AUCKLAND
syn_07066,3,Container,12502.0,7,"['NAPA NAPA', 'MOTUKEA ISLAND', 'LAE', 'HONIARA', 'LUGANVILLE', 'VILA', 'TAURANGA']","['Papua New Guinea', 'Papua New Guinea', 'Papua New Guinea', 'Solomon Islands', 'Vanuatu', 'Vanuatu', 'New Zealand']","[-9.5056, -9.4328, -6.8146, -9.4274, -15.515, -17.754, -37.6444]","[147.1542, 147.1035, 146.9681, 159.9603, 167.1867, 168.3044, 176.1819]","['Eastern Coral Triangle', 'Eastern Coral Triangle', 'Eastern Coral Triangle', 'Eastern Coral Triangle', 'Tropical Southwestern Pacific', 'Tropical Southwestern Pacific', 'Northern New Zealand']","[0.0, 17.864509954840987, 67.61175597060544, 69.12940347584717, 49.64465826332728, 26.175402543414034, 115.04072527358457]","[30.584204521778062, np.float64(32.11718904654848), np.float64(100.74445677555318), np.float64(26.852081587339402), np.float64(12.139697236882364), np.float64(17.756463487349965), 0.0]",23.5692,535.0763,TAURANGA
syn_07067,3,General Cargo,7709.0,7,"['NAPA NAPA', 'MOTUKEA ISLAND', 'LAE', 'HONIARA', 'LUGANVILLE', 'VILA', 'TAURANGA']","['Papua New Guinea', 'Papua New Guinea', 'Papua New Guinea', 'Solomon Islands', 'Vanuatu', 'Vanuatu', 'New Zealand']","[-9.5056, -9.4328, -6.8146, -9.4274, -15.515, -17.754, -37.6444]","[147.1542, 147.1035, 146.9681, 159.9603, 167.1867, 168.3044, 176.1819]","['Eastern Coral Triangle', 'Eastern Coral Triangle', 'Eastern Coral Triangle', 'Eastern Coral Triangle', 'Tropical Southwestern Pacific', 'Tropical Southwestern Pacific', 'Northern New Zealand']","[0.0, 42.86731195789406, 73.86494276357776, 68.90026665874412, 64.06628354558737, 31.387547517483878, 184.04160923574875]","[97.4457954965828, np.float64(50.9183898697063), np.float64(109.66810883845338), np.float64(92.82062220011822), np.float64(40.14685362221394), np.float64(50.73664234289266), 0.0]",37.786,809.4186,TAURANGA
syn_07068,3,Bulker,63666.0,7,"['VAVOUTO', 'NEWCASTLE', 'PRONY BAY', 'NOUMEA', 'VUDA', 'BOTANY', 'LYTTELTON']","['New Caledonia', 'Australia', 'New Caledonia', 'New Caledonia', 'Fiji', 'Australia', 'New Zealand']","[-21.0033, -32.9182, -22.3524, -22.2633, -17.6861, -33.9682, -43.606]","[164.6667, 151.7701, 166.8904, 166.4317, 177.3849, 151.2149, 172.7213]","['Tropical Southwestern Pacific', 'East Central Australian Shelf', 'Tropical Southwestern Pacific', 'Tropical Southwestern Pacific', 'Tropical Southwestern Pacific', 'East Central Australian Shelf', 'Southern New Zealand']","[0.0, 161.6558773312175, 146.32356719501362, 41.12215905537096, 62.831356123636404, 142.17274048554592, 198.22744905769142]","[13.49155807697374, np.float64(74.50614816371241), 64.12999838996525, 21.666610053353686, 17.75373082173624, np.float64(48.56503523142388), 0.0]",41.3519,978.9547,LYTTELTON
syn_07069,3,Bulker,37155.0,7,"['TOWNSVILLE', 'NAPA NAPA', 'MOTUKEA ISLAND', 'LAE', 'HONIARA', 'LUGANVILLE', 'AUCKLAND']","['Australia', 'Papua New Guinea', 'Papua New Guinea', 'Papua New Guinea', 'Solomon Islands', 'Vanuatu', 'New Zealand']","[-19.0942, -9.5056, -9.4328, -6.8146, -9.4274, -15.515, -36.8402]","[146.9491, 147.1542, 147.1035, 146.9681, 159.9603, 167.1867, 174.7721]","['Northeast Australian Shelf', 'Eastern Coral Triangle', 'Eastern Coral Triangle', 'Eastern Coral Triangle', 'Eastern Coral Triangle', 'Tropical Southwestern Pacific', 'Northern New Zealand']","[0.0, 67.22649051029488, 43.96464502139189, 65.80397522219448, 101.71876738721392, 99.7626845761721, 117.47484755398898]","[71.3163424701886, 58.386045075172156, np.float64(33.18984440127974), np.float64(9.332878920775523), np.float64(57.96500215040306), np.float64(89.28397444094973), 0.0]",33.9761,744.1092,AUCKLAND
syn_07070,3,Bulker,37609.0,7,"['NAPA NAPA', 'MOTUKEA ISLAND', 'LAE', 'KIMBE', 'RABAUL', 'HONIARA', 'TAURANGA']","['Papua New Guinea', 'Papua New Guinea', 'Papua New Guinea', 'Papua New Guinea', 'Papua New Guinea', 'Solomon Islands', 'New Zealand']","[-9.5056, -9.4328, -6.8146, -5.5497, -4.2033, -9.4274, -37.6444]","[147.1542, 147.1035, 146.9681, 150.1486, 152.1667, 159.9603, 176.1819]","['Eastern Coral Triangle', 'Eastern Coral Triangle', 'Eastern Coral Triangle', 'Eastern Coral Triangle', 'Eastern Coral Triangle', 'Eastern Coral Triangle', 'Northern New Zealand']","[0.0, 40.007086707732306, 89.00721424715387, 3.7083315966273327, 38.61595840013024, 78.11940978688797, 164.07371189847248]","[63.27567222748311, np.float64(38.57997180694385), np.float64(47.81441071427887), np.float64(16.99033976632307), 55.87082154279482, np.float64(52.82571677777622), 0.0]",28.7037,625.613,TAURANGA
syn_07071,3,General Cargo,40297.0,7,"['NAPA NAPA', 'MOTUKEA ISLAND', 'LAE', 'HONIARA', 'LUGANVILLE', 'VILA', 'TAURANGA']","['Papua New Guinea', 'Papua New Guinea', 'Papua New Guinea', 'Solomon Islands', 'Vanuatu', 'Vanuatu', 'New Zealand']","[-9.5056, -9.4328, -6.8146, -9.4274, -15.515, -17.754, -37.6444]","[147.1542, 147.1035, 146.9681, 159.9603, 167.1867, 168.3044, 176.1819]","['Eastern Coral Triangle', 'Eastern Coral Triangle', 'Eastern Coral Triangle', 'Eastern Coral Triangle', 'Tropical Southwestern Pacific', 'Tropical Southwestern Pacific', 'Northern New Zealand']","[0.0, 40.676257946143444, 32.31866502022269, 38.38070696275178, 49.03490640238157, 50.8583019953798, 64.30499805752555]","[9.497505007023028, np.float64(26.420676415644124), np.float64(69.57454933959872), np.float64(39.35275727916384), np.float64(31.846466317400544), np.float64(12.140791674504921), 0.0]",19.3503,454.9091,TAURANGA
syn_07072,3,Bulker,46673.0,7,"['NAPA NAPA', 'MOTUKEA ISLAND', 'LAE', 'KIMBE', 'RABAUL', 'HONIARA', 'TAURANGA']","['Papua New Guinea', 'Papua New Guinea', 'Papua New Guinea', 'Papua New Guinea', 'Papua New Guinea', 'Solomon Islands', 'New Zealand']","[-9.5056, -9.4328, -6.8146, -5.5497, -4.2033, -9.4274, -37.6444]","[147.1542, 147.1035, 146.9681, 150.1486, 152.1667, 159.9603, 176.1819]","['Eastern Coral Triangle', 'Eastern Coral Triangle', 'Eastern Coral Triangle', 'Eastern Coral Triangle', 'Eastern Coral Triangle', 'Eastern Coral Triangle', 'Northern New Zealand']","[0.0, 42.85868640489053, 88.10168461510992, 3.5588889668823582, 63.14284207420469, 68.84835143795063, 246.0268585678128]","[14.907936655129065, np.float64(8.090298478835814), np.float64(49.222542321937865), np.float64(84.22903007262605), 67.75543482412303, np.float64(48.026846674155806), 0.0]",32.6987,769.8615,TAURANGA
syn_07073,3,Bulker,39758.0,7,"['VAVOUTO', 'NEWCASTLE', 'PRONY BAY', 'NEWCASTLE', 'VAVOUTO', 'NEWCASTLE', 'NEW PLYMOUTH']","['New Caledonia', 'Australia', 'New Caledonia', 'Australia', 'New Caledonia', 'Australia', 'New Zealand']","[-21.0033, -32.9182, -22.3524, -32.9182, -21.0033, -32.9182, -39.0577]","[164.6667, 151.7701, 166.8904, 151.7701, 164.6667, 151.7701, 174.0346]","['Tropical Southwestern Pacific', 'East Central Australian Shelf', 'Tropical Southwestern Pacific', 'East Central Australian Shelf', 'Tropical Southwestern Pacific', 'East Central Australian Shelf', 'Southern New Zealand']","[0.0, 104.27915529631103, 148.87251377855634, 135.99024689831012, 201.2491123891271, 134.4190144086183, 101.55748858486614]","[35.36253079919833, np.float64(64.54922073957212), 46.917925924277334, np.float64(54.03410442621776), 69.66821117023741, np.float64(60.74894175603325), 0.0]",48.2354,1122.2859,NEW PLYMOUTH
syn_07074,3,Bulker,28240.0,7,"['TOWNSVILLE', 'NAPA NAPA', 'MOTUKEA ISLAND', 'LAE', 'BRISBANE', 'BOTANY', 'TAURANGA']","['Australia', 'Papua New Guinea', 'Papua New Guinea', 'Papua New Guinea', 'Australia', 'Australia', 'New Zealand']","[-19.0942, -9.5056, -9.4328, -6.8146, -27.3765, -33.9682, -37.6444]","[146.9491, 147.1542, 147.1035, 146.9681, 153.1665, 151.2149, 176.1819]","['Northeast Australian Shelf', 'Eastern Coral Triangle', 'Eastern Coral Triangle', 'Eastern Coral Triangle', 'East Central Australian Shelf', 'East Central Australian Shelf', 'Northern New Zealand']","[0.0, 77.35129200791759, 49.69692818208073, 55.15089727353542, 153.83412717765532, 36.09810162891242, 110.90232469329953]","[65.66358020158465, 19.74614076826265, np.float64(12.824638665355916), np.float64(63.86592180480303), np.float64(90.70389020797475), np.float64(134.71922450002663), 0.0]",36.2732,804.8935,TAURANGA
syn_07075,3,Bulker,37657.0,7,"['TOWNSVILLE', 'NAPA NAPA', 'MOTUKEA ISLAND', 'LAE', 'HONIARA', 'LUGANVILLE', 'AUCKLAND']","['Australia', 'Papua New Guinea', 'Papua New Guinea', 'Papua New Guinea', 'Solomon Islands', 'Vanuatu', 'New Zealand']","[-19.0942, -9.5056, -9.4328, -6.8146, -9.4274, -15.515, -36.8402]","[146.9491, 147.1542, 147.1035, 146.9681, 159.9603, 167.1867, 174.7721]","['Northeast Australian Shelf', 'Eastern Coral Triangle', 'Eastern Coral Triangle', 'Eastern Coral Triangle', 'Eastern Coral Triangle', 'Tropical Southwestern Pacific', 'Northern New Zealand']","[0.0, 122.59472097722731, 88.70196493047109, 83.9854299337129, 85.50686217342391, 58.27297437540063, 126.22486723543665]","[47.90750350130178, 24.3107797551625, np.float64(30.342700907338035), np.float64(124.5919978012501), np.float64(72.18603440776096), np.float64(12.293681764392817), 0.0]",36.5383,829.012,AUCKLAND
syn_07076,3,Container,12502.0,7,"['TOWNSVILLE', 'NAPA NAPA', 'MOTUKEA ISLAND', 'LAE', 'KIMBE', 'RABAUL', 'TAURANGA']","['Australia', 'Papua New Guinea', 'Papua New Guinea', 'Papua New Guinea', 'Papua New Guinea', 'Papua New Guinea', 'New Zealand']","[-19.0942, -9.5056, -9.4328, -6.8146, -5.5497, -4.2033, -37.6444]","[146.9491, 147.1542, 147.1035, 146.9681, 150.1486, 152.1667, 176.1819]","['Northeast Australian Shelf', 'Eastern Coral Triangle', 'Eastern Coral Triangle', 'Eastern Coral Triangle', 'Eastern Coral Triangle', 'Eastern Coral Triangle', 'Northern New Zealand']","[0.0, 71.2659459907871, 17.864509954840987, 77.6907383052432, 6.179840860187983, 24.24167443717895, 107.91290142124875]","[48.82647467719304, 28.405247291688724, np.float64(15.324573489879137), np.float64(19.625898100642196), np.float64(7.893042352555412), 28.107422370882293, 0.0]",18.8891,404.5118,TAURANGA
syn_07077,3,Container,12502.0,7,"['CAIRNS', 'GLADSTONE', 'FISHERMANS LANDING', 'NEWCASTLE', 'KEMBLA', 'WHYALLA', 'AUCKLAND']","['Australia', 'Australia', 'Australia', 'Australia', 'Australia', 'Australia', 'New Zealand']","[-16.8017, -23.8351, -23.7873, -32.9182, -34.4537, -33.0139, -36.8402]","[145.8833, 151.2712, 151.1761, 151.7701, 150.8864, 137.5918, 174.7721]","['Northeast Australian Shelf', 'Northeast Australian Shelf', 'Northeast Australian Shelf', 'East Central Australian Shelf', 'East Central Australian Shelf', 'Southwest Australian Shelf', 'Northern New Zealand']","[0.0, 67.73375539964381, 63.36590298323519, 45.736620645467404, 4.18368910783787, 101.0483485857856, 181.1361911370932]","[79.00497055130212, 32.77845824167631, 37.816324636471386, np.float64(34.53511086799142), np.float64(94.65456552639255), 13.806081860019091, 0.0]",31.4917,676.795,AUCKLAND
syn_07078,3,Container,12502.0,7,"['KWINANA', 'FREMANTLE', 'ADELAIDE', 'MELBOURNE', 'KEMBLA', 'BRISBANE', 'AUCKLAND']","['Australia', 'Australia', 'Australia', 'Australia', 'Australia', 'Australia', 'New Zealand']","[-32.0435, -32.051, -34.8169, -37.844, -34.4537, -27.3765, -36.8402]","[115.6652, 115.7393, 138.2816, 144.905, 150.8864, 153.1665, 174.7721]","['Southwest Australian Shelf', 'Southwest Australian Shelf', 'Southwest Australian Shelf', 'Southeast Australian Shelf', 'East Central Australian Shelf', 'East Central Australian Shelf', 'Northern New Zealand']","[0.0, 35.937471871055706, 146.5533923137205, 33.9184757747915, 32.80151874640643, 44.530372107934085, 149.24824860053445]","[17.870127341983423, 16.93078582066332, np.float64(13.544704606906144), np.float64(16.523347029170505), np.float64(13.694366340658613), np.float64(42.46528335295328), 0.0]",23.5008,546.148,AUCKLAND
syn_07079,3,Bulker,42446.0,6,"['NAPA NAPA', 'MOTUKEA ISLAND', 'LAE', 'HONIARA', 'LUGANVILLE', 'AUCKLAND']","['Papua New Guinea', 'Papua New Guinea', 'Papua New Guinea', 'Solomon Islands', 'Vanuatu', 'New Zealand']","[-9.5056, -9.4328, -6.8146, -9.4274, -15.515, -36.8402]","[147.1542, 147.1035, 146.9681, 159.9603, 167.1867, 174.7721]","['Eastern Coral Triangle', 'Eastern Coral Triangle', 'Eastern Coral Triangle', 'Eastern Coral Triangle', 'Tropical Southwestern Pacific', 'Northern New Zealand']","[0.0, 103.34443053055729, 84.44195059602087, 110.353975363556, 90.0770773509465, 146.76001668495937]","[12.797211041740807, np.float64(30.419738814480482), np.float64(113.68494833636565), np.float64(88.9590785881344), np.float64(47.117414443873955), 0.0]",34.4982,815.1586,AUCKLAND
syn_07080,3,Container,68411.0,7,"['FUNAFUTI', 'NANUMANGA', 'NANUMEA', 'NIUTAO', 'FUNAFUTI', 'SUVA', 'AUCKLAND']","['Tuvalu', 'Tuvalu', 'Tuvalu', 'Tuvalu', 'Tuvalu', 'Fiji', 'New Zealand']","[-8.5032, -6.2821, -5.6755, -6.1016, -8.5032, -18.1339, -36.8402]","[179.1946, 176.3086, 176.1033, 177.3293, 179.1946, 178.4235, 174.7721]","['Marshall, Gilbert and Ellis Islands', 'Marshall, Gilbert and Ellis Islands', 'Marshall, Gilbert and Ellis Islands', 'Marshall, Gilbert and Ellis Islands', 'Marshall, Gilbert and Ellis Islands', 'Tropical Southwestern Pacific', 'Northern New Zealand']","[0.0, 43.689072923580405, 38.0983946178537, 10.035085178591132, 23.931387225200705, 44.923985529928665, 86.31995458179117]","[7.7922476748351475, 37.60322081720389, 126.72946526619508, 68.92600745641936, 25.217929435153025, np.float64(30.808583451910934), 0.0]",22.6698,536.2831,AUCKLAND
syn_07081,3,Bulker,37555.0,7,"['KWINANA', 'FREMANTLE', 'ADELAIDE', 'MELBOURNE', 'KEMBLA', 'BRISBANE', 'AUCKLAND']","['Australia', 'Australia', 'Australia', 'Australia', 'Australia', 'Australia', 'New Zealand']","[-32.0435, -32.051, -34.8169, -37.844, -34.4537, -27.3765, -36.8402]","[115.6652, 115.7393, 138.2816, 144.905, 150.8864, 153.1665, 174.7721]","['Southwest Australian Shelf', 'Southwest Australian Shelf', 'Southwest Australian Shelf', 'Southeast Australian Shelf', 'East Central Australian Shelf', 'East Central Australian Shelf', 'Northern New Zealand']","[0.0, 90.60432564719117, 140.73304404321397, 38.634148989129734, 59.825559990206, 39.030765160857364, 112.65748350553265]","[57.09173806500283, 32.05389910809818, np.float64(84.06030739832534), np.float64(52.68057600911732), np.float64(30.28925379278597), np.float64(82.9353570181192), 0.0]",34.1915,763.5047,AUCKLAND
syn_07082,3,Container,12502.0,7,"['LINCOLN', 'ADELAIDE', 'PORTLAND', 'GEELONG', 'NEWCASTLE', 'NOUMEA', 'GISBORNE']","['Australia', 'Australia', 'Australia', 'Australia', 'Australia', 'New Caledonia', 'New Zealand']","[-34.7176, -34.8169, -38.32, -38.096, -32.9182, -22.2633, -38.6751]","[135.8701, 138.2816, 141.7092, 144.3819, 151.7701, 166.4317, 178.0221]","['Southwest Australian Shelf', 'Southwest Australian Shelf', 'Southeast Australian Shelf', 'Southeast Australian Shelf', 'East Central Australian Shelf', 'Tropical Southwestern Pacific', 'Northern New Zealand']","[0.0, 5.258440925548355, 10.01932293381577, 8.816169333151693, 69.49457259157681, 76.51453684943068, 142.39241943743136]","[33.93550830442793, np.float64(20.490201664824898), 9.430699016872953, np.float64(62.481272448231294), np.float64(15.697999309535843), 62.774953666892564, 0.0]",21.5544,483.3706,GISBORNE
syn_07083,3,Bulker,46673.0,7,"['TOWNSVILLE', 'NAPA NAPA', 'MOTUKEA ISLAND', 'LAE', 'KIMBE', 'RABAUL', 'TAURANGA']","['Australia', 'Papua New Guinea', 'Papua New Guinea', 'Papua New Guinea', 'Papua New Guinea', 'Papua New Guinea', 'New Zealand']","[-19.0942, -9.5056, -9.4328, -6.8146, -5.5497, -4.2033, -37.6444]","[146.9491, 147.1542, 147.1035, 146.9681, 150.1486, 152.1667, 176.1819]","['Northeast Australian Shelf', 'Eastern Coral Triangle', 'Eastern Coral Triangle', 'Eastern Coral Triangle', 'Eastern Coral Triangle', 'Eastern Coral Triangle', 'Northern New Zealand']","[0.0, 58.12631646419716, 88.72748356548762, 75.85587634970352, 3.08844767969606, 36.054843570099656, 197.12878033424653]","[30.307549151340492, 46.61941506748757, np.float64(56.78865452522586), np.float64(40.19482174948817), np.float64(18.845906652594838), 33.74397057355819, 0.0]",28.5618,655.1745,TAURANGA
syn_07084,3,Bulker,42446.0,7,"['BRISBANE', 'DEVONPORT', 'GEELONG', 'PORTLAND', 'ADELAIDE', 'LINCOLN', 'NAPIER']","['Australia', 'Australia', 'Australia', 'Australia', 'Australia', 'Australia', 'New Zealand']","[-27.3765, -41.1873, -38.096, -38.32, -34.8169, -34.7176, -39.4759]","[153.1665, 146.3638, 144.3819, 141.7092, 138.2816, 135.8701, 176.9184]","['East Central Australian Shelf', 'Southeast Australian Shelf', 'Southeast Australian Shelf', 'Southeast Australian Shelf', 'Southwest Australian Shelf', 'Southwest Australian Shelf', 'Southern New Zealand']","[0.0, 131.3016585701469, 12.190398467682654, 28.949578048298736, 32.08573701459237, 8.96927361902782, 210.04952812069553]","[np.float64(50.407836716922624), 90.16811387445955, np.float64(91.94030901518923), 16.451883964856798, np.float64(56.68172598522298), 82.82492458724646, 0.0]",33.8342,761.6131,NAPIER
syn_07085,3,Container,23357.0,7,"['BRISBANE', 'GEELONG', 'DEVONPORT', 'PORTLAND', 'ADELAIDE', 'LINCOLN', 'NAPIER']","['Australia', 'Australia', 'Australia', 'Australia', 'Australia', 'Australia', 'New Zealand']","[-27.3765, -38.096, -41.1873, -38.32, -34.8169, -34.7176, -39.4759]","[153.1665, 144.3819, 146.3638, 141.7092, 138.2816, 135.8701, 176.9184]","['East Central Australian Shelf', 'Southeast Australian Shelf', 'Southeast Australian Shelf', 'Southeast Australian Shelf', 'Southwest Australian Shelf', 'Southwest Australian Shelf', 'Southern New Zealand']","[0.0, 88.48046311748632, 10.83436178419951, 22.80384051422179, 15.033297547645256, 10.640355592475142, 244.36857391627257]","[np.float64(28.427197753651786), np.float64(92.70921073845261), 16.982419624598574, 32.89911230347995, np.float64(43.15014904258857), 50.448858437153575, 0.0]",27.3657,628.3506,NAPIER
syn_07086,3,Container,34362.0,7,"['FREMANTLE', 'ARDROSSAN', 'KEMBLA', 'TOWNSVILLE', 'GLADSTONE', 'ADELAIDE', 'LYTTELTON']","['Australia', 'Australia', 'Australia', 'Australia', 'Australia', 'Australia', 'New Zealand']","[-32.051, -34.4394, -34.4537, -19.0942, -23.8351, -34.8169, -43.606]","[115.7393, 137.9262, 150.8864, 146.9491, 151.2712, 138.2816, 172.7213]","['Southwest Australian Shelf', 'Southwest Australian Shelf', 'East Central Australian Shelf', 'Northeast Australian Shelf', 'Northeast Australian Shelf', 'Southwest Australian Shelf', 'Southern New Zealand']","[0.0, 123.36196342471433, 51.60512714933866, 97.81655841837616, 45.38372872850124, 169.54030459106008, 116.87408892265647]","[6.3650122919116, 13.576310473206712, np.float64(41.797435028265376), 63.46455228737883, 96.01267667048448, np.float64(122.70608454321078), 0.0]",39.521,942.1388,LYTTELTON
syn_07087,3,General Cargo,9793.0,7,"['BELL BAY', 'BRISBANE', 'ADELAIDE', 'GEELONG', 'TAROONA', 'HOBART', 'GISBORNE']","['Australia', 'Australia', 'Australia', 'Australia', 'Australia', 'Australia', 'New Zealand']","[-41.1352, -27.3765, -34.8169, -38.096, -42.938, -42.8304, -38.6751]","[146.8752, 153.1665, 138.2816, 144.3819, 147.3863, 147.3195, 178.0221]","['Southeast Australian Shelf', 'East Central Australian Shelf', 'Southwest Australian Shelf', 'Southeast Australian Shelf', 'Southeast Australian Shelf', 'Southeast Australian Shelf', 'Northern New Zealand']","[0.0, 52.90869200805217, 156.7615494807594, 29.60084516224421, 43.72583455389568, 59.72707435503022, 74.55506830639125]","[47.889290531426845, np.float64(87.49564401589976), np.float64(65.1213137880369), np.float64(123.59463668540673), 18.473369495967106, 19.69535907528813, 0.0]",32.4812,731.6594,GISBORNE
syn_07088,3,Bulker,37987.0,7,"['KIMBE', 'NAPA NAPA', 'MOTUKEA ISLAND', 'LAE', 'KIMBE', 'RABAUL', 'AUCKLAND']","['Papua New Guinea', 'Papua New Guinea', 'Papua New Guinea', 'Papua New Guinea', 'Papua New Guinea', 'Papua New Guinea', 'New Zealand']","[-5.5497, -9.5056, -9.4328, -6.8146, -5.5497, -4.2033, -36.8402]","[150.1486, 147.1542, 147.1035, 146.9681, 150.1486, 152.1667, 174.7721]","['Eastern Coral Triangle', 'Eastern Coral Triangle', 'Eastern Coral Triangle', 'Eastern Coral Triangle', 'Eastern Coral Triangle', 'Eastern Coral Triangle', 'Northern New Zealand']","[0.0, 88.29162154616867, 42.257241703198, 78.16722533803315, 6.094620900561142, 38.30506634802325, 206.45648439350398]","[np.float64(33.90364576848882), 57.87488201779966, np.float64(23.863534231708226), np.float64(105.20073984698325), np.float64(22.009091436396744), 49.94888952473674, 0.0]",31.3489,718.4694,AUCKLAND
syn_07089,3,General Cargo,9793.0,7,"['NAPA NAPA', 'MOTUKEA ISLAND', 'LAE', 'HONIARA', 'LUGANVILLE', 'VILA', 'TAURANGA']","['Papua New Guinea', 'Papua New Guinea', 'Papua New Guinea', 'Solomon Islands', 'Vanuatu', 'Vanuatu', 'New Zealand']","[-9.5056, -9.4328, -6.8146, -9.4274, -15.515, -17.754, -37.6444]","[147.1542, 147.1035, 146.9681, 159.9603, 167.1867, 168.3044, 176.1819]","['Eastern Coral Triangle', 'Eastern Coral Triangle', 'Eastern Coral Triangle', 'Eastern Coral Triangle', 'Tropical Southwestern Pacific', 'Tropical Southwestern Pacific', 'Northern New Zealand']","[0.0, 46.55219029000442, 66.08216502070192, 65.67516105802524, 99.08818999542757, 58.02911174334441, 79.29104132167937]","[20.225607221780326, np.float64(6.524396757238211), np.float64(9.215083273794942), np.float64(124.22332163896425), np.float64(9.849244478735615), np.float64(27.308859575075807), 0.0]",25.5027,591.8388,TAURANGA
syn_07090,3,Container,38420.0,7,"['GEELONG', 'BRISBANE', 'ARDROSSAN', 'KEMBLA', 'TOWNSVILLE', 'GLADSTONE', 'AUCKLAND']","['Australia', 'Australia', 'Australia', 'Australia', 'Australia', 'Australia', 'New Zealand']","[-38.096, -27.3765, -34.4394, -34.4537, -19.0942, -23.8351, -36.8402]","[144.3819, 153.1665, 137.9262, 150.8864, 146.9491, 151.2712, 174.7721]","['Southeast Australian Shelf', 'East Central Australian Shelf', 'Southwest Australian Shelf', 'East Central Australian Shelf', 'Northeast Australian Shelf', 'Northeast Australian Shelf', 'Northern New Zealand']","[0.0, 35.308599375827995, 128.3934684000774, 118.59363691280824, 133.2205745032931, 40.88163498447915, 100.71884711713469]","[np.float64(51.354311727814334), np.float64(52.03670294551585), 76.42532036076709, np.float64(37.271687724495585), 68.89524689403305, 17.059860271493164, 0.0]",35.84,808.8056,AUCKLAND
syn_07091,3,Container,17842.0,7,"['BRISBANE', 'LAE', 'MOTUKEA ISLAND', 'BRISBANE', 'NOUMEA', 'SUVA', 'LYTTELTON']","['Australia', 'Papua New Guinea', 'Papua New Guinea', 'Australia', 'New Caledonia', 'Fiji', 'New Zealand']","[-27.3765, -6.8146, -9.4328, -27.3765, -22.2633, -18.1339, -43.606]","[153.1665, 146.9681, 147.1035, 153.1665, 166.4317, 178.4235, 172.7213]","['East Central Australian Shelf', 'Eastern Coral Triangle', 'Eastern Coral Triangle', 'East Central Australian Shelf', 'Tropical Southwestern Pacific', 'Tropical Southwestern Pacific', 'Southern New Zealand']","[0.0, 73.25392172092562, 71.1620821317248, 95.1005207957257, 43.45361310809657, 38.67450260311022, 216.25821270646017]","[np.float64(10.438688516010112), np.float64(8.652967628230353), np.float64(32.142450072298274), np.float64(25.41189718884805), 14.311716181187625, np.float64(16.14449801294788), 0.0]",26.8752,634.5664,LYTTELTON
syn_07092,3,General Cargo,9793.0,7,"['NAPA NAPA', 'MOTUKEA ISLAND', 'LAE', 'HONIARA', 'LUGANVILLE', 'VILA', 'TAURANGA']","['Papua New Guinea', 'Papua New Guinea', 'Papua New Guinea', 'Solomon Islands', 'Vanuatu', 'Vanuatu', 'New Zealand']","[-9.5056, -9.4328, -6.8146, -9.4274, -15.515, -17.754, -37.6444]","[147.1542, 147.1035, 146.9681, 159.9603, 167.1867, 168.3044, 176.1819]","['Eastern Coral Triangle', 'Eastern Coral Triangle', 'Eastern Coral Triangle', 'Eastern Coral Triangle', 'Tropical Southwestern Pacific', 'Tropical Southwestern Pacific', 'Northern New Zealand']","[0.0, 37.67059389260901, 75.36063307123149, 79.72367038777165, 29.81842214566406, 36.089457039935816, 109.98012240222086]","[52.708208481629285, np.float64(15.825039706473957), np.float64(21.233447546251917), np.float64(19.1095703637421), np.float64(32.018032156289486), np.float64(31.811662649580377), 0.0]",22.5562,488.6407,TAURANGA
syn_07093,3,Container,34567.0,7,"['MOTUKEA ISLAND', 'LAE', 'KIMBE', 'RABAUL', 'HONIARA', 'BRISBANE', 'TAURANGA']","['Papua New Guinea', 'Papua New Guinea', 'Papua New Guinea', 'Papua New Guinea', 'Solomon Islands', 'Australia', 'New Zealand']","[-9.4328, -6.8146, -5.5497, -4.2033, -9.4274, -27.3765, -37.6444]","[147.1035, 146.9681, 150.1486, 152.1667, 159.9603, 153.1665, 176.1819]","['Eastern Coral Triangle', 'Eastern Coral Triangle', 'Eastern Coral Triangle', 'Eastern Coral Triangle', 'Eastern Coral Triangle', 'East Central Australian Shelf', 'Northern New Zealand']","[0.0, 56.47121395662388, 6.179840860187983, 13.912957615764968, 48.05884420424903, 105.8974217965196, 157.3417407159935]","[np.float64(15.472885517372875), np.float64(8.344516006723211), np.float64(7.434745513212886), 57.48410860377422, np.float64(11.34403372818218), np.float64(44.85925648308918), 0.0]",22.2001,517.3287,TAURANGA
syn_07094,3,Other,4000.0,7,"['TOWNSVILLE', 'NAPA NAPA', 'MOTUKEA ISLAND', 'LAE', 'HONIARA', 'BRISBANE', 'TAURANGA']","['Australia', 'Papua New Guinea', 'Papua New Guinea', 'Papua New Guinea', 'Solomon Islands', 'Australia', 'New Zealand']","[-19.0942, -9.5056, -9.4328, -6.8146, -9.4274, -27.3765, -37.6444]","[146.9491, 147.1542, 147.1035, 146.9681, 159.9603, 153.1665, 176.1819]","['Northeast Australian Shelf', 'Eastern Coral Triangle', 'Eastern Coral Triangle', 'Eastern Coral Triangle', 'Eastern Coral Triangle', 'East Central Australian Shelf', 'Northern New Zealand']","[0.0, 78.57945898721978, 52.920037712975315, 107.5457529937925, 56.31616307647111, 133.21790302280067, 116.2410397461635]","[65.49702318056157, 70.65135399083506, np.float64(66.01910231786421), np.float64(21.96542866906237), np.float64(48.700801910300356), np.float64(17.430049007350267), 0.0]",34.7952,769.5871,TAURANGA
syn_07095,3,Bulker,37987.0,7,"['BRISBANE', 'KEMBLA', 'MELBOURNE', 'ADELAIDE', 'MELBOURNE', 'KEMBLA', 'AUCKLAND']","['Australia', 'Australia', 'Australia', 'Australia', 'Australia', 'Australia', 'New Zealand']","[-27.3765, -34.4537, -37.844, -34.8169, -37.844, -34.4537, -36.8402]","[153.1665, 150.8864, 144.905, 138.2816, 144.905, 150.8864, 174.7721]","['East Central Australian Shelf', 'East Central Australian Shelf', 'Southeast Australian Shelf', 'Southwest Australian Shelf', 'Southeast Australian Shelf', 'East Central Australian Shelf', 'Northern New Zealand']","[0.0, 37.89515905351171, 61.28684009599549, 42.98571901378291, 33.58802508939118, 54.388195834905055, 185.43150505520944]","[np.float64(119.44491597599054), np.float64(42.085369192721274), np.float64(124.91857434279768), np.float64(78.52881253903885), np.float64(127.63439973812181), np.float64(55.07542113392923), 0.0]",40.136,843.818,AUCKLAND
