voyage_id,vessel_type,cluster,dwt,n_ports,nz_dest_port,total_span_days,p_invasion,pa_mean,pi_mean,pe_mean
1,Bulker,3,40259,6,TAURANGA,44.67631944,0.0003605735,0.9999933999999999,0.55765373,0.000124548
17,Reefer,1,14933,6,TAURANGA,58.97416667,0.0002429003,1.0,0.41437696200000007,0.00011193
20,Reefer,1,14933,7,TAURANGA,54.82541667,0.0002896067,1.0,0.39288941499999996,0.00011632166666666667
27,Reefer,1,12350,6,TAURANGA,29.08951389,0.0002515269,1.0,0.394028832,0.00012564
28,Reefer,1,12350,6,TAURANGA,49.30243056,0.0002255436,1.0,0.38103706,0.00011266600000000001
30,General Cargo,1,16950,5,TAURANGA,47.23440972,0.0002113051,1.0,0.41355833750000004,0.0001256075
32,Reefer,1,16950,5,NELSON,52.28487269,0.0002287906,1.0,0.43766468999999997,0.00013068999999999998
39,Reefer,1,12942,7,GISBORNE,42.89760417,0.0002362205,1.0,0.34228162,0.00011496999999999999
40,Reefer,1,12942,5,TAURANGA,46.47290509,0.0001925047,1.0,0.3763421025,0.0001256075
42,General Cargo,1,20202,6,TAURANGA,58.0180787,0.0002754653,1.0,0.478625408,0.000113774
44,General Cargo,1,16950,5,TAURANGA,57.25924769,0.0002330118,1.0,0.439162305,0.00013276
46,Reefer,1,10713,6,TAURANGA,56.39362269,0.0001974213,1.0,0.353532168,0.00011016400000000001
51,General Cargo,1,13958,7,NELSON,55.70155093,0.00024559,1.0,0.39370975,0.00010941666666666667
54,General Cargo,1,10603,6,NELSON,58.99376157,0.0001932681,1.0,0.363873734,0.000111524
57,Reefer,1,10621,5,TAURANGA,43.58908565,0.0002198342,1.0,0.4263328525,0.00012916000000000002
60,RoRo,0,22815,7,AUCKLAND,20.6037037,0.0004337544,0.9999768333333333,0.601392045,0.00011821333333333335
61,RoRo,0,22815,7,AUCKLAND,18.47052083,0.0004555225,0.9997418333333333,0.613757575,0.00012375333333333334
62,RoRo,0,22815,7,AUCKLAND,46.40021991,0.000416944,0.9999793333333332,0.5383757466666667,0.00012681833333333333
63,RoRo,0,22815,7,AUCKLAND,27.10013889,0.0004056805,0.9999941666666666,0.5414067850000001,0.00012116333333333334
64,RoRo,0,22815,6,AUCKLAND,32.96837963,0.0003925682,0.9999722,0.60352133,0.000128762
65,RoRo,4,22815,6,AUCKLAND,51.71189815,0.0003123374,0.9999752000000001,0.4721283479999999,0.00013244
67,RoRo,0,22815,7,AUCKLAND,23.04440972,0.0004427241,0.9999768333333333,0.59630849,0.00012375333333333334
70,General Cargo,4,7285,5,NAPIER,44.91195602,0.0001522491,1.0,0.324101005,0.0001089575
73,General Cargo,4,7285,6,TIMARU,52.34321759,0.0001831218,0.9999991999999999,0.31252409800000003,0.00011525999999999999
76,General Cargo,0,7285,7,NAPIER,44.1016088,0.0001964312,0.9999998333333333,0.2870564883333333,0.00010219666666666666
79,RoRo,1,21423,7,AUCKLAND,47.67078704,0.0003053452,1.0,0.4028988866666667,0.00011862833333333332
81,RoRo,1,21414,7,AUCKLAND,50.32267361,0.0004093646,0.9999851666666667,0.5111146383333334,0.00013075666666666666
83,Bulker,0,55777,7,TAURANGA,33.1665625,0.000341167,1.0,0.45679137833333333,0.00012155500000000001
85,Bulker,0,55777,7,LYTTELTON,32.45302083,0.0002679456,1.0,0.40991803333333326,0.00011333999999999998
91,Bulker,4,55531,7,TIMARU,47.0594213,0.0003920668,0.9999705,0.50022216,0.00011913833333333333
94,RoRo,0,22514,7,AUCKLAND,19.70775463,0.0004734555,0.9997418333333333,0.6166912866666666,0.00012929333333333334
95,RoRo,0,22514,7,AUCKLAND,21.65342593,0.0004243285,0.9999768333333333,0.5882364566666667,0.00011821333333333335
96,RoRo,0,22514,7,AUCKLAND,40.53422454,0.0003784187,0.9999623333333334,0.5728867833333334,0.00011296666666666668
97,RoRo,0,22514,7,AUCKLAND,23.02310185,0.0004523453,0.9999855000000001,0.5844085933333333,0.00012670333333333333
98,RoRo,0,22514,7,AUCKLAND,18.83603009,0.0004129004,1.0,0.58045077,0.00011533000000000001
99,RoRo,0,22514,7,AUCKLAND,20.94314815,0.0004531374,0.9997418333333333,0.6066300566666666,0.00012375333333333334
100,RoRo,0,22514,7,AUCKLAND,24.02165509,0.0004073201,0.9997418333333333,0.5874253183333333,0.00011267333333333332
101,RoRo,0,22514,7,AUCKLAND,20.84548611,0.0004365731,0.9999768333333333,0.6046769866666667,0.00011821333333333335
113,Container,1,110387,7,TAURANGA,30.63240741,0.0004354823,1.0,0.5622929833333333,0.000128345
114,Container,1,110387,6,TAURANGA,28.43037037,0.0003855689,1.0,0.5921905279999999,0.000129596
115,Container,1,110387,7,TAURANGA,50.47994213,0.00042237,1.0,0.539929475,0.00012998833333333334
116,Container,1,110387,7,TAURANGA,49.23678241,0.000421861,1.0,0.539495485,0.00012998833333333334
117,Container,1,110387,7,TAURANGA,48.67509259,0.0004244277,1.0,0.5426012733333333,0.00012998833333333334
118,Container,1,110387,7,TAURANGA,28.88407407,0.000453908,1.0,0.5862070683333332,0.000128345
121,Container,0,52180,5,TAURANGA,33.62144676,0.0002408162,0.9999945000000001,0.49142057250000004,0.00012217
123,Container,4,52180,5,AUCKLAND,36.62895833,0.0002511137,0.9999825,0.5130860625,0.00012217
125,Container,4,52180,6,NELSON,47.1440625,0.0002361098,0.9999638,0.48190417399999996,9.6876e-05
126,Container,0,52180,7,AUCKLAND,45.20094907,0.0003536898,0.999972,0.47769901000000003,0.000122355
127,Container,4,52180,7,AUCKLAND,56.41273148,0.0003171182,0.9999778333333332,0.43305325,0.00011832333333333335
128,Container,4,52180,5,AUCKLAND,49.59989583,0.0002307633,0.9999825,0.4715426399999999,0.00012217
129,Container,0,52180,7,AUCKLAND,31.6119213,0.0003415246,0.9999778333333332,0.47125118666666665,0.00011850833333333333
146,General Cargo,3,5351,5,NEW PLYMOUTH,50.41706019,0.0001120018,0.9999897499999999,0.2513568375,0.0001053925
147,General Cargo,3,5351,5,NELSON,29.79042824,0.0001322907,0.9999707500000001,0.2640994625,0.00011857
148,General Cargo,1,10334,5,TAURANGA,44.76246528,0.00018012,1.0,0.351844975,0.0001256075
150,General Cargo,1,10334,7,TAURANGA,58.31979167,0.0002207671,1.0,0.31032334666666667,0.00010987333333333334
155,General Cargo,1,10342,7,TAURANGA,50.77600694,0.0002280545,1.0,0.3240603266666667,0.00011215166666666669
158,Reefer,1,10316,6,TAURANGA,59.25849537,0.0001682065,1.0,0.289785624,0.000108148
164,Container,0,52532,7,AUCKLAND,29.81538194,0.0003746702,0.9999778333333332,0.5177464049999999,0.00011850833333333333
166,Container,0,52532,7,AUCKLAND,45.43547454,0.0003583201,0.9999775,0.48482020666666664,0.00012188333333333335
167,Container,0,52532,7,AUCKLAND,36.04068287,0.0003462986,0.9999778333333332,0.4755335133333333,0.00011850833333333333
168,Container,0,52532,7,AUCKLAND,34.20704861,0.000362295,0.9999833333333332,0.4709529983333333,0.000126825
173,General Cargo,2,5642,5,AUCKLAND,22.39017361,0.0001582563,0.99978725,0.3411320625,0.00011601
175,General Cargo,1,5642,6,AUCKLAND,50.91547454,0.0001239126,0.9999040000000001,0.20367074000000002,0.000119286
176,General Cargo,1,5642,6,AUCKLAND,40.0387037,0.0001323884,0.9999040000000001,0.218488058,0.000119286
178,General Cargo,1,5642,5,AUCKLAND,40.98989583,0.0001134483,0.99988,0.23198733249999998,0.00012004999999999999
182,General Cargo,2,5642,7,AUCKLAND,29.0912963,0.0001769336,0.99992,0.2609786983333333,0.00011081666666666666
183,General Cargo,2,5642,7,AUCKLAND,27.72179398,0.0001855815,0.9999026666666667,0.27564756333333335,0.00011213
184,General Cargo,2,5642,7,AUCKLAND,13.82630787,0.0001992523,0.9998581666666667,0.29585718166666664,0.00011213
185,General Cargo,2,5642,7,AUCKLAND,20.16043981,0.0001949889,0.9999138333333334,0.2871282083333333,0.00011213
186,General Cargo,2,5642,7,AUCKLAND,41.93912037,0.0001768172,0.99992,0.26292268,0.00011151666666666666
188,Reefer,1,10432,6,TAURANGA,51.00590278,0.000202123,1.0,0.34228449,0.00011193
189,Reefer,1,10432,5,TAURANGA,53.12094907,0.0001699193,1.0,0.39266885,0.00010265
194,Reefer,4,10100,7,TAURANGA,57.96449074,0.0002386298,1.0,0.3112424833333334,0.0001228183333333333
195,Reefer,0,10100,6,AUCKLAND,23.64983796,0.0002365325,1.0,0.42421718,0.000114962
196,Reefer,0,10100,6,AUCKLAND,21.81305556,0.0002404414,1.0,0.430923384,0.000114962
197,Reefer,0,10100,7,AUCKLAND,49.028125,0.0002156013,1.0,0.31625928166666667,0.00011902500000000002
207,Bulker,0,55458,7,LYTTELTON,37.64819444,0.0002626689,1.0,0.41092621833333337,0.000103105
209,Container,1,110387,7,TAURANGA,39.8703588,0.0004039152,1.0,0.51921302,0.000128345
210,Container,1,110387,7,TAURANGA,54.17241898,0.0003935031,1.0,0.5031421583333334,0.00012998833333333334
213,Container,4,24830,6,AUCKLAND,59.58101852,0.0002202781,1.0,0.35288494200000003,0.00012566200000000002
216,RoRo,0,14348,7,AUCKLAND,27.03427083,0.0003443733,0.9999768333333333,0.4507650733333333,0.00012929333333333334
217,RoRo,0,14348,7,AUCKLAND,32.9797338,0.0003719477,0.9999623333333334,0.4858809633333334,0.00012958666666666667
218,RoRo,0,14348,7,AUCKLAND,19.24774306,0.000380998,0.9999768333333333,0.49788513,0.00012929333333333334
223,Container,0,23075,7,AUCKLAND,31.27075231,0.0002632369,0.9999833333333332,0.3454575916666667,0.0001246
230,General Cargo,0,51800,7,LYTTELTON,33.95513889,0.0003451452,1.0,0.5326586966666667,0.00010802
240,Tanker,0,11545,7,NEW PLYMOUTH,41.07488426,0.0002343027,0.9999718333333334,0.32998501666666663,0.00010117166666666665
242,Reefer,1,10338,5,TAURANGA,48.21020833,0.0001951758,1.0,0.41403443500000003,0.00012023
243,Reefer,1,10338,5,TAURANGA,22.36831019,0.0002146688,1.0,0.4294669875,0.0001234
245,General Cargo,1,10334,7,NELSON,53.42572917,0.0001988584,1.0,0.3297786833333333,0.00010344833333333334
248,Reefer,1,12912,7,TAURANGA,53.42506944,0.0002478191,1.0,0.356875925,0.00010926000000000001
249,Reefer,4,12912,5,TAURANGA,22.46570602,0.0002673154,1.0,0.5065127524999999,0.00013195
269,Container,1,110387,7,TAURANGA,47.84877315,0.0004267416,1.0,0.545590635,0.00012998833333333334
270,Container,1,110387,7,TAURANGA,50.80810185,0.0004246858,1.0,0.5429008533333334,0.00012998833333333334
271,Container,1,110387,7,TAURANGA,48.30747685,0.0004262014,1.0,0.544926035,0.00012998833333333334
272,Container,1,110387,7,TAURANGA,51.30892361,0.0004258873,1.0,0.5445197533333334,0.00012998833333333334
278,Reefer,0,10936,7,AUCKLAND,32.82804398,0.000273471,1.0,0.3900158116666666,0.00011902500000000002
284,RoRo,0,16669,7,AUCKLAND,20.69114583,0.0003847991,0.9999768333333333,0.53225424,0.00011821333333333335
285,RoRo,0,16669,6,AUCKLAND,23.41672454,0.0003457963,0.9999722,0.5448536519999999,0.000128762
287,RoRo,1,27100,7,AUCKLAND,36.07553241,0.0004768176,0.9999851666666667,0.58298045,0.00013756333333333334
288,RoRo,1,27100,7,AUCKLAND,55.69283565,0.0002756888,1.0,0.42835126166666665,0.00010470999999999999
290,Reefer,1,12906,6,GISBORNE,58.776875,0.000212523,1.0,0.339502106,0.00012132399999999999
292,RoRo,1,16747,7,AUCKLAND,42.81341435,0.0002674566,1.0,0.39663066666666663,0.00010897833333333333
294,General Cargo,4,10097,5,TAURANGA,47.43936343,0.0002061736,1.0,0.40003509000000004,0.00012916000000000002
295,General Cargo,1,10139,5,NELSON,41.47076389,0.0001617113,1.0,0.39731067,0.00010642
298,RoRo,4,16702,5,AUCKLAND,35.30099537,0.0002672188,0.99997775,0.5340000375,0.0001214625
300,RoRo,0,16702,7,AUCKLAND,28.46652778,0.000419728,0.9999851666666667,0.5350001400000001,0.000127615
301,RoRo,0,16702,7,AUCKLAND,36.39851852,0.0003814203,0.9999648333333333,0.5050761616666667,0.000125545
303,RoRo,0,14283,7,AUCKLAND,29.3912963,0.0003736668,0.9999941666666666,0.4715303433333333,0.00013224333333333336
305,RoRo,1,14283,7,AUCKLAND,37.32883102,0.000358673,1.0,0.4533552533333333,0.00013177833333333336
312,Container,1,8252,5,AUCKLAND,50.91981481,7.17323e-05,0.99991475,0.1483686975,0.00011921499999999999
313,Container,1,8252,5,AUCKLAND,42.28407407,7.95608e-05,0.99991475,0.1642588525,0.00012010499999999999
314,Container,1,8252,6,AUCKLAND,46.26016204,8.80112e-05,0.9999040000000001,0.146128934,0.000119286
315,Container,1,8252,5,AUCKLAND,42.17451389,7.71611e-05,0.99988,0.15888005,0.00012004999999999999
318,Container,1,8252,5,AUCKLAND,52.58403935,6.55737e-05,0.99988,0.13476272,0.00012004999999999999
319,Container,2,8252,7,AUCKLAND,18.7115162,0.0001494116,0.9999138333333334,0.22111274833333336,0.00011213
320,Container,2,8252,7,AUCKLAND,17.09052083,0.0001493796,0.9999138333333334,0.22103737999999998,0.00011213
321,Container,2,8252,7,AUCKLAND,15.36878472,0.0001506707,0.9999138333333334,0.22310813333333335,0.00011213
322,Container,2,8252,7,AUCKLAND,22.63719907,0.0001426852,0.9999138333333334,0.2108996333333333,0.00011213
324,Container,2,8252,7,AUCKLAND,16.93637731,0.0001504584,0.9999138333333334,0.22269033500000002,0.00011213
325,Container,2,8252,7,AUCKLAND,17.04777778,0.0001525151,0.9999138333333334,0.22578203666666666,0.00011213
326,Container,2,8252,7,AUCKLAND,17.59762731,0.0001514713,0.9999138333333334,0.22422304833333337,0.00011213
327,Container,2,8252,7,AUCKLAND,21.13649306,0.0001438696,0.9999138333333334,0.212721955,0.00011213
328,Container,2,8252,7,AUCKLAND,16.9424537,0.0001441361,0.9999545,0.21406657166666665,0.00011213
329,Container,2,8252,7,AUCKLAND,19.79511574,0.0001484593,0.9999138333333334,0.21966181833333331,0.00011213
331,Container,2,8252,7,AUCKLAND,17.80978009,0.0001503141,0.9999138333333334,0.22240533166666668,0.00011213
332,Container,2,8252,7,AUCKLAND,21.93729167,0.0001399443,0.9999138333333334,0.20615790333333336,0.00011213
333,Container,2,8252,7,AUCKLAND,22.90606481,0.0001457508,0.9999138333333334,0.21543205666666665,0.00011213
334,Container,2,8252,7,AUCKLAND,16.75798611,0.000146006,0.9999545,0.21684581166666664,0.00011213
335,Container,2,8252,7,AUCKLAND,22.83846065,0.0001441695,0.9999138333333334,0.21303168500000003,0.00011213
336,Container,2,8252,7,AUCKLAND,21.28881944,0.0001466517,0.9999138333333334,0.21701609166666666,0.00011213
337,Container,2,8252,6,AUCKLAND,16.8481713,0.0001228855,0.9999026000000001,0.221232914,0.000111354
339,General Cargo,2,20202,7,AUCKLAND,25.47800926,0.0003756579,0.9999188333333334,0.5587761083333334,0.00011207333333333334
340,General Cargo,2,20202,6,AUCKLAND,26.97771991,0.0003314834,0.9999708,0.592553666,0.000111286
341,General Cargo,2,20202,7,AUCKLAND,20.78011574,0.000401928,0.9999419999999999,0.58999113,0.00011201666666666665
342,General Cargo,2,20202,7,AUCKLAND,24.98943287,0.0003976777,0.9999188333333334,0.5865016833333333,0.00011207333333333334
343,General Cargo,2,20202,7,AUCKLAND,25.134375,0.0003959397,0.9999188333333334,0.5838699766666666,0.00011207333333333334
344,General Cargo,2,20202,7,AUCKLAND,20.21215278,0.0004178528,0.999942,0.61309624,0.00011201666666666665
345,General Cargo,2,20202,7,AUCKLAND,24.88875,0.0004010399,0.999942,0.5877840833333333,0.00011201666666666665
346,General Cargo,2,20202,7,AUCKLAND,20.37763889,0.0004125657,0.999942,0.6053794933333333,0.00011201666666666665
347,General Cargo,2,20202,7,AUCKLAND,22.71509259,0.0004025999,0.999942,0.5903646866666667,0.00011201666666666665
348,General Cargo,2,20202,7,AUCKLAND,20.37128472,0.0004129125,0.999942,0.6057325233333334,0.00011201666666666665
349,General Cargo,2,20202,7,AUCKLAND,23.68326389,0.0003826939,0.9999756666666667,0.5651318183333333,0.00011201666666666667
350,General Cargo,2,20202,7,AUCKLAND,24.88596065,0.0004008175,0.9999188333333334,0.5828826533333334,0.00011395666666666666
351,General Cargo,2,20202,7,AUCKLAND,25.18224537,0.0003991304,0.9998620000000001,0.5820208333333333,0.00011401333333333331
352,General Cargo,2,20202,6,AUCKLAND,18.70486111,0.0003661657,0.9999722,0.656383288,0.00011121799999999999
353,General Cargo,2,20202,7,AUCKLAND,23.05789352,0.0003984468,0.99992,0.5884469050000001,0.00011201666666666665
354,General Cargo,2,20202,7,AUCKLAND,24.94310185,0.0003771885,0.9998631666666667,0.5604592383333333,0.00011207333333333334
355,General Cargo,2,20202,5,AUCKLAND,16.77126157,0.0003063781,0.99991475,0.696007805,0.000110105
356,General Cargo,2,20202,7,AUCKLAND,19.52893519,0.0004065263,0.99992,0.6008445933333334,0.00011201666666666665
357,General Cargo,2,20202,7,AUCKLAND,24.04810185,0.0004093491,0.99992,0.6045647933333334,0.00011201666666666665
358,General Cargo,2,20202,7,AUCKLAND,21.88690972,0.0003882839,0.9999606666666666,0.57789404,0.00011201666666666667
359,General Cargo,2,20202,7,AUCKLAND,26.02017361,0.0004022994,0.99992,0.5937348616666668,0.00011201666666666665
360,General Cargo,2,20202,7,AUCKLAND,19.32512731,0.0004130494,0.99992,0.6101343183333333,0.00011201666666666665
361,General Cargo,2,20202,7,AUCKLAND,22.32784722,0.0004081355,0.9998631666666667,0.5959889616666666,0.00011395666666666666
362,General Cargo,2,20202,7,AUCKLAND,32.20416667,0.000337434,0.99992,0.5018479533333333,0.00011201666666666667
364,General Cargo,2,20202,7,AUCKLAND,24.05898148,0.0003898279,0.9998631666666667,0.5794068583333333,0.00011207333333333334
366,General Cargo,2,20202,7,AUCKLAND,21.9659838,0.000393591,0.99992,0.5814600483333333,0.00011201666666666665
367,General Cargo,2,20202,7,AUCKLAND,20.91,0.0004091466,0.99992,0.604607065,0.00011201666666666665
368,General Cargo,2,20202,7,AUCKLAND,24.68927083,0.0003978921,0.99992,0.5870374383333333,0.00011201666666666665
370,General Cargo,2,20202,6,AUCKLAND,25.13697917,0.0003691256,0.9999040000000001,0.647408988,0.000113546
371,General Cargo,2,20202,6,AUCKLAND,21.55436343,0.0003788405,0.9998357999999999,0.65418431,0.00011587400000000001
372,General Cargo,2,20202,7,AUCKLAND,22.23841435,0.000406114,0.9998631666666667,0.5928948316666667,0.00011395666666666666
375,General Cargo,2,8378,7,AUCKLAND,25.03549769,0.0002377228,0.9999431666666666,0.3588004500000001,0.00011007666666666666
376,General Cargo,2,8378,7,AUCKLAND,19.99414352,0.0002628238,0.9999150000000001,0.3871902633333333,0.00011207333333333334
377,General Cargo,2,8378,6,AUCKLAND,21.97642361,0.000208749,0.9999528,0.37647222999999996,0.000111286
378,General Cargo,2,8378,7,AUCKLAND,19.9903125,0.0002652745,0.9999381666666668,0.3884620383333333,0.00011201666666666665
379,General Cargo,2,8378,7,AUCKLAND,21.57824074,0.00025798,0.9999150000000001,0.3797590866666667,0.00011207333333333334
380,General Cargo,2,8378,7,AUCKLAND,20.61322917,0.0002672981,0.9999381666666668,0.39137619333333334,0.00011201666666666665
381,General Cargo,2,8378,7,AUCKLAND,19.50607639,0.0002676689,0.9999381666666668,0.3920914633333334,0.00011201666666666665
382,General Cargo,2,8378,7,AUCKLAND,17.1741088,0.0002689698,0.9999381666666668,0.3941614133333333,0.00011201666666666665
383,General Cargo,2,8378,7,AUCKLAND,18.39670139,0.0002677113,0.9999381666666668,0.392094125,0.00011201666666666665
384,General Cargo,2,8378,7,AUCKLAND,19.33835648,0.0002689088,0.9999381666666668,0.393835415,0.00011201666666666665
385,General Cargo,2,8378,7,AUCKLAND,17.83384259,0.0002709871,0.9999381666666668,0.39702080333333334,0.00011201666666666665
386,General Cargo,2,8378,7,AUCKLAND,15.79304398,0.0002713026,0.9999381666666668,0.3976882083333333,0.00011201666666666665
387,General Cargo,2,8378,7,AUCKLAND,20.22180556,0.0002546689,0.99992,0.37547552333333334,0.00011201666666666665
388,General Cargo,2,8378,7,AUCKLAND,19.58778935,0.0002622409,0.9999038333333333,0.382417145,0.00011395666666666666
389,General Cargo,2,8378,7,AUCKLAND,19.71262731,0.0002598085,0.9999038333333333,0.3788691733333333,0.00011395666666666666
390,General Cargo,2,8378,7,AUCKLAND,19.0774537,0.0002610211,0.9999038333333333,0.38070047166666665,0.00011395666666666666
391,General Cargo,2,8378,7,AUCKLAND,21.60609954,0.0002672439,0.9999188333333334,0.3882988133333333,0.00011395666666666666
392,General Cargo,2,8378,7,AUCKLAND,18.29059028,0.0002650057,0.9999038333333333,0.38655523166666667,0.00011395666666666666
393,General Cargo,2,8378,7,AUCKLAND,21.28896991,0.0002495481,0.999847,0.36509091499999996,0.00011401333333333331
394,General Cargo,2,8378,7,AUCKLAND,28.54945602,0.0002445091,0.9999038333333333,0.3562337433333333,0.00011395666666666666
395,General Cargo,2,8378,6,AUCKLAND,21.81219907,0.0002277812,0.9998357999999999,0.40047747200000006,0.00011361399999999999
396,General Cargo,2,8378,7,AUCKLAND,24.82878472,0.0002543892,0.9998631666666667,0.37084108833333335,0.00011395666666666666
397,General Cargo,2,8378,6,AUCKLAND,18.49585648,0.0002354269,0.9999040000000001,0.414539836,0.000113546
398,General Cargo,2,8378,7,AUCKLAND,22.9478588,0.000258604,0.9999038333333333,0.37730156666666675,0.00011395666666666666
399,General Cargo,2,8378,7,AUCKLAND,19.54306713,0.0002618772,0.99992,0.38604361833333334,0.00011201666666666665
400,General Cargo,2,8378,7,AUCKLAND,22.21914352,0.000264168,0.9999038333333333,0.38530357,0.00011395666666666666
401,General Cargo,2,8378,7,AUCKLAND,27.53775463,0.0002498013,0.9999038333333333,0.3639555933333334,0.00011395666666666666
402,General Cargo,2,8378,7,AUCKLAND,19.41091435,0.0002622697,0.9999038333333333,0.3824324833333333,0.00011395666666666666
403,General Cargo,2,8378,7,AUCKLAND,21.20780093,0.0002578101,0.9999038333333333,0.37590129499999997,0.00011395666666666666
404,General Cargo,2,8378,7,AUCKLAND,23.13865741,0.0002601298,0.9998631666666667,0.3793642216666666,0.00011395666666666666
405,General Cargo,2,8378,7,AUCKLAND,22.76752315,0.0002546678,0.9999038333333333,0.37120104000000004,0.00011395666666666666
406,General Cargo,2,8378,7,AUCKLAND,23.30929398,0.000258923,0.9998631666666667,0.37749344,0.00011395666666666666
407,General Cargo,2,8378,6,AUCKLAND,18.76631944,0.0002311491,0.9999040000000001,0.40692220399999995,0.000113546
408,General Cargo,2,8378,7,AUCKLAND,23.97841435,0.0002570377,0.9998631666666667,0.3747853033333333,0.00011395666666666666
412,General Cargo,3,9793,6,AUCKLAND,21.84984954,0.0002624554,0.9996296000000001,0.45263003399999996,0.00011600999999999998
413,General Cargo,4,9793,6,AUCKLAND,35.76230324,0.0002629295,0.9999394,0.448317428,0.000119198
414,General Cargo,3,9793,6,AUCKLAND,18.10550926,0.0002733938,0.9996296000000001,0.471501564,0.00011600999999999998
415,General Cargo,3,9793,6,AUCKLAND,18.32759259,0.0002719545,0.9996296000000001,0.469018508,0.00011600999999999998
416,General Cargo,3,9793,6,AUCKLAND,21.93049769,0.0002705167,0.9996296000000001,0.466534402,0.00011600999999999998
417,General Cargo,3,9793,6,AUCKLAND,16.94763889,0.0002748275,0.9996296000000001,0.47397462199999996,0.00011600999999999998
431,General Cargo,3,9793,6,AUCKLAND,20.68712963,0.0002632738,0.9996296000000001,0.454045188,0.00011600999999999998
432,General Cargo,3,9793,6,AUCKLAND,21.54797454,0.0002667516,0.9996296000000001,0.4600399759999999,0.00011600999999999998
433,General Cargo,3,9793,6,AUCKLAND,17.04775463,0.0002718605,0.9996296000000001,0.468857016,0.00011600999999999998
434,General Cargo,3,9793,5,AUCKLAND,18.63484954,0.0002346119,0.999552,0.50579995,0.00011601
438,General Cargo,1,39516,7,AUCKLAND,54.46429398,0.0003359325,1.0,0.49929503166666667,0.00010938333333333333
440,RoRo,1,38500,7,AUCKLAND,57.91446759,0.0002943716,1.0,0.4566978783333333,0.00010470999999999999
441,RoRo,1,38500,6,AUCKLAND,50.79826389,0.0002810297,1.0,0.5159558399999999,0.00010647
443,General Cargo,1,39516,7,AUCKLAND,45.90303241,0.0003773616,1.0,0.5480145783333333,0.00011222500000000002
445,General Cargo,1,10110,6,NELSON,50.80633102,0.00019315,1.0,0.391649588,0.00010138999999999999
446,General Cargo,1,10110,6,GISBORNE,53.02701389,0.0002359485,1.0,0.37541693800000003,0.000120404
448,Reefer,1,10318,6,TAURANGA,49.95672454,0.0002319684,1.0,0.37972569,0.000117902
450,Reefer,0,10318,6,AUCKLAND,41.53971065,0.0002138546,1.0,0.347839284,0.00012530200000000001
452,RoRo,1,27564,7,AUCKLAND,52.59380787,0.0003703495,0.9999996666666666,0.4737191166666667,0.00012828166666666667
453,RoRo,4,27564,5,AUCKLAND,57.29618056,0.0002797036,0.99997775,0.5171557450000001,0.0001372025
454,RoRo,1,27564,7,AUCKLAND,43.89688657,0.0003501678,1.0,0.509832815,0.00011222500000000002
456,Container,0,30420,7,AUCKLAND,33.8537037,0.0002753956,0.9999833333333332,0.3778871316666667,0.00011941833333333332
475,Container,0,62007,7,AUCKLAND,42.93829861,0.0003408288,0.9999941666666666,0.4468669433333334,0.00012700333333333334
476,Container,0,62007,7,AUCKLAND,27.57434028,0.0003931512,0.9999941666666666,0.5157498916666667,0.00012700333333333334
477,Container,0,62007,7,AUCKLAND,37.38361111,0.000333759,0.9999941666666666,0.43783143499999994,0.00012700333333333334
478,Container,0,62007,7,AUCKLAND,49.74561343,0.0002519701,0.9999941666666666,0.33082737,0.00012700333333333334
479,Container,4,62007,7,AUCKLAND,38.47357639,0.000325162,0.9999941666666666,0.4255991016666667,0.00012700333333333334
480,Container,0,62007,7,AUCKLAND,31.81391204,0.0003659915,0.9999941666666666,0.4809871616666666,0.00012700333333333334
484,Container,1,110387,7,TAURANGA,29.49674769,0.0004332189,1.0,0.5594835049999999,0.000128345
487,General Cargo,1,110387,7,TAURANGA,31.86116898,0.0004538253,1.0,0.5838830316666667,0.000128345
489,Container,1,110387,7,TAURANGA,51.0959375,0.0004192242,1.0,0.53595275,0.00012998833333333334
491,Reefer,0,9709,7,AUCKLAND,34.78545139,0.0002540125,1.0,0.35003820999999996,0.00012333333333333334
493,Reefer,0,9709,5,TAURANGA,23.79412037,0.0002092878,1.0,0.42556783249999997,0.00012364
494,Reefer,4,9709,7,AUCKLAND,51.26094907,0.0002484944,1.0,0.34070992666666666,0.00012333333333333334
498,Reefer,0,9709,7,TAURANGA,37.88709491,0.0002791853,1.0,0.36026073666666664,0.00012764166666666667
499,Reefer,0,9709,6,TAURANGA,20.2240625,0.0002687203,1.0,0.407342636,0.00013195
505,Reefer,1,9709,5,TAURANGA,52.36027778,0.0001391416,1.0,0.2752483925,0.00011911
508,Reefer,0,9709,7,TAURANGA,39.9841088,0.0002529924,1.0,0.33630164,0.00012333333333333334
510,Reefer,0,9709,7,AUCKLAND,34.76314815,0.0002511089,1.0,0.3464149033333333,0.00012333333333333334
513,RoRo,0,17686,7,AUCKLAND,19.24398148,0.0004187936,1.0,0.5290627616666667,0.00013195
514,RoRo,0,17686,7,AUCKLAND,20.89782407,0.0004200543,0.9999768333333333,0.5481746366666667,0.00012929333333333334
516,RoRo,1,20581,7,AUCKLAND,42.06474537,0.0004057864,0.9999768333333333,0.5407540366666667,0.00012347500000000003
517,RoRo,0,20581,7,AUCKLAND,20.72479167,0.0004388556,0.9999768333333333,0.5723809766666667,0.00012929333333333334
518,RoRo,0,20581,7,AUCKLAND,18.76987269,0.000447103,0.9999768333333333,0.5826988916666668,0.00012929333333333334
519,RoRo,0,20581,7,AUCKLAND,24.08908565,0.0004330686,0.9999768333333333,0.5650705016666667,0.00012929333333333334
520,RoRo,0,20581,6,AUCKLAND,21.73918981,0.0003905243,0.9999722,0.6136492100000001,0.000128762
521,RoRo,0,20581,7,AUCKLAND,49.91209491,0.0003454179,0.9999941666666666,0.435144105,0.00012857666666666665
523,RoRo,0,17693,7,AUCKLAND,19.90407407,0.0004227823,0.9999768333333333,0.5516472266666667,0.00012929333333333334
524,RoRo,0,17693,6,AUCKLAND,20.95768519,0.0003622732,0.9999722,0.569874174,0.000128762
525,RoRo,0,17693,7,AUCKLAND,21.73965278,0.0004076713,0.9999768333333333,0.532352965,0.00012929333333333334
526,RoRo,0,17693,7,AUCKLAND,25.9966088,0.0003754847,0.9999768333333333,0.49042454666666674,0.00012929333333333334
529,General Cargo,1,20131,7,AUCKLAND,36.51246528,0.0004220908,0.9999768333333333,0.552129415,0.0001291216666666667
531,RoRo,0,20144,7,AUCKLAND,40.28055556,0.0004042139,0.9999764999999999,0.5284347650000001,0.00012911500000000004
535,RoRo,0,9653,7,AUCKLAND,33.04927083,0.0002813823,1.0,0.36128901166666666,0.00012933
536,RoRo,0,9653,5,AUCKLAND,19.39662037,0.0002372089,1.0,0.44946146750000004,0.00013195
537,RoRo,0,9653,5,AUCKLAND,21.07363426,0.0002369547,1.0,0.4489799,0.00013195
539,RoRo,4,9653,6,AUCKLAND,58.33521991,0.0002616122,0.9999996,0.396803382,0.00013173600000000003
547,Container,0,51372,7,AUCKLAND,41.38521991,0.0003531543,0.999972,0.4766220616666667,0.000122355
550,Container,0,51372,7,AUCKLAND,28.52769676,0.000359755,0.9999778333333332,0.4966597816666667,0.00011850833333333333
552,Container,0,51372,7,AUCKLAND,28.34895833,0.000363842,0.9999778333333332,0.5027326216666667,0.00011850833333333333
555,General Cargo,0,20202,7,AUCKLAND,26.78030093,0.0004104382,0.9999768333333333,0.5368301400000001,0.00012929333333333334
561,General Cargo,1,110387,7,TAURANGA,54.86333333,0.000446795,1.0,0.570577135,0.00012998833333333334
562,Container,1,110387,7,TAURANGA,52.77087963,0.0004013776,1.0,0.512965215,0.00012998833333333334
563,Container,1,110387,7,TAURANGA,49.77947917,0.0004260466,1.0,0.5447544683333333,0.00012998833333333334
565,Container,1,118944,7,TAURANGA,47.4812037,0.0004279081,1.0,0.5472357366666667,0.00012998833333333334
566,Container,1,118944,7,TAURANGA,49.74193287,0.0004302488,1.0,0.5499636083333334,0.00012998833333333334
570,Container,0,69653,7,AUCKLAND,25.42987269,0.0003862819,1.0,0.5294746466666667,0.00012167166666666666
571,Container,0,69653,7,AUCKLAND,23.66607639,0.0004025685,1.0,0.5295497533333333,0.00012721166666666668
572,Container,0,69653,7,AUCKLAND,23.75703704,0.0004049839,1.0,0.5429004316666667,0.00012459166666666668
573,Container,0,69653,7,AUCKLAND,32.28394676,0.0003520956,1.0,0.47187392333333333,0.00012459166666666668
575,Container,1,119185,7,TAURANGA,54.42399306,0.0004075737,1.0,0.5150530566666667,0.00013163166666666667
577,Container,1,119185,7,TAURANGA,30.83361111,0.0004294312,1.0,0.5545030233333333,0.000128345
578,Container,1,119185,7,TAURANGA,50.66039352,0.0004261255,1.0,0.5443440316666667,0.00012998833333333334
580,Container,1,110387,7,TAURANGA,32.0725,0.0004279578,1.0,0.552338255,0.000128345
581,Container,1,110387,7,TAURANGA,29.43396991,0.0004336736,1.0,0.55997797,0.000128345
582,Container,1,110387,7,TAURANGA,52.22980324,0.0004053155,1.0,0.5182230816666666,0.00012998833333333334
583,Container,1,110387,7,TAURANGA,54.09759259,0.0003915636,1.0,0.494948625,0.00013163166666666667
585,Container,0,33937,7,AUCKLAND,37.76862269,0.0002909736,0.9999996666666666,0.383144465,0.00012376833333333333
589,Container,0,69193,7,AUCKLAND,32.4303125,0.0003487139,1.0,0.49897662166666673,0.00011668333333333334
597,Container,1,71621,7,TAURANGA,55.72076389,0.0003452368,0.9999941666666666,0.4745359966666666,0.00012087333333333333
599,Container,0,50985,7,NAPIER,26.78982639,0.0002876811,0.9999993333333334,0.4778157383333333,0.00010048166666666666
600,Container,0,50985,7,AUCKLAND,28.05951389,0.0003621366,0.9999941666666666,0.48258420166666666,0.000124885
601,Container,0,50985,7,AUCKLAND,28.51435185,0.0003383427,0.9999941666666666,0.45056331666666666,0.000124885
602,Container,0,50985,7,AUCKLAND,36.5025463,0.0002869616,1.0,0.38516745333333335,0.00012459166666666668
603,Container,0,50985,7,AUCKLAND,21.0553125,0.0003728685,1.0,0.5013704,0.00012459166666666668
604,Container,0,50985,7,AUCKLAND,29.76020833,0.0003638772,0.9999941666666666,0.4860632983333333,0.0001239516666666667
605,Container,0,50985,7,AUCKLAND,24.5758912,0.0003467753,1.0,0.46625852833333337,0.00012459166666666668
606,Container,0,50985,7,AUCKLAND,24.80118056,0.0003468728,1.0,0.46482160833333336,0.00012459166666666668
653,RoRo,0,9491,7,AUCKLAND,35.57375,0.0002609858,0.9999941666666666,0.328244975,0.00013224333333333333
654,RoRo,4,9491,7,AUCKLAND,51.41644676,0.0002541321,0.9999793333333334,0.31930130166666665,0.00013235833333333336
656,RoRo,4,9491,5,AUCKLAND,21.1725,0.0002359506,1.0,0.4470770025,0.00013195
657,RoRo,0,9491,5,AUCKLAND,18.18246528,0.0002424733,1.0,0.45943744499999994,0.00013195
658,RoRo,4,9491,5,AUCKLAND,36.33142361,0.0002266319,1.0,0.429418215,0.00013195
660,RoRo,0,9491,7,AUCKLAND,22.11939815,0.0002882193,1.0,0.37269752166666664,0.00012671
662,RoRo,0,16837,7,AUCKLAND,27.97800926,0.0004187852,0.9999793333333332,0.5377486349999999,0.000129145
664,RoRo,0,16837,6,AUCKLAND,17.83577546,0.0003634776,1.0,0.5733893099999999,0.000128094
665,RoRo,0,16837,5,AUCKLAND,17.44541667,0.0003095117,1.0,0.6144404525,0.00012713
666,RoRo,0,16837,6,AUCKLAND,20.31027778,0.0003623711,1.0,0.5718011700000001,0.000128094
668,RoRo,0,16837,7,AUCKLAND,25.94118056,0.0004173003,0.9999793333333332,0.5364102316666667,0.000129145
669,RoRo,0,16837,7,AUCKLAND,48.93055556,0.0003228421,0.9999793333333332,0.4137995283333333,0.000129145
670,RoRo,0,16837,6,AUCKLAND,18.6946875,0.0003631261,1.0,0.5729213639999999,0.000128094
671,RoRo,4,16837,6,AUCKLAND,47.16490741,0.0003427219,0.9999826,0.518743908,0.00013230200000000002
673,RoRo,0,16837,7,AUCKLAND,27.12417824,0.0004250198,0.9999793333333332,0.5461789666666667,0.000129145
674,RoRo,0,16837,6,AUCKLAND,24.44961806,0.0003509691,1.0,0.5544745200000001,0.000128094
675,RoRo,0,16837,5,AUCKLAND,18.71113426,0.000310947,1.0,0.6172271575,0.00012713
677,Container,4,22968,6,TAURANGA,38.65199074,0.0002115115,0.9999736,0.35310973,0.000120404
696,Container,2,22968,6,TAURANGA,17.04880787,0.0002192768,0.9999140000000001,0.39462347200000003,0.000111354
698,Container,2,22968,6,TAURANGA,16.45155093,0.0002222146,0.9999140000000001,0.39993602000000006,0.000111354
700,Container,2,22968,6,TAURANGA,15.0971875,0.0002267106,0.9999140000000001,0.407983354,0.000111354
701,Container,3,22968,5,AUCKLAND,14.76260417,0.000215303,0.99993825,0.4050100575,0.0001330025
702,Container,2,22968,6,TAURANGA,17.10030093,0.0002258467,0.9999140000000001,0.406327598,0.000111354
704,Container,2,22968,6,TAURANGA,19.82835648,0.0002238304,0.9999140000000001,0.402943634,0.000111354
705,Container,3,22968,5,AUCKLAND,14.36983796,0.0002198574,0.99993825,0.41365407,0.0001330025
706,Container,2,22968,6,TAURANGA,17.00868056,0.0002291525,0.9999140000000001,0.41240501599999996,0.000111354
707,Container,3,22968,5,AUCKLAND,15.43877315,0.0002204797,0.99993825,0.41479653,0.0001330025
708,Container,2,22968,7,AUCKLAND,32.88366898,0.0002525541,0.9998806666666668,0.37567524,0.00011213
709,Container,2,22968,6,TAURANGA,17.41876157,0.0002300393,0.9999140000000001,0.41439043,0.000111354
710,Container,2,22968,6,TAURANGA,18.93259259,0.000224315,0.9999140000000001,0.403860724,0.000111354
711,Container,2,22968,5,TAURANGA,13.86511574,0.0001855047,0.999967,0.42298477,0.00011019
712,Container,2,22968,5,TAURANGA,17.78431713,0.0001854634,0.9998925000000001,0.410966955,0.0001131
713,Container,2,22968,5,TAURANGA,18.42825231,0.00017983,0.999967,0.41033269249999993,0.00011019
715,Container,2,22968,7,TAURANGA,25.89650463,0.0002475156,0.9999151666666667,0.369598455,0.00011213
717,Container,2,22968,5,TAURANGA,18.12587963,0.0001858249,0.9998925000000001,0.411386625,0.0001131
718,Container,2,22968,5,TAURANGA,21.50125,0.0001700286,0.999967,0.3881345175,0.00011019
719,General Cargo,4,13462,7,TIMARU,55.35689815,0.0002631178,0.9999993333333332,0.36856323500000004,0.00010793999999999999
723,Container,0,8244,5,AUCKLAND,41.31083333,7.82837e-05,1.0,0.1550689725,0.00012484250000000002
728,Container,0,33836,5,AUCKLAND,34.38097222,0.0002091305,0.9999825,0.426623415,0.00012244749999999998
732,Container,1,61609,6,TAURANGA,53.99228009,0.0002334731,1.0,0.39979738200000003,0.000116838
735,Container,0,61636,7,AUCKLAND,30.52550926,0.0003904822,0.9999941666666666,0.5137503233333333,0.00012700333333333334
736,Container,0,61636,7,AUCKLAND,32.86822917,0.0003836547,0.9999941666666666,0.5050673633333334,0.00012700333333333334
737,Container,0,61636,7,AUCKLAND,44.58637731,0.0002982715,0.9999941666666666,0.39191578499999996,0.00012700333333333334
738,Container,0,61636,7,AUCKLAND,45.56418981,0.0002874933,0.9999941666666666,0.39141693333333333,0.000122695
739,Container,0,61636,6,AUCKLAND,34.0359375,0.000303211,0.9999929999999999,0.46938760999999996,0.000129158
742,Bulker,4,31939,5,AUCKLAND,38.88097222,0.000266641,1.0,0.5052338675,0.00013195
743,Bulker,0,31939,5,WELLINGTON,40.63853009,0.0001625203,1.0,0.42350863,9.881e-05
747,Bulker,4,31939,5,WELLINGTON,49.46304398,0.0002253914,1.0,0.48456755,0.0001141575
750,Bulker,4,31939,5,WELLINGTON,52.83966435,0.0001835,1.0,0.48135039,0.00010256999999999999
752,Container,3,18409,7,NELSON,37.99491898,0.0001849167,0.9999494999999999,0.3129758616666667,0.000102675
755,Container,0,53327,7,AUCKLAND,33.82048611,0.0003718599,0.9999778333333332,0.502935485,0.00012187666666666668
756,Container,0,53327,7,AUCKLAND,31.4725,0.0003584859,0.9999778333333332,0.4946295133333334,0.00011832333333333335
757,Container,0,53327,7,AUCKLAND,34.27380787,0.0003426366,0.9999778333333332,0.4723328683333334,0.00011850833333333333
758,Container,0,53327,7,AUCKLAND,45.45475694,0.0003079987,0.9999941666666666,0.44150854666666667,0.00011466166666666666
759,Container,0,53327,7,AUCKLAND,33.10893519,0.0003600892,0.9999778333333332,0.4971452433333334,0.00011850833333333333
760,Container,4,53327,7,AUCKLAND,45.30784722,0.0003181178,0.9999778333333332,0.43673329,0.00011832333333333335
761,Container,0,53327,7,AUCKLAND,38.60240741,0.0003379483,0.9999938333333332,0.4519173383333333,0.00012420499999999998
765,Container,0,38004,5,NELSON,18.36883102,0.0001874312,1.0,0.47921889000000006,9.56575e-05
767,Container,4,38004,5,AUCKLAND,46.24184028,0.0001870092,0.9999825,0.38144520000000004,0.00012217
769,Container,0,38004,6,AUCKLAND,32.79659722,0.0002618427,0.9999734,0.4256338640000001,0.00012008399999999998
772,Container,0,36307,7,AUCKLAND,30.56329861,0.0003165213,0.9999833333333332,0.41198051333333335,0.000126825
773,Container,0,36307,7,AUCKLAND,35.32648148,0.0003006946,0.9999836666666666,0.38987005666666663,0.00012700333333333334
777,Container,1,109657,7,TAURANGA,33.20678241,0.0004219234,1.0,0.544773705,0.000128345
778,Container,1,109657,7,TAURANGA,30.31355324,0.0004303919,1.0,0.5558782083333333,0.000128345
779,Container,1,109657,7,TAURANGA,28.68564815,0.0004406989,1.0,0.569165385,0.000128345
780,Container,1,109657,7,TAURANGA,51.05858796,0.000412604,1.0,0.5215614883333334,0.00013163166666666667
787,Container,0,69107,7,AUCKLAND,28.51385417,0.0003740936,0.9999941666666666,0.5180232416666667,0.00011914333333333333
788,Container,0,69107,7,AUCKLAND,31.49162037,0.0003941286,0.9999941666666666,0.5175980400000001,0.00012700333333333334
789,Container,0,69107,7,AUCKLAND,31.03277778,0.0003942678,0.9999941666666666,0.5173500366666666,0.00012700333333333334
790,Container,0,69107,7,AUCKLAND,26.28300926,0.0004136384,0.9999941666666666,0.5431128533333334,0.00012700333333333334
791,Container,0,69107,7,AUCKLAND,27.19164352,0.0004125124,0.9999941666666666,0.54174756,0.00012700333333333334
792,Container,0,69107,7,AUCKLAND,29.3531713,0.0003920704,0.9999941666666666,0.5145260766666667,0.00012700333333333334
793,Container,0,69107,7,AUCKLAND,33.40334491,0.0003770872,0.9999941666666666,0.4943697583333333,0.00012700333333333334
794,Container,0,69107,7,AUCKLAND,26.66130787,0.0004159287,0.9999941666666666,0.5460379116666667,0.00012700333333333334
795,Container,0,69107,7,AUCKLAND,26.89325231,0.0004151816,0.9999941666666666,0.5451799133333334,0.00012700333333333334
796,Container,0,69107,7,AUCKLAND,26.9321875,0.0004198974,0.9999941666666666,0.5516894149999999,0.00012700333333333334
797,Container,0,69107,7,AUCKLAND,25.88222222,0.0004172917,0.9999941666666666,0.548060235,0.00012700333333333334
798,Container,0,69107,7,AUCKLAND,28.60850694,0.0004071037,0.9999941666666666,0.5346568316666667,0.00012700333333333334
799,Container,0,69107,7,AUCKLAND,32.77827546,0.0003900163,0.9999941666666666,0.5123064833333334,0.00012700333333333334
804,General Cargo,4,32474,5,AUCKLAND,53.64892361,0.0002721702,1.0,0.5080199775,0.0001351175
808,Bulker,4,32537,7,WELLINGTON,57.47724537,0.0002466697,1.0,0.34170649333333336,0.00011232166666666667
811,Bulker,4,32537,5,TAURANGA,57.6668287,0.0002142609,1.0,0.4837307475,0.0001106075
814,Container,1,41028,7,TAURANGA,37.55502315,0.0002600224,1.0,0.36946492,0.00011658833333333335
816,Container,1,41028,7,TAURANGA,37.91329861,0.0002612502,1.0,0.37118212500000003,0.00011658833333333335
818,Container,1,41028,7,TAURANGA,35.69135417,0.0002779767,1.0,0.395271925,0.00011658833333333335
820,Container,1,41028,7,TAURANGA,38.04770833,0.0002596821,1.0,0.3689661066666667,0.00011658833333333335
822,Container,1,41028,7,TAURANGA,41.07282407,0.0002286816,1.0,0.33401020833333334,0.00011360499999999998
824,Container,1,41028,7,TAURANGA,28.25383102,0.0002986168,1.0,0.4204881883333333,0.0001178
825,Container,1,41028,7,TAURANGA,34.77247685,0.0002749463,1.0,0.39057199166666673,0.00011658833333333335
827,Container,1,41028,7,TAURANGA,35.03296296,0.0002801248,1.0,0.3939652983333333,0.0001178
835,Container,1,41028,7,TAURANGA,37.7933912,0.0002488168,1.0,0.3549944716666667,0.00011658833333333335
837,Container,1,41028,6,TAURANGA,37.00225694,0.0002044911,1.0,0.35696857600000004,0.00011414799999999998
840,Container,1,41028,6,TAURANGA,38.27747685,0.0002161481,1.0,0.37188785599999996,0.000115488
848,Container,1,41028,7,TAURANGA,37.21548611,0.000264871,1.0,0.37626397500000003,0.00011658833333333335
850,Container,1,41028,5,TAURANGA,34.09065972,0.0001709138,1.0,0.3737647675,0.00011398
852,Container,1,41028,7,TAURANGA,38.05290509,0.0002414709,1.0,0.34731263,0.00011537666666666664
853,Container,1,41028,7,TAURANGA,35.13984954,0.0002769428,1.0,0.39391780333333326,0.00011658833333333335
856,Container,1,41028,7,TAURANGA,35.17751157,0.000279711,1.0,0.3976523733333333,0.00011658833333333335
858,Container,1,41028,7,TAURANGA,36.89717593,0.0002589916,1.0,0.3726401033333333,0.00011537666666666668
861,Container,1,41028,7,TAURANGA,37.72793981,0.0002617615,1.0,0.37188627999999996,0.00011658833333333335
863,Container,1,41028,7,TAURANGA,37.37046296,0.0002605854,1.0,0.3701961716666667,0.00011658833333333335
865,Container,1,41028,6,TAURANGA,37.70122685,0.0002090308,1.0,0.360423714,0.000115488
869,Container,1,41028,7,TAURANGA,34.83601852,0.0002741143,1.0,0.3899068233333334,0.00011658833333333335
871,Container,1,41028,7,TAURANGA,35.45018519,0.0002767337,1.0,0.3934773333333334,0.00011658833333333335
873,Container,1,41028,7,TAURANGA,35.67229167,0.0002734343,1.0,0.38888817833333333,0.00011658833333333335
879,Container,1,41028,6,TAURANGA,36.19527778,0.000213822,1.0,0.36956598599999996,0.000115488
881,Container,1,41028,7,TAURANGA,37.53266204,0.0002601786,1.0,0.3697101933333333,0.00011658833333333335
885,RoRo,3,19879,5,AUCKLAND,13.72162037,0.0003817437,0.999969,0.7109148125,0.000134555
887,RoRo,0,19893,7,AUCKLAND,23.9315162,0.0004947082,0.9999793333333334,0.6204146399999999,0.00013146166666666665
888,RoRo,1,19893,7,AUCKLAND,59.3472338,0.0003139005,0.9999855000000001,0.4272551116666666,0.00011998
891,Container,0,39422,7,AUCKLAND,43.77918981,0.0003142005,0.999972,0.4242592383333334,0.000122355
893,Container,0,39422,7,AUCKLAND,27.1978125,0.0003287288,0.9999778333333332,0.4545289983333333,0.00011850833333333333
897,Bulker,3,46673,7,NAPIER,45.97934028,0.0002552907,0.9999963333333333,0.43022133333333334,0.00010971999999999999
899,Bulker,3,46673,6,WELLINGTON,52.64771991,0.0002745876,0.9999766000000001,0.479903296,0.000124654
905,Container,0,40208,7,AUCKLAND,35.02219907,0.0003070554,0.9999778333333332,0.4238151366666667,0.00011832333333333335
906,Container,0,40208,7,AUCKLAND,27.32680556,0.0003178339,0.9999778333333332,0.43891891166666674,0.00011850833333333333
915,Container,0,48015,6,WELLINGTON,32.46520833,0.0002336851,0.9999988,0.48223602200000004,9.7874e-05
918,Container,0,48015,7,AUCKLAND,29.15195602,0.0003415883,0.9999778333333332,0.47214711666666664,0.00011850833333333333
919,Container,0,48015,7,AUCKLAND,32.1830787,0.0003434642,0.9999778333333332,0.4735127966666666,0.00011832333333333335
920,Container,0,48015,7,AUCKLAND,28.58378472,0.0003662876,0.9999778333333332,0.5063638833333334,0.00011850833333333333
925,Container,0,5923,7,AUCKLAND,37.17753472,0.0001071392,0.9999606666666666,0.15493662166666666,0.00011724333333333332
926,Container,3,5923,6,AUCKLAND,17.03568287,0.0001078294,0.9996296000000001,0.1859632,0.00011600999999999998
927,Container,3,5923,6,AUCKLAND,18.21349537,0.0001049812,0.9996296000000001,0.181050284,0.00011600999999999998
928,Container,3,5923,6,AUCKLAND,16.83912037,0.0001057143,0.9996296000000001,0.182315866,0.00011600999999999998
929,Container,3,5923,6,AUCKLAND,18.05167824,0.0001015754,0.9996296000000001,0.175177484,0.00011600999999999998
930,Container,3,5923,6,AUCKLAND,20.37673611,0.0001051748,0.9996296000000001,0.18138445600000003,0.00011600999999999998
931,Container,3,5923,6,AUCKLAND,21.27149306,0.0001026198,0.9996296000000001,0.176976846,0.00011600999999999998
932,Container,3,5923,6,AUCKLAND,22.88087963,0.0001018115,0.9996296000000001,0.175582588,0.00011600999999999998
933,Container,2,5923,7,AUCKLAND,24.94765046,0.0001125322,0.9999418333333333,0.16639002666666666,0.00011213
934,Container,3,5923,6,AUCKLAND,19.87490741,0.0001021187,0.9996296000000001,0.17611442,0.00011600999999999998
935,Container,2,5923,7,AUCKLAND,35.96288194,9.77238e-05,0.999708,0.150364405,0.00011008999999999998
938,Bulker,3,33527,6,WELLINGTON,48.69368056,0.0002794828,0.9999874,0.49443442800000004,0.00011642599999999999
940,Bulker,4,33527,7,GISBORNE,58.72787037,0.0003049763,0.9999996666666666,0.378249365,0.000127365
953,Bulker,4,31894,6,AUCKLAND,48.61240741,0.0002994215,0.9999929999999999,0.441837458,0.000133896
954,Bulker,4,31894,5,TAURANGA,57.6402662,0.0002799156,0.9999995,0.539558465,0.0001251225
956,Bulker,4,31894,6,NAPIER,57.88792824,0.0002167658,0.9999966,0.411131612,0.000105404
958,RoRo,0,19531,7,AUCKLAND,30.66163194,0.0004570236,0.9999793333333334,0.5728887333333333,0.00013146166666666665
961,RoRo,0,19512,7,AUCKLAND,24.2269213,0.0004266415,0.9999768333333333,0.5568095433333333,0.00012929333333333334
962,RoRo,0,19550,7,AUCKLAND,29.61922454,0.000482548,0.9999793333333334,0.604490625,0.00013146166666666665
964,General Cargo,4,10581,5,TIMARU,44.73672454,0.0001697458,0.99999825,0.4531783925,9.053499999999999e-05
966,General Cargo,4,31646,5,NEW PLYMOUTH,57.05318287,0.0001547161,1.0,0.46283794749999996,8.358500000000001e-05
967,Bulker,3,33745,5,TAURANGA,52.22631944,0.0003067359,0.99998325,0.57720227,0.0001337375
973,Container,0,69423,7,AUCKLAND,39.13337963,0.0003651894,0.9999941666666666,0.48912681333333335,0.00012345000000000002
984,Bulker,4,32729,5,TAURANGA,50.98851852,0.0002220003,1.0,0.4810025375,0.00011469
985,Bulker,0,32729,7,TAURANGA,39.3902662,0.0003067779,1.0,0.3898498733333333,0.00012641
987,Bulker,4,32729,6,TAURANGA,56.34247685,0.0002236367,1.0,0.394057614,0.00010911
988,Bulker,4,32729,6,NAPIER,57.62267361,0.0001761935,1.0,0.40054816199999993,9.3844e-05
994,Bulker,4,32754,5,PORT CHALMERS,57.8762037,0.0001925666,0.9999582499999999,0.45650849250000003,0.000105415
996,Bulker,4,32754,5,LYTTELTON,55.93346065,0.0002855699,0.999997,0.5418707625,0.00012857
1001,Bulker,4,29738,6,TAURANGA,46.1149537,0.0003031948,1.0,0.46261974400000005,0.000122202
1002,Bulker,3,29738,6,AUCKLAND,48.75252315,0.0003376189,0.9999826,0.48911086800000003,0.000138678
1003,Bulker,4,29738,7,LYTTELTON,55.20313657,0.0001863136,1.0,0.35108541666666665,0.00010067000000000001
1004,Bulker,4,29738,7,NEW PLYMOUTH,46.08353009,0.0003185467,0.9999733333333335,0.46328085833333327,0.00010636999999999999
1007,Container,0,50814,7,AUCKLAND,29.46275463,0.000325871,1.0,0.436647,0.00012459166666666668
1012,Container,0,72976,7,AUCKLAND,30.78465278,0.0004138777,0.9999833333333332,0.5388657033333334,0.000126825
1018,Container,4,66983,5,NAPIER,39.08253472,0.0001937507,0.9999979999999999,0.5089942925,9.47e-05
1020,Container,4,66983,5,AUCKLAND,37.6128125,0.0002589974,0.9999825,0.52843229,0.00012217
1033,Container,0,66983,5,AUCKLAND,23.11689815,0.0002619221,1.0,0.5450805175,0.00012129000000000001
1038,General Cargo,4,12672,7,TAURANGA,46.0553125,0.000248241,1.0,0.37077522500000004,0.00011271333333333334
1042,RoRo,1,27100,7,AUCKLAND,42.9690162,0.0003430642,1.0,0.5069120516666666,0.00011101333333333334
1043,RoRo,1,27100,7,AUCKLAND,32.34744213,0.0003699488,1.0,0.5308323383333333,0.00011537666666666668
1044,RoRo,1,27100,5,AUCKLAND,34.50871528,0.0002646714,1.0,0.5672664475,0.000115655
1051,Bulker,4,29727,5,TAURANGA,58.34243056,0.0002103334,0.99998025,0.4670353425,0.0001122425
1062,Container,0,51850,6,AUCKLAND,57.315,0.0001683882,0.9999929999999999,0.265414328,0.00012661600000000002
1063,Container,0,51850,7,AUCKLAND,38.91271991,0.0002670664,1.0,0.35166191999999996,0.00012721166666666668
1064,Container,0,51850,7,AUCKLAND,30.07246528,0.0003438932,1.0,0.4614564966666666,0.00012459166666666668
1065,Container,4,51850,7,AUCKLAND,39.55319444,0.0003869198,0.9999941666666666,0.5142298966666666,0.000124885
1066,Container,0,51850,7,AUCKLAND,25.82891204,0.000346887,1.0,0.46494029833333334,0.00012459166666666668
1067,Container,0,51850,7,AUCKLAND,26.71027778,0.0003438685,1.0,0.46105003333333333,0.00012459166666666668
1068,Container,0,51850,7,AUCKLAND,23.08101852,0.000367702,1.0,0.49267173666666664,0.00012459166666666668
1071,Container,1,51850,5,AUCKLAND,47.14497685,0.0001852133,1.0,0.41682084500000005,0.0001101675
1075,Container,1,51850,6,AUCKLAND,47.89613426,0.0002189826,1.0,0.402220852,0.00010754200000000001
1077,Container,1,51850,6,AUCKLAND,38.87164352,0.0002420667,1.0,0.448275796,0.00010754200000000001
1078,Container,0,51850,7,TAURANGA,31.82693287,0.0003824324,0.9999921666666668,0.49763757000000003,0.00012552666666666666
1082,Container,4,77159,5,AUCKLAND,55.39310185,0.0001475073,1.0,0.3323840275,0.00011101500000000001
1092,RoRo,0,19381,7,AUCKLAND,35.88982639,0.0004223819,0.9999851666666667,0.5381199183333333,0.000127615
1094,RoRo,0,18947,7,AUCKLAND,20.75603009,0.000422339,0.9999768333333333,0.5513135100000001,0.00012929333333333334
1098,RoRo,0,19106,7,AUCKLAND,25.64802083,0.0004607895,0.9999851666666667,0.5880869433333333,0.000127615
1099,RoRo,0,19106,7,AUCKLAND,39.53967593,0.0003930019,0.9999851666666667,0.500482255,0.000127615
1100,RoRo,0,19106,7,AUCKLAND,28.44515046,0.0004319524,0.9999855000000001,0.5600756,0.00012424
1104,Bulker,4,37534,7,AUCKLAND,57.56868056,0.0002681334,1.0,0.3700734716666667,0.00011656999999999999
1105,Bulker,4,37534,7,LYTTELTON,55.71247685,0.0002310051,0.9999808333333333,0.3625287883333333,0.00010282666666666666
1106,Bulker,4,37534,6,GISBORNE,57.55236111,0.0003407357,1.0,0.505821536,0.00012731
1109,RoRo,0,17713,7,AUCKLAND,25.71300926,0.0004555284,0.9999851666666667,0.5807843666666667,0.000127615
1111,Container,0,39383,7,AUCKLAND,34.60645833,0.0002977441,0.9999778333333332,0.409342465,0.00011850833333333333
1112,Container,0,39383,7,AUCKLAND,28.9827662,0.0002972985,0.9999941666666666,0.4265279583333334,0.00011466166666666666
1113,Container,0,39383,7,AUCKLAND,27.86334491,0.000324052,0.9999778333333332,0.44739119166666663,0.00011850833333333333
1114,Container,0,39383,7,AUCKLAND,34.4378125,0.0003157005,0.9999778333333332,0.43467827,0.00011850833333333333
1115,Container,0,39383,7,AUCKLAND,29.21993056,0.0003310229,0.9999778333333332,0.456884225,0.00011850833333333333
1117,Container,0,34740,7,AUCKLAND,32.59300926,0.0002629324,1.0,0.36854219666666665,0.00011855000000000002
1125,Container,0,52683,7,WELLINGTON,27.97922454,0.0002783266,0.9999895,0.4965486783333333,9.126666666666666e-05
1126,Container,0,52683,7,WELLINGTON,40.72420139,0.0002732133,0.9999895,0.4444074783333334,0.0001031
1137,RoRo,1,21099,7,AUCKLAND,48.09326389,0.0002850522,1.0,0.42844450500000003,0.00010786166666666666
1138,RoRo,1,21099,7,AUCKLAND,54.35793981,0.0002601778,1.0,0.38317814833333336,0.00010907333333333334
1141,RoRo,1,27178,7,AUCKLAND,45.88163194,0.0003184434,1.0,0.4805164516666667,0.00010786166666666666
1142,RoRo,1,27178,5,AUCKLAND,26.96253472,0.0002844459,1.0,0.6011644225,0.0001183125
1144,RoRo,1,27178,7,AUCKLAND,44.10377315,0.0002990813,1.0,0.46290322166666664,0.00010470999999999999
1151,Container,0,66583,5,LYTTELTON,51.67960648,0.0001666414,0.9999975000000001,0.43223839249999996,9.47e-05
1161,Container,0,66583,7,AUCKLAND,49.67383102,0.0003323162,0.9999775,0.4570072383333333,0.00012263166666666667
1169,Container,1,52786,7,AUCKLAND,59.50788194,0.0002171742,1.0,0.33434094499999994,0.00010579166666666667
1174,Bulker,4,32573,6,AUCKLAND,55.23075231,0.0002507099,0.9999776,0.412496916,0.00012565400000000003
1178,Bulker,4,32545,5,TAURANGA,45.1528125,0.0002269191,1.0,0.51283055,0.00011063
1180,Bulker,4,32545,6,NEW PLYMOUTH,56.64056713,0.0001903862,1.0,0.392730464,0.00010655199999999999
1182,Container,1,50500,7,TAURANGA,45.9734838,0.0003013009,0.9999998333333333,0.41827815500000004,0.00011994000000000001
1187,Container,1,50500,5,AUCKLAND,42.72930556,0.0001835703,1.0,0.4147841575,0.0001101675
1191,Container,1,50500,5,AUCKLAND,42.91344907,0.000195195,1.0,0.4398357425,0.0001101675
1196,Bulker,4,56023,7,NELSON,53.69126157,0.0003288991,0.9999973333333333,0.41484388499999997,0.00012238333333333332
1199,RoRo,0,15089,7,AUCKLAND,25.09628472,0.0003649397,1.0,0.4770520516666666,0.00012502166666666668
1200,RoRo,0,15089,5,AUCKLAND,19.82,0.0002958296,1.0,0.5605482525000001,0.00013195
1204,RoRo,0,15089,7,AUCKLAND,43.86959491,0.0003242437,0.9999796666666666,0.4156989583333333,0.00012932333333333333
1205,RoRo,0,15089,6,AUCKLAND,32.57797454,0.0003028615,0.9999996,0.47571692599999993,0.00012788
1207,RoRo,0,15089,5,AUCKLAND,33.05515046,0.000276197,0.9999782500000001,0.5485650475,0.00012757000000000003
1208,RoRo,0,15089,7,AUCKLAND,24.94893519,0.0003601416,1.0,0.47491122666666663,0.00012379
1209,RoRo,0,15089,5,AUCKLAND,19.14788194,0.0002956737,1.0,0.5602528625,0.00013195
1210,RoRo,0,15089,5,AUCKLAND,22.78792824,0.0002892314,1.0,0.5480441025,0.00013195
1211,RoRo,0,15089,5,AUCKLAND,20.4405787,0.0002937043,1.0,0.55652088,0.00013195
1212,RoRo,0,15089,5,AUCKLAND,19.79167824,0.000291722,1.0,0.5527643275,0.00013195
1213,RoRo,0,15089,7,AUCKLAND,28.2609375,0.0003610768,1.0,0.48215487166666665,0.00012442833333333334
1214,RoRo,0,15089,6,AUCKLAND,22.41418981,0.0003384929,1.0,0.53471285,0.000128094
1221,Bulker,4,32610,6,AUCKLAND,51.21344907,0.000235204,1.0,0.372214604,0.000118654
1226,RoRo,1,15128,7,AUCKLAND,35.10913194,0.0003427871,1.0,0.4531686316666667,0.00012337333333333335
1227,RoRo,0,15128,7,AUCKLAND,38.734375,0.0003455906,1.0,0.43777465,0.00012985333333333335
1229,RoRo,0,15128,7,AUCKLAND,34.32228009,0.0003426487,1.0,0.44883037166666667,0.00012441500000000003
1238,Container,0,38420,5,AUCKLAND,22.37471065,0.0002189102,0.99999125,0.4632538075,0.0001166775
1242,Container,0,38420,7,NELSON,32.67982639,0.0002347744,0.9999721666666667,0.418464695,9.126666666666666e-05
1245,Container,0,38420,7,AUCKLAND,33.03253472,0.0003072303,0.9999778333333332,0.42327989666666666,0.00011850833333333333
1246,Container,0,38420,7,AUCKLAND,38.12241898,0.0003098178,0.9999778333333332,0.42711278,0.00011850833333333333
1249,Container,3,38420,7,TAURANGA,34.15144676,0.0003129213,0.9999638333333332,0.41689646333333336,0.00012733833333333333
1252,Bulker,4,31866,5,TIMARU,53.27592593,0.0001627078,1.0,0.40088351499999997,0.00010795499999999999
1263,Bulker,4,28709,6,TAURANGA,49.75709491,0.000266431,1.0,0.412231314,0.00012689599999999999
1265,Bulker,4,32728,6,PORT CHALMERS,59.95929398,0.0003513171,0.9999084,0.5208792019999999,0.00013094999999999998
1285,Bulker,4,33529,5,TAURANGA,53.23052083,0.0002050867,1.0,0.46404456250000004,0.00011033000000000001
1287,RoRo,4,27178,5,AUCKLAND,55.94306713,0.0003035921,0.99997775,0.56215412,0.0001372025
1288,RoRo,1,27178,7,AUCKLAND,59.77641204,0.0004277544,0.9999793333333334,0.5386188000000001,0.00012935666666666668
1295,Tanker,0,11519,6,NEW PLYMOUTH,53.59347222,0.0001342809,1.0,0.335322092,8.3172e-05
1297,Container,0,39418,7,AUCKLAND,35.09498843,0.0003161918,0.9999941666666666,0.40720355333333336,0.00012962333333333334
1298,Container,0,39275,5,NELSON,22.67320602,0.0002086407,0.99996175,0.504736635,0.0001010975
1299,Container,0,39275,6,AUCKLAND,35.25640046,0.0002609566,0.999986,0.432976648,0.00012008399999999998
1300,Container,4,39275,5,NELSON,37.08138889,0.0001655863,0.9999929999999999,0.43540171000000005,9.47e-05
1302,Container,0,39275,5,AUCKLAND,27.13837963,0.0002190543,0.99999125,0.4621651725,0.0001166775
1308,Container,0,39200,6,AUCKLAND,48.19832176,0.0002204888,0.9999929999999999,0.37298144200000005,0.000116588
1309,Container,0,39200,7,AUCKLAND,38.08351852,0.0003239048,0.999972,0.4376501766666667,0.000122355
1311,Container,0,39200,7,NAPIER,33.93994213,0.000311897,0.9999998333333333,0.4390798166666667,0.00011337333333333332
1315,Container,0,38975,6,AUCKLAND,27.99070602,0.0002763407,0.9999734,0.4522339820000001,0.00011986200000000001
1319,Container,0,38975,7,NELSON,33.06315972,0.0002432007,0.9999721666666667,0.43307435833333335,9.107333333333332e-05
1320,Container,0,38975,7,AUCKLAND,31.08211806,0.0003232712,0.9999778333333332,0.4466085799999999,0.00011832333333333335
1321,Container,0,38975,7,AUCKLAND,33.26829861,0.0003173571,0.9999778333333332,0.4380800116666667,0.00011832333333333335
1322,Container,0,38975,7,AUCKLAND,34.93133102,0.0002901746,0.9999778333333332,0.40006493666666665,0.00011850833333333333
1341,Bulker,1,46619,7,NELSON,53.49162037,0.0002631979,1.0,0.40279106,0.000113735
1344,Container,0,65364,7,AUCKLAND,27.7521412,0.00041091,0.9999941666666666,0.5397061500000001,0.00012700333333333334
1345,Container,0,65364,7,AUCKLAND,33.28231481,0.0003762025,0.9999941666666666,0.4944357183333333,0.00012700333333333334
1346,Container,0,65364,7,AUCKLAND,27.72918981,0.0004037654,0.9999941666666666,0.5302228883333333,0.00012700333333333334
1347,Container,0,65364,7,AUCKLAND,26.94247685,0.000409126,0.9999941666666666,0.5372622966666666,0.00012700333333333334
1351,RoRo,1,16889,5,AUCKLAND,58.44369213,0.0002408508,0.9999782500000001,0.4540919975,0.00012788749999999998
1354,RoRo,0,12200,7,AUCKLAND,23.51832176,0.0003342608,0.9999768333333333,0.4379089166666666,0.00012929333333333334
1355,RoRo,0,12200,7,AUCKLAND,20.34111111,0.0003424606,0.9999768333333333,0.44826467333333336,0.00012929333333333334
1356,RoRo,0,12200,7,AUCKLAND,22.59288194,0.0003313099,0.9999768333333333,0.43409216833333336,0.00012929333333333334
1357,RoRo,0,12200,7,AUCKLAND,22.991875,0.0003334941,0.9999768333333333,0.43697676833333327,0.00012929333333333334
1360,RoRo,1,22271,7,AUCKLAND,47.34921296,0.0003171281,1.0,0.47453082,0.00010800333333333334
1373,Tanker,2,3854,5,NEW PLYMOUTH,34.93319444,9.02031e-05,0.999914,0.25606286,8.8005e-05
1374,Tanker,3,3854,6,LYTTELTON,41.60511574,0.0001047337,0.999973,0.214643944,9.511599999999999e-05
1387,Container,0,68038,5,AUCKLAND,30.3678588,0.0002771017,0.9999825,0.5672448225,0.00012217
1397,Container,4,68038,5,AUCKLAND,39.05112269,0.0002243835,0.9999750000000001,0.4705820625,0.0001214625
1404,Container,0,13803,5,AUCKLAND,34.01819444,0.0001488196,0.99995325,0.287572165,0.0001272325
1414,Bulker,4,29671,6,TAURANGA,59.10494213,0.0001980361,1.0,0.356528722,0.000111832
1417,Bulker,4,29671,5,NEW PLYMOUTH,57.53930556,0.0001583962,1.0,0.45922388000000003,8.9205e-05
1420,RoRo,0,12221,7,AUCKLAND,44.46119213,0.0003477529,0.9999848333333334,0.45027711666666664,0.00012610833333333334
1421,RoRo,0,12221,5,AUCKLAND,21.70375,0.0002767472,0.99997775,0.55561534,0.0001214625
1422,RoRo,0,12221,5,AUCKLAND,36.99956019,0.0002335391,0.9999825,0.47472696999999997,0.00012217
1423,RoRo,0,12221,7,AUCKLAND,40.2202662,0.0003564108,0.9999848333333334,0.4615246016666667,0.00012610833333333334
1424,RoRo,0,12221,7,AUCKLAND,23.335625,0.0003761342,0.9999793333333334,0.4828921816666667,0.00012658
1426,General Cargo,0,18117,7,AUCKLAND,20.58354167,0.0004121224,0.9999768333333333,0.5385486666666667,0.00012929333333333334
1429,RoRo,0,14906,7,AUCKLAND,30.11324074,0.0003908663,0.9999793333333332,0.501757955,0.000129145
1430,RoRo,4,14906,7,AUCKLAND,36.12694444,0.0003555534,0.9999793333333332,0.4563831683333333,0.000129145
1431,RoRo,0,14906,7,AUCKLAND,50.2719213,0.0003118836,0.9999793333333332,0.39996983666666663,0.000129145
1432,RoRo,0,14906,5,AUCKLAND,30.8769213,0.0002791692,0.9999782500000001,0.5262403725,0.00013239
1433,RoRo,0,14906,5,AUCKLAND,21.67296296,0.0002928626,1.0,0.581548725,0.00012713
1435,RoRo,0,14906,6,AUCKLAND,29.64177083,0.0003108471,0.9999722,0.49831066600000007,0.000124906
1436,RoRo,4,14906,7,AUCKLAND,36.84415509,0.0003601328,0.9999855000000001,0.46674631333333333,0.00012903
1437,RoRo,0,14906,6,AUCKLAND,32.7100463,0.0003307363,0.9999756,0.497527732,0.000132654
1438,RoRo,0,14906,7,AUCKLAND,30.12454861,0.0003937199,0.9999796666666666,0.5065263933333334,0.00012932333333333333
1439,RoRo,0,14906,7,AUCKLAND,30.82008102,0.0003876137,0.9999796666666666,0.49814951333333335,0.00012932333333333333
1440,RoRo,0,14906,7,AUCKLAND,25.69368056,0.000411536,0.9999793333333332,0.5285554250000001,0.000129145
1441,RoRo,0,14906,7,AUCKLAND,31.6600463,0.0004007956,0.9999793333333332,0.504671985,0.00013235833333333333
1442,RoRo,0,14906,7,AUCKLAND,27.83180556,0.0004135408,0.9999793333333332,0.5206659299999999,0.00013235833333333333
1443,RoRo,0,14906,7,AUCKLAND,31.23927083,0.0003954376,0.9999793333333332,0.4978968183333334,0.00013235833333333333
1444,RoRo,0,14906,7,AUCKLAND,26.39887731,0.0004053237,0.9999793333333332,0.51030261,0.00013235833333333333
1445,RoRo,0,14906,7,AUCKLAND,28.12756944,0.0003974828,0.9999793333333332,0.50979979,0.000129145
1446,RoRo,0,14906,7,AUCKLAND,26.41384259,0.0003996943,0.9999793333333332,0.5135596783333334,0.000129145
1447,RoRo,0,14906,7,AUCKLAND,32.43767361,0.0003878709,0.9999793333333332,0.48840841500000004,0.00013235833333333333
1448,RoRo,4,14906,7,AUCKLAND,56.19274306,0.0002896441,0.9999851666666667,0.373238275,0.00012885166666666667
1450,RoRo,0,14906,7,AUCKLAND,39.00355324,0.0003081233,0.9999996666666666,0.4012672000000001,0.00012855833333333335
1451,RoRo,0,14906,5,AUCKLAND,19.75291667,0.0002987175,1.0,0.5660209875000001,0.00013195
1452,RoRo,0,14906,7,AUCKLAND,25.1366088,0.0003926482,0.9999796666666666,0.5048802083333334,0.00012932333333333333
1453,RoRo,4,14906,7,AUCKLAND,38.03010417,0.0003832723,0.9999796666666666,0.493788605,0.00012932333333333333
1454,RoRo,0,14906,7,AUCKLAND,29.61652778,0.0003839329,0.9999796666666666,0.493657805,0.00012932333333333333
1455,RoRo,0,14906,7,AUCKLAND,23.504375,0.0004177975,0.9999793333333332,0.5369602633333334,0.000129145
1456,RoRo,0,14906,7,AUCKLAND,32.45346065,0.0003901187,0.9999793333333332,0.49121142999999995,0.00013235833333333333
1457,RoRo,0,14906,7,AUCKLAND,29.73511574,0.0004057305,0.9999793333333332,0.5108798533333334,0.00013235833333333333
1458,RoRo,0,14906,6,AUCKLAND,32.17934028,0.000338615,0.9999756,0.509303866,0.000132654
1459,RoRo,0,14906,7,AUCKLAND,27.50262731,0.0004045722,0.9999793333333332,0.5093036466666666,0.00013235833333333333
1462,RoRo,0,14906,7,AUCKLAND,24.6646412,0.0004162021,0.9999793333333332,0.52404214,0.00013235833333333333
1463,RoRo,0,14906,7,AUCKLAND,28.94438657,0.000396004,0.9999793333333332,0.5083445916666666,0.000129145
1466,RoRo,0,14906,7,AUCKLAND,29.45114583,0.0003938524,0.9999793333333332,0.5053992333333333,0.000129145
1467,RoRo,0,14906,7,AUCKLAND,33.89592593,0.0003770123,0.9999793333333332,0.4836649016666667,0.000129145
1468,RoRo,0,14906,7,AUCKLAND,31.85354167,0.0003820334,0.9999793333333332,0.49028597333333335,0.000129145
1469,RoRo,4,14906,7,AUCKLAND,55.84207176,0.000281953,0.9999793333333332,0.36118201,0.000129145
1470,RoRo,0,14906,7,AUCKLAND,25.98094907,0.0003865013,0.9999851666666667,0.49998823499999995,0.00012885166666666667
1471,RoRo,0,14906,5,AUCKLAND,17.40372685,0.0002965326,1.0,0.5890251774999999,0.00012713
1472,RoRo,4,14906,6,AUCKLAND,39.81502315,0.0003331983,0.9999826,0.5261023779999999,0.00012844600000000002
1473,RoRo,0,14906,7,AUCKLAND,31.38136574,0.0003790529,0.9999796666666666,0.48672633333333337,0.00012932333333333333
1474,RoRo,0,14906,7,AUCKLAND,23.3759838,0.000402428,0.9999796666666666,0.5180890383333333,0.00012932333333333333
1475,RoRo,0,14906,7,AUCKLAND,28.57315972,0.0004004686,0.9999793333333332,0.5140738533333333,0.000129145
1476,RoRo,0,14906,7,AUCKLAND,32.02564815,0.0003947272,0.9999793333333332,0.49705584999999997,0.00013235833333333333
1477,RoRo,0,14906,7,AUCKLAND,24.35699074,0.0004132126,0.9999793333333332,0.5202414083333332,0.00013235833333333333
1480,Tanker,2,3854,6,NEW PLYMOUTH,50.43634259,0.0001026658,0.9999893999999999,0.230200644,9.855200000000001e-05
1481,Tanker,2,3854,7,NEW PLYMOUTH,40.06736111,0.0001173532,0.9999705,0.2165776633333333,8.9155e-05
1485,Bulker,4,18849,5,NAPIER,55.78278935,0.0002132958,0.9999987499999999,0.460225275,0.00010371249999999998
1493,Container,0,52216,7,TAURANGA,38.36634259,0.000309759,0.9999981666666667,0.4036491816666667,0.000127505
1494,Container,0,52216,7,AUCKLAND,39.32577546,0.0003274121,0.9999941666666666,0.4277878933333333,0.000127505
1495,Container,0,52216,7,AUCKLAND,33.55944444,0.0003522718,0.9999941666666666,0.4610258583333333,0.000127505
1496,Container,0,52216,7,AUCKLAND,37.90033565,0.000298476,0.9999941666666666,0.3902867783333333,0.000127505
1497,Container,0,52216,7,AUCKLAND,26.33900463,0.000352126,1.0,0.4719944533333334,0.00012459166666666668
1498,Container,0,52216,7,AUCKLAND,25.08916667,0.0003566433,1.0,0.4780340916666666,0.00012459166666666668
1499,Container,0,52216,7,AUCKLAND,27.53106481,0.0003424964,1.0,0.45889925499999995,0.00012459166666666668
1500,Container,0,52216,7,AUCKLAND,23.97634259,0.0003599802,1.0,0.48246527166666664,0.00012459166666666668
1501,Container,0,52216,7,AUCKLAND,27.67587963,0.0003460238,1.0,0.4636900850000001,0.00012459166666666668
1502,Container,0,52216,7,AUCKLAND,26.48796296,0.0003409424,1.0,0.4658137233333333,0.00012167166666666666
1503,Container,0,52216,7,AUCKLAND,26.51864583,0.0003428254,1.0,0.4594578133333333,0.00012459166666666668
1504,Container,0,52216,7,AUCKLAND,29.1809838,0.0003392816,1.0,0.4546556933333334,0.00012459166666666668
1505,Container,0,52216,7,AUCKLAND,25.06427083,0.0003681221,1.0,0.4932523516666667,0.00012459166666666668
1506,Container,0,52216,7,AUCKLAND,28.87553241,0.0003393168,1.0,0.45494570666666667,0.00012459166666666668
1507,Container,0,52216,7,AUCKLAND,25.46868056,0.0003613723,1.0,0.48446502166666666,0.00012459166666666668
1508,Container,0,52216,7,AUCKLAND,32.20354167,0.0003522895,1.0,0.47212988166666664,0.00012459166666666668
1509,Container,0,52216,7,AUCKLAND,27.64143519,0.0003437686,1.0,0.4607378166666667,0.00012459166666666668
1510,Container,0,50567,5,TAURANGA,21.76403935,0.0002655802,0.9999972500000001,0.5286668175,0.0001252825
1511,Container,0,50567,7,AUCKLAND,44.05645833,0.0002669868,0.9999941666666666,0.3488181533333334,0.000127505
1512,Container,0,50567,7,AUCKLAND,31.90708333,0.0003333465,0.9999941666666666,0.43619196,0.000127505
1514,Container,4,50567,7,AUCKLAND,53.2965162,0.0002817712,1.0,0.3724632716666667,0.00012721166666666668
1515,Container,0,50567,7,AUCKLAND,31.44465278,0.0003161001,1.0,0.42382631499999995,0.00012459166666666668
1516,Container,0,50567,7,AUCKLAND,26.46658565,0.0003421754,1.0,0.45875796166666666,0.00012459166666666668
1517,Container,0,50567,7,AUCKLAND,26.15744213,0.0003570001,1.0,0.4782758516666667,0.00012459166666666668
1518,Container,0,50567,7,AUCKLAND,21.7893287,0.0003753654,1.0,0.5029826033333333,0.00012459166666666668
1519,Container,0,50567,7,AUCKLAND,28.39704861,0.0003315852,1.0,0.444294335,0.00012459166666666668
1520,Container,0,50567,7,AUCKLAND,20.77658565,0.0003764857,1.0,0.5044931616666667,0.00012459166666666668
1521,Container,0,50567,7,AUCKLAND,22.88994213,0.0003663791,1.0,0.4910113483333333,0.00012459166666666668
1522,Container,0,50567,7,AUCKLAND,29.93502315,0.0003275192,1.0,0.43894467666666664,0.00012459166666666668
1523,Container,0,50567,7,AUCKLAND,26.42983796,0.0003479955,1.0,0.46640733333333334,0.00012459166666666668
1524,Container,0,50567,7,AUCKLAND,20.7568287,0.0003756504,1.0,0.50348499,0.00012459166666666668
1525,Container,0,50567,7,AUCKLAND,26.59311343,0.0003508114,1.0,0.470538555,0.00012459166666666668
1526,Container,0,50567,7,AUCKLAND,24.58152778,0.0003590248,1.0,0.48121875833333333,0.00012459166666666668
1527,Container,0,50567,7,AUCKLAND,28.60077546,0.000331189,1.0,0.43597284000000003,0.00012721166666666668
1531,Bulker,4,56026,5,WELLINGTON,59.10434028,0.0001674422,1.0,0.4188015625,9.4165e-05
1534,Bulker,4,55922,6,NAPIER,55.86581019,0.0001995536,0.9999966,0.434624726,8.6308e-05
1536,RoRo,1,30137,7,AUCKLAND,51.43909722,0.0003625394,1.0,0.5264696066666666,0.00011236666666666667
1537,RoRo,1,30137,7,AUCKLAND,51.77980324,0.0003229245,1.0,0.4779733066666667,0.00010907333333333334
1541,RoRo,0,15068,6,AUCKLAND,20.44815972,0.0003609959,0.9999822,0.5620836579999999,0.000128232
1543,RoRo,0,15068,7,NELSON,25.98655093,0.0003483685,0.9999708333333333,0.5183665533333334,0.00010797166666666665
1544,RoRo,0,15068,5,AUCKLAND,22.24372685,0.0002935873,1.0,0.5562986675,0.00013195
1546,RoRo,0,15068,7,AUCKLAND,30.06168981,0.0003791677,0.9999768333333333,0.49572465666666665,0.00012929333333333334
1547,RoRo,0,15068,7,AUCKLAND,49.10253472,0.0003124204,0.9999793333333332,0.399858955,0.000129145
1549,RoRo,0,15068,6,AUCKLAND,55.17708333,0.0002323798,0.9999826,0.35952706,0.000128446
1550,RoRo,0,15068,7,AUCKLAND,29.66453704,0.0003622574,0.9999941666666666,0.4699329466666667,0.00012903
1551,RoRo,4,15068,7,AUCKLAND,57.70708333,0.0003175725,0.9999796666666668,0.4068459483333333,0.00012932333333333333
1552,RoRo,0,15068,7,AUCKLAND,52.0443287,0.0003231828,0.9999796666666666,0.41080979166666665,0.00012932333333333333
1553,RoRo,0,15068,7,AUCKLAND,24.8949537,0.0003554522,1.0,0.4741477816666666,0.00012087000000000001
1554,RoRo,0,15068,5,AUCKLAND,19.29806713,0.0002943158,1.0,0.58447966,0.00012713
1560,RoRo,4,21053,7,LYTTELTON,59.21207176,0.0002940978,0.9999835,0.45175352166666666,0.00010313499999999998
1561,RoRo,1,21053,7,AUCKLAND,49.50202546,0.0002996664,1.0,0.4424960816666667,0.00010907333333333334
1562,Bulker,3,32741,6,AUCKLAND,46.62506944,0.0003225772,0.9999856000000001,0.5463952,0.000117754
1563,Bulker,4,32741,7,AUCKLAND,39.89497685,0.0002899928,0.9999941666666666,0.39669870333333335,0.00011634333333333334
1564,Bulker,3,32561,7,NELSON,42.07944444,0.0003753509,0.9999493333333334,0.47362385833333337,0.00011850499999999999
1566,Bulker,4,32816,7,AUCKLAND,55.68578704,0.0003179702,0.9999996666666666,0.3998515966666667,0.00012201999999999999
1569,Bulker,4,32816,6,TAURANGA,50.97804398,0.000308281,0.9999998,0.458385786,0.00013333
1570,Bulker,4,32816,5,TAURANGA,53.73844907,0.0002320256,0.999992,0.4698500925,0.00011577
1571,Bulker,4,32816,5,TAURANGA,55.32873843,0.0002832667,1.0,0.5251397525,0.000127625
1583,Bulker,1,33527,6,GISBORNE,59.46572917,0.0003069512,0.999998,0.509080016,0.000118546
1591,RoRo,0,18864,7,AUCKLAND,27.47541667,0.000460752,0.9999851666666667,0.5881438416666667,0.000127615
1593,RoRo,3,18867,7,AUCKLAND,22.75581019,0.0004542093,0.9999793333333334,0.5590714416666666,0.00013634333333333333
1594,RoRo,0,18867,7,AUCKLAND,26.16541667,0.0004171867,0.9999768333333333,0.5448073316666667,0.00012929333333333334
1597,RoRo,0,18865,7,AUCKLAND,29.57809028,0.0004346871,0.9999941666666666,0.54685249,0.00012912166666666667
1599,RoRo,0,18864,7,AUCKLAND,20.44369213,0.0004279523,0.9999768333333333,0.55835798,0.00012929333333333334
1600,RoRo,0,18864,7,AUCKLAND,26.73810185,0.0004577655,0.9999941666666666,0.5772946533333333,0.00012857666666666665
1602,RoRo,0,18858,6,AUCKLAND,32.54763889,0.0003808075,0.9999929999999999,0.582248764,0.000126962
1604,RoRo,0,18855,7,AUCKLAND,24.80204861,0.0004679644,0.9999851666666667,0.5844001933333334,0.00013195166666666667
1605,RoRo,0,18855,7,AUCKLAND,41.13074074,0.0003674778,0.9999855000000001,0.46208062000000005,0.00012912166666666667
1607,RoRo,0,18262,7,AUCKLAND,18.79383102,0.0004322958,0.9999768333333333,0.5637349016666666,0.00012929333333333334
1610,Container,1,39357,7,AUCKLAND,45.27190972,0.000299972,0.9999941666666666,0.40949987666666665,0.00012025166666666667
1612,Container,4,39337,6,NELSON,56.89325231,0.0002285208,0.9999676000000001,0.43711560799999993,9.945399999999999e-05
1614,RoRo,1,27100,6,AUCKLAND,57.70758102,0.0003244218,0.9999822,0.51474136,0.000121024
1625,Container,0,39446,7,AUCKLAND,28.96362269,0.0003298724,0.9999778333333332,0.4559073066666666,0.00011832333333333335
1658,Tanker,4,45791,6,NEW PLYMOUTH,59.59590278,0.0001917003,0.9999304,0.335971418,0.000104856
1661,Tanker,4,45886,5,LYTTELTON,50.1722338,0.0001359557,1.0,0.4179922875,8.149e-05
1664,Tanker,4,45800,7,LYTTELTON,56.44912037,0.0001295937,1.0,0.257705085,8.381999999999998e-05
1667,Container,0,23482,7,TIMARU,29.27112269,0.0001919876,0.9999685,0.31813705333333336,0.00010102999999999999
1671,Container,0,48109,7,AUCKLAND,34.06429398,0.000341749,0.9999778333333332,0.4709588616666667,0.00011850833333333333
1672,Container,0,48109,7,AUCKLAND,30.85229167,0.000353541,0.9999833333333332,0.46021603,0.000126825
1676,Container,3,28170,7,AUCKLAND,22.41335648,0.0003095609,0.9999759999999999,0.4090983133333333,0.00012460333333333333
1687,Container,4,80115,5,TAURANGA,36.35090278,0.0002763262,0.99999125,0.584461895,0.0001164
1691,Container,4,80115,5,TAURANGA,28.17650463,0.0002946623,0.9999885000000001,0.592275995,0.00012217
1692,Container,0,80115,5,NAPIER,28.74,0.0002293677,0.9999955,0.571156125,0.0001010975
1702,Container,4,80225,7,TAURANGA,50.15090278,0.000368497,0.9999941666666666,0.5252172516666667,0.00011541
1706,Container,0,80225,6,TAURANGA,28.84219907,0.0003466438,0.9999908000000002,0.567739018,0.00011986200000000001
1712,Container,0,80225,5,TAURANGA,34.78420139,0.0002768405,0.999991,0.5682841075,0.0001214625
1713,Container,0,80225,5,TAURANGA,23.4428588,0.0002795651,0.99999125,0.592599525,0.0001164
1716,Container,4,80225,5,TAURANGA,28.98710648,0.0002647419,0.99999125,0.559418825,0.0001164
1721,Container,0,80225,5,TAURANGA,34.58277778,0.0002788492,0.999991,0.57148245,0.0001214625
1728,Container,0,80293,5,LYTTELTON,21.37429398,0.0002477718,0.9999715,0.64300888,9.47e-05
1729,Container,4,80293,5,TAURANGA,53.5674537,0.0001916477,0.99999125,0.38369348999999997,0.0001237225
1732,Container,0,80293,5,TAURANGA,24.97603009,0.0002820007,0.99999125,0.5969614875,0.0001164
1735,Container,0,80293,5,TAURANGA,33.84387731,0.0002790405,0.999991,0.5723217,0.0001214625
1736,Container,0,80293,5,TAURANGA,25.81114583,0.0002834165,0.99999125,0.600908405,0.0001164
1740,Container,1,41350,5,TAURANGA,28.22791667,0.0002044299,1.0,0.43243486,0.0001174725
1746,Container,1,41350,7,TAURANGA,35.73015046,0.0002740678,1.0,0.389756245,0.00011658833333333335
1748,Container,4,41350,7,TAURANGA,41.88594907,0.0002721046,0.9999941666666666,0.3757119916666667,0.00011852500000000001
1750,Container,1,41350,7,TAURANGA,30.05085648,0.0002904318,1.0,0.4132083266666667,0.00011658833333333335
1752,Container,1,41350,7,TAURANGA,35.0503125,0.0002779828,1.0,0.39535060333333333,0.00011658833333333335
1754,Container,1,41350,7,TAURANGA,35.69143519,0.0002785661,1.0,0.3961624716666667,0.00011658833333333335
1758,Container,1,41350,7,TAURANGA,34.24320602,0.0002829532,1.0,0.4022773866666667,0.00011658833333333335
1763,Container,1,41337,7,TAURANGA,37.61908565,0.0002745773,1.0,0.39471743833333334,0.00011547166666666666
1765,Container,1,41337,7,TAURANGA,36.86597222,0.000260842,1.0,0.37533703,0.00011537666666666668
1767,Container,1,41337,7,TAURANGA,42.01591435,0.0002541113,1.0,0.3610264383333334,0.00011658833333333335
1768,Container,4,41337,5,AUCKLAND,56.84584491,0.0002305954,0.99999125,0.47349326,0.00012014999999999999
1771,Container,0,53870,6,AUCKLAND,25.65576389,0.0003223696,0.9999929999999999,0.520182376,0.00012347199999999999
1772,Container,0,53870,7,NAPIER,39.21256944,0.0002651306,0.9999993333333334,0.44033771000000005,0.00010048166666666666
1773,Container,0,53870,7,AUCKLAND,28.69949074,0.0003769959,0.9999941666666666,0.49348784333333334,0.000127505
1774,Container,0,53870,6,AUCKLAND,37.81952546,0.00024746,1.0,0.402261096,0.00012312
1775,Container,0,53870,7,AUCKLAND,30.13905093,0.0003410081,1.0,0.46684444666666663,0.0001219716666666667
1776,Container,0,53870,7,AUCKLAND,23.38678241,0.0003783293,1.0,0.5070668016666667,0.00012459166666666668
1777,Container,0,53870,7,AUCKLAND,25.21172454,0.0003552656,1.0,0.4761929616666667,0.00012459166666666668
1778,Container,0,53870,7,AUCKLAND,27.54445602,0.0003364038,1.0,0.45097383833333327,0.00012459166666666668
1779,Container,0,53870,7,AUCKLAND,27.44277778,0.0003708688,0.9999941666666666,0.485112845,0.000127505
1780,Container,0,53870,7,AUCKLAND,20.44768519,0.0003865276,1.0,0.5179861433333334,0.00012459166666666668
1781,Container,0,53870,7,LYTTELTON,26.60947917,0.0002714578,1.0,0.4636364866666667,9.782999999999999e-05
1782,Container,0,53870,7,AUCKLAND,26.67894676,0.0003449754,1.0,0.46239587666666665,0.00012459166666666668
1784,General Cargo,0,20643,7,TAURANGA,38.59685185,0.0002980006,1.0,0.41984457499999994,0.00012117000000000002
1786,Container,1,68411,6,TAURANGA,59.15805556,0.0003330669,0.9999928,0.503445534,0.00012973799999999998
1787,Container,1,68411,6,AUCKLAND,31.22743056,0.0002391384,1.0,0.49289999600000006,9.704e-05
1788,Container,3,68411,5,TAURANGA,28.91760417,0.0002927232,0.999983,0.543182715,0.000134555
1789,Container,1,68411,7,TAURANGA,45.22769676,0.000341414,0.999994,0.4542219383333334,0.000121585
1790,Container,1,68411,6,AUCKLAND,34.76133102,0.0002635211,1.0,0.500642898,0.000103816
1792,Container,1,68411,5,AUCKLAND,47.78918981,0.0001919143,1.0,0.4327920575,0.0001101675
1796,Container,1,68411,5,AUCKLAND,51.41342593,0.0001964313,1.0,0.444102635,0.0001101675
1800,Container,1,68411,5,AUCKLAND,43.08543981,0.0002004489,1.0,0.45272439749999993,0.0001101675
1804,Container,1,68411,7,AUCKLAND,48.77971065,0.0003317446,0.9999833333333332,0.46730926666666667,0.00011443833333333334
1807,Container,1,63352,5,TAURANGA,36.78741898,0.0003098957,0.999991,0.5769210675,0.00013385749999999998
1808,Container,1,63352,5,AUCKLAND,48.08252315,0.0001441778,1.0,0.3714486775,9.704e-05
1810,Container,1,63352,5,AUCKLAND,33.59997685,0.0002027608,1.0,0.47260049000000004,0.00010551000000000001
1812,Container,1,63352,6,TAURANGA,49.92273148,0.0003272956,0.9999928,0.5030636860000001,0.000126494
1813,Container,1,63352,6,AUCKLAND,30.47331019,0.0002499373,1.0,0.476408048,0.000103816
1817,Container,0,53278,7,AUCKLAND,30.6953125,0.000370791,0.9999941666666666,0.49428818999999996,0.000124885
1818,Container,0,53278,7,AUCKLAND,41.00027778,0.0002781508,0.9999941666666666,0.36334378333333334,0.000127505
1819,Container,0,53278,7,AUCKLAND,28.78618056,0.0003650294,0.9999941666666666,0.47732999000000004,0.000127505
1820,Container,0,53278,7,AUCKLAND,28.05164352,0.0003420904,1.0,0.4584872633333334,0.00012459166666666668
1821,Container,0,53278,7,AUCKLAND,26.48357639,0.0003652987,1.0,0.49086827833333335,0.00012459166666666668
1822,Container,0,53278,7,AUCKLAND,22.38122685,0.0003745044,1.0,0.492767505,0.00012721166666666668
1823,Container,0,53278,7,AUCKLAND,25.15234954,0.0003708004,1.0,0.49717045666666665,0.00012459166666666668
1825,Container,1,107978,7,TAURANGA,50.14335648,0.0004239392,1.0,0.541850125,0.00012998833333333334
1827,Container,1,107978,7,TAURANGA,31.68420139,0.0004173215,1.0,0.5390129433333334,0.000128345
1828,Container,1,107978,7,TAURANGA,28.67613426,0.0004388253,1.0,0.5667616666666667,0.000128345
1831,Container,1,107978,7,TAURANGA,30.81318287,0.000433369,1.0,0.5596153566666666,0.000128345
1832,Container,1,107978,7,TAURANGA,30.21693287,0.0004374645,1.0,0.5649803299999999,0.000128345
1834,Container,1,107978,7,TAURANGA,30.67993056,0.0004325105,1.0,0.558547585,0.000128345
1835,Container,1,107978,7,TAURANGA,47.9477662,0.0004227669,1.0,0.5405143833333333,0.00012998833333333334
1869,Container,2,22708,6,TAURANGA,19.75663194,0.0002069467,0.9999140000000001,0.37240568,0.000111354
1870,Container,3,22708,5,AUCKLAND,11.85604167,0.0002238995,0.9999445,0.421207345,0.0001330025
1871,Container,2,22708,5,TAURANGA,16.4049537,0.0001762746,0.999967,0.40242743999999997,0.00011019
1873,Container,2,22708,6,TAURANGA,18.8140625,0.000221535,0.9999140000000001,0.39867903999999993,0.000111354
1875,Container,2,22708,5,TAURANGA,15.2652662,0.0001787187,0.999967,0.40777347249999996,0.00011019
1876,Container,3,22708,5,AUCKLAND,11.10560185,0.0002261244,0.99993825,0.425379185,0.0001330025
1877,Container,2,22708,6,TAURANGA,19.44436343,0.0002201585,0.9999140000000001,0.396493334,0.000111354
1879,Container,4,22708,5,AUCKLAND,59.10041667,0.0001757012,0.99997575,0.33687257000000004,0.0001281375
1880,Container,2,22708,6,TAURANGA,16.55362269,0.0002308117,0.9999140000000001,0.415502288,0.000111354
1882,Container,2,22708,6,TAURANGA,17.00736111,0.0002284052,0.9999140000000001,0.41117374600000006,0.000111354
1883,Container,3,22708,5,TAURANGA,15.79469907,0.0002085266,0.9999785,0.392273125,0.0001330025
1884,Container,2,22708,5,TAURANGA,14.50837963,0.0001892533,0.9998925000000001,0.4188992225,0.0001131
1885,Container,2,22708,5,TAURANGA,13.84342593,0.0001821073,0.999967,0.41514712,0.00011019
1886,Container,2,22708,5,TAURANGA,15.05577546,0.0001888482,0.9998925000000001,0.4179515725,0.0001131
1887,Container,2,22708,5,TAURANGA,17.5941088,0.0001806392,0.999967,0.41206634249999996,0.00011019
1890,Container,2,22708,5,TAURANGA,18.34074074,0.0001842043,0.9998925000000001,0.4076434325,0.0001131
1891,Container,2,22708,5,TAURANGA,16.79253472,0.0001785884,0.999967,0.4074138575,0.00011019
1892,Container,2,22708,5,TAURANGA,14.31040509,0.0001944413,0.9998925000000001,0.43044365,0.0001131
1899,Reefer,0,10630,7,AUCKLAND,28.02945602,0.0002697902,1.0,0.38180722166666664,0.00012121500000000002
1902,Reefer,4,10617,6,TAURANGA,55.31826389,0.0002193789,1.0,0.33819604600000003,0.00012678
1903,Reefer,0,10617,7,TAURANGA,32.33760417,0.0002939188,1.0,0.3792149216666667,0.00012764166666666667
1906,Reefer,0,10617,5,AUCKLAND,39.0575,0.0002019003,1.0,0.41402407500000005,0.0001254875
1908,RoRo,3,17339,7,AUCKLAND,18.47844907,0.0004678859,0.9999793333333334,0.5757654666666667,0.00013634333333333333
1910,RoRo,0,17339,7,AUCKLAND,30.52164352,0.0004358477,0.9999793333333334,0.5461689783333333,0.00013146166666666665
1913,General Cargo,0,17325,7,AUCKLAND,36.02184028,0.0003814407,0.9999938333333332,0.4846985316666667,0.000127615
1919,Container,1,43097,6,TAURANGA,37.8691088,0.0002141805,1.0,0.36914241799999997,0.000115488
1925,Container,1,43197,7,TAURANGA,37.943125,0.0002655037,1.0,0.37724098833333336,0.00011658833333333335
1927,Container,1,43197,7,TAURANGA,37.7071875,0.0002669535,1.0,0.3793079716666667,0.00011658833333333335
1929,Container,1,43197,7,TAURANGA,39.71501157,0.0002580538,1.0,0.36695658166666667,0.00011658833333333335
1931,Container,1,43197,7,TAURANGA,36.37216435,0.0002702506,1.0,0.38888111666666675,0.00011537666666666668
1933,Container,1,43197,7,TAURANGA,29.38856481,0.0002978272,1.0,0.4238667866666667,0.00011658833333333335
1935,Container,1,43197,6,TAURANGA,32.52575231,0.0002426141,1.0,0.4186747520000001,0.000115488
1937,Container,1,43197,7,TAURANGA,34.80618056,0.0002865261,1.0,0.40740398,0.00011658833333333335
1939,Container,1,43197,7,TAURANGA,33.30541667,0.000286997,1.0,0.408284645,0.00011658833333333335
1941,Container,1,43197,7,TAURANGA,35.31146991,0.0002832442,1.0,0.4027909733333333,0.00011658833333333335
1949,Container,0,71587,7,TAURANGA,38.4841088,0.0003349304,0.9999941666666666,0.4703421449999999,0.00011760166666666668
1961,Container,0,80454,5,TAURANGA,32.10017361,0.0002343512,0.99999125,0.49707456,0.0001164
1962,Container,4,80454,6,TAURANGA,59.43143519,0.0003003936,0.9999929999999999,0.505101042,0.000117486
1963,Container,0,80454,5,TAURANGA,31.44608796,0.0002861523,0.999991,0.586651305,0.0001214625
1972,Container,0,80454,5,TAURANGA,34.913125,0.000279086,0.999991,0.5716527725,0.0001214625
1976,Container,0,80398,5,TAURANGA,29.19371528,0.0002914285,0.99999125,0.5885291650000001,0.0001237225
1979,Container,0,80398,5,TAURANGA,26.39021991,0.0002919143,0.9999885000000001,0.58835886,0.00012217
1980,Container,4,80398,5,TAURANGA,30.03820602,0.0002834675,0.99999125,0.5719411675,0.0001237225
1981,Container,0,80398,5,TAURANGA,26.48079861,0.0002947913,0.99999125,0.5949078000000001,0.0001237225
1991,Container,0,80398,5,TAURANGA,23.38472222,0.0002872674,0.99999125,0.609381715,0.0001164
1993,Container,0,80398,5,TAURANGA,33.69420139,0.0002796939,0.999991,0.5735817525,0.0001214625
1994,Container,0,80398,5,TAURANGA,33.96125,0.0002779996,0.999991,0.5696985725,0.0001214625
1999,Container,0,80409,5,TAURANGA,22.3456713,0.0002821337,0.99999125,0.5977218175000001,0.0001164
2001,Container,0,80409,5,TAURANGA,26.53599537,0.0002742754,0.99999125,0.5765533975,0.000117625
2007,Container,0,80409,5,TAURANGA,34.84650463,0.0002760982,0.999991,0.56614132,0.0001214625
2015,Container,0,80409,5,TAURANGA,28.11616898,0.0002587059,1.0,0.541703015,0.0001179525
2016,Container,0,80409,5,TAURANGA,34.43841435,0.0002764786,0.999991,0.56712361,0.0001214625
2018,General Cargo,4,12746,5,AUCKLAND,50.93677083,0.0001601148,1.0,0.365846695,0.000109765
2020,General Cargo,3,12746,6,AUCKLAND,30.13840278,0.0003384592,0.9999250000000002,0.515042242,0.00012960400000000001
2021,General Cargo,3,12746,5,AUCKLAND,18.66517361,0.0003157891,0.9999410000000001,0.59338119,0.0001330025
2034,Container,0,38666,6,AUCKLAND,47.30153935,0.0002154168,0.9999926,0.35924121800000003,0.00011951800000000002
2035,Container,4,38666,7,NELSON,57.36578704,0.0002191171,0.9999721666666667,0.36858269,9.8965e-05
2038,Container,0,38666,7,AUCKLAND,31.71917824,0.0003176803,0.9999778333333332,0.4384703216666666,0.00011832333333333335
2046,Container,1,53124,7,TAURANGA,34.91052083,0.000290579,1.0,0.42414240000000003,0.00011360499999999998
2048,Container,1,53124,6,TAURANGA,38.30065972,0.0002394672,1.0,0.412967464,0.000115488
2050,Container,1,53124,7,TIMARU,42.69653935,0.0002848708,0.999964,0.4388818966666667,0.00010401833333333331
2051,Container,1,53124,7,TAURANGA,34.93739583,0.0002954739,1.0,0.4203467783333334,0.00011658833333333335
2053,Container,1,53124,7,TAURANGA,37.30982639,0.0002877311,1.0,0.40912174833333337,0.00011658833333333335
2055,Container,1,53124,6,TAURANGA,37.84791667,0.0002315199,1.0,0.399092998,0.000115488
2057,Container,1,53124,7,TAURANGA,37.46310185,0.0002703422,1.0,0.388911465,0.00011537666666666664
2063,Container,1,53124,7,TAURANGA,39.78263889,0.0002695045,1.0,0.385451155,0.00011658833333333335
2065,Container,1,53124,7,TAURANGA,37.39070602,0.0002772323,1.0,0.39863615999999996,0.00011537666666666664
2066,Container,0,53124,5,TAURANGA,35.16166667,0.0002481066,0.999991,0.5116058525,0.0001214625
2077,RoRo,0,12105,7,AUCKLAND,22.79520833,0.0003110317,0.9999768333333333,0.43956207666666663,0.00012124
2079,Container,1,25985,7,AUCKLAND,56.63112269,0.000180672,1.0,0.2621667716666667,0.00011567833333333335
2084,Container,1,53093,7,TAURANGA,37.750625,0.0002685179,1.0,0.38311601,0.00011658833333333335
2086,Container,1,53093,7,TAURANGA,37.08853009,0.0002812429,1.0,0.40480756166666665,0.00011537666666666668
2088,Container,1,53093,7,TAURANGA,35.69512731,0.0002928889,1.0,0.41641687166666674,0.00011658833333333335
2090,Container,1,53093,7,TAURANGA,38.60209491,0.0002681777,1.0,0.38265236666666663,0.00011658833333333335
2092,Container,1,53093,7,TAURANGA,35.61733796,0.0003031288,1.0,0.43125638166666663,0.00011658833333333335
2099,Container,1,53160,7,TAURANGA,30.27880787,0.0003177013,1.0,0.45227071166666666,0.00011658833333333335
2101,Container,1,53160,7,TAURANGA,37.17490741,0.000269047,1.0,0.387046065,0.00011537666666666664
2103,Container,1,53160,7,TAURANGA,31.91850694,0.00029413,1.0,0.42392318000000007,0.00011481666666666669
2105,Container,1,53160,7,TAURANGA,33.06145833,0.0003072072,1.0,0.4333345933333333,0.0001178
2107,Container,1,53160,7,TAURANGA,35.70462963,0.0003020271,1.0,0.42970405833333336,0.00011658833333333335
2109,Container,1,53160,7,TAURANGA,29.45204861,0.0003174652,1.0,0.4520647416666666,0.00011658833333333335
2111,Container,1,53160,7,TAURANGA,35.35015046,0.0003052068,1.0,0.43421071666666666,0.00011658833333333335
2113,Container,1,53160,7,TAURANGA,36.98907407,0.0003057407,1.0,0.43583966166666666,0.00011658833333333335
2115,Container,1,53160,7,TAURANGA,37.03511574,0.000295107,1.0,0.419344075,0.00011658833333333335
2117,Container,1,53160,7,TAURANGA,39.34520833,0.0002903672,1.0,0.412676695,0.00011658833333333335
2122,Container,1,53176,6,TAURANGA,37.1093287,0.0002349459,1.0,0.40506355000000005,0.000115488
2124,Container,0,53176,5,TAURANGA,34.34116898,0.0002177322,0.99999975,0.4382905475,0.0001238225
2126,Container,1,53176,6,TAURANGA,37.76979167,0.0002324873,1.0,0.400719008,0.000115488
2128,Container,1,53176,7,TAURANGA,38.4450463,0.0002752404,1.0,0.3913175816666667,0.00011658833333333335
2130,Container,1,53176,6,TAURANGA,35.90655093,0.0002359486,1.0,0.406991244,0.000115488
2132,Container,1,53176,7,TAURANGA,37.70164352,0.0002902739,1.0,0.41247774500000006,0.00011658833333333335
2134,Container,1,53176,7,TAURANGA,36.98803241,0.0002683224,1.0,0.38614258833333337,0.00011537666666666664
2136,Container,1,53176,6,TAURANGA,37.21420139,0.0002328392,1.0,0.40151208999999993,0.000115488
2138,Container,1,53176,7,TAURANGA,36.90947917,0.0002893009,1.0,0.416400825,0.00011537666666666668
2144,Container,1,53176,7,TAURANGA,37.18478009,0.0002939453,1.0,0.41783570500000006,0.00011658833333333335
2146,Container,1,53176,6,TAURANGA,36.31986111,0.0002388906,1.0,0.41157023400000003,0.000115488
2159,RoRo,0,17262,7,AUCKLAND,34.07289352,0.0004034118,1.0,0.51305371,0.00012620833333333334
2162,General Cargo,0,17280,6,AUCKLAND,19.79569444,0.0003745587,0.9999722,0.589363534,0.000128762
2164,Bulker,4,28448,5,TAURANGA,54.62571759,0.0002324236,0.99999025,0.4501507225,0.00012846
2165,Bulker,4,28448,6,AUCKLAND,59.89356481,0.0003177541,0.9999978,0.47830881999999997,0.000130228
2169,Container,4,34325,6,NELSON,38.78755787,0.0002143419,0.9999676,0.38423649200000004,0.00010614999999999999
2178,General Cargo,4,11121,5,WELLINGTON,49.23137731,0.000181068,0.9999985,0.454418235,0.00010108249999999999
2190,RoRo,0,15261,7,AUCKLAND,22.63607639,0.0003844587,0.9999768333333333,0.502387515,0.00012929333333333334
2192,RoRo,0,15261,7,AUCKLAND,19.75490741,0.0003922577,0.9999768333333333,0.5122235533333334,0.00012929333333333334
2193,RoRo,0,15261,7,AUCKLAND,26.04028935,0.0003760755,1.0,0.4839833116666667,0.00012764166666666667
2195,RoRo,0,15261,7,AUCKLAND,19.77380787,0.0003880478,0.9999768333333333,0.50708912,0.00012929333333333334
2196,RoRo,0,15261,6,AUCKLAND,19.72234954,0.0003481646,0.9999722,0.54800626,0.000128762
2197,RoRo,0,15261,7,AUCKLAND,21.17753472,0.000393062,0.9999768333333333,0.5133896316666667,0.00012929333333333334
2202,Container,0,40278,6,LYTTELTON,38.8565625,0.0002287602,0.9999772,0.440815166,0.000101994
2204,Container,0,40278,7,AUCKLAND,30.81037037,0.000331243,0.9999778333333332,0.45715401999999994,0.00011832333333333335
2206,Container,0,40278,7,AUCKLAND,31.99060185,0.0003312063,0.9999833333333332,0.430739,0.000126825
2243,RoRo,1,30134,7,AUCKLAND,40.37354167,0.0003982202,1.0,0.5711366866666666,0.00011551833333333333
2245,RoRo,1,30089,7,AUCKLAND,45.39703704,0.0003763394,1.0,0.5478941666666667,0.00011222500000000002
2246,RoRo,1,30089,7,AUCKLAND,36.32576389,0.0003666018,1.0,0.53092868,0.00011360499999999998
2249,RoRo,1,30089,7,AUCKLAND,31.515,0.0004252589,1.0,0.6102799933333333,0.00011551833333333333
2250,RoRo,1,30089,7,AUCKLAND,36.28173611,0.0004031999,1.0,0.5785144999999999,0.00011551833333333333
2252,General Cargo,4,33354,5,TAURANGA,43.87211806,0.0002922378,1.0,0.5636901999999999,0.000125275
2255,General Cargo,4,33376,6,TAURANGA,56.97478009,0.0003376697,1.0,0.529589444,0.000124226
2257,General Cargo,4,33443,6,AUCKLAND,55.40634259,0.0003786337,0.9999904000000001,0.58066259,0.000128646
2278,General Cargo,4,33420,6,AUCKLAND,45.39280093,0.0003866064,1.0,0.5665318079999999,0.000133562
2280,General Cargo,4,33420,5,GISBORNE,57.41716435,0.0003511543,0.99999775,0.652360995,0.000134115
2281,General Cargo,4,33420,5,AUCKLAND,37.94447917,0.000266509,1.0,0.5630901524999999,0.00011533
2286,Container,4,34362,5,AUCKLAND,29.25384259,0.000223546,0.99996675,0.4474750675,0.00012217
2287,Container,3,34362,7,NELSON,29.77810185,0.0003081488,0.9999729999999999,0.4323082649999999,0.00011699999999999998
2292,Container,0,34362,7,AUCKLAND,44.50708333,0.0002784058,0.9999778333333332,0.3819208566666667,0.00011850833333333333
2294,Container,3,34362,6,NELSON,21.04400463,0.0002578905,0.9999096,0.4801131659999999,0.00010907
2296,RoRo,1,28084,7,AUCKLAND,46.76777778,0.0003644767,1.0,0.5366502366666667,0.000111155
2297,RoRo,1,28084,7,AUCKLAND,44.90542824,0.0003710638,1.0,0.5396033399999999,0.00011236666666666667
2301,RoRo,1,28080,7,AUCKLAND,39.8853588,0.0003665481,1.0,0.5367811333333333,0.00011253499999999999
2311,Bulker,4,28456,5,NELSON,46.85659722,0.000222436,0.9999585,0.5329432325000001,0.00010553749999999998
2345,Container,4,52513,7,TAURANGA,52.82491898,0.0003433148,0.9999921666666666,0.43812070833333333,0.00012973833333333333
2348,General Cargo,3,19497,7,TAURANGA,15.65560185,0.0003993734,0.999996,0.6115120916666665,0.00010727666666666665
2349,General Cargo,3,19497,7,TAURANGA,18.13506944,0.0003923192,0.999996,0.59988587,0.00010727666666666665
2350,General Cargo,3,19497,7,TAURANGA,19.05829861,0.0003959362,0.999996,0.6051430816666666,0.00010727666666666665
2352,Tanker,0,46180,7,NEW PLYMOUTH,46.50793981,0.0001858182,0.9999998333333333,0.3492019416666667,9.035499999999998e-05
2356,Container,1,51653,5,TAURANGA,43.27398148,0.0002642911,0.999991,0.49170857,0.00013385749999999998
2357,Container,1,51653,5,AUCKLAND,33.38461806,0.0001867208,1.0,0.431475655,0.00010551000000000001
2361,Container,1,51653,7,AUCKLAND,50.40510417,0.0002525417,1.0,0.39435582333333336,0.00010579166666666667
2363,Container,1,51653,5,AUCKLAND,32.95959491,0.0001897741,1.0,0.4405654725,0.00010551000000000001
2365,Container,1,51653,6,TAURANGA,48.19576389,0.0002622603,0.9999928,0.42125691400000004,0.000121644
2366,Container,1,51653,5,AUCKLAND,46.84215278,0.0001736887,1.0,0.39127017999999997,0.0001101675
2370,Container,1,51653,6,AUCKLAND,46.42090278,0.0002125564,1.0,0.392374616,0.00010754200000000001
2374,Container,1,51653,5,AUCKLAND,42.14810185,0.0001907122,1.0,0.4311314725,0.0001101675
2375,Container,0,51653,7,TAURANGA,41.21060185,0.0003601461,0.9999921666666668,0.44732600666666666,0.00013368666666666666
2378,Container,1,51653,5,AUCKLAND,42.93215278,0.0001887543,1.0,0.42689901,0.0001101675
2382,Container,1,53139,7,TAURANGA,38.26263889,0.0002910215,1.0,0.41339084499999995,0.00011658833333333335
2384,Container,1,53139,7,TAURANGA,57.20297454,0.0002205284,1.0,0.3629651233333333,9.624e-05
2386,Container,1,53139,7,TAURANGA,35.30082176,0.0003026925,1.0,0.43066272,0.00011658833333333335
2388,Container,1,53139,7,TAURANGA,38.27603009,0.000285138,1.0,0.4053203183333333,0.00011658833333333335
2390,Container,1,53139,7,TAURANGA,38.97306713,0.0002742338,1.0,0.39481273499999997,0.00011537666666666668
2392,Container,1,53139,7,TAURANGA,35.81616898,0.0003032582,1.0,0.4315561233333333,0.00011658833333333335
2394,Container,1,53139,7,TAURANGA,33.40604167,0.0003101039,1.0,0.4465758633333334,0.00011537666666666668
2401,Container,1,53139,7,TAURANGA,36.25975694,0.0003041871,1.0,0.43194541833333333,0.00011658833333333335
2403,Container,1,53139,7,TAURANGA,38.23380787,0.0002937787,1.0,0.42273912166666666,0.00011537666666666668
2407,Container,1,53142,6,TAURANGA,37.83710648,0.0002333091,1.0,0.40211842799999997,0.000115488
2409,Container,1,53142,5,TAURANGA,35.32333333,0.000186933,1.0,0.40874557,0.00011398
2411,Container,1,53142,7,TAURANGA,36.22802083,0.0002912859,1.0,0.41431483500000005,0.00011658833333333335
2414,Container,1,53142,6,TAURANGA,34.95501157,0.0002385063,1.0,0.41137374800000004,0.000115488
2416,Container,1,53142,7,TAURANGA,37.19607639,0.0002727335,1.0,0.39235615333333335,0.00011537666666666664
2418,Container,1,53142,7,TAURANGA,33.8906713,0.0003045216,1.0,0.4335117133333333,0.00011658833333333335
2421,General Cargo,3,33738,7,NELSON,30.88451389,0.000458214,0.9999138333333333,0.6180574566666667,0.00012728999999999998
2423,Container,1,43123,7,TAURANGA,39.06543981,0.0002657509,1.0,0.37771224,0.00011658833333333335
2425,Container,1,43123,7,TAURANGA,37.1949537,0.0002635488,1.0,0.3792971383333334,0.00011537666666666668
2431,Container,1,43123,7,TAURANGA,35.05047454,0.0002869793,1.0,0.4080470983333333,0.00011658833333333335
2437,General Cargo,3,7709,7,NEW PLYMOUTH,47.48861111,0.000264538,0.9999889999999999,0.35237253,0.000117085
2449,Container,1,43206,7,TAURANGA,37.18165509,0.0002661962,1.0,0.38289439833333333,0.00011537666666666668
2451,Container,1,43206,7,TAURANGA,36.40021991,0.0002757533,1.0,0.3955413833333334,0.00011547166666666666
2452,Container,4,43206,7,AUCKLAND,39.98759259,0.0003223252,0.9999941666666666,0.42987150333333335,0.00012438333333333334
2455,Container,1,43177,7,TAURANGA,37.93636574,0.000266213,1.0,0.3782112233333333,0.00011658833333333335
2457,Container,1,43177,7,TAURANGA,39.45739583,0.000256768,1.0,0.36491744833333334,0.00011658833333333335
2459,Container,1,43177,6,TAURANGA,33.45012731,0.0002226178,1.0,0.38400760600000006,0.000115488
2461,Container,1,43177,6,TAURANGA,37.58417824,0.0002166795,1.0,0.373267308,0.000115488
2463,Container,1,43177,7,TAURANGA,37.78239583,0.0002615703,1.0,0.37178312333333335,0.00011658833333333335
2465,Container,1,43177,7,TAURANGA,37.52234954,0.0002685983,1.0,0.3817068266666666,0.00011658833333333335
2467,Container,1,43177,7,TAURANGA,37.78131944,0.0002641405,1.0,0.37540771999999994,0.00011658833333333335
2469,Container,1,43177,7,TAURANGA,37.39539352,0.0002626284,1.0,0.37800873166666665,0.00011537666666666668
2472,Container,0,43114,5,PORT CHALMERS,30.80244213,0.0002079919,0.9999549999999999,0.47615398750000004,0.00010488499999999998
2475,Container,0,13809,6,TAURANGA,49.02306713,0.0001225141,0.9998964000000001,0.20768947799999998,0.00011639599999999999
2524,General Cargo,0,18760,7,AUCKLAND,38.3834375,0.000422189,0.9999793333333334,0.5285404733333333,0.00013146166666666665
2530,Tanker,4,50591,6,TAURANGA,54.86994213,0.0001903543,0.9999929999999999,0.35371076599999995,0.00011879200000000001
2532,General Cargo,0,52788,6,AUCKLAND,25.18881944,0.0004341395,0.9999929999999999,0.689979656,0.000126014
2539,Container,0,42614,5,AUCKLAND,36.31662037,0.000211555,0.9999825,0.4317550775,0.00012217
2547,Container,0,34194,7,AUCKLAND,36.37827546,0.0002414479,1.0,0.35285168000000006,0.00011207666666666667
2550,Bulker,4,58761,5,NELSON,50.83453704,0.0002336938,0.9999830000000001,0.5508204725,9.681999999999998e-05
2553,Bulker,4,58717,6,NELSON,54.22861111,0.000222079,0.9999971999999999,0.44514721599999996,0.000101096
2554,Bulker,4,58717,7,WELLINGTON,53.72762731,0.0002277482,0.999999,0.40918028999999995,8.861499999999999e-05
2558,RoRo,0,14996,7,AUCKLAND,22.15103009,0.0003744001,0.9999768333333333,0.4896054016666667,0.00012929333333333334
2559,RoRo,0,14996,7,AUCKLAND,21.01559028,0.0003798077,0.9999768333333333,0.49649873666666666,0.00012929333333333334
2564,General Cargo,3,12502,7,TAURANGA,24.1781713,0.0003157248,0.9999981666666667,0.4675416399999999,0.00011014666666666667
2565,General Cargo,3,12502,7,TAURANGA,33.68996528,0.0003044705,0.9999136666666667,0.44272361666666665,0.00011022666666666665
2566,General Cargo,3,12502,5,TAURANGA,13.97369213,0.0002383162,1.0,0.5790021725,0.00010291
2567,Container,0,12502,6,AUCKLAND,27.72703704,0.0001440057,1.0,0.2687483439999999,0.000106978
2568,Container,3,12502,7,TAURANGA,22.86087963,0.0001729428,0.9999981666666667,0.2623913233333333,0.00010804333333333333
2569,Container,3,12502,7,TAURANGA,33.66780093,0.000153878,0.9999981666666667,0.23132053666666672,0.00010804333333333333
2570,Container,3,12502,7,TAURANGA,21.53842593,0.0001634605,1.0,0.2607097116666666,0.00010501333333333333
2571,Container,3,12502,7,AUCKLAND,21.98252315,0.0001726997,0.9999988333333333,0.2681730216666667,0.00010719666666666665
2572,Container,3,12502,7,TAURANGA,16.20512731,0.0001860397,0.999996,0.2822514683333333,0.00010938
2573,Container,3,12502,7,TAURANGA,17.90519676,0.0001817911,0.999996,0.2798142633333333,0.00010727666666666665
2574,Container,3,12502,7,TAURANGA,18.5575,0.0001815075,0.999996,0.27938550166666665,0.00010727666666666665
2575,Container,3,12502,7,TAURANGA,18.57586806,0.0001712968,0.999996,0.26404426500000006,0.00010727666666666665
2576,Container,3,12502,7,TAURANGA,19.50434028,0.0001807667,0.999996,0.27820485833333336,0.00010727666666666665
2577,Container,3,12502,7,TAURANGA,17.94195602,0.0001802621,0.999996,0.27740231833333334,0.00010727666666666665
2579,Container,1,42054,7,NELSON,58.13756944,0.0002527079,0.9999961666666666,0.39038988833333327,0.00010243333333333333
2586,Tanker,4,19701,7,TAURANGA,42.95454861,0.0003064417,0.9999876666666667,0.3981032466666667,0.00011894
2588,Container,0,65937,5,AUCKLAND,35.22835648,0.000243264,0.99999125,0.47334053499999995,0.00012846
2589,Container,0,65937,7,AUCKLAND,26.91525463,0.0004187031,0.9999941666666666,0.5502328799999999,0.00012700333333333334
2590,Container,0,65937,7,AUCKLAND,26.9703588,0.0004096358,0.9999941666666666,0.5380060583333334,0.00012700333333333334
2591,Container,0,65937,7,AUCKLAND,26.78351852,0.00041194,0.9999941666666666,0.5410876699999999,0.00012700333333333334
2592,Container,0,65937,7,AUCKLAND,29.78983796,0.0003910382,0.9999941666666666,0.5135953116666667,0.00012700333333333334
2593,Container,0,65937,7,AUCKLAND,34.41630787,0.0003650905,0.9999941666666666,0.4786417616666667,0.00012700333333333334
2594,Container,0,65937,7,AUCKLAND,33.62199074,0.0003625705,0.9999941666666666,0.4759882,0.00012700333333333334
2595,Container,0,65937,7,AUCKLAND,26.78844907,0.0004200883,0.9999941666666666,0.5521268966666667,0.00012700333333333334
2596,Container,0,65937,7,AUCKLAND,26.60261574,0.0004150168,0.9999941666666666,0.545203075,0.00012700333333333334
2597,Container,0,65937,7,AUCKLAND,29.95082176,0.0004042888,0.9999941666666666,0.5314470533333333,0.00012700333333333334
2598,Container,0,65937,7,AUCKLAND,27.56311343,0.0003990927,0.9999941666666666,0.5242797233333333,0.00012700333333333334
2599,Container,0,65937,7,AUCKLAND,26.87939815,0.0004161646,0.9999941666666666,0.5473084683333332,0.00012700333333333334
2601,Container,3,12502,6,TAURANGA,22.51741898,0.0001461913,0.9999978,0.26281896,0.00010907
2602,Container,3,12502,7,TAURANGA,29.04689815,0.0001654972,0.9999981666666667,0.2501693583333333,0.00010804333333333333
2604,Container,3,12502,5,TAURANGA,19.1974537,0.0001266026,0.9999972500000001,0.2892634025,0.00011061
2605,Container,3,12502,7,AUCKLAND,30.35649306,0.0001605309,0.9999941666666666,0.24988536333333333,0.00010804333333333333
2606,Container,3,12502,7,TAURANGA,17.245625,0.0001660707,1.0,0.26898001,0.00010291
2607,Container,3,12502,7,TAURANGA,16.865625,0.0001776519,0.999996,0.27381976166666666,0.00010727666666666665
2608,Container,3,12502,7,TAURANGA,17.5719213,0.0001809301,0.999996,0.2787463683333333,0.00010727666666666665
2609,Container,3,12502,7,TAURANGA,20.85747685,0.0001691475,0.999996,0.26047794333333335,0.00010727666666666665
2610,Container,3,12502,7,TAURANGA,21.68917824,0.0001877746,0.9999941666666666,0.27958666,0.00011241
2611,Container,3,12502,7,TAURANGA,22.95730324,0.0001766513,0.999996,0.26786271,0.00010938
2612,Container,3,12502,7,AUCKLAND,19.75083333,0.0001745979,0.9999888333333334,0.2687506516666667,0.00010727666666666665
2613,Container,3,12502,7,TAURANGA,22.86637731,0.0001704334,0.999996,0.26216653833333337,0.00010727666666666665
2614,Container,0,12502,7,TAURANGA,38.70856481,0.0001752337,0.9999923333333335,0.23490636333333334,0.00012205666666666665
2615,Container,3,12502,7,TAURANGA,23.14314815,0.0001680204,0.999996,0.2585137183333333,0.00010727666666666665
2616,Container,3,12502,7,TAURANGA,24.25168981,0.0001851742,0.9999941666666666,0.27566419166666667,0.00011241
2628,Container,2,22314,5,AUCKLAND,22.04792824,0.0001618163,0.99991475,0.3676233,0.000110105
2629,Container,2,22314,5,AUCKLAND,18.68275463,0.000166344,0.99991475,0.3772298425,0.000110105
2632,Container,2,22314,5,TAURANGA,16.86131944,0.0001778985,0.9998925000000001,0.39378252999999996,0.0001131
2634,Container,2,22314,6,TAURANGA,15.31290509,0.0002262057,0.9999140000000001,0.40733576200000005,0.000111354
2636,Container,2,22314,6,TAURANGA,17.77696759,0.0002145737,0.9999140000000001,0.38616659200000003,0.000111354
2638,Container,2,22314,6,TAURANGA,17.02751157,0.0002183298,0.9999140000000001,0.39290475199999997,0.000111354
2640,Container,2,22314,6,TAURANGA,18.00178241,0.0002191647,0.9999140000000001,0.39453403800000003,0.000111354
2641,Container,3,22314,5,AUCKLAND,13.41732639,0.0002154225,0.99993825,0.4052606575,0.0001330025
2642,Container,2,22314,6,TAURANGA,19.78909722,0.0002241578,0.9999140000000001,0.403740598,0.000111354
2644,Container,2,22314,6,TAURANGA,16.23936343,0.0002179235,0.9999140000000001,0.39219761399999997,0.000111354
2646,Container,2,22314,6,TAURANGA,19.85423611,0.000219305,0.9999140000000001,0.394776186,0.000111354
2648,Container,2,22314,6,TAURANGA,29.28658565,0.0002109565,0.9999140000000001,0.38046683400000003,0.000111354
2649,Container,2,22314,6,TAURANGA,20.515,0.000209243,0.9999140000000001,0.376695504,0.000111354
2650,Container,2,22314,5,TAURANGA,14.15840278,0.0001809802,0.999967,0.4128122425,0.00011019
2651,Container,2,22314,5,TAURANGA,16.99482639,0.0001815607,0.9998925000000001,0.4020306475,0.0001131
2652,Container,2,22314,5,TAURANGA,14.2930787,0.0001835181,0.999967,0.418381705,0.00011019
2653,Container,2,22314,5,TAURANGA,17.10819444,0.0001853528,0.9998925000000001,0.41036466,0.0001131
2655,Container,2,22314,5,TAURANGA,15.87913194,0.0001818289,0.999967,0.41471965,0.00011019
2656,Container,2,22314,5,TAURANGA,13.53788194,0.0001928505,0.9998925000000001,0.426985105,0.0001131
2657,Container,2,22314,5,TAURANGA,14.74493056,0.0001853242,0.999967,0.4225558275,0.00011019
2658,Container,2,22314,5,TAURANGA,19.46614583,0.0001800883,0.9998925000000001,0.39862895249999997,0.0001131
2659,Reefer,1,10608,7,TAURANGA,53.03892361,0.0002614165,1.0,0.3498018033333334,0.00012031333333333336
2662,Reefer,0,10608,5,AUCKLAND,24.45299769,0.0002045646,1.0,0.44845872249999996,0.0001171775
2664,Reefer,1,10601,6,TAURANGA,56.12770833,0.0001957807,1.0,0.31018676999999995,0.00012132399999999999
2666,Reefer,0,10601,7,AUCKLAND,22.92025463,0.0003173198,1.0,0.40085331,0.00013195
2679,Container,3,34567,7,AUCKLAND,24.01215278,0.0003103526,0.9999833333333332,0.44210954166666666,0.00011480833333333332
2708,RoRo,1,27352,7,AUCKLAND,43.36899306,0.0003597019,1.0,0.5064733183333333,0.00011954333333333332
2711,RoRo,1,27351,7,AUCKLAND,42.43979167,0.0003509449,1.0,0.5186694316666668,0.00011101333333333334
2712,RoRo,1,27351,7,AUCKLAND,44.61577546,0.0003541457,1.0,0.51534055,0.00011222500000000002
2713,RoRo,1,27351,7,AUCKLAND,44.65261574,0.0003186731,1.0,0.48066030833333334,0.00010786166666666666
2715,General Cargo,1,18143,7,AUCKLAND,39.97722222,0.0003503139,0.9999813333333334,0.4479756133333334,0.00012844166666666664
2716,General Cargo,1,17966,7,AUCKLAND,45.78157407,0.0003147138,0.9999813333333334,0.4244254966666667,0.00012131166666666667
2718,General Cargo,1,17967,7,AUCKLAND,45.09621528,0.0002746604,1.0,0.40667548166666667,0.00010769333333333333
2720,General Cargo,1,17967,7,AUCKLAND,44.30076389,0.0002962365,1.0,0.4036696083333333,0.00012094833333333333
2723,Tanker,0,46639,7,NEW PLYMOUTH,41.21210648,0.0002024024,0.9999998333333333,0.37595285833333336,9.922e-05
2725,Tanker,0,46639,7,NEW PLYMOUTH,37.78934028,0.0002110433,0.999965,0.39455282166666666,9.932e-05
2731,Bulker,4,37187,6,TAURANGA,35.28231481,0.000249583,1.0,0.451180366,0.000112006
2732,Bulker,4,37187,6,TAURANGA,39.52290509,0.000246221,1.0,0.44674153400000005,0.000112006
2733,Bulker,4,37187,6,TAURANGA,31.33787037,0.0002645083,1.0,0.477548282,0.000112006
2734,Bulker,4,37187,6,TAURANGA,35.02164352,0.0002493177,1.0,0.450653324,0.000112006
2735,Bulker,4,37187,6,TAURANGA,45.22986111,0.0002098825,1.0,0.381444676,0.000112006
2736,Bulker,4,37187,6,TAURANGA,36.65079861,0.0002678555,1.0,0.464176268,0.000112006
2737,Bulker,4,37187,5,TAURANGA,33.30603009,0.0002335877,1.0,0.5478728724999999,0.00010702
2741,Bulker,4,31887,5,NEW PLYMOUTH,57.50013889,0.0001545013,1.0,0.45961494249999996,8.387499999999999e-05
2745,Bulker,4,31889,6,TAURANGA,51.65571759,0.0002461788,0.9999978,0.425246232,0.000112718
2750,General Cargo,1,28439,7,AUCKLAND,52.94232639,0.0003673553,1.0,0.532429755,0.00011645166666666668
2759,RoRo,0,17237,7,AUCKLAND,19.00686343,0.0004183441,0.9999768333333333,0.545819425,0.00012929333333333334
2760,RoRo,0,17237,7,AUCKLAND,24.31207176,0.0004246693,1.0,0.5457379683333333,0.000125275
2762,Bulker,4,61344,6,NAPIER,56.83622685,0.0001801883,1.0,0.37320831600000004,9.075600000000001e-05
2765,Bulker,4,31967,7,NELSON,59.09106481,0.0002506389,1.0,0.46868174,9.512666666666667e-05
2766,Bulker,0,31967,6,AUCKLAND,44.10876157,0.000296258,1.0,0.454778748,0.00012530200000000001
2767,Bulker,4,31967,7,WELLINGTON,57.33506944,0.0002526775,0.9999895,0.39817094,0.00010809333333333333
2773,RoRo,0,9274,7,AUCKLAND,24.28282407,0.000275733,1.0,0.36617654000000005,0.00012087000000000001
2775,RoRo,0,12988,7,AUCKLAND,29.70402778,0.0003485399,0.9997418333333333,0.46533504166666667,0.00012375333333333334
2776,RoRo,0,12988,7,AUCKLAND,20.87115741,0.0003389178,0.9999768333333333,0.4680403616666666,0.00011821333333333335
2777,RoRo,0,12988,5,AUCKLAND,21.71689815,0.0002806694,0.99961275,0.55615638,0.000127965
2778,RoRo,0,12988,7,AUCKLAND,21.7290162,0.0003360674,0.9999768333333333,0.4642675516666666,0.00011821333333333335
2779,RoRo,0,12988,7,AUCKLAND,21.62092593,0.0003606838,0.9997418333333333,0.47171445500000003,0.00012929333333333334
2780,RoRo,0,12988,7,AUCKLAND,22.41325231,0.0003333677,0.9999768333333333,0.4602613283333333,0.00011821333333333335
2781,RoRo,0,12988,7,AUCKLAND,22.44623843,0.0003537145,0.9999768333333333,0.4627821033333333,0.00012929333333333334
2782,RoRo,0,12988,7,AUCKLAND,33.45267361,0.0003087818,0.9999855000000001,0.4404701516666667,0.00011562333333333335
2783,RoRo,0,12988,7,AUCKLAND,23.26591435,0.0003288504,0.9999768333333333,0.4542600783333333,0.00011821333333333335
2784,RoRo,0,12988,6,AUCKLAND,32.8669213,0.0002969304,0.9996902000000001,0.45603776200000007,0.000128762
2785,RoRo,0,12988,7,AUCKLAND,20.9477662,0.0003455642,0.9999768333333333,0.4632339216666667,0.00012375333333333334
2786,RoRo,0,12988,7,AUCKLAND,37.18642361,0.000338666,0.9999996666666666,0.42808176333333336,0.0001317716666666667
2787,RoRo,0,12988,7,AUCKLAND,24.97841435,0.000325475,0.9999768333333333,0.4490105983333333,0.00011821333333333335
2789,RoRo,0,12909,7,AUCKLAND,19.94702546,0.0003381706,0.9999768333333333,0.4673108733333334,0.00011821333333333335
2790,RoRo,0,12909,5,AUCKLAND,31.29966435,0.0002502525,0.99961275,0.48332529,0.000127965
2791,RoRo,4,12909,7,AUCKLAND,49.29631944,0.0003425897,0.9999709999999999,0.4481933183333333,0.00012958666666666667
2792,RoRo,0,12909,6,AUCKLAND,29.23940972,0.0003035777,0.9996902000000001,0.466546902,0.000128762
2793,RoRo,0,12909,7,AUCKLAND,24.51533565,0.0003376825,0.9999768333333333,0.45535250666666666,0.00012375333333333334
2795,RoRo,0,12909,7,AUCKLAND,21.47797454,0.0003294423,0.9999768333333333,0.45535492333333333,0.00011821333333333335
2796,RoRo,0,12909,7,AUCKLAND,24.65678241,0.0003428571,0.9999768333333333,0.4588809566666667,0.00012375333333333334
2797,RoRo,0,12909,7,AUCKLAND,24.65690972,0.0003323452,0.9999768333333333,0.445400505,0.00012375333333333334
2798,RoRo,0,12909,7,AUCKLAND,29.70078704,0.0003189865,0.9999768333333333,0.427797595,0.00012375333333333334
2799,RoRo,0,12909,7,AUCKLAND,25.60446759,0.0003435409,0.9997186666666668,0.46313248500000004,0.00012663666666666668
2801,Container,0,92915,7,TAURANGA,39.92902778,0.0003875548,0.9999921666666666,0.5184919683333333,0.00012169833333333332
2802,General Cargo,0,12649,7,PORT CHALMERS,43.53738426,0.0002368242,0.9999833333333333,0.43171265666666664,8.813999999999999e-05
2804,General Cargo,0,12767,7,PORT CHALMERS,27.08090278,0.0002405484,1.0,0.47122893500000007,8.455166666666667e-05
2808,Container,1,50278,7,AUCKLAND,47.54013889,0.0003078034,1.0,0.419925995,0.00012131000000000002
2809,Container,0,50278,7,AUCKLAND,23.23597222,0.0003743198,1.0,0.4927837066666667,0.00012721166666666668
2810,Container,0,50278,7,AUCKLAND,27.30850694,0.0003489263,1.0,0.467736715,0.00012459166666666668
2811,Container,0,50278,6,AUCKLAND,30.9141088,0.0002814768,1.0,0.45822562599999994,0.00012312
2812,Container,0,50278,7,AUCKLAND,22.97928241,0.0003674221,1.0,0.494224375,0.00012459166666666668
2814,Container,0,50201,7,AUCKLAND,28.23755787,0.0003237902,1.0,0.46091165333333334,0.00011613166666666669
2815,Container,0,50201,7,AUCKLAND,25.80584491,0.0003459556,1.0,0.4636247383333334,0.00012459166666666668
2816,Container,0,50201,7,AUCKLAND,28.02694444,0.0003315608,1.0,0.4445329116666666,0.00012459166666666668
2817,Container,0,50201,7,AUCKLAND,25.91943287,0.0003506705,1.0,0.4702118866666667,0.00012459166666666668
2818,Container,0,50201,7,AUCKLAND,32.73914352,0.000314972,1.0,0.42216545833333335,0.00012459166666666668
2820,Bulker,3,33263,7,GISBORNE,32.63390046,0.0003830513,1.0,0.5125587366666667,0.000130755
2823,Tanker,0,12817,7,NEW PLYMOUTH,36.87436343,0.0002569537,0.9999718333333334,0.36248522333333333,0.00010051499999999998
2824,Tanker,0,12817,7,TAURANGA,39.30743056,0.0002864081,0.9999938333333332,0.3662413766666666,0.00012017333333333334
2828,Tanker,4,50077,5,LYTTELTON,51.42991898,0.00019061,1.0,0.43093370249999996,0.000103965
2829,Tanker,4,50077,7,TAURANGA,54.61278935,0.0001971994,0.9999981666666667,0.27781265166666663,0.00012123
2831,Tanker,4,49998,7,TAURANGA,57.29680556,0.0001785591,1.0,0.27348303,0.00011761666666666668
2837,General Cargo,4,12668,5,AUCKLAND,39.95956019,0.0002253778,0.99999975,0.4944760349999999,0.00011353249999999999
2839,General Cargo,4,12763,6,TAURANGA,57.86578704,0.0001775428,1.0,0.31336312,0.00011526200000000001
2847,Container,3,23357,7,AUCKLAND,24.55994213,0.0002430766,0.9999836666666666,0.3608802983333334,0.00011014666666666667
2856,Container,0,23252,5,AUCKLAND,25.50082176,0.0001583175,1.0,0.32919198,0.00011970999999999999
2858,Container,0,23252,6,AUCKLAND,25.49149306,0.0002140015,1.0,0.34974862799999995,0.00012363600000000002
2861,Container,0,23252,5,AUCKLAND,24.07163194,0.000175038,1.0,0.355421785,0.00012409
2862,Container,0,23252,5,AUCKLAND,25.12947917,0.0001547241,1.0,0.331278225,0.00011762750000000001
2864,Container,0,23252,5,AUCKLAND,20.53266204,0.0001671976,1.0,0.359932425,0.00011577999999999999
2866,Container,0,23435,5,AUCKLAND,30.07533565,0.0001804364,0.9999995,0.3596470625,0.000123015
2869,Container,4,48169,6,NELSON,40.19571759,0.0001997562,0.9999665999999999,0.418709954,9.2524e-05
2871,Container,0,48169,5,NELSON,28.7266088,0.0001940402,0.9999929999999999,0.5111270825,9.47e-05
2872,Container,0,48169,7,PORT CHALMERS,33.79503472,0.0003564879,0.9999938333333332,0.5089890533333333,0.00011267166666666666
2874,Container,0,48169,6,AUCKLAND,30.72989583,0.0002936069,0.9999929999999999,0.48365594200000006,0.00012132599999999998
2875,Container,0,48169,7,AUCKLAND,27.67377315,0.0003518415,0.9999778333333332,0.48564369,0.00011850833333333333
2876,Container,4,48169,7,AUCKLAND,47.58828704,0.000327228,0.9999778333333332,0.439005975,0.00012339
2878,Container,0,48169,7,AUCKLAND,35.48166667,0.0003431489,0.9999833333333332,0.4458856233333333,0.000126825
2882,Container,0,65710,7,AUCKLAND,27.13319444,0.0004072062,0.9999941666666666,0.5350090033333333,0.00012700333333333334
2883,Container,0,65710,7,AUCKLAND,27.50215278,0.0004050381,0.9999941666666666,0.532040585,0.00012700333333333334
2884,Container,0,65710,7,AUCKLAND,27.95351852,0.0004035722,0.9999941666666666,0.5301891266666666,0.00012700333333333334
2885,Container,0,65710,7,AUCKLAND,33.46665509,0.0003693848,0.9999941666666666,0.4844868416666667,0.00012700333333333334
2886,Container,0,65710,7,AUCKLAND,27.84585648,0.000397607,0.9999941666666666,0.5220706983333333,0.00012700333333333334
2887,Container,0,65710,7,AUCKLAND,33.5859375,0.0003611951,0.9999941666666666,0.4742154116666666,0.00012700333333333334
2888,Container,0,65710,7,AUCKLAND,26.42931713,0.0004130868,0.9999941666666666,0.5427128433333334,0.00012700333333333334
2889,Container,0,65710,7,AUCKLAND,26.66408565,0.0004099575,0.9999941666666666,0.5387488916666666,0.00012700333333333334
2890,Container,0,65710,7,AUCKLAND,25.74479167,0.0004089729,0.9999941666666666,0.5372331583333333,0.00012700333333333334
2891,Container,0,65710,7,AUCKLAND,25.9166088,0.0004118173,0.9999941666666666,0.5410493799999999,0.00012700333333333334
2917,General Cargo,1,13073,5,TAURANGA,59.2399537,0.0002087778,1.0,0.39377122500000006,0.00013276
2919,Reefer,1,13067,7,TAURANGA,56.43707176,0.0002533101,1.0,0.33042602,0.00012353666666666666
2924,Reefer,1,13055,6,TAURANGA,46.04978009,0.00023763,1.0,0.42308898400000006,0.00010989599999999999
2927,Reefer,0,13055,6,AUCKLAND,21.00386574,0.0002968949,1.0,0.5014136299999999,0.00012161000000000001
2930,Reefer,1,13055,5,TAURANGA,53.5690625,0.0002088582,1.0,0.39371594499999996,0.00013276
2933,Reefer,0,13055,5,AUCKLAND,20.82488426,0.0002531938,1.0,0.5148782875,0.00012364
2934,Reefer,0,13055,5,TAURANGA,20.31866898,0.0002301872,1.0,0.51191864,0.00011533000000000001
2939,Container,4,50595,7,WELLINGTON,49.38472222,0.0003000465,0.99999,0.47736909666666666,0.00010497333333333332
2943,Container,0,50595,7,AUCKLAND,45.31202546,0.000351441,0.9999615,0.47409394833333335,0.000122355
2944,Container,0,50595,7,AUCKLAND,34.96530093,0.000323892,0.9999778333333332,0.44553008,0.00011850833333333333
2948,Container,0,50604,7,AUCKLAND,23.77045139,0.0003543014,1.0,0.47457360666666665,0.00012459166666666668
2949,Container,0,50604,6,AUCKLAND,24.80008102,0.0002992353,1.0,0.48646484800000006,0.00012312
2950,Container,0,50604,7,AUCKLAND,24.73722222,0.0003533683,1.0,0.4736052933333333,0.00012459166666666668
2951,Container,0,50604,7,AUCKLAND,25.11560185,0.0003495019,1.0,0.46842838833333333,0.00012459166666666668
2952,Container,0,50604,7,AUCKLAND,27.03497685,0.0003434576,1.0,0.46033727499999993,0.00012459166666666668
2953,Container,0,50604,7,AUCKLAND,26.28876157,0.0003591409,1.0,0.4815506716666667,0.00012459166666666668
2954,Container,0,50604,7,AUCKLAND,31.03796296,0.0003507115,1.0,0.47072027,0.00012459166666666668
2955,Container,0,50604,6,AUCKLAND,25.79642361,0.0003018988,1.0,0.491446194,0.00012312
2962,Container,1,51807,6,TAURANGA,59.71006944,0.0002717383,0.9999928,0.4349922279999999,0.000121644
2963,Container,1,51807,6,TAURANGA,48.284375,0.000309908,0.9999928,0.476232038,0.000126494
2964,Container,1,51807,6,AUCKLAND,36.15114583,0.0002127732,1.0,0.402762958,0.000103816
2968,Container,1,51807,5,AUCKLAND,42.10739583,0.0001850321,1.0,0.4179225475,0.0001101675
2970,Container,0,51807,7,AUCKLAND,21.58452546,0.0003786157,1.0,0.4982456616666667,0.00012721166666666668
2971,Container,4,51807,7,AUCKLAND,48.66081019,0.0003504758,1.0,0.46273599333333326,0.00012721166666666668
2972,Container,0,51807,7,AUCKLAND,28.64900463,0.0003423387,1.0,0.45879147333333337,0.00012459166666666668
2973,Container,1,51807,6,AUCKLAND,39.08827546,0.0002297807,1.0,0.4259043460000001,0.00010754200000000001
2977,Container,1,51807,5,AUCKLAND,44.34253472,0.0001826613,1.0,0.41325370999999994,0.0001101675
2998,Container,0,51533,7,AUCKLAND,39.64700231,0.0003080041,0.9999778333333332,0.41648087,0.00012206166666666666
2999,Container,0,51533,7,AUCKLAND,45.52737269,0.0003401194,0.9999615,0.4597730166666667,0.00012217
3000,Container,0,51533,7,AUCKLAND,41.78851852,0.0003222857,0.9999778333333332,0.44362094,0.00011832333333333335
3001,Container,0,51533,6,AUCKLAND,33.55165509,0.0003218786,0.9999663999999999,0.5137705720000001,0.000124478
3007,Tanker,0,49999,7,TAURANGA,47.00324074,0.0002035311,1.0,0.29758113,0.00010987666666666667
3009,Bulker,4,32959,5,LYTTELTON,55.57233796,0.0002365091,1.0,0.4846638125,0.0001150075
3011,General Cargo,0,12672,7,AUCKLAND,25.82221065,0.0003340025,0.9999846666666667,0.4554930816666667,0.00011785166666666666
3014,Container,1,93591,7,TAURANGA,51.79457176,0.0003918732,1.0,0.500746105,0.00012998833333333334
3020,Bulker,4,28333,7,TAURANGA,50.4283912,0.0003527176,0.9999981666666667,0.434481905,0.00012514833333333332
3024,Container,1,51687,5,TAURANGA,57.32540509,0.0002253987,0.999991,0.41942336500000005,0.00013385749999999998
3025,Container,1,51687,6,TAURANGA,43.19145833,0.0003124264,0.9999928,0.481354988,0.000126494
3026,Container,1,51687,6,NAPIER,53.495,0.0002311438,0.9999962,0.368324638,0.00012484
3027,Container,1,51687,5,TAURANGA,58.78836806,0.0001887747,0.999991,0.35121484750000004,0.00013385749999999998
3028,Container,1,51687,5,AUCKLAND,36.44385417,0.0001823877,1.0,0.422219735,0.00010551000000000001
3030,Container,1,51687,5,AUCKLAND,50.6484375,0.0001871719,1.0,0.4222448675,0.0001101675
3034,Container,1,51687,5,AUCKLAND,45.66505787,0.000175732,1.0,0.3952634275,0.0001101675
3036,Container,1,51687,6,LYTTELTON,50.39127315,0.0002808117,0.9999758,0.45041388399999993,0.00012483999999999998
3037,Container,0,51687,7,AUCKLAND,23.87328704,0.0003696502,1.0,0.4956149433333334,0.00012459166666666668
3041,Container,0,51737,7,AUCKLAND,32.46207176,0.0003381013,0.9999941666666666,0.44344065666666665,0.00012700333333333334
3042,Container,0,51737,7,AUCKLAND,28.74990741,0.00037412,0.9999941666666666,0.4916033583333334,0.00012700333333333334
3043,Container,0,51737,7,AUCKLAND,32.55677083,0.0003451175,0.9999941666666666,0.45303273666666666,0.00012700333333333334
3044,Container,0,51737,7,AUCKLAND,27.31063657,0.0003683867,0.9999941666666666,0.4839048166666666,0.00012700333333333334
3045,Container,0,51737,7,AUCKLAND,29.02359954,0.0003586847,0.9999941666666666,0.4713568316666666,0.00012700333333333334
3046,Container,0,51737,7,AUCKLAND,27.80418981,0.0003657111,0.9999941666666666,0.4804829583333334,0.00012700333333333334
3047,Container,0,51737,7,AUCKLAND,31.92444444,0.00034996,0.9999941666666666,0.45918466666666663,0.00012700333333333334
3048,Container,0,51737,7,AUCKLAND,29.39517361,0.0003587791,0.9999941666666666,0.47117290333333334,0.00012700333333333334
3049,Container,0,51737,7,AUCKLAND,26.12923611,0.0003786826,0.9999941666666666,0.49728196,0.00012700333333333334
3050,Container,0,51737,7,AUCKLAND,29.1328588,0.0003648679,0.9999941666666666,0.47933059833333336,0.00012700333333333334
3051,Container,0,51737,7,AUCKLAND,33.5756713,0.0003406224,0.9999941666666666,0.4467385133333333,0.00012700333333333334
3052,Container,0,51737,7,AUCKLAND,32.88211806,0.0003464019,0.9999941666666666,0.45471503999999996,0.00012700333333333334
3053,Container,0,51737,7,AUCKLAND,26.58253472,0.0003797316,0.9999941666666666,0.49889455499999996,0.00012700333333333334
3054,Container,0,51737,7,AUCKLAND,28.97516204,0.0003634149,0.9999941666666666,0.47714316666666673,0.00012700333333333334
3055,Container,0,51737,7,AUCKLAND,24.68805556,0.0003812535,0.9999941666666666,0.5006731683333333,0.00012700333333333334
3056,Container,0,51737,7,AUCKLAND,29.40592593,0.0003569488,0.9999941666666666,0.4686568816666667,0.00012700333333333334
3057,Container,0,51737,6,AUCKLAND,28.95210648,0.0003087643,0.9999929999999999,0.489218064,0.000126014
3058,RoRo,1,27283,7,AUCKLAND,36.03260417,0.0003840475,1.0,0.5509131033333334,0.00011551833333333333
3059,RoRo,0,15154,5,AUCKLAND,23.58258102,0.000284284,1.0,0.5571724875,0.0001256375
3069,Bulker,4,32949,5,TAURANGA,47.48415509,0.0002735018,0.9999985,0.55400252,0.0001234725
3073,General Cargo,4,32975,7,TAURANGA,42.96366898,0.000378718,1.0,0.4784269466666667,0.00013195
3074,Bulker,4,32453,6,AUCKLAND,50.93063657,0.0002380196,1.0,0.360798694,0.00013195
3075,Bulker,4,32453,5,NAPIER,46.2322338,0.0002888378,0.9999945,0.6006625025,0.0001181825
3076,Bulker,4,32453,5,LYTTELTON,49.73083333,0.0001590898,1.0,0.41776820000000003,9.881e-05
3084,Container,1,50727,5,AUCKLAND,50.90118056,0.0001568202,1.0,0.3795539225,0.00010551
3086,Container,1,50727,6,TAURANGA,44.47677083,0.000294874,0.9999928,0.454780992,0.000126494
3087,Container,1,50727,6,AUCKLAND,28.70869213,0.000239528,1.0,0.45420239,0.000103816
3091,Container,1,50727,5,AUCKLAND,48.21670139,0.0001788664,1.0,0.4033459875,0.0001101675
3100,Container,1,50500,6,TAURANGA,56.20123843,0.0002897631,0.9999928,0.44362357799999996,0.000126494
3101,Container,1,50500,6,AUCKLAND,41.70952546,0.0002087325,1.0,0.39184081600000004,0.000103816
3103,Container,1,50500,5,AUCKLAND,31.50903935,0.0001962341,1.0,0.458469365,0.00010551000000000001
3106,Container,0,54405,7,NELSON,26.91488426,0.0003787822,0.9999729999999999,0.5481405966666667,0.00011286499999999998
3107,Container,0,54405,7,AUCKLAND,28.15395833,0.0003699763,0.9999778333333332,0.5110822083333333,0.00011850833333333333
3108,Container,0,54405,7,AUCKLAND,32.40672454,0.0003596954,0.9999778333333332,0.49649924166666665,0.00011832333333333335
3120,Bulker,4,31716,7,TAURANGA,42.23431713,0.0002634598,1.0,0.3970832733333333,0.00010854500000000003
3125,Container,1,47087,7,TAURANGA,27.36365741,0.0003275711,1.0,0.45173537999999996,0.00012078333333333333
3126,Container,0,47087,7,AUCKLAND,37.68,0.0003501254,0.9999775,0.4506105766666666,0.00012973833333333336
3129,General Cargo,0,18638,6,AUCKLAND,26.00966435,0.0003975835,0.9999752,0.622403252,0.00012579199999999998
3135,General Cargo,2,12927,7,AUCKLAND,43.70621528,0.0002742131,0.9999444999999999,0.4168399566666667,0.00010998999999999998
3140,General Cargo,2,12927,5,AUCKLAND,14.98871528,0.0002680738,0.9998294999999999,0.6084081400000001,0.00011019
3168,Bulker,4,33945,5,TAURANGA,57.68415509,0.0001990697,1.0,0.4416259425,0.0001140325
3169,Bulker,4,33945,6,TAURANGA,58.14612269,0.0003285925,0.9999914000000001,0.49316322400000007,0.00013102
3175,Bulker,4,58115,5,NELSON,50.09806713,0.0002082817,0.9999965,0.56546812,8.8095e-05
3185,Bulker,4,28306,7,AUCKLAND,50.60451389,0.0002901721,1.0,0.379190635,0.00011825000000000001
3191,Container,0,17842,7,TAURANGA,44.84377315,0.000184984,1.0,0.28789136666666665,0.00010885333333333333
3192,Container,3,17842,7,TAURANGA,21.65765046,0.0002243576,0.999996,0.34070546166666665,0.00010938
3193,Container,3,17842,7,TAURANGA,19.46292824,0.0002198909,0.999996,0.338542425,0.00010727666666666665
3194,Container,3,17842,7,TAURANGA,18.51444444,0.0002151454,0.999996,0.3316284866666666,0.00010727666666666665
3195,Container,3,17842,7,TAURANGA,18.91578704,0.0002246218,0.999996,0.34629134666666667,0.00010727666666666665
3196,Container,3,17842,7,TAURANGA,18.92445602,0.0002183918,0.999996,0.3368247233333333,0.00010727666666666665
3201,Container,0,53050,7,AUCKLAND,35.16444444,0.0003649734,0.999972,0.4931007033333334,0.000122355
3205,Bulker,3,57195,7,NELSON,30.51195602,0.0004046885,0.9999664999999999,0.5085232116666667,0.00012005499999999999
3207,Bulker,4,33344,5,TAURANGA,51.17813657,0.0001874581,1.0,0.423643855,0.00011063
3212,Bulker,4,31871,7,NEW PLYMOUTH,45.70998843,0.000258387,0.9999958333333333,0.3979695266666667,0.00011337666666666665
3213,Bulker,4,31871,5,NELSON,49.19833333,0.0002064887,0.9999965,0.47030873,0.000109405
3214,Bulker,4,31871,5,AUCKLAND,59.86784722,0.0002329179,0.99999125,0.4383265125,0.00013239
3218,Bulker,4,31877,5,TAURANGA,56.87261574,0.0002268619,0.9999972500000001,0.4442492525,0.00012453
3221,RoRo,0,18701,7,AUCKLAND,27.69604167,0.0004427836,0.9999793333333334,0.5555718516666667,0.00013146166666666665
3222,RoRo,0,18701,7,AUCKLAND,27.2587037,0.0004356646,0.9999851666666667,0.5563744533333334,0.000127615
3223,RoRo,0,18724,7,AUCKLAND,24.85476852,0.0004747293,0.9999793333333334,0.5954851583333333,0.00013146166666666665
3228,Tanker,0,12812,5,TAURANGA,24.62,0.0002742991,0.9999994999999999,0.522949385,0.0001280775
3229,Tanker,3,12812,6,NEW PLYMOUTH,42.71844907,0.0002430638,0.9999662,0.372538542,0.00012279400000000002
3231,Tanker,4,12798,7,NEW PLYMOUTH,46.74556713,0.0002445762,0.9999718333333334,0.34344819666666665,0.00010051499999999998
3235,Container,0,49842,7,AUCKLAND,27.64521991,0.0003398978,1.0,0.45558383166666666,0.00012459166666666668
3236,Container,0,49842,7,AUCKLAND,26.44920139,0.0003554792,1.0,0.476694565,0.00012459166666666668
3237,Container,0,49842,7,AUCKLAND,31.33126157,0.0003352858,1.0,0.449867215,0.00012459166666666668
3238,Container,0,49842,7,AUCKLAND,29.38871528,0.0003371266,1.0,0.4518683733333333,0.00012459166666666668
3245,Container,0,58350,7,AUCKLAND,42.71412037,0.000310774,0.9999941666666666,0.40782146833333327,0.00012700333333333334
3246,Container,0,58350,7,AUCKLAND,38.20460648,0.0003281051,0.9999941666666666,0.4304036033333334,0.00012700333333333334
3249,Container,1,59266,5,AUCKLAND,40.83361111,0.0001902555,1.0,0.437955345,0.00010551000000000001
3255,Container,1,59266,5,TAURANGA,57.88310185,0.0001801402,0.999991,0.35668022,0.0001231375
3256,Container,1,59266,7,TAURANGA,45.42334491,0.0003678212,0.999994,0.48065775499999996,0.00012469
3257,Container,1,59266,5,AUCKLAND,35.60409722,0.0001833791,1.0,0.4280981575,0.00010551000000000001
3259,Container,1,59266,7,TAURANGA,45.76810185,0.0003572766,0.999994,0.45948152666666675,0.00012723166666666667
3262,Container,1,59266,6,AUCKLAND,44.61273148,0.0002421621,1.0,0.44808614,0.00010754200000000001
3266,Container,1,59266,5,AUCKLAND,45.07467593,0.0001915703,1.0,0.4331850775,0.0001101675
3270,Container,1,59266,5,AUCKLAND,42.49458333,0.0001950119,1.0,0.44076229,0.0001101675
3274,Bulker,4,31807,6,NAPIER,54.0946875,0.0002416789,0.9999998,0.455441174,9.593799999999999e-05
3276,Bulker,4,31853,6,LYTTELTON,57.74021991,0.0001909484,1.0,0.42468796600000003,8.8878e-05
3277,Bulker,4,31853,5,NELSON,54.27478009,0.0001708081,1.0,0.5368561625,8.009e-05
3281,Bulker,4,31775,5,NAPIER,50.81372685,0.0002564939,0.99999975,0.5082755875,0.00011673249999999999
3282,Bulker,4,31775,6,GISBORNE,58.10790509,0.0002807666,0.9999978,0.446830424,0.000119718
3284,Container,0,52190,5,AUCKLAND,24.13269676,0.0002556197,0.99999125,0.5111146049999999,0.00012453
3285,Container,0,52190,7,AUCKLAND,29.30127315,0.0003665959,0.9999941666666666,0.48176316833333327,0.00012700333333333334
3286,Container,0,52190,7,AUCKLAND,25.13008102,0.0003814,0.9999941666666666,0.50082995,0.00012700333333333334
3288,Container,0,52190,7,AUCKLAND,25.87273148,0.000381223,0.9999941666666666,0.500829045,0.00012700333333333334
3289,Container,0,52190,7,AUCKLAND,35.65081019,0.0003557552,0.9999941666666666,0.46803241999999995,0.00012700333333333334
3290,Container,0,52190,7,AUCKLAND,28.16510417,0.0003652236,0.9999941666666666,0.47944395166666665,0.00012700333333333334
3292,General Cargo,0,52190,7,TAURANGA,28.0047338,0.0004659995,0.9999981666666667,0.61362382,0.00012700333333333334
3294,Container,0,52190,6,AUCKLAND,35.37469907,0.0002711897,0.9999929999999999,0.42919303200000003,0.000126014
3295,Container,0,52190,7,AUCKLAND,45.95318287,0.0002973214,0.9999941666666666,0.389535585,0.00012700333333333334
3296,Container,0,52190,7,AUCKLAND,29.9787037,0.0003549738,0.9999941666666666,0.46592572499999996,0.00012700333333333334
3297,Container,0,52190,7,AUCKLAND,30.24689815,0.0003501694,0.9999941666666666,0.45934925,0.00012700333333333334
3298,Container,0,52190,7,AUCKLAND,27.23767361,0.0003679606,0.9999941666666666,0.48309338500000004,0.00012700333333333334
3299,Container,0,52190,7,AUCKLAND,26.28334491,0.0003822689,0.9999941666666666,0.50200391,0.00012700333333333334
3300,Container,0,52190,7,AUCKLAND,30.94364583,0.0003577396,0.9999941666666666,0.4698735166666667,0.00012700333333333334
3301,Container,0,52190,7,AUCKLAND,28.77476852,0.0003503751,0.9999941666666666,0.4599494583333333,0.00012700333333333334
3302,Container,0,52190,7,AUCKLAND,29.51827546,0.0003601009,0.9999941666666666,0.4726002183333333,0.00012700333333333334
3303,Container,0,52190,7,AUCKLAND,27.65224537,0.0003648024,0.9999941666666666,0.47909077166666664,0.00012700333333333334
3304,Container,0,52190,7,AUCKLAND,29.10859954,0.0003685041,0.9999941666666666,0.48416296833333333,0.00012700333333333334
3305,Container,0,52190,7,AUCKLAND,26.96825231,0.0003719228,0.9999941666666666,0.48851893500000004,0.00012700333333333334
3306,Container,0,52190,7,AUCKLAND,26.37475694,0.000380388,0.9999941666666666,0.4997573233333333,0.00012700333333333334
3307,Container,0,52190,7,AUCKLAND,32.56074074,0.000367355,0.9999941666666666,0.48323498833333334,0.00012700333333333334
3308,Container,0,52190,7,AUCKLAND,29.07850694,0.0003616664,0.9999941666666666,0.474825375,0.00012700333333333334
3312,Bulker,3,33144,6,PORT CHALMERS,46.77421296,0.0001752444,1.0,0.439420098,8.9188e-05
3314,General Cargo,4,58018,5,WELLINGTON,54.91667824,0.000280402,0.9999795,0.6478458850000001,0.000101095
3317,General Cargo,0,12867,5,AUCKLAND,17.88134259,0.0002872929,0.99996525,0.5688258975,0.000127965
3318,RoRo,0,12867,7,AUCKLAND,37.31271991,0.0003366924,0.9999764999999999,0.4542464833333333,0.000123575
3321,RoRo,0,12867,7,AUCKLAND,20.72474537,0.0003176388,1.0,0.44155061333333334,0.00011533000000000001
3322,RoRo,0,12867,7,AUCKLAND,21.85708333,0.0003365587,0.9999768333333333,0.46447123,0.00011821333333333335
3323,RoRo,0,12867,7,AUCKLAND,35.51652778,0.0003173019,0.9997418333333333,0.42028834499999995,0.00012375333333333334
3324,RoRo,0,12867,7,AUCKLAND,25.81405093,0.0003153001,0.9999768333333333,0.43582873333333333,0.00011821333333333335
3325,RoRo,4,12867,7,AUCKLAND,48.51672454,0.0003018075,0.9999793333333332,0.38624732833333336,0.00012681833333333333
3326,RoRo,0,12867,7,AUCKLAND,23.5987037,0.0003418467,0.9999768333333333,0.45759720500000006,0.00012375333333333334
3327,RoRo,0,12867,7,AUCKLAND,27.11261574,0.0003188582,0.9999768333333333,0.4401506716666667,0.00011821333333333335
3329,General Cargo,0,18946,7,AUCKLAND,32.49796296,0.0004220591,0.9999793333333334,0.5284828083333334,0.00013146166666666665
3339,General Cargo,4,33843,6,TAURANGA,40.79084491,0.0003133212,0.9999998,0.535088562,0.00011467999999999999
3341,Bulker,4,31728,7,AUCKLAND,52.32646991,0.0002895516,0.9999768333333333,0.43435688666666666,0.00011343999999999998
3342,Bulker,4,31728,5,LYTTELTON,52.23561343,0.0001515078,1.0,0.4529804075,8.358499999999998e-05
3350,General Cargo,1,55807,5,TAURANGA,55.22556713,0.0003603406,0.999989,0.6779599625,0.000133225
3355,Bulker,4,35283,5,LYTTELTON,50.16016204,0.0001600868,1.0,0.47925002250000004,8.334999999999999e-05
3361,Bulker,0,35284,7,TAURANGA,33.94275463,0.0003578019,0.9999933333333333,0.486285195,0.00012676999999999998
3362,General Cargo,1,35212,6,AUCKLAND,53.38577546,0.0002554063,1.0,0.423797424,0.00012040799999999999
3363,Container,3,34067,7,AUCKLAND,30.21390046,0.0002871107,0.9999775,0.3963191033333333,0.00011783833333333333
3369,RoRo,1,31143,7,AUCKLAND,52.44399306,0.0003253652,1.0,0.48265018000000004,0.00010907333333333334
3370,RoRo,1,31143,7,AUCKLAND,47.25170139,0.000375779,1.0,0.5464746749999999,0.00011236666666666667
3374,RoRo,1,31143,7,AUCKLAND,47.05356481,0.0003697937,1.0,0.5382812666666666,0.00011236666666666667
3376,RoRo,1,31143,7,AUCKLAND,36.4222338,0.0004072856,1.0,0.5842038833333333,0.00011551833333333333
3377,RoRo,1,31143,7,AUCKLAND,48.95681713,0.000368155,1.0,0.5352349916666667,0.00011236666666666667
3379,RoRo,1,28837,7,AUCKLAND,48.42998843,0.000335882,1.0,0.505986275,0.00010786166666666666
3380,RoRo,1,28837,7,AUCKLAND,47.69427083,0.0003695888,1.0,0.5376423233333334,0.00011222500000000002
3381,RoRo,1,28837,7,AUCKLAND,44.38146991,0.0003595873,1.0,0.5237660183333332,0.00011222500000000002
3383,RoRo,1,28818,7,AUCKLAND,32.03456019,0.0003856814,1.0,0.548993475,0.00011714833333333334
3384,RoRo,1,28818,6,AUCKLAND,52.58765046,0.0002961957,1.0,0.518142806,0.000111706
3388,General Cargo,1,12094,7,LYTTELTON,55.66097222,0.0001970739,1.0,0.34589413333333335,9.97e-05
3402,General Cargo,4,33217,5,NELSON,29.66238426,0.0002782165,0.9999965,0.6597266375,0.000105415
3405,General Cargo,4,58110,5,WELLINGTON,51.46328704,0.0001674385,1.0,0.5288412299999999,7.916e-05
3409,General Cargo,4,10500,7,AUCKLAND,55.00356481,0.0002812237,0.9999941666666666,0.37286961333333335,0.00012396666666666665
3414,General Cargo,0,37154,5,NAPIER,30.40216435,0.0002787832,1.0,0.5979334575,0.00011732999999999999
3415,General Cargo,4,37154,6,TAURANGA,30.71583333,0.0003182192,1.0,0.571656556,0.000112006
3416,General Cargo,4,37154,5,TAURANGA,29.74586806,0.0002398445,1.0,0.60750131,9.871e-05
3417,General Cargo,4,37154,5,TAURANGA,34.86694444,0.0002511794,1.0,0.58978086,0.00010702
3418,General Cargo,4,37154,7,TAURANGA,36.75841435,0.0003454216,1.0,0.5224483866666666,0.00010979
3419,General Cargo,4,37154,7,TAURANGA,35.34326389,0.0003471847,1.0,0.524629035,0.00010979
3420,General Cargo,4,37154,5,TAURANGA,38.87804398,0.0002562594,1.0,0.60136711,0.00010702
3421,General Cargo,4,37154,7,TAURANGA,38.38108796,0.0003644336,1.0,0.5176745383333333,0.00011533000000000001
3422,General Cargo,0,37154,6,TAURANGA,30.20444444,0.0003313938,1.0,0.594195356,0.000112006
3426,RoRo,4,55868,6,NELSON,54.90017361,0.0003099351,0.9999986,0.529908302,0.00011126599999999999
3430,Bulker,4,56169,5,WELLINGTON,59.7133912,0.0001905656,0.9999985,0.5064404250000001,9.072249999999998e-05
3435,RoRo,1,43878,7,AUCKLAND,46.83559028,0.0003958514,1.0,0.5844203766666667,0.000111155
3438,RoRo,1,43878,5,AUCKLAND,28.7734838,0.0003102808,1.0,0.65611947,0.0001183125
3441,General Cargo,1,43878,7,AUCKLAND,54.72611111,0.0002798997,1.0,0.42963535166666666,0.00010480499999999998
3444,RoRo,1,43878,6,AUCKLAND,48.68728009,0.0003120558,1.0,0.548897562,0.000111706
3445,RoRo,1,43878,7,AUCKLAND,43.40368056,0.0004035597,1.0,0.5899133966666666,0.00011222500000000002
3448,RoRo,1,43878,7,AUCKLAND,43.72685185,0.0004155872,1.0,0.6066210833333333,0.00011236666666666667
3450,RoRo,3,43878,5,AUCKLAND,29.1127662,0.0003581166,0.999969,0.6668692475,0.000134555
3452,RoRo,0,14349,7,AUCKLAND,23.56958333,0.0003656245,0.9999768333333333,0.4781785383333333,0.00012929333333333334
3455,Bulker,4,28338,5,TAURANGA,45.74746528,0.0002602963,0.9999972500000001,0.5291370625,0.0001220075
3456,Bulker,4,28324,5,GISBORNE,59.58435185,0.0002075459,0.9999915,0.4589233925,0.00011111999999999999
3457,Bulker,4,28324,5,NAPIER,56.98641204,0.0001850162,0.999999,0.48471654750000004,9.709249999999999e-05
3458,Bulker,4,28291,5,AUCKLAND,39.25054398,0.000220684,1.0,0.501334285,0.000109775
3461,Bulker,0,28381,7,GISBORNE,35.04892361,0.0003604516,0.999998,0.47449693833333334,0.00012659166666666668
3462,Bulker,1,28381,5,NELSON,52.23197917,0.0002697539,0.99998275,0.6115449075,0.00010992
3463,Bulker,4,28381,5,GISBORNE,47.13420139,0.0002647185,0.99999775,0.4985839,0.00013239
3466,Container,3,23373,7,TAURANGA,18.11162037,0.0002532503,0.999996,0.3901333533333333,0.00010727666666666665
3472,Bulker,0,28343,7,AUCKLAND,48.48422454,0.0002800053,1.0,0.3831911433333333,0.00011489166666666665
3476,Bulker,4,58032,6,NELSON,54.1884375,0.0002243259,0.9999696,0.490515174,8.8436e-05
3481,Bulker,4,58110,5,NELSON,46.62361111,0.0001968719,0.9999965,0.52936519,8.955000000000001e-05
3485,Bulker,4,55408,6,NELSON,52.3130787,0.0002407359,0.9999864,0.446860096,9.773e-05
3487,Tanker,4,45318,5,NEW PLYMOUTH,53.98576389,0.0002074047,0.99999875,0.41802301249999996,0.00011420499999999998
3490,General Cargo,4,9032,5,PORT CHALMERS,49.6291088,0.0001534968,1.0,0.37920295,0.00010494999999999999
3491,General Cargo,3,9032,5,NEW PLYMOUTH,23.45934028,0.0002096463,0.99998875,0.4514257175,0.00011857
3495,Container,0,34409,6,LYTTELTON,31.20386574,0.0002373382,0.9999748,0.43485740800000006,0.00010722999999999997
3502,Container,1,105846,7,TAURANGA,50.26340278,0.0004210446,1.0,0.5381715466666667,0.00012998833333333334
3503,Container,1,105846,7,TAURANGA,28.44219907,0.0004372101,1.0,0.5645521566666667,0.000128345
3504,Container,1,105846,7,TAURANGA,49.80003472,0.0004215389,1.0,0.5389296383333334,0.00012998833333333334
3506,Container,1,99863,7,TAURANGA,52.43259259,0.0003894632,1.0,0.49783143999999996,0.00012998833333333334
3507,Container,1,99863,7,TAURANGA,28.52092593,0.0004325902,1.0,0.5585546299999999,0.000128345
3508,Container,1,99863,7,TAURANGA,50.35384259,0.0004125772,1.0,0.5274172383333333,0.00012998833333333334
3509,Container,1,99863,7,TAURANGA,32.69459491,0.0003961416,1.0,0.51161977,0.000128345
3510,Container,1,99863,7,TAURANGA,30.32134259,0.0004226902,1.0,0.5457289266666666,0.000128345
3512,Container,1,99778,6,TAURANGA,29.73967593,0.0003689804,1.0,0.566713692,0.000129596
3514,Container,1,99798,6,TAURANGA,31.2540162,0.0003530798,1.0,0.542259544,0.000129596
3516,General Cargo,4,38206,7,NAPIER,45.18225694,0.0003334171,1.0,0.47578878,0.00011599999999999999
3519,Bulker,3,32701,5,LYTTELTON,26.89695602,0.0003377145,0.9999735000000001,0.672285435,0.00011857
3523,General Cargo,4,40527,6,TAURANGA,48.61642361,0.0003847124,0.9999978,0.58078702,0.000132302
3524,General Cargo,3,40527,5,TAURANGA,39.33770833,0.0003243156,0.99999875,0.6340774725,0.000125465
3526,Bulker,3,36903,6,TAURANGA,38.63972222,0.0002705928,1.0,0.433729546,0.000127672
3533,General Cargo,1,10049,5,TAURANGA,46.25016204,0.0001797156,1.0,0.38141514249999997,0.0001184525
3564,RoRo,4,18529,7,AUCKLAND,49.6509375,0.0003854451,0.9999996666666666,0.501976635,0.00012376833333333333
3566,RoRo,0,18481,7,AUCKLAND,53.15883102,0.0003173406,0.9999941666666666,0.40880596166666666,0.00012424
3569,RoRo,3,18334,7,AUCKLAND,32.86118056,0.0004329513,0.9999793333333334,0.5333393733333334,0.00013634333333333333
3570,RoRo,1,18334,7,AUCKLAND,38.92309028,0.0003790107,1.0,0.49933416666666663,0.00012232333333333332
3576,RoRo,0,15154,7,AUCKLAND,42.89449074,0.0003433082,1.0,0.45058514000000005,0.00012353
3578,RoRo,0,15154,7,AUCKLAND,35.95042824,0.0003342661,1.0,0.4374969,0.00012441500000000003
3584,Bulker,4,32613,6,WELLINGTON,56.87634259,0.0002198676,1.0,0.422619274,0.000106504
3590,General Cargo,4,38173,5,TAURANGA,26.50482639,0.0003386268,1.0,0.641652555,0.00013195
3591,General Cargo,4,38173,5,NAPIER,30.29641204,0.0002504103,1.0,0.5942072075,0.00010536
3592,General Cargo,4,38191,6,AUCKLAND,57.77421296,0.000347323,1.0,0.507551484,0.00013513799999999998
3593,General Cargo,4,38191,7,LYTTELTON,58.83710648,0.000330309,0.99998,0.4829397983333334,0.000112395
3595,General Cargo,4,38191,7,TAURANGA,51.30520833,0.0004322268,0.9999941666666666,0.5470831133333334,0.00013170833333333334
3599,Bulker,4,28355,5,AUCKLAND,54.07732639,0.0002908621,1.0,0.5554696425000001,0.000124975
3602,RoRo,0,16384,7,AUCKLAND,34.01226852,0.0003924091,0.9999941666666666,0.5055672483333333,0.00012424
3606,Bulker,4,28344,6,NELSON,52.06546296,0.0002117327,0.9999996,0.42879727599999995,9.766200000000001e-05
3609,General Cargo,4,18276,5,LYTTELTON,35.64828704,0.0002397269,1.0,0.5404292575,0.0001094175
3624,Bulker,4,28386,5,NAPIER,57.744375,0.0001701739,1.0,0.4601583,9.819000000000001e-05
3626,Bulker,4,28386,5,GISBORNE,46.22790509,0.0002644809,1.0,0.502941745,0.0001316825
3628,Bulker,4,57999,5,NELSON,41.62710648,0.0002147518,1.0,0.5095836924999999,0.00010536
3634,RoRo,0,18833,7,AUCKLAND,19.6346875,0.0004305784,0.9999768333333333,0.5617146616666667,0.00012929333333333334
3635,RoRo,3,18836,5,AUCKLAND,13.25387731,0.0003755032,0.999969,0.69934827,0.000134555
3636,RoRo,0,18836,7,AUCKLAND,25.9862037,0.0003653168,0.9999768333333333,0.5357870100000001,0.00011640000000000001
3637,RoRo,4,18836,7,AUCKLAND,58.35454861,0.0003673974,1.0,0.48393412,0.00012176500000000001
3639,RoRo,0,18828,7,AUCKLAND,17.95445602,0.0004398513,1.0,0.555669825,0.00013195
3642,Tanker,3,12429,7,NEW PLYMOUTH,23.43206019,0.0002553004,0.9999375,0.37212099499999995,0.000123025
3646,Bulker,4,35130,5,LYTTELTON,58.0390162,0.0001465969,1.0,0.42544497000000003,9.203e-05
3647,Bulker,1,35130,7,TAURANGA,55.6755787,0.00021841,1.0,0.32181533833333337,0.00011258833333333333
3654,Bulker,4,35104,5,LYTTELTON,54.35958333,0.0001473468,1.0,0.44242918499999995,8.2655e-05
3656,Bulker,4,35104,6,AUCKLAND,41.52425926,0.0002256092,1.0,0.41024388599999995,0.00010683599999999999
3657,Bulker,4,35104,7,NEW PLYMOUTH,54.80211806,0.0001727451,1.0,0.34020329,8.596333333333332e-05
3658,Bulker,4,35104,6,TAURANGA,56.30166667,0.0001999529,1.0,0.362935696,0.00010846799999999999
3663,Bulker,4,93296,5,TAURANGA,38.82315972,0.0002298168,1.0,0.5051433624999999,0.00011533
3665,Bulker,1,16949,5,NEW PLYMOUTH,42.95280093,0.0001738377,1.0,0.4554338075,9.451499999999999e-05
3667,General Cargo,0,12267,7,GISBORNE,50.37193287,0.0002780262,1.0,0.37429765500000006,0.00011946500000000002
3668,General Cargo,4,12267,7,WELLINGTON,49.22673611,0.0002423016,1.0,0.42867350500000007,9.687833333333332e-05
3669,General Cargo,4,12267,6,AUCKLAND,52.77428241,0.0002455662,1.0,0.394273646,0.00012032799999999999
3670,General Cargo,0,12267,7,AUCKLAND,35.87662037,0.0003437746,0.9999598333333332,0.4430809633333333,0.00012728999999999998
3671,General Cargo,1,12267,7,TAURANGA,50.80510417,0.0002590049,0.9999503333333334,0.35398928999999996,0.00012375333333333334
3673,General Cargo,0,12303,7,AUCKLAND,37.25258102,0.000284704,0.9999889999999999,0.3976526566666667,0.00011515166666666666
3674,General Cargo,1,12303,7,AUCKLAND,48.09474537,0.00029954,1.0,0.394115815,0.000120485
3675,General Cargo,0,12303,7,AUCKLAND,29.74886574,0.0003069298,0.9999941666666666,0.43883957166666665,0.00011360666666666666
3679,General Cargo,4,11736,6,NELSON,57.39820602,0.0002456454,0.999958,0.42278222200000004,0.00010990199999999998
3680,General Cargo,3,11736,5,NELSON,22.87357639,0.0002409719,0.99995375,0.5465568675,0.0001053925
3681,General Cargo,4,11736,7,AUCKLAND,59.37412037,0.0002543646,0.9999933333333333,0.36638202500000006,0.000115445
3685,Tanker,4,23451,7,TAURANGA,42.23922454,0.0002900674,0.9999916666666667,0.3761633983333333,0.00011995666666666666
3686,Bulker,4,28210,6,NEW PLYMOUTH,50.19365741,0.0001818141,1.0,0.40860430799999997,9.812e-05
3693,Bulker,4,28191,5,TIMARU,58.19649306,0.0001971498,0.99996525,0.4957076375,0.00010156
3699,RoRo,0,18918,5,AUCKLAND,27.16725694,0.0003469421,0.999969,0.654678445,0.0001325625
3700,RoRo,0,18918,7,AUCKLAND,43.36721065,0.0003856815,0.9999764999999999,0.5319369566666666,0.000123575
3701,RoRo,0,18918,7,AUCKLAND,24.51829861,0.0004047433,0.9999768333333333,0.5450128616666667,0.00012375333333333334
3702,RoRo,0,18918,7,AUCKLAND,19.72947917,0.0004090459,1.0,0.5490749983333333,0.00012087000000000001
3704,General Cargo,1,9023,6,AUCKLAND,46.86284722,0.0001814492,1.0,0.2789353,0.00012886
3710,Bulker,4,38190,6,TIMARU,52.89408565,0.0002185568,0.9999986,0.470783126,9.248e-05
3713,Bulker,4,31657,5,AUCKLAND,34.95737269,0.0002517969,1.0,0.5258363125000001,0.00011533
3715,Bulker,4,31657,7,NEW PLYMOUTH,46.09017361,0.0002135399,0.9999958333333333,0.38620072,8.764e-05
3722,Bulker,4,28217,5,GISBORNE,53.29438657,0.0002460104,1.0,0.467888315,0.0001316825
3723,Bulker,4,28217,5,WELLINGTON,52.38699074,0.0002125901,0.99998575,0.4831761525,0.000113395
3725,Bulker,4,28217,6,TAURANGA,54.20715278,0.0003252928,1.0,0.481533022,0.000126392
3726,Bulker,4,28217,5,NELSON,43.51568287,0.0002269718,0.999962,0.5152570825,0.000113395
3740,Bulker,1,32573,7,LYTTELTON,57.95251157,0.0002299451,1.0,0.33993766,0.00010137666666666667
3744,RoRo,1,18436,7,AUCKLAND,42.20923611,0.0003920834,0.9999941666666666,0.5044379883333333,0.00012561166666666667
3746,Bulker,4,32573,5,LYTTELTON,47.97631944,0.0002192068,0.99997875,0.5197042175,0.000105415
3750,Bulker,4,32503,6,TIMARU,39.11445602,0.000179342,1.0,0.42446952800000004,8.428400000000001e-05
3753,Bulker,4,32503,7,WELLINGTON,55.44561343,0.0002610219,0.9999903333333333,0.4033151216666666,0.00011341333333333331
3754,Bulker,4,32503,5,GISBORNE,35.24584491,0.0002751309,0.9999985,0.5657485425,0.00011965499999999999
3756,Bulker,4,32414,5,NEW PLYMOUTH,42.07913194,0.0001612533,1.0,0.480472505,8.364e-05
3757,Bulker,4,32414,7,NEW PLYMOUTH,55.83673611,0.0001889441,1.0,0.37002785,9.099999999999999e-05
3759,Bulker,4,32414,5,TAURANGA,52.32350694,0.0001943964,1.0,0.4367158525,0.00011203000000000001
3762,Bulker,4,32503,6,AUCKLAND,59.47553241,0.0002936582,0.9999929999999999,0.44260412000000005,0.000127248
3765,General Cargo,4,32503,5,TIMARU,59.13096065,0.0003102529,1.0,0.597087965,0.0001287075
3767,Bulker,4,32377,5,NEW PLYMOUTH,57.69990741,0.0001765261,1.0,0.511425165,8.9205e-05
3773,Bulker,4,32480,5,GISBORNE,49.74430556,0.0002462965,0.9999995,0.4986008725,0.0001192
3777,Bulker,1,28213,7,PORT CHALMERS,52.7627662,0.0002435316,0.9999833333333333,0.4411774133333333,9.046666666666667e-05
3785,RoRo,0,19110,7,AUCKLAND,38.35765046,0.0003671724,0.9999941666666666,0.4760457866666667,0.00012424
3786,RoRo,0,19110,6,AUCKLAND,25.44597222,0.0003973731,0.9999929999999999,0.6104761219999999,0.000126962
3804,Bulker,4,55747,7,WELLINGTON,58.73222222,0.0002491552,0.999999,0.38749428,0.00010805666666666666
3806,General Cargo,0,24964,6,AUCKLAND,36.0640625,0.0003644682,0.9996430000000001,0.636074628,0.00011385799999999999
3815,General Cargo,1,57949,5,AUCKLAND,39.92296296,0.0003345875,1.0,0.5777514825,0.0001448
3819,Bulker,3,31669,7,NEW PLYMOUTH,54.92053241,0.0002366828,0.9999738333333333,0.4251402866666667,9.756333333333333e-05
3820,Bulker,4,31669,7,TAURANGA,57.57002315,0.0002447604,0.9999998333333333,0.34044425166666664,0.00010961166666666666
3821,Bulker,4,31669,7,GISBORNE,41.12364583,0.0003180052,0.9999983333333334,0.41870848833333335,0.00011562333333333333
3822,Bulker,1,31669,6,TAURANGA,57.69756944,0.0002269101,1.0,0.401435212,0.00011186
3823,Bulker,4,31669,7,TAURANGA,49.39929398,0.0003226549,0.9999998333333333,0.41743801500000005,0.00012756
3826,Bulker,4,31702,5,TAURANGA,46.67353009,0.0002657322,0.99999975,0.5527325425,0.0001192675
3827,Bulker,3,31702,7,TAURANGA,33.12430556,0.0003174631,0.9999998333333333,0.44196796499999996,0.00011563833333333333
3828,Bulker,3,31702,6,TAURANGA,47.67197917,0.0002885988,0.9999889999999999,0.488898644,0.00012412
3830,General Cargo,1,37118,6,LYTTELTON,40.26543981,0.0003057587,1.0,0.5184099919999999,0.00011796999999999998
3846,Bulker,3,28240,5,NELSON,36.62684028,0.0003130393,0.99998375,0.56834441,0.000138145
3847,Bulker,1,28238,6,GISBORNE,51.64315972,0.0002325406,1.0,0.40097992,0.00011611799999999999
3848,Bulker,4,28238,5,TAURANGA,56.81711806,0.0002888464,1.0,0.5238756375,0.000135935
3850,RoRo,0,18924,7,AUCKLAND,25.98533565,0.000434991,0.9999941666666666,0.5650606316666668,0.00012424
3851,RoRo,3,18924,7,AUCKLAND,21.73144676,0.0004662527,0.9999793333333334,0.5737882266666667,0.00013634333333333333
3872,RoRo,1,22585,7,AUCKLAND,50.69922454,0.0002985634,1.0,0.44168546999999997,0.00010907333333333334
3882,Bulker,4,37085,5,TAURANGA,42.52555556,0.0002151599,1.0,0.505701285,0.00010702
3883,Bulker,4,37085,5,TAURANGA,38.52186343,0.000221175,1.0,0.5186524,0.00010702
3884,Bulker,0,37085,6,NAPIER,35.61670139,0.0002577657,1.0,0.44538376,0.00011493599999999999
3885,Bulker,4,37085,7,TAURANGA,45.96346065,0.0002391565,1.0,0.35019818333333336,0.00011177666666666666
3886,Bulker,0,37085,5,TAURANGA,26.03068287,0.0002627513,1.0,0.56360077,0.00011533
3889,RoRo,0,18418,7,AUCKLAND,37.49130787,0.0003862833,1.0,0.5100202416666666,0.00012247666666666667
3891,General Cargo,4,29118,6,TAURANGA,49.32207176,0.0002619332,1.0,0.473578382,0.00011062999999999999
3894,Bulker,1,29078,6,TIMARU,55.29511574,0.000169048,1.0,0.38043393999999997,8.931e-05
3899,Bulker,1,34236,7,TAURANGA,47.55240741,0.0002560475,1.0,0.35785728,0.000118265
3901,General Cargo,4,29840,7,NAPIER,50.97136574,0.0003759246,0.9999996666666666,0.49004044666666663,0.00012238333333333332
3905,General Cargo,4,29863,5,NAPIER,54.61459491,0.0002471604,0.99999975,0.4880041275,0.0001221175
3908,General Cargo,4,29902,5,NELSON,56.88675926,0.0003013531,0.999996,0.5880603675,0.00011899249999999998
3909,General Cargo,4,29902,5,NEW PLYMOUTH,56.57532407,0.0002138983,0.999999,0.4327383775,0.0001181275
3921,General Cargo,4,29496,5,NEW PLYMOUTH,53.01271991,0.0002383964,1.0,0.48458134999999997,0.0001197925
3922,General Cargo,4,29496,7,WELLINGTON,48.10765046,0.0003738054,0.9999990000000002,0.4898085033333333,0.00011972333333333333
3926,Bulker,4,32203,6,TAURANGA,53.85899306,0.0002221552,1.0,0.391258092,0.000116236
3927,Bulker,4,32203,6,NEW PLYMOUTH,57.85572917,0.0001740359,1.0,0.4115452700000001,8.793999999999997e-05
3931,Bulker,4,32976,7,WELLINGTON,51.72357639,0.0001993538,1.0,0.31157163833333335,0.00011067999999999999
3940,Bulker,4,34481,6,AUCKLAND,55.53768519,0.0002673339,1.0,0.42114664,0.000118654
3943,RoRo,0,18396,7,AUCKLAND,36.98513889,0.0004281783,0.9999996666666666,0.5561836533333333,0.00012481
3947,Bulker,4,37633,5,TAURANGA,44.86722222,0.000212448,1.0,0.4802333575,0.0001103075
3949,Bulker,4,37629,7,TAURANGA,54.3843287,0.0003250108,0.9999935,0.42203123,0.00012105333333333331
3950,Bulker,4,37629,5,TAURANGA,50.52762731,0.000272752,0.9999899999999999,0.57908454,0.00011083
3957,Bulker,4,58044,5,WELLINGTON,50.90875,0.0002209801,0.9999985,0.5145028475,0.000109405
3963,Bulker,4,24377,5,NELSON,53.40173611,0.0002116888,0.999966,0.51382984,9.886499999999998e-05
3968,Bulker,1,36612,5,TIMARU,48.48240741,0.0001699258,1.0,0.4275926875,0.00010206749999999999
3976,Container,0,30700,7,AUCKLAND,41.51579861,0.0002755788,0.9997025,0.4056290283333333,0.00011203333333333332
3977,Container,0,30700,7,AUCKLAND,40.75481481,0.0002805806,0.9997025,0.41301497666666664,0.00011203333333333332
3978,Container,0,30700,7,AUCKLAND,38.80194444,0.0002775645,0.9997025,0.40866374499999997,0.00011203333333333332
3979,Container,0,30700,7,AUCKLAND,33.27954861,0.0002954654,0.9996925,0.42929630166666666,0.00011421666666666667
3980,Container,0,30700,7,AUCKLAND,40.26047454,0.0002832289,0.9997025,0.41696843499999997,0.00011203333333333332
3982,Container,0,30700,7,AUCKLAND,45.54961806,0.0002751207,0.9997418333333333,0.37094762166666667,0.00012312
3983,Container,0,30700,7,AUCKLAND,29.2628125,0.0002911093,0.9997418333333333,0.4141412816666667,0.00011961333333333334
3984,Container,0,30700,7,AUCKLAND,29.0784838,0.0002855771,0.9997418333333333,0.405932625,0.00011961333333333334
3985,Container,0,30700,7,AUCKLAND,35.32412037,0.0002656745,1.0,0.37121278999999996,0.00012227
3986,Container,0,30700,7,AUCKLAND,29.69940972,0.0002874187,0.9997418333333333,0.40863875,0.00011961333333333334
3989,Container,0,30814,7,AUCKLAND,33.51709491,0.0002891984,0.9997025,0.42817476000000004,0.00011203333333333332
3990,Container,0,30814,7,AUCKLAND,40.00815972,0.000272201,0.9997025,0.40074964500000004,0.00011203333333333332
3991,Container,0,30814,7,AUCKLAND,45.42966435,0.0002735918,0.9997025,0.40269130666666664,0.00011203333333333332
3992,Container,0,30814,7,AUCKLAND,42.77596065,0.0002725486,0.9997025,0.4010981116666667,0.00011203333333333332
3993,Container,0,30814,7,AUCKLAND,38.71395833,0.0002810714,0.9997025,0.41390341,0.00011203333333333332
3994,Container,0,30814,7,AUCKLAND,42.9578588,0.0002732528,0.9994443333333334,0.3979032516666667,0.00011421666666666667
3995,Container,0,30814,6,AUCKLAND,34.7402662,0.0002456287,0.9996902000000001,0.42685912400000003,0.000117146
3996,Container,0,30814,7,AUCKLAND,29.98699074,0.0002912585,0.9997418333333333,0.4148400350000001,0.00011961333333333334
3998,Container,0,30814,7,AUCKLAND,30.90648148,0.0002973,0.9996925,0.4321620016666666,0.00011421666666666667
3999,Container,0,30814,7,AUCKLAND,34.44322917,0.0002909345,0.9996925,0.4226903116666667,0.00011421666666666667
4000,Container,0,30814,7,AUCKLAND,39.41996528,0.0002719864,0.9997025,0.40044223500000004,0.00011203333333333332
4002,Container,0,30813,7,AUCKLAND,27.74189815,0.0002772098,0.9997418333333333,0.4309680683333333,0.00010731333333333331
4003,Container,0,30813,7,AUCKLAND,32.34548611,0.000283026,0.9997418333333333,0.40880169833333335,0.00011752500000000001
4004,Container,4,30813,7,AUCKLAND,49.07127315,0.0002441564,0.9996265000000001,0.3231209116666667,0.00012401666666666668
4005,Container,4,30813,7,AUCKLAND,45.1803588,0.0002431398,1.0,0.33836424833333334,0.00012187000000000001
4006,Container,0,30813,7,AUCKLAND,46.23247685,0.0002728977,0.9996533333333333,0.36605836666666663,0.00012401666666666668
4007,Container,0,30813,7,AUCKLAND,33.4459375,0.0002837967,0.9997418333333333,0.3962149,0.00012183333333333334
4008,Container,0,30813,7,AUCKLAND,45.39280093,0.0002656502,0.9997418333333333,0.35830884166666666,0.00012312
4009,Container,0,30813,7,AUCKLAND,29.16883102,0.0002944795,0.9997418333333333,0.418971715,0.00011961333333333334
4010,Container,0,30813,7,AUCKLAND,25.7615625,0.0003002918,0.9997418333333333,0.4428232649999999,0.00011477333333333331
4011,Container,0,30813,7,AUCKLAND,31.92703704,0.0002886494,0.9997418333333333,0.41099167166666667,0.00011961333333333334
4012,Container,0,30813,7,AUCKLAND,28.08521991,0.0002932452,0.9997418333333333,0.43333168,0.00011477333333333331
4013,Container,0,30813,7,AUCKLAND,32.67200231,0.000282441,0.9997418333333333,0.403268875,0.00011961333333333334
4014,Container,0,30813,7,AUCKLAND,28.79545139,0.0002923619,0.9997418333333333,0.416105145,0.00011961333333333334
4016,Container,0,30852,7,AUCKLAND,25.13863426,0.0002818795,0.9997418333333333,0.43798632,0.00010731333333333331
4017,Container,0,30852,7,AUCKLAND,35.00873843,0.0002793284,0.9997418333333333,0.42213868166666674,0.00011121999999999998
4018,Container,0,30852,7,AUCKLAND,31.83965278,0.0002796705,0.9997418333333333,0.4205358133333333,0.00011215333333333334
4019,Container,0,30852,7,AUCKLAND,38.09303241,0.0002798614,0.9997418333333333,0.396766565,0.00011921333333333333
4020,Container,0,30852,7,AUCKLAND,31.51880787,0.0002824223,0.9997418333333333,0.39460658333333337,0.00012183333333333334
4021,Container,0,30852,7,AUCKLAND,22.69228009,0.0003003238,0.9994183333333334,0.4567343533333334,0.00010949666666666665
4022,Container,0,30852,7,AUCKLAND,36.00002315,0.0002655439,0.9997418333333333,0.3928183916666667,0.00011407333333333332
4025,Container,0,31756,7,AUCKLAND,30.8827662,0.0002927143,0.9997418333333333,0.43987072166666663,0.00011215333333333334
4026,Container,0,31756,7,AUCKLAND,29.31841435,0.0002920815,0.9997418333333333,0.4393032116666667,0.00011215333333333334
4027,Container,0,31756,7,AUCKLAND,26.74402778,0.0002871019,0.9997418333333333,0.4464539366666667,0.00010731333333333331
4028,Container,0,31756,7,AUCKLAND,34.73165509,0.0002860418,0.9997418333333333,0.41591554666666664,0.00011699333333333333
4029,Container,0,31756,7,AUCKLAND,31.83296296,0.0002857774,0.9997418333333333,0.43042315499999995,0.00011215333333333334
4030,Container,0,31756,7,AUCKLAND,44.91094907,0.0002757848,0.9997418333333333,0.4013790483333333,0.00011606000000000001
4031,Container,0,31756,7,AUCKLAND,31.83609954,0.0002900248,0.9997418333333333,0.41305214333333334,0.00011961333333333334
4034,Container,4,30721,7,AUCKLAND,50.49545139,0.0002397798,0.9996918333333333,0.31709449166666664,0.00012401666666666668
4035,Container,0,30721,7,AUCKLAND,38.51957176,0.0002825281,0.9997418333333333,0.4004191383333333,0.00011921333333333333
4036,Container,0,30721,7,AUCKLAND,32.34086806,0.0002853033,0.9997418333333333,0.39849285,0.00012183333333333334
4037,Container,0,30721,7,AUCKLAND,30.96275463,0.0002866479,0.9997418333333333,0.39983756500000006,0.00012183333333333334
4038,Container,0,30721,7,AUCKLAND,33.28395833,0.0002836858,0.9997418333333333,0.39660818166666667,0.00012183333333333334
4039,Container,0,30721,7,AUCKLAND,35.64125,0.0002855633,0.9997418333333333,0.41449410833333333,0.00011606000000000001
4040,Container,0,30721,7,AUCKLAND,33.70429398,0.0002918321,0.9997418333333333,0.41563846833333334,0.00011961333333333334
4041,Container,0,30721,7,AUCKLAND,25.72305556,0.0002998391,0.9997418333333333,0.4425491733333333,0.00011477333333333331
4043,General Cargo,0,31288,6,AUCKLAND,28.21869213,0.0004137582,0.9996430000000001,0.722863534,0.00011385799999999999
4044,General Cargo,0,31288,7,AUCKLAND,29.83707176,0.0004500594,0.9997025,0.6563172333333332,0.000113505
4045,General Cargo,0,31288,7,AUCKLAND,34.845625,0.000433327,0.9997025,0.6396660433333333,0.00011203333333333332
4049,Bulker,4,28190,5,LYTTELTON,58.64460648,0.0002534127,0.9999957500000001,0.538660455,0.0001141925
4050,Bulker,4,28190,5,TAURANGA,57.54611111,0.0002572172,0.9999972500000001,0.5506858525,0.00011115499999999999
4051,Bulker,4,28190,6,TAURANGA,50.98908565,0.000263824,0.9999978,0.431867864,0.00011235799999999998
4052,Bulker,4,28190,7,TAURANGA,45.22582176,0.0003442179,0.999998,0.46055889,0.00011910833333333332
4058,Tanker,4,7532,7,LYTTELTON,58.63619213,0.000108767,1.0,0.21146275,8.576999999999999e-05
4060,Tanker,0,7532,5,PORT CHALMERS,41.55960648,0.0001211358,0.99999225,0.33673351,0.0001034225
4070,Bulker,4,40481,7,WELLINGTON,57.58777778,0.0002438594,0.9999888333333332,0.4248596966666667,9.086e-05
4071,Bulker,4,40481,6,TAURANGA,47.27394676,0.0002524993,1.0,0.41706530399999997,0.00011551000000000001
4075,Container,0,62134,6,AUCKLAND,54.5996875,0.0002000708,0.9999929999999999,0.329475366,0.00011936600000000001
4077,Tanker,4,49990,6,TAURANGA,58.64163194,0.0002122879,0.9999998,0.363598788,0.000120538
4083,Bulker,4,32071,7,GISBORNE,59.57826389,0.0002853467,0.9999983333333334,0.3875221583333333,0.00011622333333333332
4086,RoRo,0,16758,7,AUCKLAND,19.79159722,0.000413502,0.9999768333333333,0.5395817916666666,0.00012929333333333334
4087,RoRo,0,16758,7,AUCKLAND,33.87960648,0.0004249235,0.9999941666666666,0.5317379833333334,0.000130055
4089,Bulker,4,36006,7,TAURANGA,53.42071759,0.000374928,0.9999881666666667,0.46689613166666666,0.00013146166666666665
4091,Bulker,4,35947,5,NAPIER,57.15337963,0.0002466442,0.99999525,0.54707975,0.00010604249999999999
4092,Bulker,4,35947,6,WELLINGTON,54.2015625,0.0002247192,1.0,0.39923821400000004,0.00011493600000000001
4093,Bulker,3,35947,5,WELLINGTON,40.85881944,0.0002452887,0.99998475,0.52586303,0.000123025
4095,Other,0,5488,6,NEW PLYMOUTH,34.1302662,9.11111e-05,1.0,0.18173110399999998,9.6904e-05
4096,Other,0,5488,5,NEW PLYMOUTH,37.15253472,0.0001021039,1.0,0.204556755,0.000122255
4098,General Cargo,0,5488,7,NAPIER,48.15864583,0.0001337273,1.0,0.20166332500000003,9.902166666666667e-05
4116,Bulker,1,55848,6,LYTTELTON,43.10626157,0.000261132,1.0,0.44273615799999994,0.00011796999999999998
4121,Bulker,4,28195,5,AUCKLAND,59.04841435,0.000266496,0.9999782500000001,0.49045646,0.0001343825
4123,Bulker,4,28195,5,GISBORNE,47.83016204,0.0001825185,1.0,0.40489749750000004,0.000112065
4125,Bulker,4,28195,5,GISBORNE,50.14981481,0.0002516639,0.99997075,0.5107522425,0.000124035
4127,General Cargo,4,28206,5,LYTTELTON,36.98864583,0.0002586028,0.99997875,0.59496971,0.000109405
4128,General Cargo,0,28206,7,PORT CHALMERS,42.00997685,0.0003200532,0.9999993333333334,0.5060264366666666,0.00010539666666666666
4134,Container,0,24157,7,AUCKLAND,44.30945602,0.0001847472,1.0,0.2658988916666667,0.00011378500000000002
4135,Container,0,24157,5,AUCKLAND,43.36766204,0.0001410369,0.99996625,0.2660551575,0.0001325625
4138,Container,0,51822,7,WELLINGTON,33.91011574,0.0002596424,0.999999,0.4316673183333333,0.00010048166666666666
4139,Container,0,51822,7,AUCKLAND,36.24793981,0.0002870044,1.0,0.4198451283333333,0.00011376333333333334
4141,Container,0,51822,7,AUCKLAND,40.83414352,0.0003130368,1.0,0.43126018833333335,0.00012010500000000002
4142,Container,0,51822,7,AUCKLAND,30.13684028,0.0003232351,1.0,0.43328045333333326,0.00012459166666666668
4145,Bulker,4,35991,7,GISBORNE,49.93592593,0.0002657835,0.9999996666666666,0.357566935,0.000119685
4146,Bulker,4,35991,7,WELLINGTON,54.18482639,0.00029972,0.9999990000000002,0.4152317383333333,0.0001031
4149,RoRo,4,36005,7,GISBORNE,54.45957176,0.0004092807,0.9999996666666666,0.5310301966666666,0.00012670333333333333
4154,Tanker,0,49916,7,NEW PLYMOUTH,50.02731481,0.0002096743,0.9999958333333333,0.31527937666666667,0.00010219
4159,Container,0,51731,5,NELSON,19.73678241,0.0001957709,0.9999965,0.540172195,8.926e-05
4160,Container,0,51731,7,AUCKLAND,42.21340278,0.0003409668,0.9999615,0.46000387499999995,0.000122355
4165,Container,0,51731,7,AUCKLAND,26.51925926,0.0003903131,0.9999621666666667,0.5226631733333333,0.000122355
4173,Container,1,66347,7,TAURANGA,51.43743056,0.0003708341,0.999994,0.47599914000000004,0.00012723166666666667
4174,Container,1,66347,6,AUCKLAND,44.40512731,0.0003139064,0.9999800000000001,0.516683448,0.00011791799999999999
4175,Container,1,66347,5,AUCKLAND,48.40146991,0.000185441,1.0,0.4190325825,0.0001101675
4179,Container,1,66347,5,AUCKLAND,44.86239583,0.0001965723,1.0,0.44928447,0.00011016750000000001
4183,Container,1,66347,5,AUCKLAND,42.57912037,0.0002031777,1.0,0.4633457325,0.00011016750000000001
4196,Bulker,4,28208,6,TAURANGA,58.14701389,0.0002653448,0.9999998,0.404063136,0.000123106
4198,Bulker,1,28250,6,TAURANGA,55.53333333,0.0001815353,1.0,0.301710856,0.00012040799999999999
4200,Bulker,0,28250,5,NAPIER,42.28811343,0.0001362804,1.0,0.3987747075,8.5025e-05
4209,Container,0,80115,5,TAURANGA,27.32141204,0.0003058646,0.9999885000000001,0.613980365,0.00012217
4210,Container,0,80115,5,TAURANGA,25.73460648,0.0003012691,0.9999885,0.6063730549999999,0.00012217
4213,Container,0,80115,7,TAURANGA,36.50680556,0.000377237,0.9999941666666666,0.5217145366666667,0.00011989666666666667
4220,Container,0,80115,5,TAURANGA,24.96282407,0.000286718,0.99999125,0.6083229,0.0001164
4223,Container,0,80115,5,TAURANGA,36.32351852,0.00026913,0.999991,0.55110437,0.0001214625
4229,Tanker,2,49999,6,TIMARU,24.86688657,0.0001852146,1.0,0.43966590400000005,8.587e-05
4233,Tanker,4,51565,6,PORT CHALMERS,57.93231481,0.0001993712,0.9999600000000001,0.380332178,0.00010200400000000001
4238,Bulker,4,35439,7,TAURANGA,48.65767361,0.0002633767,1.0,0.39664514666666667,0.00011088666666666668
4239,Bulker,4,35439,6,TIMARU,58.15672454,0.0001617392,1.0,0.371830518,8.665e-05
4240,Bulker,4,35439,5,NEW PLYMOUTH,38.54309028,0.0001903565,1.0,0.5188284925,9.488e-05
4241,Bulker,4,35439,7,TIMARU,55.07887731,0.0001848698,1.0,0.3659035316666667,8.740999999999999e-05
4242,Bulker,4,35439,5,TAURANGA,46.51597222,0.0002227062,1.0,0.5033082125,0.00011063
4243,Bulker,4,35439,5,NEW PLYMOUTH,46.85572917,0.0001655315,1.0,0.4858707125,8.487999999999999e-05
4246,Bulker,4,35391,6,WELLINGTON,51.13969907,0.0002435326,1.0,0.41572095000000003,0.000113714
4248,Bulker,4,35391,5,WELLINGTON,57.12233796,0.0002067087,0.9999855,0.5134037425,9.595e-05
4252,Bulker,4,58651,7,NELSON,51.5793287,0.0003749143,0.9999948333333332,0.48479058666666663,0.00012453666666666666
4257,Bulker,4,32318,5,TIMARU,43.59429398,0.0001967197,1.0,0.45857213250000006,0.000112235
4258,Bulker,4,32318,6,NEW PLYMOUTH,53.06403935,0.0001813584,1.0,0.43184118,8.386399999999998e-05
4267,General Cargo,4,5488,7,NAPIER,57.98489583,0.0001191554,1.0,0.2004786066666667,9.112999999999999e-05
4273,RoRo,1,19227,7,AUCKLAND,42.71851852,0.0003964389,0.9999996666666666,0.5214057783333333,0.000125505
4274,RoRo,0,19227,5,AUCKLAND,25.97082176,0.0003273938,0.9999782500000001,0.64540924,0.0001237225
4278,Bulker,4,38215,6,TAURANGA,58.91748843,0.0002867827,0.9999914000000001,0.430601072,0.000132654
4282,Bulker,4,33438,6,TAURANGA,59.98195602,0.000285943,1.0,0.43345042200000006,0.00013195
4286,Container,1,51939,5,TAURANGA,40.81119213,0.0002804543,0.999991,0.52186575,0.00013385749999999998
4289,Container,1,51939,5,TAURANGA,49.23865741,0.000221078,0.999991,0.436892355,0.0001231375
4290,Container,1,51939,5,TAURANGA,56.22959491,0.0001906506,0.999991,0.35461919249999996,0.00013385749999999998
4291,Container,1,51939,6,AUCKLAND,33.41137731,0.000224213,1.0,0.426460772,0.000103816
4292,Container,1,51939,5,AUCKLAND,58.28033565,0.0001748085,1.0,0.39548860500000005,0.0001101675
4296,Container,1,51939,6,AUCKLAND,44.79121528,0.0002208828,1.0,0.408912278,0.00010754200000000001
4300,Container,1,51939,5,AUCKLAND,45.02893519,0.0001795305,1.0,0.4058290025,0.0001101675
4313,Bulker,4,40481,6,NELSON,52.13574074,0.0002041147,1.0,0.378867134,9.882e-05
4318,Bulker,4,40481,6,TAURANGA,58.94958333,0.0002099712,1.0,0.38036132599999994,0.000109724
4331,Bulker,4,35097,6,LYTTELTON,53.67452546,0.0001946978,0.999976,0.389694444,0.00010270200000000001
4334,Bulker,4,33382,5,LYTTELTON,47.455625,0.0001688528,1.0,0.49308001500000004,8.55725e-05
4339,Bulker,1,35053,7,TAURANGA,46.38482639,0.0002523285,1.0,0.351121245,0.00012049833333333333
4345,Bulker,4,35322,7,NEW PLYMOUTH,58.14806713,0.0001810123,1.0,0.33636425499999995,0.00010256999999999998
4348,Bulker,4,37503,7,PORT CHALMERS,59.74190972,0.0002442659,0.9999715,0.3910832266666667,0.00010074833333333333
4351,Bulker,4,37649,7,TIMARU,50.75835648,0.0002378652,0.9999988333333333,0.37600555166666666,0.00010539666666666666
4352,Bulker,4,37649,5,LYTTELTON,38.87150463,0.0002412254,0.99999875,0.56148414,0.000109405
4354,Container,3,13102,7,AUCKLAND,23.35959491,0.0002053361,0.9999759999999999,0.270433865,0.00012460333333333333
4382,Bulker,1,33355,6,TAURANGA,38.65887731,0.0002571484,1.0,0.4039313,0.00013331
4384,Tanker,0,49859,6,TAURANGA,47.74082176,0.0001761827,1.0,0.309046578,0.00011545000000000001
4388,Bulker,4,28208,5,TAURANGA,53.48530093,0.000223447,0.99998025,0.499570775,0.00011054250000000001
4389,Bulker,4,28208,5,TAURANGA,37.61418981,0.0001998561,1.0,0.49236841750000004,0.00010055749999999999
4392,Bulker,4,28208,6,NAPIER,53.54259259,0.0001825844,0.9999967999999999,0.396950514,9.9868e-05
4397,Bulker,4,57905,5,NEW PLYMOUTH,47.09170139,0.0001967009,1.0,0.44557187249999997,0.00010934999999999999
4400,Bulker,4,35573,7,TIMARU,46.42063657,0.0002358837,0.9999988333333333,0.372863175,0.00010539666666666666
4405,Tanker,1,49990,5,TAURANGA,55.01777778,0.0001853188,1.0,0.4086154,0.000113225
4411,Container,4,4476,6,LYTTELTON,48.44405093,4.59268e-05,0.9999798,0.095895688,9.236400000000001e-05
4413,RoRo,1,31340,7,AUCKLAND,55.53097222,0.0003054078,0.9999996666666666,0.4280233283333333,0.00011541166666666668
4415,Bulker,4,34358,5,WELLINGTON,52.68885417,0.0001685106,1.0,0.49610031,8.502499999999999e-05
4416,Bulker,4,34358,5,GISBORNE,41.1825,0.000245181,1.0,0.50067952,0.0001256375
4418,Bulker,0,34393,6,AUCKLAND,29.72834491,0.0003398739,1.0,0.587865722,0.00011581
4419,Bulker,4,34393,7,NAPIER,59.80875,0.0002397057,1.0,0.34472061833333334,0.00010966166666666667
4420,Bulker,4,34393,5,TAURANGA,59.02659722,0.0001993131,1.0,0.4193906075,0.00011876000000000001
4421,Bulker,4,34393,5,TAURANGA,59.50677083,0.0002762946,0.99999975,0.5150095925,0.000133675
4422,Bulker,4,34393,6,TAURANGA,52.76594907,0.0002809707,1.0,0.42043960599999997,0.00012689599999999999
4424,Bulker,4,34393,5,GISBORNE,48.59215278,0.0002383541,1.0,0.48994276000000003,0.0001150625
4426,Tanker,0,19993,5,TAURANGA,44.05101852,0.0001788082,1.0,0.3734065125,0.00011536000000000001
4427,Tanker,0,19993,7,TAURANGA,41.92391204,0.0002328044,1.0,0.329674735,0.00011488
4428,Other,3,4000,5,NEW PLYMOUTH,21.75516204,9.36824e-05,1.0,0.17855975,0.00013117
4431,Bulker,4,28316,5,TAURANGA,39.11181713,0.0002801385,0.999992,0.54859893,0.000128285
4433,RoRo,0,18556,7,AUCKLAND,25.81408565,0.0003843235,0.9999768333333333,0.5022451783333334,0.00012929333333333334
4434,RoRo,3,18556,5,AUCKLAND,49.86996528,0.0002536263,0.99993425,0.48758231750000003,0.0001285775
4436,Bulker,4,61323,5,WELLINGTON,46.85417824,0.0002055715,0.9999985,0.5517879250000001,9.072249999999998e-05
4456,Container,0,13054,6,TAURANGA,45.97170139,0.0001352897,0.9999906,0.218665744,0.000123912
4459,Container,3,13054,6,AUCKLAND,21.18972222,0.0001671055,0.9996296000000001,0.28819746,0.00011600999999999998
4466,Container,0,13048,7,TAURANGA,32.21826389,0.0001628897,1.0,0.26051701666666666,0.00010472833333333332
4467,Container,3,13048,7,TAURANGA,26.16971065,0.0001751354,0.9999136666666667,0.25946296166666666,0.00011022666666666665
4468,Container,3,13048,7,TAURANGA,20.58890046,0.0001873875,0.9999136666666667,0.27884291166666664,0.00011022666666666665
4469,Container,3,13048,7,TAURANGA,30.00219907,0.0001811058,0.9999118333333334,0.2569579166666667,0.00011746333333333332
4503,Container,1,30337,7,TAURANGA,42.28872685,0.0002366166,0.9999998333333333,0.3282514966666667,0.00011819499999999999
4504,Container,1,30337,7,TAURANGA,33.48392361,0.0002784612,0.9999136666666667,0.38468156833333333,0.00011951999999999998
4505,Container,1,30337,7,TAURANGA,33.79898148,0.0002698357,0.9999136666666667,0.3724100766666667,0.00011951999999999998
4506,Container,1,30337,7,TAURANGA,39.33690972,0.000269992,0.9999136666666667,0.3701648833333333,0.00012063666666666667
4507,Container,1,30337,7,TAURANGA,33.78546296,0.0002921744,0.9999095000000001,0.39703109999999997,0.000120985
4508,Container,1,30337,7,TAURANGA,33.03739583,0.0003171357,0.9999076666666666,0.41793366666666665,0.000125345
4509,Container,1,30337,7,WELLINGTON,41.64141204,0.0002326145,0.9999984999999999,0.3519644516666667,0.00010718499999999998
4510,Container,1,30337,7,TAURANGA,36.13246528,0.0003047954,0.9999076666666666,0.401320065,0.000125345
4536,RoRo,3,30796,5,AUCKLAND,22.27914352,0.0003908144,0.9999995,0.7337645349999999,0.000132395
4546,Bulker,4,39757,6,TAURANGA,54.55594907,0.0002652134,1.0,0.42755369400000004,0.00012213599999999998
4549,General Cargo,1,39763,5,TIMARU,48.47831019,0.000204359,1.0,0.548299415,9.318e-05
4556,Bulker,4,34402,6,TAURANGA,42.01619213,0.000331749,0.9999976,0.498645608,0.000129204
4558,Bulker,1,34402,7,TAURANGA,51.61550926,0.000352624,0.9999995,0.4903892033333333,0.00011500666666666666
4565,RoRo,3,22068,6,AUCKLAND,43.60428241,0.0003903306,0.9999822,0.57443951,0.000137746
4566,RoRo,1,22068,7,AUCKLAND,55.34269676,0.0003650462,0.9999851666666667,0.47048195333333337,0.00012305666666666666
4567,RoRo,1,22068,7,AUCKLAND,46.71965278,0.0003039694,1.0,0.45670682166666676,0.00010786166666666666
4569,RoRo,1,22088,5,AUCKLAND,29.56928241,0.0003496013,0.99997775,0.64352867,0.0001372025
4572,RoRo,1,21983,7,AUCKLAND,50.72084491,0.000379028,0.9999851666666667,0.4895250116666667,0.00012305666666666666
4574,General Cargo,0,12100,7,PORT CHALMERS,31.56534722,0.0001870486,1.0,0.37196977333333336,8.381999999999998e-05
4576,Container,0,24475,7,AUCKLAND,29.74087963,0.0002610119,0.9999818333333333,0.3516435216666667,0.00012122666666666668
4581,Tanker,4,49990,7,TAURANGA,54.68116898,0.0002134007,0.9999981666666667,0.27081433666666666,0.00012403333333333336
4587,Tanker,3,4755,7,NEW PLYMOUTH,52.78033565,0.0001001283,0.9999350000000001,0.19943863166666667,9.769000000000001e-05
4591,Tanker,2,4755,7,LYTTELTON,22.87608796,0.0001411905,0.9999818333333333,0.24384608666666666,8.92e-05
4593,Container,1,26947,7,TAURANGA,37.87957176,0.0002457904,0.9999153333333334,0.34484568499999996,0.00011718166666666668
4594,Container,1,26947,7,TAURANGA,33.24568287,0.0002983915,0.9999076666666666,0.39544522,0.00012413333333333333
4595,Container,1,26947,7,TAURANGA,40.41391204,0.0002623695,0.9999076666666666,0.3476947166666667,0.00012413333333333333
4596,Container,2,26947,7,TAURANGA,25.54045139,0.000301039,0.9998988333333334,0.3997117366666667,0.00012433166666666665
4597,Container,1,26947,7,TAURANGA,32.6552662,0.0003023758,0.9999076666666666,0.40063332166666665,0.00012413333333333333
4598,Container,1,26947,7,TAURANGA,32.54659722,0.0002991068,0.9999076666666666,0.39652001166666667,0.00012413333333333333
4600,Container,1,26947,7,TAURANGA,41.62028935,0.0002754929,0.9999076666666666,0.3628687366666667,0.00012525
4601,Container,1,26947,7,TAURANGA,38.45306713,0.0002774579,0.9999076666666666,0.36510622499999995,0.000125345
4602,Container,2,26947,7,TAURANGA,23.95924769,0.000308046,0.9998988333333334,0.40902275000000005,0.00012433166666666665
4604,Container,1,27025,7,TAURANGA,40.83270833,0.0002646587,0.9999095000000001,0.3594688633333334,0.00012033
4605,Container,1,27025,7,TAURANGA,39.1775463,0.0002947196,0.9999076666666666,0.3883902166666667,0.00012525
4606,Container,1,27025,7,TAURANGA,36.68833333,0.0002750588,0.9999095000000001,0.37310217500000004,0.000120985
4607,Container,1,27025,7,TAURANGA,34.04351852,0.0002956056,0.9999076666666666,0.39176423,0.00012413333333333333
4608,Container,1,27025,7,NELSON,30.4246875,0.0002609776,0.9999599999999998,0.41137006000000004,0.0001024
4609,Container,1,27025,7,TAURANGA,33.47150463,0.000298162,0.9999076666666666,0.39520032166666663,0.00012413333333333333
4610,Container,1,27025,7,TAURANGA,43.20997685,0.0002601246,0.9999135,0.35290238999999995,0.00012033
4611,Container,1,27025,7,AUCKLAND,35.77246528,0.0002901328,0.9997193333333333,0.384026545,0.00012413333333333333
4612,Container,1,27025,7,TAURANGA,37.71356481,0.0002833143,0.9999076666666666,0.37506123166666666,0.00012413333333333333
4613,Container,1,27025,7,TAURANGA,36.11069444,0.0002695332,0.9999135,0.36318534166666666,0.00012219666666666668
4617,Bulker,4,39836,5,TAURANGA,54.78185185,0.0002317746,1.0,0.48484402249999997,0.0001199875
4618,Bulker,1,39758,5,WELLINGTON,52.09130787,0.0002158997,1.0,0.462721315,0.00011037999999999998
4620,Bulker,3,39758,5,TAURANGA,26.49586806,0.0003739659,0.9999834999999999,0.7074190149999999,0.000132295
4622,Bulker,4,39784,5,AUCKLAND,33.51340278,0.0002814456,1.0,0.5332889350000001,0.00013195
4626,General Cargo,4,37693,7,TAURANGA,53.69157407,0.0003103783,1.0,0.436187455,0.00011930333333333334
4633,Tanker,1,49635,5,TAURANGA,50.53107639,0.0002137152,1.0,0.44519439250000004,0.0001233825
4635,Tanker,4,49635,6,TAURANGA,51.61702546,0.000208875,1.0,0.36846436000000005,0.00010831400000000001
4640,Bulker,4,34302,7,PORT CHALMERS,51.92306713,0.0002745011,0.9999548333333332,0.4734087816666667,9.601333333333332e-05
4647,Bulker,1,34302,7,NAPIER,45.85596065,0.0001759778,1.0,0.34133800499999994,8.488166666666667e-05
4653,Bulker,4,63276,5,LYTTELTON,54.6903588,0.000170463,1.0,0.47530631250000005,8.967e-05
4658,Container,1,30189,7,TAURANGA,37.46533565,0.0003092401,0.9999076666666666,0.40779178,0.00012525
4659,Container,1,30189,7,TAURANGA,31.50513889,0.000281103,0.9999136666666667,0.388328755,0.00011951999999999998
4660,Container,1,30189,7,TAURANGA,34.56159722,0.0003014477,0.9999076666666666,0.39983801666666663,0.00012413333333333333
4662,Container,1,30189,7,TAURANGA,33.41969907,0.0003152043,0.9999076666666666,0.4178909066666667,0.00012413333333333333
4663,Container,1,30189,7,TAURANGA,33.60280093,0.00029606,0.9999078333333333,0.39646702333333333,0.00012266833333333333
4664,Container,1,30189,7,AUCKLAND,34.89965278,0.0002942336,0.9997196666666667,0.39770957666666673,0.00012145666666666667
4666,Container,1,30136,7,TAURANGA,42.35951389,0.0002666873,0.9999048333333334,0.37175126833333333,0.00011785166666666666
4667,Container,1,30136,7,TAURANGA,39.43866898,0.000260303,0.9999136666666667,0.3630021116666667,0.00011765333333333334
4668,Container,1,30136,7,TAURANGA,33.1999537,0.0002712602,0.9999136666666667,0.374654155,0.00011951999999999998
4669,Container,1,30136,7,TAURANGA,36.32296296,0.0002663249,0.9999136666666667,0.36844301,0.000119425
4670,Container,1,30136,7,TAURANGA,32.5222338,0.0003136452,0.9999076666666666,0.4134428766666667,0.000125345
4671,Container,1,30136,7,TAURANGA,43.9580787,0.0002635429,0.9999135,0.3548380233333333,0.00012210166666666667
4672,Container,1,30136,7,AUCKLAND,35.8574537,0.0003085053,0.9997193333333333,0.40622365166666663,0.000125345
4673,Container,1,30136,7,TAURANGA,39.74380787,0.0002977862,0.9999076666666666,0.39423634999999996,0.00012413333333333333
4674,Container,1,30136,7,TAURANGA,35.39799769,0.000291283,0.9999078333333333,0.39042161999999997,0.00012266833333333333
4675,Container,1,30136,7,TAURANGA,34.97530093,0.0003064963,0.9999076666666666,0.40635850833333337,0.00012413333333333333
4677,Container,1,116851,6,TAURANGA,31.09378472,0.0003614861,1.0,0.555257792,0.000129596
4680,Tanker,4,49990,5,TAURANGA,46.00767361,0.0001627243,1.0,0.3770552825,0.00011132500000000001
4684,Container,0,65165,7,TAURANGA,33.84048611,0.0003794254,0.9999939999999999,0.5032654516666667,0.00012470666666666665
4685,Container,1,65165,5,AUCKLAND,43.31939815,0.0001864434,1.0,0.4212847825,0.0001101675
4689,Container,1,65165,5,AUCKLAND,50.89092593,0.0001883014,1.0,0.430479165,0.00011016750000000001
4693,Container,1,65165,5,AUCKLAND,45.08326389,0.0001975649,1.0,0.44684604250000004,0.0001101675
4698,Container,1,120964,7,TAURANGA,30.80068287,0.000441937,1.0,0.5707778466666666,0.000128345
4704,Container,1,112224,7,TAURANGA,52.22071759,0.0004073043,1.0,0.5206920266666667,0.00012998833333333334
4708,Tanker,3,4752,7,NEW PLYMOUTH,28.85412037,0.0001283146,0.9590339999999999,0.23871078166666668,9.862333333333333e-05
4711,Tanker,3,4752,6,NEW PLYMOUTH,23.21824074,0.000141988,0.9998444,0.313220856,0.00010209400000000002
4712,Tanker,3,4752,7,NEW PLYMOUTH,48.85695602,0.000117789,0.9998825,0.19470218000000003,9.270333333333333e-05
4714,General Cargo,3,37711,7,LYTTELTON,38.09188657,0.0004316,0.9999831666666666,0.5393920183333333,0.000131555
4717,Bulker,4,37686,7,NEW PLYMOUTH,59.63087963,0.0003204951,0.9999950000000001,0.42812287833333335,0.00011596833333333332
4719,Bulker,3,37686,7,NAPIER,40.34737269,0.0003872622,0.9999988333333333,0.48847279166666663,0.00012277
4722,RoRo,1,23889,7,AUCKLAND,31.26327546,0.0003694679,1.0,0.5301724933333333,0.00011537666666666668
4724,RoRo,1,23889,7,AUCKLAND,48.61997685,0.0003286854,1.0,0.48465871999999993,0.00011101333333333334
4726,Bulker,4,37707,6,NAPIER,59.71099537,0.0001523872,1.0,0.332420774,9.217599999999999e-05
4730,General Cargo,4,37720,5,AUCKLAND,46.10055556,0.0002931008,0.99999075,0.5804835075,0.000128285
4731,General Cargo,4,37720,5,AUCKLAND,54.02103009,0.0002208779,1.0,0.485986465,0.00011283
4732,General Cargo,4,37720,5,TAURANGA,41.46958333,0.000340186,0.99999175,0.643831885,0.0001321225
4733,General Cargo,1,37720,7,NAPIER,52.18760417,0.000333985,0.999997,0.5446315633333333,0.000108695
4735,General Cargo,4,37715,7,TIMARU,56.59079861,0.0002264741,1.0,0.43257565,8.727333333333334e-05
4738,General Cargo,1,37715,6,LYTTELTON,59.85538194,0.0002513411,1.0,0.40996624,0.00012226799999999998
4739,General Cargo,4,37715,5,TAURANGA,40.63049769,0.0002366162,1.0,0.5220236225,0.0001137075
4742,General Cargo,4,37613,6,AUCKLAND,56.75148148,0.0003508375,1.0,0.528724822,0.00013354400000000003
4748,Bulker,3,37574,6,TAURANGA,41.13436343,0.0003641667,0.9999931999999999,0.546773018,0.00013440799999999998
4751,Bulker,4,34334,6,TAURANGA,48.27407407,0.0002693513,0.9999978,0.44178968,0.00011235799999999998
4756,General Cargo,4,31798,6,NEW PLYMOUTH,49.68033565,0.0002690773,0.9999990000000001,0.51969992,9.548599999999999e-05
4760,RoRo,3,23786,5,AUCKLAND,30.61871528,0.0003632254,0.999969,0.6773882375,0.000134555
4762,RoRo,1,23786,7,AUCKLAND,38.6800463,0.0003696187,1.0,0.5299894533333332,0.00011537666666666668
4763,RoRo,1,23786,7,AUCKLAND,35.03217593,0.0003563083,1.0,0.51120708,0.00011537666666666668
4766,RoRo,1,23786,7,AUCKLAND,35.42445602,0.0003890142,1.0,0.5578260483333333,0.00011551833333333333
4767,RoRo,1,23786,7,AUCKLAND,35.38414352,0.0003471131,1.0,0.49801913000000003,0.00011537666666666668
4773,Bulker,4,63527,6,NELSON,56.17732639,0.000185269,1.0,0.42267045999999997,8.9536e-05
4776,General Cargo,4,36947,7,WELLINGTON,57.32408565,0.0003775355,0.9999995,0.5332042349999999,0.00011258
4781,General Cargo,3,63340,5,WELLINGTON,33.78527778,0.0003503661,0.999997,0.6877205074999999,0.00012942249999999998
4783,General Cargo,1,60494,5,TAURANGA,31.75664352,0.0003326696,1.0,0.5744393950000001,0.0001448
4788,Bulker,4,63500,7,NEW PLYMOUTH,53.37252315,0.0001757014,1.0,0.32916838,8.814666666666667e-05
4792,Bulker,4,61105,7,WELLINGTON,44.49949074,0.0001948314,1.0,0.36094786,9.228500000000002e-05
4795,Bulker,4,61115,6,WELLINGTON,53.53642361,0.0002364169,0.9999886,0.481864894,0.00010193799999999999
4796,Bulker,4,61115,6,NELSON,51.0022338,0.0002684446,0.9999986,0.43948629199999995,0.000118766
4797,Bulker,4,61115,5,WELLINGTON,28.13766204,0.0002433328,1.0,0.57741054,0.00010536
4802,Bulker,4,39172,5,GISBORNE,43.0050463,0.0002616589,0.9999995,0.53669797,0.00011577
4803,Bulker,4,39172,7,NEW PLYMOUTH,48.0462963,0.000265551,0.9999998333333333,0.37242504833333334,0.00011387166666666666
4804,Bulker,4,39172,5,GISBORNE,45.86565972,0.0003286759,0.99999675,0.6330993775,0.0001261
4808,RoRo,1,21856,7,AUCKLAND,59.41791667,0.0003408543,0.9999851666666667,0.42447250999999997,0.00013459833333333334
4809,RoRo,3,21856,5,AUCKLAND,30.77591435,0.0003762844,0.99997775,0.693679425,0.000136655
4817,Tanker,1,49990,7,TAURANGA,58.245,0.0001573633,1.0,0.26665631,9.759666666666667e-05
4818,Tanker,0,49990,6,TAURANGA,39.508125,0.0001860886,1.0,0.328133942,0.00011455
4824,Tanker,1,49999,7,TAURANGA,51.84664352,0.0002453418,0.9999155000000001,0.3292473516666667,0.0001286066666666667
4827,Tanker,0,49828,6,NEW PLYMOUTH,38.48355324,0.0001514413,1.0,0.361384012,8.382e-05
4833,Bulker,3,34327,7,AUCKLAND,44.30497685,0.0003590463,0.9999851666666667,0.484532845,0.00012924833333333331
4834,Bulker,4,34327,6,TAURANGA,57.05384259,0.000227577,1.0,0.406616006,0.00011648800000000001
4835,Bulker,4,34327,7,TAURANGA,51.70013889,0.0002649614,0.9999998333333333,0.36990706833333337,0.00011248166666666665
4836,Bulker,4,34327,7,AUCKLAND,49.78884259,0.0003222626,0.9999941666666666,0.4235475416666667,0.00012950666666666666
4837,Bulker,4,34327,6,TAURANGA,48.20278935,0.0002593259,0.9999998,0.44607629600000004,0.000108508
4844,Bulker,4,34327,5,TAURANGA,58.82914352,0.0001877296,1.0,0.4023131475,0.00012129000000000001
4847,Bulker,4,34376,5,TAURANGA,52.59489583,0.000161289,1.0,0.372771045,0.00010607
4848,Bulker,4,34376,6,TAURANGA,50.89096065,0.0002564926,1.0,0.46401007199999994,0.00011039
4852,Bulker,4,34376,7,TAURANGA,59.05826389,0.0002762013,0.9999981666666667,0.3861845083333333,0.00011640666666666668
4855,Tanker,0,12702,7,NEW PLYMOUTH,44.60565972,0.0002082207,0.9999781666666667,0.33754160833333335,0.00011044333333333333
4856,Tanker,0,12702,7,NEW PLYMOUTH,54.40105324,0.0001942593,0.9999933333333333,0.3517891933333333,0.000105345
4859,Bulker,4,39000,5,NEW PLYMOUTH,46.80545139,0.0001870719,1.0,0.43663269,0.000112235
4860,Bulker,4,39000,6,NEW PLYMOUTH,45.36023148,0.0002657812,0.9999718,0.546827736,9.7248e-05
4861,Bulker,4,39000,6,TAURANGA,57.6646412,0.0002326509,1.0,0.399642448,0.000122516
4866,General Cargo,4,63526,5,PORT CHALMERS,46.9468287,0.0002641733,1.0,0.5587196775000001,0.0001158025
4870,RoRo,1,21901,7,AUCKLAND,48.81666667,0.0002837287,1.0,0.4263461116666667,0.00010786166666666666
4873,Bulker,4,33443,5,AUCKLAND,48.00261574,0.0002450003,1.0,0.5082837675,0.00011568749999999999
4877,Bulker,4,35947,5,NELSON,50.99710648,0.0001937773,1.0,0.5155766525,0.000100045
4885,Bulker,4,34534,7,NELSON,57.81480324,0.0002895991,0.999982,0.4125930416666667,0.00010246666666666666
4889,Bulker,1,34533,5,LYTTELTON,38.6930787,0.0002185498,1.0,0.46316630000000003,0.00011797
4891,Bulker,3,34545,6,WELLINGTON,59.07484954,0.0002589548,0.9999834,0.475035206,0.00010543
4900,Bulker,4,35172,7,NAPIER,56.91138889,0.0003438698,0.9999961666666666,0.42565215500000003,0.00012463833333333332
4911,Bulker,4,35531,5,TAURANGA,56.37328704,0.0003069787,1.0,0.5655571975,0.0001356675
4912,Bulker,4,35531,7,GISBORNE,49.59321759,0.0003152939,1.0,0.41756569833333335,0.00011783333333333334
4913,Bulker,4,35531,7,NELSON,36.05800926,0.0003061635,0.9999998333333333,0.4386743183333333,0.00010154000000000001
4923,Bulker,4,39721,5,TAURANGA,59.8130787,0.0002195748,1.0,0.4976212825,0.00011033000000000001
4924,Bulker,3,39721,6,NEW PLYMOUTH,59.86326389,0.0002193483,0.999964,0.44841460400000005,0.00010820600000000001
4925,Bulker,4,39721,6,GISBORNE,53.9084375,0.0003629167,0.9999958,0.549208608,0.00012964799999999998
4931,Bulker,3,39828,6,GISBORNE,45.74863426,0.0003069612,0.9999928,0.488933834,0.000123574
4932,Bulker,4,39828,5,AUCKLAND,38.36949074,0.0002409184,1.0,0.4986246475,0.00012364
4933,Bulker,3,39828,6,TAURANGA,49.63137731,0.0003076548,0.9999739999999999,0.47997435599999994,0.000130846
4935,Bulker,3,39828,7,TAURANGA,38.89825231,0.0003655193,0.9999943333333333,0.451636315,0.00013587166666666664
4938,Bulker,4,39773,5,AUCKLAND,54.47741898,0.0003184248,0.99996275,0.6113416524999999,0.0001261
4940,Bulker,4,61192,7,WELLINGTON,55.0359375,0.0002047901,0.999999,0.370540975,8.744666666666666e-05
4945,Bulker,4,61171,5,TAURANGA,44.54258102,0.0002213866,1.0,0.5020102225,0.00010701999999999999
4959,Bulker,1,39685,6,TAURANGA,48.31012731,0.0002390372,1.0,0.40050120200000006,0.000118954
4960,Bulker,4,39685,5,GISBORNE,59.64490741,0.0002159908,0.9999975,0.4524733825,0.0001152675
4962,Bulker,4,39685,6,NAPIER,54.63267361,0.0002189943,0.9999992000000001,0.39585867399999997,0.00011497999999999999
4965,Bulker,3,39641,5,GISBORNE,29.48458333,0.0003423225,0.9999972500000001,0.633101045,0.000134555
4970,Bulker,1,39752,7,AUCKLAND,52.0583912,0.000260114,1.0,0.34083696666666663,0.00013522500000000002
4971,Bulker,4,39752,5,GISBORNE,49.53652778,0.0002478573,0.9999995,0.5078776174999999,0.0001219975
4974,Bulker,4,39752,5,TAURANGA,50.07545139,0.0001954893,1.0,0.4423712725,0.00011033000000000001
4979,Bulker,4,60935,5,NELSON,46.75144676,0.0002107143,1.0,0.47263155749999997,0.00010795499999999999
4988,Bulker,4,63560,7,WELLINGTON,56.83773148,0.0001836034,1.0,0.3596387383333333,8.616666666666667e-05
4992,Bulker,4,55183,6,WELLINGTON,47.82575231,0.0002368702,0.9999988,0.478981032,9.453599999999999e-05
4996,Bulker,4,38872,6,NEW PLYMOUTH,52.23447917,0.0001772857,0.9999998,0.4102848,8.718e-05
4997,Bulker,4,38872,7,NAPIER,47.66774306,0.0001770775,1.0,0.338290765,8.818666666666667e-05
4999,Bulker,3,38896,6,NAPIER,27.00107639,0.0002773797,0.9999962,0.579302738,0.000101866
5000,Bulker,1,38896,5,AUCKLAND,52.69677083,0.0001696492,1.0,0.41788282250000003,0.00010019250000000001
5001,Bulker,4,38894,7,AUCKLAND,53.40054398,0.0003455504,0.9999941666666666,0.48805987500000003,0.00011138166666666666
5002,Bulker,4,38894,6,NEW PLYMOUTH,49.51325231,0.000170535,1.0,0.40244105599999996,8.615999999999999e-05
5008,Bulker,4,38863,6,TAURANGA,55.33991898,0.0002767315,1.0,0.427653908,0.000123034
5009,Bulker,4,38852,6,NEW PLYMOUTH,57.51547454,0.0001660474,1.0,0.40277820599999997,8.533399999999999e-05
5010,Bulker,1,38852,7,TAURANGA,59.08672454,0.0003289018,1.0,0.41709662166666667,0.0001261316666666667
5011,Bulker,3,38852,5,PORT CHALMERS,41.26287037,0.0002749908,0.9999164999999999,0.581194065,0.00011837499999999999
5013,Bulker,4,38852,6,NEW PLYMOUTH,49.13047454,0.00025285,0.9999990000000001,0.46740469000000007,9.9066e-05
5016,Bulker,4,38859,6,NELSON,45.16520833,0.0003072098,0.9999649999999999,0.5404281940000001,0.00010409199999999999
5018,Bulker,4,38859,5,TAURANGA,56.01545139,0.0003290442,0.999989,0.6273543425,0.0001286325
5019,Bulker,4,38859,6,NEW PLYMOUTH,52.37594907,0.0002746479,0.999995,0.474971048,0.000107344
5025,Bulker,4,63498,6,NEW PLYMOUTH,55.13070602,0.0001962719,0.999995,0.42338177399999993,8.788799999999998e-05
5030,Bulker,3,39777,6,TAURANGA,48.28469907,0.0003398428,0.9999929999999999,0.520678066,0.00012649
5031,Bulker,4,39777,6,TAURANGA,48.39206019,0.0002723009,0.9999978,0.422812094,0.000129158
5032,Bulker,4,39777,7,GISBORNE,56.89157407,0.0003209034,0.9999921666666666,0.42874205000000004,0.00012212333333333332
5033,Bulker,4,39777,5,NEW PLYMOUTH,49.93864583,0.0001757604,1.0,0.49273573249999997,9.015000000000001e-05
5036,Bulker,4,39777,5,AUCKLAND,58.7303125,0.00028885,0.9999389999999999,0.57613089,0.00012507749999999998
5040,Bulker,4,39742,7,NEW PLYMOUTH,46.48543981,0.0003891522,0.9999941666666667,0.4893647666666667,0.00012001833333333332
5041,Bulker,3,39742,5,AUCKLAND,43.47980324,0.0003101674,0.9999775,0.56833113,0.00013610749999999998
5044,Bulker,4,39742,6,TAURANGA,42.0322338,0.0003291157,0.9999857999999999,0.523440186,0.00011986200000000001
5047,Bulker,1,39790,6,NAPIER,53.59475694,0.0002163392,1.0,0.369445706,0.00012155999999999998
5048,Bulker,4,39790,5,GISBORNE,48.1284375,0.0002692779,0.9999995,0.553686785,0.00011577
5050,RoRo,1,23786,7,AUCKLAND,42.75892361,0.0003572533,1.0,0.519691135,0.00011222500000000002
5051,RoRo,1,23786,7,AUCKLAND,37.06520833,0.0003443784,1.0,0.49381841666666665,0.00011537666666666668
5052,RoRo,1,23786,7,AUCKLAND,29.69038194,0.0003868984,1.0,0.5509034916666666,0.00011729
5054,RoRo,1,23786,5,AUCKLAND,51.81341435,0.0002986574,0.999969,0.5567175149999999,0.0001351025
5055,RoRo,1,23786,7,AUCKLAND,35.13880787,0.0003537668,1.0,0.5194796266666666,0.00011239333333333333
5068,Tanker,4,49994,7,NEW PLYMOUTH,59.01907407,0.0002462845,0.9999756666666667,0.3410939516666667,0.00010313833333333333
5071,Tanker,0,49993,7,NEW PLYMOUTH,46.11618056,0.0002779411,0.9999938333333334,0.3699597866666666,0.00011975999999999999
5072,Tanker,0,49993,7,NEW PLYMOUTH,39.12898148,0.0002115251,1.0,0.36855453499999996,0.00011013333333333333
5106,Container,1,35225,7,TAURANGA,38.1128588,0.0003081559,0.9999135,0.4159924066666667,0.00012210166666666667
5107,Container,1,35225,7,TAURANGA,39.66350694,0.0002906324,0.9999064999999999,0.403918025,0.00011915166666666665
5108,Container,1,35225,7,TAURANGA,35.74528935,0.0002939729,0.9999136666666667,0.40697359166666663,0.000119425
5109,Container,1,35225,7,TAURANGA,32.80766204,0.0003384203,0.9999076666666666,0.44623078333333327,0.000125345
5110,Container,1,35225,7,TAURANGA,35.66989583,0.0003360465,0.9999076666666666,0.4455133933333333,0.00012413333333333333
5111,Container,1,35225,7,TAURANGA,39.26329861,0.0003038324,0.9999095000000001,0.40991051,0.00012210166666666667
5112,Container,1,35225,7,AUCKLAND,38.56114583,0.0003366219,0.9997193333333333,0.4461135333333333,0.00012413333333333333
5113,Container,1,35225,7,TAURANGA,37.65273148,0.0003236108,0.9999076666666666,0.42624936333333335,0.000125345
5114,Container,1,35225,7,TAURANGA,35.16836806,0.0003301521,0.9999076666666666,0.4374999433333333,0.00012413333333333333
5115,Container,1,35225,7,TAURANGA,36.38806713,0.0002837395,0.9999153333333334,0.3939776383333333,0.00011904833333333332
5119,Tanker,0,49999,7,NEW PLYMOUTH,39.2834375,0.0002751998,0.9999488333333333,0.3844526,0.000113945
5120,Tanker,0,49999,7,NEW PLYMOUTH,44.18740741,0.0002056379,0.9999998333333333,0.38233430500000004,9.922e-05
5131,Container,1,117175,7,TAURANGA,32.20782407,0.0004301023,1.0,0.55537867,0.000128345
5132,Container,1,117175,7,TAURANGA,29.90394676,0.0004692871,1.0,0.5967220433333333,0.00013043
5133,Container,1,117175,7,TAURANGA,28.7687963,0.0004447047,1.0,0.574456055,0.000128345
5136,General Cargo,4,37735,5,TAURANGA,35.97528935,0.0002794923,1.0,0.619635155,0.000111225
5141,Bulker,4,37599,6,TAURANGA,56.56471065,0.0002067872,1.0,0.36171774,0.00011453400000000001
5142,Bulker,4,37599,5,AUCKLAND,34.59105324,0.0002436206,1.0,0.5505791875,0.00011063
5147,Bulker,4,60280,5,WELLINGTON,51.50222222,0.0001981864,0.9999985,0.5353967225,8.8095e-05
5152,Container,1,117176,7,TAURANGA,52.68966435,0.0004088941,1.0,0.5226292416666667,0.00012998833333333334
5153,Container,1,117176,7,TAURANGA,34.87885417,0.0004350676,1.0,0.5614785416666667,0.000128345
5156,Tanker,0,5250,6,NEW PLYMOUTH,44.30293981,9.47204e-05,1.0,0.226026104,8.382e-05
5157,Tanker,0,5250,7,NEW PLYMOUTH,58.7409838,0.0001193753,0.999997,0.20959738166666667,8.923666666666667e-05
5168,Bulker,4,37679,7,NELSON,39.39130787,0.0002580349,0.9999773333333333,0.4238833083333333,0.00010278166666666666
5177,Bulker,4,34443,7,NAPIER,38.62655093,0.0002590973,0.9999993333333334,0.4013766866666666,0.00011071666666666666
5180,Bulker,4,34443,5,PORT CHALMERS,36.86032407,0.000198932,1.0,0.5466362425,9.459e-05
5182,Bulker,4,34443,7,TIMARU,59.61550926,0.00018466,1.0,0.3443000416666666,9.841833333333333e-05
5183,Bulker,4,34443,7,TAURANGA,56.26627315,0.00023871,1.0,0.35954644500000005,0.00011006
5188,Bulker,4,34443,7,GISBORNE,47.6062037,0.0002621307,1.0,0.3791733566666666,0.00011275333333333333
5189,Bulker,3,34443,5,AUCKLAND,39.80762731,0.0003023421,0.999941,0.5667535075,0.0001330025
5193,Bulker,4,34443,6,TAURANGA,55.91516204,0.0003094399,0.9999978,0.49261349,0.00012336
5194,Bulker,4,34443,5,AUCKLAND,37.2468287,0.0002480969,1.0,0.519405265,0.00011533
5195,Bulker,4,34443,5,NEW PLYMOUTH,55.304375,0.000146464,1.0,0.4033695375,9.7565e-05
5196,Bulker,4,34443,5,NEW PLYMOUTH,53.1828588,0.0001614414,1.0,0.47736920499999996,8.5185e-05
5199,Bulker,4,34398,7,AUCKLAND,59.06302083,0.0002571274,1.0,0.35408933666666664,0.00011779333333333335
5201,Bulker,4,34398,6,AUCKLAND,43.49428241,0.0002869491,1.0,0.437701922,0.00012880600000000003
5202,Bulker,4,34398,6,AUCKLAND,42.42048611,0.0002488571,1.0,0.418478642,0.000112006
5204,Bulker,4,34370,6,TAURANGA,43.19666667,0.0002467587,1.0,0.444121246,0.00011439
5209,Bulker,4,63166,6,NAPIER,49.16649306,0.000247243,1.0,0.42756764,0.00010748999999999999
5213,Tanker,4,49901,5,TAURANGA,57.70413194,0.0001624533,1.0,0.35656813249999997,0.00011841
5217,RoRo,1,23959,7,AUCKLAND,42.78753472,0.0003373789,1.0,0.5058151716666667,0.00010800333333333334
5218,RoRo,1,23959,7,AUCKLAND,38.32659722,0.0003507204,1.0,0.5068922166666666,0.00011542333333333334
5219,RoRo,1,23959,7,AUCKLAND,47.18416667,0.0003140654,1.0,0.46459602000000005,0.00010907333333333334
5220,RoRo,1,23959,6,AUCKLAND,48.95737269,0.0002639949,1.0,0.452270004,0.000115488
5222,General Cargo,4,37675,7,TAURANGA,42.94804398,0.0003168036,1.0,0.45833038333333337,0.00011583833333333333
5229,Container,1,117627,7,TAURANGA,31.87491898,0.0004172253,1.0,0.5388399233333334,0.000128345
5230,Container,1,117627,7,TAURANGA,29.86736111,0.0004353652,1.0,0.5624713516666666,0.000128345
5231,Container,1,117627,7,TAURANGA,48.72076389,0.0004320601,1.0,0.5524188016666667,0.00012998833333333334
5232,Tanker,0,49999,7,NEW PLYMOUTH,32.41696759,0.0002174826,0.9999998333333333,0.40438902833333334,9.922e-05
5235,Bulker,4,40481,6,TIMARU,59.03612269,0.0001800174,1.0,0.4201917359999999,8.696399999999999e-05
5236,Bulker,4,40481,7,LYTTELTON,59.80314815,0.0002682752,0.9999858333333332,0.4694038016666667,9.516333333333332e-05
5238,Bulker,4,40481,6,NAPIER,43.76824074,0.000255815,0.9999772,0.48967123600000007,0.000111536
5241,Bulker,4,40481,5,LYTTELTON,46.89825231,0.0002357404,0.9999782500000001,0.5705379825000001,0.00010909
5244,Bulker,3,40481,6,NAPIER,31.74460648,0.0002910086,0.9999918000000001,0.5303166380000001,0.00010194199999999998
5251,Bulker,3,40481,7,AUCKLAND,44.45203704,0.0003603998,0.999033,0.509317515,0.00012190999999999999
5255,Bulker,3,40481,6,NEW PLYMOUTH,50.82082176,0.000241192,0.9997842,0.521699112,9.5116e-05
5257,Bulker,3,40481,7,GISBORNE,44.55261574,0.0003493703,0.9999788333333334,0.45382792,0.00013339333333333334
5258,Bulker,4,40481,5,GISBORNE,30.31755787,0.0002037415,1.0,0.516048135,9.871e-05
5259,Bulker,4,40481,5,TIMARU,59.24059028,0.0002203886,0.9999945,0.47474346,0.00011028249999999999
5260,General Cargo,0,5200,6,NAPIER,39.63431713,0.0001335496,1.0,0.23326936000000004,0.00010588800000000001
5262,General Cargo,0,5488,5,TIMARU,31.41623843,0.0001342953,1.0,0.2802994125,0.000115705
5266,General Cargo,4,36880,6,NEW PLYMOUTH,57.39773148,0.0002676515,1.0,0.44077810599999995,0.000116906
5270,General Cargo,4,36974,6,NEW PLYMOUTH,52.8347338,0.0002673316,0.9999690000000001,0.5068848879999999,0.000105448
5271,General Cargo,4,36974,6,NEW PLYMOUTH,49.23054398,0.0002845147,0.999972,0.574509842,9.874599999999999e-05
5273,Bulker,4,63271,7,WELLINGTON,54.50377315,0.0001908041,0.9999911666666667,0.37922246,8.657666666666667e-05
5275,Bulker,4,63800,5,NELSON,46.57601852,0.0001772463,1.0,0.5399789275,8.570999999999999e-05
5279,Bulker,4,35947,5,NEW PLYMOUTH,49.68891204,0.0001491202,1.0,0.43822265,8.528249999999998e-05
5284,General Cargo,0,36170,5,NAPIER,34.0877662,0.0002562061,1.0,0.5723594,0.0001134075
5289,Bulker,4,36170,7,NEW PLYMOUTH,53.96876157,0.0001758761,1.0,0.33603210333333333,8.818666666666667e-05
5292,Tanker,0,12494,7,TAURANGA,37.10134259,0.0002768224,0.9999875,0.35148998833333334,0.00012169833333333332
5295,Bulker,3,37705,7,NAPIER,42.30072917,0.0003845541,0.9999986666666666,0.47578486666666664,0.00012432
5308,Bulker,4,38860,6,TAURANGA,56.4075,0.0002258759,1.0,0.40196476800000003,0.00011249199999999999
5312,Tanker,4,16298,7,TAURANGA,51.21128472,0.0002617725,0.9999938333333332,0.36334546333333334,0.00012286
5313,Tanker,3,16298,7,TAURANGA,22.32380787,0.0002684455,0.9999935,0.36334945,0.00011855999999999999
5316,Bulker,4,37786,5,TAURANGA,58.42657407,0.000301917,0.999997,0.577205715,0.0001280875
5317,Bulker,4,37786,6,AUCKLAND,46.10721065,0.0002911933,1.0,0.441410086,0.00013195
5326,Bulker,1,37790,7,NEW PLYMOUTH,56.79769676,0.0002087273,1.0,0.2948996916666667,0.00011797
5329,Passenger,3,578,7,AUCKLAND,43.355625,1.77582e-05,0.9999768333333333,0.027307886666666666,0.00010581000000000002
5336,Container,1,30156,7,TAURANGA,39.67290509,0.0002662295,0.9999048333333334,0.36727903,0.00011971833333333333
5337,Container,1,30156,7,TAURANGA,33.50065972,0.0003010921,0.9999078333333334,0.40406718333333336,0.00012266833333333333
5338,Container,1,30156,7,TAURANGA,33.97346065,0.0002773105,0.9999136666666667,0.38071918166666663,0.00012063666666666667
5339,Container,1,30156,7,TAURANGA,42.25929398,0.0002526549,0.9999136666666667,0.3496144233333333,0.00011886500000000001
5341,Container,1,30156,7,TAURANGA,36.07450231,0.0002771029,0.9999136666666667,0.38036890500000003,0.00012063666666666667
5342,Container,1,30156,7,TAURANGA,39.30144676,0.0003136131,0.9999076666666666,0.4134208216666666,0.00012525
5343,Container,1,30156,7,TAURANGA,33.97677083,0.0002930012,0.9999078333333333,0.39266180333333334,0.00012266833333333333
5345,Container,1,30156,7,TAURANGA,37.12991898,0.0002969539,0.9999076666666666,0.3910611533333334,0.000125345
5346,Container,1,30156,7,TAURANGA,41.53539352,0.0002942085,0.9998990000000001,0.3974832316666667,0.00012165499999999999
5348,Bulker,4,63132,6,NELSON,54.39545139,0.0002106813,0.9999971999999999,0.455364368,8.8404e-05
5351,General Cargo,1,63242,6,TAURANGA,52.4328588,0.0003157132,1.0,0.436128244,0.0001448
5356,Container,0,23512,7,TAURANGA,23.37603009,0.0002521876,0.9999981666666667,0.34981637000000004,0.00011884333333333332
5367,Tanker,1,50239,7,TAURANGA,56.96201389,0.0001701162,1.0,0.2566900033333333,0.00010313666666666668
5381,Bulker,3,37806,5,GISBORNE,54.72578704,0.0002164162,0.99999925,0.40982854,0.00012930249999999998
5382,Bulker,4,37806,7,GISBORNE,56.43914352,0.0003063748,0.9999996666666666,0.38579827166666664,0.00012962333333333334
5385,Bulker,4,37806,6,PORT CHALMERS,56.20997685,0.0002331577,0.9999992000000001,0.45262555199999993,0.00010545799999999998
5389,Bulker,4,61241,5,WELLINGTON,49.67701389,0.0002246437,0.99998575,0.5273174300000001,0.00010402
5390,Bulker,1,61241,5,LYTTELTON,55.69084491,0.0001827281,1.0,0.45388936999999996,0.000107975
5392,General Cargo,1,37806,5,AUCKLAND,57.43172454,0.0002108504,1.0,0.478939775,0.00010618500000000001
5393,General Cargo,4,37806,5,TAURANGA,58.83344907,0.0002092834,1.0,0.516993175,0.00010055749999999999
5400,Tanker,0,19980,7,TAURANGA,35.42806713,0.0002597979,0.9999911666666667,0.34674738666666666,0.00012929333333333334
5405,Bulker,4,34407,7,TAURANGA,59.15729167,0.0002956334,0.9999998333333333,0.38340813,0.00012201999999999999
5408,Bulker,4,34391,7,TAURANGA,59.94152778,0.0003299333,1.0,0.396746995,0.00013224
5410,Bulker,4,34391,5,TAURANGA,51.13895833,0.0002723831,1.0,0.5120581799999999,0.0001294725
5411,Bulker,4,34391,6,GISBORNE,51.31006944,0.0002575125,1.0,0.42466223599999997,0.00011844
5412,Bulker,4,34391,7,TAURANGA,52.89369213,0.0003879336,0.9999911666666667,0.49476515666666665,0.00012682333333333332
5413,Bulker,4,34391,6,TAURANGA,53.91361111,0.000294924,0.9999998,0.45806650600000004,0.000126682
5414,Bulker,4,34391,5,LYTTELTON,43.48998843,0.0002327908,1.0,0.5602840550000001,9.858250000000001e-05
5416,Bulker,1,81676,6,LYTTELTON,59.15359954,0.0002412658,1.0,0.41425227600000003,0.000119076
5420,Bulker,4,34552,6,TAURANGA,33.90310185,0.0002551115,1.0,0.451955126,0.00011399000000000001
5421,Bulker,4,34552,5,AUCKLAND,53.07076389,0.0002188746,1.0,0.4959240775,0.00011033000000000001
5422,Bulker,4,34552,7,TAURANGA,46.69841435,0.0003507432,0.9999935,0.4826626033333334,0.00011698833333333332
5423,Bulker,4,34552,5,PORT CHALMERS,53.14739583,0.0001830054,0.9999750000000001,0.469465775,9.364749999999999e-05
5424,Bulker,4,34552,7,WELLINGTON,55.76997685,0.0002406478,0.9999905,0.3516023533333333,0.00010518
5425,Bulker,0,34552,6,TAURANGA,30.80342593,0.0002719888,1.0,0.4459231900000001,0.00012530200000000001
5427,Bulker,3,34529,5,GISBORNE,48.4615162,0.0003440152,1.0,0.6441642725,0.0001345825
5431,Bulker,4,34529,5,TAURANGA,59.09640046,0.0002246024,1.0,0.495686945,0.0001179525
5443,Bulker,4,34484,7,NELSON,53.78947917,0.0003349806,0.9999984999999999,0.43698099333333335,0.00012083333333333332
5447,Bulker,4,34484,5,TAURANGA,56.11174769,0.0002321008,1.0,0.4546102475,0.00012563250000000001
5451,Bulker,4,34387,5,TAURANGA,41.42451389,0.000221928,1.0,0.5022193325,0.0001093175
5452,Bulker,4,34387,5,AUCKLAND,54.19134259,0.0001727089,1.0,0.44268487,9.7875e-05
5453,Bulker,3,34387,6,GISBORNE,36.68158565,0.0003581452,0.9999982,0.52890101,0.00013506199999999998
5454,Bulker,4,34387,7,GISBORNE,59.10011574,0.0002927532,0.9999996666666666,0.3816828016666666,0.00012201833333333333
5456,Bulker,1,34387,6,AUCKLAND,54.19024306,0.0002592551,0.9999996,0.44593656,0.00010750600000000001
5458,Tanker,0,12341,7,NEW PLYMOUTH,36.69458333,0.0002422503,0.9999718333333334,0.35920171500000003,0.00010840666666666666
5460,Tanker,0,12365,7,TAURANGA,46.9856713,0.0002142286,0.9999998333333333,0.29675667666666666,0.00011295166666666666
5467,Bulker,4,57381,6,LYTTELTON,46.66270833,0.0002233252,0.999977,0.48050945799999994,9.051199999999999e-05
5469,Bulker,4,57381,5,NAPIER,48.29744213,0.0002367337,0.99999575,0.5503442725,0.000109405
5472,Bulker,4,37658,7,LYTTELTON,59.44417824,0.0001740392,1.0,0.3329916116666667,8.727333333333334e-05
5474,Bulker,4,37658,7,TAURANGA,53.83957176,0.0003283483,0.9999946666666667,0.41485877499999996,0.00012585833333333333
5479,General Cargo,4,37945,7,WELLINGTON,52.22369213,0.0004455874,0.9999878333333333,0.5688766733333332,0.00012463833333333332
5484,Bulker,4,38002,5,NELSON,59.63916667,0.0001712612,0.99996225,0.3894712575,0.00010506000000000001
5485,Bulker,4,38002,7,WELLINGTON,54.50001157,0.0002786057,0.9999913333333333,0.48240302333333335,9.953e-05
5493,Bulker,4,36184,5,NAPIER,46.43023148,0.0001857935,1.0,0.5424984975,8.558e-05
5497,Container,1,26974,7,TAURANGA,37.3978588,0.0002969725,0.9999076666666666,0.39143264000000005,0.00012525
5498,Container,1,26974,7,TAURANGA,37.01424769,0.0002842016,0.9999076666666666,0.3767927133333333,0.00012413333333333333
5499,Container,1,26974,7,TAURANGA,35.00517361,0.0002701732,0.9999078333333333,0.364984335,0.00012145666666666667
5500,Container,1,26974,7,TAURANGA,34.29681713,0.0002541132,0.9999136666666667,0.35106002666666664,0.00011951999999999998
5502,Container,1,26974,7,TAURANGA,33.40372685,0.0002953089,0.9999076666666666,0.39161577000000003,0.00012413333333333333
5503,Container,1,26974,7,TAURANGA,38.03152778,0.0002697906,0.9999078333333333,0.36293361,0.00012145666666666667
5505,Container,1,26974,7,TAURANGA,42.1297338,0.0002811333,0.9999076666666666,0.371668235,0.00012413333333333333
5506,Container,1,26974,7,TAURANGA,36.44657407,0.0002914613,0.9999076666666666,0.3836792316666667,0.000125345
5508,Container,1,26871,7,TAURANGA,37.69538194,0.0002797171,0.9999921666666668,0.3675296733333333,0.00012505166666666666
5509,Container,1,26871,7,TAURANGA,49.06703704,0.0002570201,0.9999135,0.35313084,0.00011783333333333334
5510,Container,1,26871,7,TAURANGA,34.35175926,0.0002513954,0.9999153333333334,0.34903354999999997,0.00011904833333333332
5511,Container,1,26871,7,TAURANGA,39.29032407,0.0002692221,0.9999095000000001,0.36335098666666665,0.00012210166666666667
5512,Container,1,26871,7,TAURANGA,33.39414352,0.0002952555,0.9999076666666666,0.3914766433333334,0.00012413333333333333
5513,Container,1,26871,7,TAURANGA,39.30502315,0.0002685807,0.9999095000000001,0.3621399783333333,0.00012210166666666667
5514,Container,1,26871,7,TAURANGA,38.44082176,0.0002650349,0.9999095000000001,0.3565716666666667,0.00012219666666666668
5515,Container,1,26871,7,AUCKLAND,36.46559028,0.0002916759,0.9997193333333333,0.3864612033333333,0.00012413333333333333
5516,Container,1,26871,7,TAURANGA,33.68165509,0.0002783585,0.9999078333333333,0.3734397133333333,0.00012266833333333333
5517,Container,1,26871,7,TAURANGA,39.27770833,0.000282644,0.9999076666666666,0.37404808500000003,0.00012413333333333333
5518,Container,1,26871,7,TAURANGA,33.05857639,0.0002849574,0.9999078333333333,0.38278752666666666,0.00012266833333333333
5522,Tanker,4,36681,7,NAPIER,59.36032407,0.0002248677,0.999993,0.36165216833333336,0.00011358333333333332
5527,Container,0,23524,7,TAURANGA,36.50841435,0.0002011711,1.0,0.2831755,0.00011855000000000002
5528,Container,0,23524,7,AUCKLAND,27.22201389,0.0002476984,0.9999941666666666,0.33763081833333336,0.00012146333333333332
5529,Bulker,4,37721,7,TAURANGA,49.57599537,0.0002460324,1.0,0.37023024499999996,0.00011238166666666668
5530,Bulker,4,61302,5,LYTTELTON,57.61820602,0.0002251245,1.0,0.47861221750000005,0.0001171425
5532,Tanker,1,22346,6,TAURANGA,46.02957176,0.0002266541,1.0,0.31841084799999997,0.00013352400000000002
5541,Bulker,3,35513,6,AUCKLAND,49.64515046,0.0003596592,1.0,0.533589282,0.000129846
5574,General Cargo,0,5250,7,NAPIER,47.71118056,0.0001081312,1.0,0.19524382666666665,9.256166666666665e-05
5577,Bulker,1,63948,5,TAURANGA,53.50069444,0.0002054608,1.0,0.3547633525,0.0001448
5578,General Cargo,1,16565,6,TAURANGA,57.20789352,0.0002628795,1.0,0.448397208,0.00011193
5582,Bulker,4,33412,7,NEW PLYMOUTH,43.11047454,0.0002322727,0.9999768333333333,0.39265537333333334,0.00010016666666666666
5586,Bulker,4,37347,7,NEW PLYMOUTH,57.85467593,0.0001831659,1.0,0.36348084333333325,8.420666666666665e-05
5587,Bulker,4,37347,7,NEW PLYMOUTH,53.41412037,0.0001879982,1.0,0.35546878666666665,9.478333333333334e-05
5599,General Cargo,4,28000,5,WELLINGTON,43.52592593,0.0003121382,0.9999985,0.60513578,0.000122915
5601,Bulker,4,37657,7,GISBORNE,43.82217593,0.0003275056,0.999998,0.4152266766666666,0.000126525
5602,Bulker,3,37657,5,NEW PLYMOUTH,22.67096065,0.0002764429,0.99996175,0.6965512425,0.00010539249999999999
5606,Bulker,4,37657,5,TAURANGA,46.7915625,0.0002256265,1.0,0.49369135249999996,0.0001132575
5607,Bulker,3,37657,6,GISBORNE,45.31585648,0.0003057383,0.9999912,0.48580094,0.00012414000000000001
5608,Bulker,3,37657,6,GISBORNE,56.75278935,0.0002847898,0.9999958,0.4778134319999999,0.00012592799999999998
5614,Bulker,4,37657,6,LYTTELTON,58.07417824,0.0003165031,0.9999743999999999,0.5114208060000001,0.00011555599999999999
5615,Bulker,3,37657,6,NEW PLYMOUTH,59.40734954,0.0002008616,0.999968,0.38277131400000003,0.000111694
5616,Bulker,4,37657,6,PORT CHALMERS,55.29141204,0.0002963388,0.9999591999999999,0.515308672,0.00010502399999999998
5620,Bulker,4,34439,5,GISBORNE,54.51003472,0.0002600595,0.9999995,0.49012756,0.00013239
5622,Bulker,4,34439,6,GISBORNE,41.33474537,0.0002902231,1.0,0.44906908199999995,0.00012566200000000002
5625,Bulker,4,34439,6,LYTTELTON,59.20302083,0.0001913851,1.0,0.41022130600000006,9.2088e-05
5626,Bulker,4,34439,7,WELLINGTON,53.19274306,0.0003814735,0.9999861666666666,0.48673888666666665,0.00012456999999999998
5627,Bulker,3,34439,6,NAPIER,43.94690972,0.0003853382,0.9999962,0.578206804,0.000129772
5628,Bulker,4,34439,6,NELSON,54.01760417,0.0002673209,0.9999784,0.511672106,9.8386e-05
5630,Tanker,1,21193,7,TIMARU,50.02665509,0.000183372,1.0,0.25907256333333334,0.00011797
5635,Bulker,4,38176,6,NAPIER,41.26736111,0.0002501191,1.0,0.424830298,0.000118128
5640,Bulker,4,38195,6,PORT CHALMERS,47.93837963,0.0002329495,1.0,0.417827902,0.00011493599999999999
5642,Bulker,4,38195,5,NEW PLYMOUTH,55.86172454,0.0002155219,0.999999,0.499229505,0.0001022025
5643,Bulker,1,38195,5,NAPIER,53.45216435,0.000204911,1.0,0.462056095,0.00011452499999999999
5660,RoRo,0,15425,7,AUCKLAND,22.74876157,0.0003819665,0.9999768333333333,0.49941895833333333,0.00012929333333333334
5662,RoRo,0,15495,7,AUCKLAND,21.82105324,0.000380708,0.9999768333333333,0.4976927516666667,0.00012929333333333334
5663,RoRo,0,15495,7,AUCKLAND,34.75954861,0.0003592689,0.9999855000000001,0.46456211,0.00012424
5665,RoRo,0,15506,7,AUCKLAND,18.60005787,0.0004017356,0.9999768333333333,0.5243797516666667,0.00012929333333333334
5666,RoRo,1,15506,7,AUCKLAND,56.36104167,0.0003263247,0.9999996666666666,0.4325282133333334,0.00012284333333333332
5667,RoRo,0,15506,7,AUCKLAND,18.5171412,0.0003970895,1.0,0.5016392500000001,0.00013195
5668,RoRo,0,15506,7,AUCKLAND,29.2440625,0.0003847486,0.9999996666666666,0.5004058683333333,0.00012376833333333333
5671,RoRo,0,15465,7,AUCKLAND,26.79769676,0.0003980655,1.0,0.509329745,0.000125275
5672,RoRo,0,15465,7,AUCKLAND,25.09638889,0.0004112049,0.9999855000000001,0.5330581133333333,0.00012424
5674,Container,0,36917,7,LYTTELTON,30.13896991,0.0002560874,0.9999798333333333,0.42031470833333334,9.688833333333332e-05
5677,Bulker,4,38584,6,TAURANGA,37.12438657,0.0002653624,1.0,0.4630510259999999,0.00011937200000000001
5678,Bulker,4,38584,6,NAPIER,37.86895833,0.0002221146,1.0,0.448540004,0.00010546800000000001
5680,Bulker,4,38584,7,TIMARU,56.18364583,0.0001849767,1.0,0.35316420333333337,8.818666666666667e-05
5681,Bulker,4,38584,5,NAPIER,43.32387731,0.0001734959,1.0,0.49733608999999995,8.774999999999999e-05
5682,Bulker,0,38584,7,TAURANGA,52.32583333,0.0002381374,1.0,0.34621100833333335,0.00011479666666666666
5683,Bulker,4,38584,6,TIMARU,54.60369213,0.0001843206,1.0,0.44035011599999996,8.449199999999999e-05
5684,Bulker,4,38584,5,TAURANGA,36.09784722,0.0002412468,1.0,0.5278583225,0.00011483000000000001
5686,Bulker,4,38582,5,TAURANGA,51.5606713,0.0002740593,1.0,0.47322176,0.0001448
5687,Bulker,4,38582,5,TAURANGA,42.88059028,0.0002312376,1.0,0.481983685,0.00011533
5692,Bulker,4,38559,7,NAPIER,55.50261574,0.0001731962,1.0,0.331369395,8.727333333333334e-05
5694,Bulker,4,38559,5,NEW PLYMOUTH,58.05481481,0.0002801597,0.9999994999999999,0.56072193,0.00012018
5695,Bulker,4,38559,5,NAPIER,44.97866898,0.0001841969,1.0,0.457471105,0.00010549499999999999
5698,Bulker,4,38559,5,TAURANGA,40.27612269,0.0002462594,1.0,0.5122602825,0.00011533
5700,Bulker,4,38559,5,TAURANGA,45.71554398,0.0002301985,1.0,0.5163988575,0.00011213250000000001
5704,Bulker,4,38593,6,AUCKLAND,49.8894213,0.0002643991,1.0,0.42986272200000003,0.000121038
5708,Bulker,4,38593,7,TIMARU,46.89269676,0.0001715708,1.0,0.3278271916666667,8.818666666666667e-05
5710,Bulker,1,38593,6,TAURANGA,56.49365741,0.0002648289,1.0,0.447789892,0.00011167200000000001
5711,General Cargo,4,38592,5,TAURANGA,51.89880787,0.000244407,1.0,0.5505612074999999,0.0001109075
5714,General Cargo,4,38575,5,LYTTELTON,58.65974537,0.0001805923,1.0,0.49022638500000004,9.488e-05
5715,General Cargo,4,38575,6,GISBORNE,51.33576389,0.0003601225,0.9999996,0.593755452,0.00011815
5719,Tanker,1,12972,7,TAURANGA,55.62171296,0.0001800734,1.0,0.26036306000000004,0.000114165
5724,RoRo,1,22438,7,AUCKLAND,49.61299769,0.0003075037,1.0,0.45367326,0.00011101333333333334
5728,Bulker,4,38607,5,AUCKLAND,45.53430556,0.0002850219,0.99997125,0.5550690225,0.0001280175
5731,Tanker,0,12342,7,TAURANGA,34.19341435,0.0002659119,0.999994,0.34619569666666666,0.00012065166666666668
5741,Bulker,4,37534,7,TAURANGA,43.87618056,0.0002872706,1.0,0.417981975,0.00011978166666666669
5744,RoRo,1,18160,7,AUCKLAND,42.36314815,0.0003211265,0.9999996666666666,0.4318313266666667,0.00012433333333333334
5745,RoRo,1,18160,7,AUCKLAND,48.02940972,0.0003518967,0.9999996666666666,0.4632279066666667,0.00012021666666666667
5754,RoRo,1,15853,5,AUCKLAND,50.0556713,0.0001927894,0.9999995,0.3942012375,0.0001188325
5756,RoRo,4,15853,6,AUCKLAND,56.48802083,0.0002999243,0.9999752000000001,0.47310461200000004,0.000123912
5757,RoRo,4,15853,7,AUCKLAND,57.58074074,0.0003026675,0.9999793333333334,0.4152342816666667,0.00012169833333333333
5761,Bulker,4,63479,5,NELSON,33.14293981,0.0002020156,1.0,0.55649804,9.0965e-05
5771,Container,0,21361,7,AUCKLAND,23.77172454,0.0002201723,1.0,0.3153061716666667,0.00011563000000000002
5773,Container,0,21475,7,AUCKLAND,37.05572917,0.000226299,1.0,0.31718698,0.00011855000000000002
5777,Bulker,4,37949,6,TAURANGA,44.27513889,0.0002887617,1.0,0.45566280400000003,0.000121038
5788,Bulker,4,39875,6,AUCKLAND,49.45134259,0.0002299412,1.0,0.410175046,0.00010514399999999998
5795,Tanker,4,50159,5,TAURANGA,34.56086806,0.0002174552,1.0,0.45301938750000004,0.00012364
5799,Tanker,4,49995,5,TAURANGA,51.83482639,0.0001961922,0.9999972500000001,0.4121252375,0.000119975
5803,Bulker,3,36833,7,LYTTELTON,50.3008912,0.0003247833,0.9999618333333333,0.4310385366666667,0.00011127
5804,Bulker,4,36833,5,AUCKLAND,57.64494213,0.0002636466,1.0,0.5166450075,0.00012364
5805,Tanker,0,19946,7,TAURANGA,27.84805556,0.0002418612,1.0,0.3208979583333333,0.00012641
5807,Bulker,4,37679,5,AUCKLAND,58.29980324,0.0002166724,1.0,0.46098744,0.00012129000000000001
5813,Bulker,4,37520,5,AUCKLAND,32.52351852,0.000245414,1.0,0.5443793374999999,0.00011369750000000001
5814,Bulker,4,37520,6,AUCKLAND,41.09260417,0.0002503121,1.0,0.461184172,0.00010535799999999999
5819,Tanker,4,49951,6,TAURANGA,59.17378472,0.000183862,0.9998828,0.327694204,0.00011311800000000001
5830,Bulker,1,37005,6,TIMARU,59.24822917,0.000216543,1.0,0.46239315599999997,0.00010064799999999999
5832,Bulker,4,37005,5,PORT CHALMERS,53.96085648,0.0001632422,1.0,0.4190261125,9.225999999999999e-05
5835,Bulker,3,37155,5,TAURANGA,48.00592593,0.0002873288,0.999989,0.5371343475,0.0001338475
5836,Bulker,4,37155,6,TAURANGA,57.30679398,0.00031669,0.999989,0.482544752,0.00012579199999999998
5841,Bulker,4,37105,7,GISBORNE,45.66261574,0.0003800734,0.9999981666666667,0.48503581166666665,0.00012507333333333333
5844,Bulker,1,37130,7,LYTTELTON,59.30546296,0.0002457464,1.0,0.37379454833333337,0.00011657999999999998
5845,Bulker,1,37130,6,NAPIER,54.5075463,0.000236948,1.0,0.38827149800000005,0.000119076
5846,Bulker,4,37130,6,NEW PLYMOUTH,44.44643519,0.0002267353,0.9999722,0.469537118,9.599000000000001e-05
5854,Tanker,0,22292,7,TAURANGA,43.6428125,0.0001894391,1.0,0.2922871283333333,0.00011469666666666667
5859,Bulker,4,37516,7,TAURANGA,50.76975694,0.0002485954,1.0,0.36952931666666666,0.00011533666666666666
5861,Bulker,4,37516,7,AUCKLAND,41.56309028,0.0003117144,1.0,0.393768415,0.00013195
5864,Tanker,4,16297,7,TAURANGA,41.70883102,0.0002787276,0.9999915,0.355607515,0.00012169833333333333
5865,Tanker,0,16297,6,TAURANGA,46.30113426,0.0001966363,1.0,0.369204988,0.00011006
5869,Bulker,4,38645,6,LYTTELTON,46.81322917,0.0001700374,1.0,0.40739740399999996,8.3256e-05
5870,Bulker,4,38645,5,TAURANGA,56.51287037,0.0001959414,1.0,0.4397443225,0.00011217
5871,Bulker,4,38648,7,TAURANGA,57.28619213,0.000324246,0.999998,0.43750034666666665,0.00011497333333333335
5873,Bulker,1,38648,5,TAURANGA,44.58497685,0.0002229374,1.0,0.4677252525000001,0.000119845
5876,Bulker,4,38671,7,NAPIER,46.94962963,0.0002740111,0.9999963333333334,0.4508856483333334,0.00010638666666666666
5883,Bulker,4,38652,5,NEW PLYMOUTH,44.05248843,0.0002745488,0.99999875,0.5495682975,0.0001221175
5886,Tanker,4,50068,7,TAURANGA,52.92608796,0.0001614597,1.0,0.23787375,0.00011471333333333333
5891,Bulker,1,38929,5,NAPIER,58.55034722,0.000208355,1.0,0.44368188500000005,0.00011951749999999998
5895,RoRo,1,15853,7,AUCKLAND,49.37385417,0.0002915942,0.9999996666666666,0.3961591033333334,0.00012011333333333334
5897,Bulker,3,34442,6,NEW PLYMOUTH,57.77810185,0.0002821188,0.9999988,0.43045611,0.000117526
5900,Bulker,4,34442,5,NELSON,46.00965278,0.0002324007,0.9999965,0.529185555,0.000109405
5903,Bulker,4,34447,7,TIMARU,55.58984954,0.0001839452,1.0,0.36617090999999996,8.304333333333332e-05
5905,Bulker,4,34447,6,TAURANGA,52.95478009,0.0002770631,0.9999998,0.43726215599999996,0.00011844
5927,Bulker,4,61588,5,NELSON,33.33262731,0.0002626617,1.0,0.5638894249999999,0.00011732999999999999
5937,Tanker,1,17764,6,PORT CHALMERS,53.75876157,0.0001384295,1.0,0.306750162,8.9472e-05
5938,Tanker,1,17764,5,TAURANGA,39.02501157,0.0001590718,1.0,0.3867163075,0.00010923
5943,Bulker,4,45429,5,AUCKLAND,58.504375,0.0001949891,1.0,0.4577454575,0.00011449500000000001
5949,Bulker,4,37692,5,GISBORNE,46.25738426,0.0002677051,0.99999925,0.524490435,0.0001233725
5954,General Cargo,4,37644,5,NELSON,43.7652662,0.000184363,1.0,0.5499392200000001,8.382e-05
5956,Bulker,1,37655,5,LYTTELTON,42.92987269,0.0002306165,1.0,0.5083223800000001,0.00011005
5957,Bulker,3,37655,7,NAPIER,53.39381944,0.0002894858,0.9999966666666666,0.4370609583333333,0.00010829999999999999
5966,Container,1,35066,7,TAURANGA,34.65210648,0.0003102026,0.9999135,0.4184435416666667,0.00012219666666666668
5967,Container,1,35066,7,NELSON,31.77038194,0.0002867904,0.9999599999999998,0.4526374933333333,0.0001024
5968,Container,1,35066,7,TAURANGA,50.04501157,0.0002585939,0.9999939999999999,0.35584236,0.00011683833333333333
5969,Container,1,35066,7,TAURANGA,37.36789352,0.0003245435,0.9999076666666666,0.43007543833333334,0.00012413333333333333
5970,Container,1,35066,7,TAURANGA,32.48459491,0.0003349263,0.9999076666666666,0.44442157499999996,0.00012413333333333333
5972,Container,1,35066,7,AUCKLAND,34.81305556,0.0003311853,0.9997193333333333,0.436430515,0.000125345
5973,Container,1,35066,7,TAURANGA,38.59908565,0.0003132561,0.9999076666666666,0.4152205666666666,0.00012413333333333333
5974,Container,1,35066,7,TAURANGA,39.17427083,0.0003279039,0.9999076666666666,0.43394020333333333,0.00012413333333333333
5975,Container,1,35031,7,TAURANGA,37.74587963,0.0003064822,0.9999078333333333,0.41053342833333334,0.00012266833333333333
5976,Container,1,35031,7,TAURANGA,33.87425926,0.0003347882,0.9999076666666666,0.4440113616666667,0.00012413333333333333
5977,Container,1,35031,7,TAURANGA,38.77123843,0.0002818585,0.9999136666666667,0.39333229000000003,0.00011765333333333334
5979,Container,1,35031,7,TAURANGA,35.80003472,0.0003103017,0.9999135,0.41796882999999996,0.00012219666666666665
5980,Container,1,35031,7,TAURANGA,36.44116898,0.0003089704,0.9999135,0.41662885,0.00012219666666666668
5981,Container,1,35031,7,TAURANGA,43.64435185,0.0003118648,0.9999076666666666,0.41172831,0.00012413333333333333
5983,Container,1,35031,7,TAURANGA,38.51483796,0.0003107851,0.9999076666666666,0.4113932466666667,0.00012413333333333333
5984,Container,1,35031,7,TAURANGA,36.56978009,0.0003034352,0.9999135,0.40862636999999996,0.00012219666666666668
5986,Container,1,35036,7,TAURANGA,35.20622685,0.0002900039,0.9999136666666667,0.40036617166666666,0.00011951999999999998
5987,Container,1,35036,7,TAURANGA,37.83222222,0.0002850306,0.9999136666666667,0.39751433500000005,0.00011765333333333334
5988,Container,1,35036,7,TAURANGA,34.59074074,0.0003082769,0.9999135,0.41584668666666663,0.00012219666666666668
5989,Container,1,35036,7,TAURANGA,32.77936343,0.0003395654,0.9999076666666666,0.45057813,0.00012413333333333333
5990,Container,1,35036,7,TAURANGA,36.7765162,0.0003287501,0.9999076666666666,0.43553684666666664,0.00012413333333333333
5991,Container,1,35036,7,TAURANGA,41.45150463,0.0003031725,0.9999135,0.41197706666666667,0.00012033
5992,Container,1,35036,7,TAURANGA,35.60945602,0.0003326888,0.9999076666666666,0.4411454833333333,0.00012413333333333333
5993,Container,1,35036,7,TAURANGA,45.89140046,0.000251401,0.9999136666666667,0.35128621833333334,0.00011653666666666667
5994,Container,1,35036,7,TAURANGA,39.27451389,0.0003200185,0.9999076666666666,0.4206281733333333,0.000125345
5995,Container,1,35036,7,TAURANGA,39.15751157,0.0003216672,0.9999076666666666,0.4253636883333334,0.00012413333333333333
5996,Container,1,35036,7,TAURANGA,41.72237269,0.0003189357,0.9999076666666666,0.421711945,0.00012413333333333333
5999,Tanker,0,19956,7,TAURANGA,30.48243056,0.0002579019,1.0,0.328423385,0.00012210166666666667
6009,Bulker,1,37739,5,LYTTELTON,38.2071875,0.000207078,1.0,0.48205331500000004,0.00010349
6015,Bulker,4,37717,5,GISBORNE,50.91725694,0.0002303106,1.0,0.45449285500000003,0.00012521749999999998
6016,Bulker,4,37717,6,TAURANGA,57.97949074,0.0002927157,0.999987,0.503382698,0.00011792199999999999
6018,Bulker,4,37717,6,WELLINGTON,53.33729167,0.000306156,0.9999868,0.531143242,0.00010502399999999998
6019,Bulker,4,37717,5,NAPIER,54.98008102,0.0002227448,1.0,0.465972565,0.000118515
6021,Bulker,4,37717,6,TAURANGA,45.46010417,0.0002558133,0.9999998,0.44423511399999993,0.000108508
6022,Bulker,4,37717,5,NEW PLYMOUTH,33.15658565,0.0002440936,1.0,0.503021105,0.00012132
6023,Bulker,4,37732,7,PORT CHALMERS,50.28096065,0.000317284,0.999966,0.46201387499999996,0.00010839666666666665
6024,Bulker,4,37732,7,AUCKLAND,40.73363426,0.0003137874,1.0,0.3963878566666667,0.00013195
6026,Tanker,4,49904,5,TAURANGA,51.215625,0.0002021557,0.99999025,0.4457761025,0.00011577000000000001
6030,Tanker,0,12689,5,LYTTELTON,41.4668287,0.0001434495,0.9999965,0.39657861250000004,0.0001034225
6032,Container,0,21475,7,TAURANGA,30.24349537,0.0002217062,0.9999981666666667,0.30632227166666665,0.00011884333333333332
6033,Container,0,21475,6,TAURANGA,25.23806713,0.0001925348,1.0,0.329427928,0.00011647199999999999
6036,Container,0,21475,6,AUCKLAND,31.60699074,0.0001819923,1.0,0.30693869000000007,0.000119014
6037,Container,0,21475,7,TAURANGA,28.3115625,0.0002316949,0.9999981666666667,0.31572161833333334,0.00012146333333333332
6038,Container,1,21475,7,TAURANGA,30.30563657,0.000249093,0.9999921666666668,0.33688417333333337,0.00012130000000000001
6040,Container,4,21475,6,AUCKLAND,25.06775463,0.0002090798,0.9999929999999999,0.345649446,0.00011936600000000001
6044,Container,0,21475,7,AUCKLAND,28.04069444,0.0002226136,1.0,0.31222635833333334,0.00011855000000000002
6045,Container,0,21475,7,AUCKLAND,25.43300926,0.0002207799,1.0,0.30328484,0.00012117000000000002
6046,Container,0,21475,7,LYTTELTON,27.44605324,0.0002263775,0.9999790000000001,0.34548204166666663,0.00010605499999999999
6048,Container,1,26868,7,TAURANGA,39.62761574,0.0002471406,0.9999136666666667,0.34146682,0.000119425
6049,Container,1,26868,7,TAURANGA,34.25017361,0.0002601094,0.9999136666666667,0.3595900433333333,0.000119425
6050,Container,1,26868,7,TAURANGA,32.87429398,0.0003003878,0.9999076666666666,0.3956433483333333,0.000125345
6051,Container,1,26868,7,TAURANGA,37.19597222,0.0002749698,0.9999095000000001,0.37115084000000004,0.00012210166666666667
6052,Container,1,26868,7,TAURANGA,36.27215278,0.0002893247,0.9999076666666666,0.38069997,0.000125345
6053,Container,1,26868,7,TAURANGA,33.0325463,0.000295696,0.9999076666666666,0.3919825616666666,0.00012413333333333333
6054,Container,1,26868,7,TAURANGA,37.34177083,0.0002643517,0.9999136666666667,0.36280919666666667,0.00012063666666666667
6055,Container,1,26868,7,TAURANGA,39.45037037,0.0002837884,0.9999076666666666,0.374762505,0.00012413333333333333
6056,Container,1,26868,7,AUCKLAND,36.52997685,0.0002967667,0.9997193333333333,0.39308286833333334,0.00012413333333333333
6057,Container,1,26868,7,TAURANGA,41.16877315,0.00028384,0.9999076666666666,0.3751172566666667,0.00012413333333333333
6058,Container,1,26868,7,TAURANGA,34.22054398,0.0002960125,0.9999076666666666,0.39238598666666663,0.00012413333333333333
6060,Bulker,1,36880,6,LYTTELTON,49.97613426,0.0002216551,1.0,0.39342080400000007,0.00010638600000000001
6061,Bulker,4,36880,6,AUCKLAND,56.98958333,0.0002797093,1.0,0.438432378,0.000121038
6065,Bulker,3,36861,5,GISBORNE,25.94806713,0.0003645979,0.99999775,0.6786772050000001,0.0001338475
6068,Bulker,4,37637,5,TAURANGA,52.409375,0.0002445163,0.999992,0.49236300499999996,0.0001231825
6069,Bulker,4,37685,6,AUCKLAND,55.86350694,0.0002637229,1.0,0.43915206199999995,0.00011950200000000002
6071,Bulker,3,37685,6,GISBORNE,55.48832176,0.0002862571,0.999994,0.48358076,0.000124686
6073,Container,0,23261,7,AUCKLAND,35.94076389,0.0002325065,0.9999836666666666,0.3106733683333333,0.00012513666666666667
6084,Container,4,23261,7,AUCKLAND,59.59956019,0.0002192956,0.9999996666666666,0.3003654416666667,0.000122045
6099,Tanker,4,49857,5,TAURANGA,46.36077546,0.0002065065,1.0,0.44997950750000004,0.00011882
6104,Bulker,4,64723,5,TAURANGA,59.4446875,0.0002685988,1.0,0.4637926775,0.0001448
6109,Bulker,4,37739,6,LYTTELTON,49.99795139,0.0002423022,0.9999990000000001,0.43843373,0.00011497999999999999
6113,Container,0,23429,7,AUCKLAND,35.46445602,0.0002323551,0.9999996666666666,0.31157314166666666,0.00012297833333333333
6119,Tanker,0,12493,7,TAURANGA,33.95084491,0.0002584444,0.9999935,0.33396323333333333,0.00011784833333333332
6128,Bulker,4,37710,5,PORT CHALMERS,42.32074074,0.0002200452,1.0,0.51476038,0.00011292999999999999
6148,Tanker,0,21117,7,TAURANGA,26.83478009,0.0002444786,1.0,0.34194976000000005,0.00012367333333333333
6159,General Cargo,4,36898,6,TAURANGA,50.96453704,0.0004328384,0.9999998,0.6447229520000001,0.00013471
6161,Bulker,4,36898,7,NEW PLYMOUTH,57.80181713,0.0002727827,0.9999991666666667,0.40880452333333334,0.00011286166666666666
6162,Bulker,4,36898,6,TAURANGA,41.72355324,0.0002918647,1.0,0.46175416399999997,0.000120538
6164,Bulker,4,36898,7,WELLINGTON,57.21530093,0.0002544898,1.0,0.35012626166666666,0.00011502666666666666
6167,Bulker,4,36908,5,TAURANGA,55.97712963,0.0002109407,1.0,0.460922575,0.00011531750000000002
6169,Bulker,4,36908,7,LYTTELTON,53.70201389,0.000169515,1.0,0.3240165466666667,8.818666666666667e-05
6170,Bulker,4,36908,6,NEW PLYMOUTH,49.49229167,0.0001661603,1.0,0.38119860799999994,8.801200000000001e-05
6171,Bulker,4,36908,5,NELSON,51.02900463,0.0002645865,0.9999830000000001,0.6065346149999999,0.0001053375
6175,Bulker,4,36888,7,AUCKLAND,46.50561343,0.0002554349,1.0,0.3821859916666666,0.000113555
6176,Bulker,4,36888,5,TAURANGA,42.46987269,0.0002326727,1.0,0.49716481,0.0001201575
6180,Bulker,4,36888,5,LYTTELTON,50.04449074,0.0003049758,0.99999475,0.5701996425,0.000126905
6182,Bulker,4,36888,7,TIMARU,48.66854167,0.0001727224,1.0,0.33016906,8.818666666666667e-05
6183,Bulker,4,36888,5,AUCKLAND,54.46759259,0.00020515,1.0,0.465230185,0.00011099999999999999
6187,Bulker,4,37731,7,AUCKLAND,59.47006944,0.0002465846,1.0,0.37414553833333336,0.00011188666666666666
6203,Tanker,1,19999,6,NEW PLYMOUTH,46.916875,0.0002029435,1.0,0.363549302,0.000112218
6220,General Cargo,0,14034,5,AUCKLAND,33.54699074,0.0002414837,0.99999775,0.526288305,0.0001114975
6222,Bulker,4,81981,5,LYTTELTON,48.37630787,0.0002250965,0.99997875,0.534010925,0.00010541499999999999
6224,Bulker,4,80992,6,LYTTELTON,33.41347222,0.0002134076,1.0,0.494558044,8.639800000000001e-05
6226,Tanker,0,50290,7,TAURANGA,47.73716435,0.0001764786,1.0,0.277103935,0.00010419666666666667
6228,Tanker,4,50290,5,LYTTELTON,51.60266204,0.0001236884,0.9999975,0.3590681925,8.706e-05
6235,Passenger,4,36644,5,NEW PLYMOUTH,29.09043981,0.000294236,1.0,0.6063652625,0.00012132
6237,Passenger,4,36644,5,AUCKLAND,44.72050926,0.00024662,1.0,0.535040305,0.0001090125
6240,Passenger,4,36644,7,GISBORNE,45.93059028,0.000474859,0.9999984999999999,0.65014803,0.00011954666666666665
6241,Passenger,4,36644,7,GISBORNE,55.41793981,0.000387647,0.9999996666666666,0.5168583766666667,0.00012629833333333332
6242,Bulker,4,36644,7,AUCKLAND,38.94302083,0.0002716321,1.0,0.38402826166666665,0.00010979
6246,Bulker,4,36644,5,WELLINGTON,38.92622685,0.0002417523,0.9999985,0.5625612275,0.000109405
6248,Bulker,4,36644,6,AUCKLAND,54.89480324,0.0002514091,1.0,0.381096404,0.00013195
6253,Bulker,0,36644,7,NAPIER,37.27225694,0.0003231551,0.9999963333333334,0.49028969333333333,0.00010538166666666667
6254,Bulker,4,36644,6,TAURANGA,55.77775463,0.0002500477,1.0,0.42523307,0.00011647200000000002
6259,Bulker,4,63449,6,WELLINGTON,55.33862269,0.0002257084,0.9999886,0.42398110199999994,0.00010428799999999999
6264,Bulker,4,37717,6,AUCKLAND,52.94837963,0.0003132637,0.9999929999999999,0.49464796599999994,0.000129018
6269,Bulker,4,37717,6,AUCKLAND,49.70265046,0.0002422035,1.0,0.437902042,0.00011062999999999999
6271,General Cargo,1,63566,6,AUCKLAND,43.93981481,0.0003746792,1.0,0.517596744,0.0001448
6273,Tanker,4,49669,7,NEW PLYMOUTH,52.65864583,0.0002517118,0.9999953333333332,0.319178015,0.00011817333333333333
6274,Tanker,0,49669,7,NEW PLYMOUTH,41.05862269,0.0001940965,0.9999998333333333,0.3404814216666667,0.00010481333333333332
6276,Tanker,4,49669,5,NEW PLYMOUTH,59.32944444,0.0002255789,0.9999635,0.45885549999999997,0.0001181825
6277,Tanker,0,49669,7,NEW PLYMOUTH,39.6475463,0.0002630302,0.9999721666666667,0.3614634116666667,0.00011390833333333333
6278,Tanker,4,49765,7,NEW PLYMOUTH,48.80050926,0.0001963679,0.9999958333333333,0.2968754966666667,0.00010805666666666666
6280,Tanker,4,49765,7,NEW PLYMOUTH,49.29804398,0.0002076022,0.9999726666666667,0.319909065,0.00010809333333333333
6285,Tanker,0,49849,7,NEW PLYMOUTH,42.55206019,0.0002933772,0.9999941666666666,0.35883335166666663,0.00012504333333333332
6286,Tanker,0,49849,7,NEW PLYMOUTH,37.01462963,0.0001857526,0.9999998333333333,0.35109580333333335,9.426e-05
6288,Tanker,0,49760,7,NEW PLYMOUTH,39.16055556,0.0002003215,1.0,0.35243239,0.00010481333333333332
6289,Tanker,0,49760,7,NEW PLYMOUTH,41.65900463,0.0001951642,0.9999998333333333,0.3629861283333333,9.922e-05
6294,Other,4,37686,5,TAURANGA,44.82979167,0.0002360563,1.0,0.5199512425,0.0001132475
6297,Other,4,37686,7,NAPIER,49.50052083,0.0003190678,0.999997,0.5117262283333334,0.00010278166666666666
6303,General Cargo,4,38227,5,TAURANGA,52.56074074,0.0003333671,0.999997,0.6319857675,0.0001315925
6305,General Cargo,4,38227,5,WELLINGTON,51.59497685,0.0002275371,1.0,0.53051578,0.00011077999999999999
6309,General Cargo,4,38209,5,GISBORNE,58.53255787,0.0002221832,1.0,0.505177825,0.00011182500000000001
6313,General Cargo,4,38241,7,AUCKLAND,43.70966435,0.0003690413,1.0,0.5121580333333333,0.00011533000000000001
6314,General Cargo,4,38241,5,WELLINGTON,54.76195602,0.0001720634,1.0,0.5199487725,8.44025e-05
6327,Tanker,4,49772,6,TAURANGA,57.61878472,0.0002230068,1.0,0.377364376,0.00011802400000000002
6328,Tanker,4,49772,6,TAURANGA,49.2219213,0.000242025,0.9999978,0.384373894,0.00011908599999999999
6331,Container,0,21202,7,AUCKLAND,28.24486111,0.0002232462,1.0,0.314961675,0.00011855
6332,Container,0,21202,6,TAURANGA,29.35909722,0.0001851086,1.0,0.311980884,0.000119014
6335,Container,0,21206,7,AUCKLAND,31.4534838,0.0002003847,1.0,0.2931293683333333,0.00011301000000000002
6336,Container,0,21206,7,AUCKLAND,26.12395833,0.0002384621,0.9999941666666666,0.32495552833333335,0.00012146333333333332
6346,Bulker,4,63851,5,LYTTELTON,29.81981481,0.0002718766,1.0,0.5832499375,0.00011732999999999999
6348,Tanker,0,21028,7,NEW PLYMOUTH,35.616875,0.0002224142,0.9999953333333332,0.3928706616666667,8.960999999999999e-05
6350,Bulker,4,37440,6,TAURANGA,51.31131944,0.0003229239,0.9999929999999999,0.49294711199999997,0.000125154
6359,Bulker,3,37650,6,TAURANGA,51.09824074,0.0003135858,0.9999754,0.48893277199999996,0.000130846
6361,Bulker,4,37705,6,TIMARU,47.43914352,0.00017479,1.0,0.40758808,8.615999999999999e-05
6368,Bulker,4,63340,5,NELSON,54.7171412,0.0002074431,1.0,0.5482005274999999,0.000100045
6372,Bulker,4,34431,5,TAURANGA,55.58880787,0.0002937406,1.0,0.5326471075,0.000135935
6382,Tanker,4,49999,7,TAURANGA,53.33342593,0.0002297099,1.0,0.293365545,0.00011932500000000003
6385,Bulker,1,38180,7,LYTTELTON,50.02777778,0.0002276261,1.0,0.32411001333333334,0.00011751666666666666
6388,Bulker,1,38180,7,AUCKLAND,58.80310185,0.000266924,1.0,0.38504518666666665,0.00011751500000000002
6390,General Cargo,4,38131,5,AUCKLAND,39.73512731,0.0002396979,1.0,0.5477071225000001,0.0001088675
6397,General Cargo,1,63477,6,WELLINGTON,59.73789352,0.0003038179,0.9999994000000001,0.481658602,0.00012247
6404,Bulker,3,37609,5,AUCKLAND,37.44947917,0.0003313262,0.99999075,0.6039354524999999,0.00013610749999999998
6405,Bulker,4,37609,7,NELSON,55.15314815,0.0002472848,0.9999976666666667,0.38725043,0.00011071666666666666
6413,Tanker,4,12699,7,TAURANGA,44.75819444,0.0002436927,0.9999933333333333,0.3288112833333333,0.00011866833333333332
6418,Bulker,3,37655,6,GISBORNE,35.6258912,0.0003487937,0.999998,0.522934356,0.00013506199999999998
6428,Bulker,3,33963,6,LYTTELTON,53.06821759,0.0002419295,0.9999976,0.37955753999999997,0.00011566599999999999
6429,Bulker,4,33963,6,AUCKLAND,42.59994213,0.0002493392,1.0,0.41957221999999994,0.000112006
6432,Bulker,4,33963,6,WELLINGTON,57.38796296,0.000203719,0.9999988,0.378001076,0.000111788
6433,Bulker,4,33963,5,AUCKLAND,39.07331019,0.0002663386,1.0,0.5046611975,0.00013195
6435,Bulker,3,33963,6,TAURANGA,50.80484954,0.000286359,0.9999891999999999,0.48571641200000004,0.00012592799999999998
6437,Bulker,3,34491,7,GISBORNE,54.22736111,0.0003448631,0.9999998333333333,0.4846796766666667,0.00012229333333333334
6439,Bulker,4,34491,7,WELLINGTON,53.9012963,0.0002496391,0.9999903333333333,0.4093979383333333,0.00010638666666666666
6449,Tanker,3,12707,5,NEW PLYMOUTH,16.09604167,0.0002906645,0.99997975,0.5289121775000001,0.000138145
6451,Tanker,4,50018,6,TAURANGA,49.84533565,0.000176509,1.0,0.316646728,0.000109966
6453,Bulker,1,37687,5,NEW PLYMOUTH,56.52171296,0.0001849349,1.0,0.391922335,0.00011797
6455,Bulker,4,37687,7,NAPIER,59.79778935,0.0001587882,1.0,0.32271347166666664,8.595500000000001e-05
6456,Tanker,4,49853,5,TAURANGA,58.56137731,0.0002048986,1.0,0.44175908750000004,0.00011581500000000002
6457,General Cargo,4,20202,7,TAURANGA,56.32674769,0.0003545535,0.9999915,0.457491235,0.00012482333333333333
6473,Tanker,0,12488,7,TIMARU,42.9706713,0.0002509664,0.9999711666666666,0.3529711583333334,0.00010035833333333331
6475,Bulker,4,64640,5,WELLINGTON,44.9096875,0.0001788787,1.0,0.5335786975000001,8.382e-05
6485,Reefer,0,12374,5,AUCKLAND,28.53934028,0.0002359931,1.0,0.49699426999999996,0.000119025
6486,Reefer,0,12374,6,AUCKLAND,26.31739583,0.0002824205,1.0,0.46555456599999995,0.00012161000000000001
6487,Reefer,0,12374,7,AUCKLAND,26.69693287,0.0003175269,1.0,0.44235395,0.00012333333333333334
6488,Reefer,0,12374,7,AUCKLAND,23.8599537,0.0002853131,1.0,0.42397492000000003,0.00011656166666666668
6489,Reefer,0,12374,7,AUCKLAND,22.38255787,0.0003026765,1.0,0.45776997,0.00011348500000000002
6490,Reefer,0,12374,6,AUCKLAND,26.82841435,0.00027281,1.0,0.462671868,0.00012161000000000001
6491,Reefer,0,12374,5,AUCKLAND,23.70452546,0.0002357303,1.0,0.5085149975,0.000119025
6492,Reefer,0,12374,7,AUCKLAND,31.08028935,0.0002940603,1.0,0.42836400333333335,0.00011471666666666669
6493,Reefer,0,12374,6,LYTTELTON,25.90258102,0.0002059895,1.0,0.455003808,8.963999999999999e-05
6495,Reefer,0,12374,5,AUCKLAND,23.86777778,0.0002278384,1.0,0.49900093,0.0001171775
6497,Reefer,4,12374,5,AUCKLAND,21.8359838,0.0002652751,1.0,0.5026465675,0.00013195
6501,Reefer,0,12374,5,AUCKLAND,23.61519676,0.000228529,1.0,0.50058951,0.0001171775
6509,Bulker,4,37707,7,GISBORNE,57.47829861,0.0002955151,1.0,0.3811671583333333,0.00012305333333333332
6510,Bulker,4,37707,7,PORT CHALMERS,48.24815972,0.0003575996,0.9999568333333332,0.483720105,0.00010686666666666664
6511,Bulker,4,37707,7,PORT CHALMERS,51.2428125,0.0003089595,0.9999538333333332,0.4198644466666666,0.00011125666666666666
6512,Bulker,4,37707,5,GISBORNE,34.68199074,0.0003282097,0.9999975,0.6649354574999999,0.00012418
6519,Bulker,4,63400,5,TAURANGA,59.73634259,0.0002638441,1.0,0.4650424275,0.000138315
6521,Tanker,4,52825,6,NEW PLYMOUTH,58.91916667,0.0001431378,0.9999998,0.33156113400000004,9.368399999999999e-05
6526,Bulker,1,61087,5,TAURANGA,57.48712963,0.0001795651,1.0,0.35852432749999996,0.00012812
6531,Bulker,3,37520,7,NAPIER,32.41371528,0.0003559994,0.9999956666666666,0.4757836966666667,0.00011127
6532,Bulker,3,37520,6,WELLINGTON,29.52181713,0.000385258,0.9999946000000002,0.578127914,0.00012294999999999998
6535,Bulker,4,37520,5,NAPIER,53.90905093,0.0002022415,0.999999,0.47943552749999996,0.000105415
6536,Bulker,4,37520,6,AUCKLAND,45.99483796,0.000272783,1.0,0.432319034,0.000118654
6537,Bulker,4,37520,5,AUCKLAND,39.63263889,0.0002467187,1.0,0.515563695,0.00011533
6546,General Cargo,3,17961,7,AUCKLAND,19.13415509,0.000476885,0.9999793333333334,0.5886111500000001,0.0001357983333333333
6550,Bulker,3,38114,6,TAURANGA,42.96471065,0.0003312268,0.9999930000000001,0.505835572,0.00012837599999999998
6552,Bulker,4,38114,6,NEW PLYMOUTH,45.67219907,0.0001736465,1.0,0.424154288,8.218799999999999e-05
6555,Bulker,4,37391,6,TAURANGA,32.88907407,0.0003257,0.9999936,0.4913143160000001,0.000132302
6556,Bulker,1,63125,5,TAURANGA,57.33435185,0.000202996,1.0,0.433878745,0.0001208225
6559,Bulker,1,37987,7,TAURANGA,49.98689815,0.0002481164,1.0,0.3465208566666667,0.00011938166666666668
6560,Bulker,3,37987,6,TAURANGA,41.35064815,0.0003644764,0.999991,0.551384112,0.00013382
6561,Bulker,1,37987,5,NEW PLYMOUTH,57.29774306,0.0001573382,1.0,0.3624383875,0.00010349
6565,Reefer,0,12354,7,AUCKLAND,25.9465625,0.0003076426,1.0,0.45493663,0.00011471666666666669
6566,Reefer,0,12354,7,AUCKLAND,25.75736111,0.0002980897,1.0,0.43418641166666666,0.00011471666666666669
6567,Reefer,0,12354,6,TAURANGA,21.22648148,0.0003141676,1.0,0.47624280399999996,0.00013195
6568,Reefer,0,12354,6,NELSON,25.26748843,0.0002373531,1.0,0.450578418,0.00010536000000000001
6571,Reefer,4,12354,5,AUCKLAND,37.22988426,0.000215556,1.0,0.4683757475,0.000119025
6572,Reefer,0,12354,6,AUCKLAND,25.05890046,0.0002795255,1.0,0.48509103800000003,0.00011644000000000002
6573,Reefer,0,12354,5,AUCKLAND,25.13592593,0.0002456474,1.0,0.4989692375,0.0001254875
6574,Reefer,0,12354,5,AUCKLAND,22.59168981,0.0002302622,1.0,0.5034255974999999,0.0001171775
6575,Reefer,0,12354,5,TAURANGA,22.47362269,0.0002617695,1.0,0.4960035075,0.00013195
6576,Reefer,4,12354,7,AUCKLAND,42.78861111,0.0002694634,1.0,0.38107171833333336,0.00012333333333333334
6578,Reefer,0,12354,5,AUCKLAND,27.80760417,0.0002363999,1.0,0.4975882575,0.000119025
6579,Reefer,0,12354,5,AUCKLAND,25.74362269,0.0002401354,1.0,0.5053387199999999,0.000119025
6580,Reefer,0,12354,6,AUCKLAND,22.85050926,0.0002554664,1.0,0.463566574,0.000113484
6582,Reefer,0,12354,5,AUCKLAND,22.86636574,0.0002299246,1.0,0.50343418,0.0001171775
6584,Reefer,0,12354,6,AUCKLAND,35.59078704,0.0002662298,1.0,0.44322655,0.00012161000000000001
6585,Reefer,0,12354,7,AUCKLAND,31.36243056,0.0002969583,1.0,0.42321658666666667,0.00011902500000000002
6588,Bulker,3,37636,6,GISBORNE,31.1009375,0.0003237284,0.9999996,0.5452877359999999,0.00012223599999999999
6591,Bulker,4,37636,6,GISBORNE,51.86060185,0.0003031109,0.9999996,0.47405034199999996,0.000123046
6593,Bulker,3,37704,6,NEW PLYMOUTH,20.7008912,0.0004314546,0.9999962,0.622246896,0.00013675
6595,Bulker,4,37704,7,GISBORNE,55.71261574,0.000378548,0.9999983333333334,0.47844078500000004,0.000125055
6597,Bulker,0,37704,5,NEW PLYMOUTH,27.74109954,0.0002335363,1.0,0.5541615125,0.00010536
6598,Bulker,4,37704,6,PORT CHALMERS,59.40959491,0.0003112428,0.9999344000000001,0.518434532,0.000111068
6601,Tanker,4,49812,5,NEW PLYMOUTH,54.87446759,0.0001663564,0.99999375,0.4150958725,0.00010402
6602,Tanker,4,49812,5,LYTTELTON,55.99766204,0.0001203326,0.9999975,0.36148302,8.48175e-05
6607,General Cargo,1,14011,5,TAURANGA,57.35211806,0.0001647237,1.0,0.36861011499999996,0.0001123225
6613,Bulker,1,64229,5,LYTTELTON,40.67887731,0.0002232993,1.0,0.4732326525,0.00011797
6616,Bulker,4,37555,5,PORT CHALMERS,53.36596065,0.0002313155,0.9999985,0.46752122249999994,0.0001181275
6618,Bulker,3,37555,7,GISBORNE,30.76053241,0.0004021047,0.999998,0.49230066666666666,0.00013227833333333332
6621,Bulker,3,63666,7,WELLINGTON,30.56916667,0.0003793083,0.9999903333333333,0.4699611716666667,0.000131555
6629,Bulker,3,42446,5,GISBORNE,43.98775463,0.0002973274,0.99999775,0.5723017825,0.00013166249999999998
6631,Bulker,4,42446,7,WELLINGTON,49.73962963,0.0002744059,0.9999913333333333,0.46344087666666667,0.00010750999999999999
6632,Bulker,4,42446,7,TIMARU,46.46575231,0.0002418387,0.9999768333333333,0.3779377416666667,0.00011071666666666666
6633,Bulker,3,42446,6,PORT CHALMERS,43.65233796,0.0002826562,0.9999404000000001,0.47028230200000004,0.000117676
6636,Bulker,3,42446,7,LYTTELTON,28.50012731,0.0003892876,0.999963,0.4916748383333333,0.000117085
6643,Bulker,4,42446,7,LYTTELTON,45.30186343,0.0002697035,0.9999858333333332,0.4806193333333333,9.516333333333332e-05
6646,Bulker,4,42446,6,GISBORNE,59.89701389,0.0003769832,0.999998,0.565479648,0.00013032399999999997
6647,Bulker,3,42446,6,NAPIER,31.98112269,0.000386219,0.999996,0.568754458,0.000131632
6650,Bulker,4,42446,6,NAPIER,50.21395833,0.0002511559,0.9999964,0.509665548,0.000104748
6652,Bulker,4,42446,5,PORT CHALMERS,37.1774537,0.000260206,0.9999750000000001,0.66639644,0.000100605
6656,Bulker,4,42446,5,TIMARU,57.19505787,0.0001777082,1.0,0.4228051075,0.00010941750000000001
6660,Bulker,4,42446,6,LYTTELTON,50.02891204,0.0002591141,0.9999819999999999,0.5293619940000001,9.316799999999999e-05
6670,Other,4,40020,5,LYTTELTON,55.69659722,0.0002310873,0.999997,0.559499655,9.7255e-05
6671,Other,4,40020,5,TAURANGA,43.81393519,0.0003212684,0.99999975,0.6066432425,0.000129205
6674,Bulker,4,37590,5,GISBORNE,42.77078704,0.0003213531,0.9999975,0.6689507299999999,0.00011586999999999999
6675,Bulker,4,37590,5,AUCKLAND,40.80971065,0.0002170911,1.0,0.48871076,0.00010701999999999999
6678,Bulker,4,37590,5,NEW PLYMOUTH,49.47302083,0.0001790868,1.0,0.4407408575,0.000103965
6679,Bulker,4,37590,5,AUCKLAND,50.1393287,0.0001763333,1.0,0.4542970675,9.704e-05
6680,Bulker,4,37590,6,AUCKLAND,43.25837963,0.0002506783,1.0,0.43383993400000004,0.000112006
6682,Bulker,4,37590,5,NEW PLYMOUTH,46.32283565,0.0001887548,1.0,0.44113394250000004,0.00011194499999999999
6695,Bulker,4,37923,5,TAURANGA,59.4878125,0.0003022864,0.99999175,0.5718415575,0.0001321225
6700,Bulker,4,37534,7,GISBORNE,54.07622685,0.0002947447,0.9999984999999999,0.370314075,0.00013224333333333333
6701,Bulker,3,37534,7,NAPIER,41.95403935,0.0003420104,0.9999926666666666,0.4659700316666667,0.000121475
6702,Bulker,4,37534,7,GISBORNE,51.73233796,0.0002373278,1.0,0.3500433666666667,0.00010822333333333333
6703,Bulker,4,37534,6,TAURANGA,48.4037037,0.0002330288,1.0,0.40289733000000005,0.00011795
6704,Bulker,4,37534,5,TAURANGA,58.08596065,0.0002732816,0.9999962499999999,0.5299968225,0.0001253925
6706,Bulker,4,37534,6,PORT CHALMERS,51.7165162,0.0002632901,0.9999933999999999,0.43072531999999997,0.000118766
6710,RoRo,0,11783,7,AUCKLAND,38.86756944,0.0002833403,1.0,0.3702089783333333,0.00012441500000000003
6712,Tanker,4,49999,5,TAURANGA,59.63300926,0.000178846,1.0,0.4022443325,0.00011
6723,Tanker,4,50301,5,TAURANGA,55.98444444,0.0001881002,1.0,0.40892715749999997,0.0001171775
6734,Tanker,4,50301,5,LYTTELTON,57.18787037,0.0001513417,1.0,0.3698420225,0.0001040325
6742,General Cargo,3,2159,5,AUCKLAND,41.96987269,4.28874e-05,0.82415675,0.09173995,0.00013774500000000002
6743,General Cargo,3,2159,5,AUCKLAND,47.89645833,4.91489e-05,0.82415675,0.1081145675,0.00013774500000000002
6749,Tanker,1,19959,7,TAURANGA,44.63141204,0.0002525785,1.0,0.29117541333333335,0.00014010166666666667
6761,Tanker,4,49999,5,NEW PLYMOUTH,54.3115625,0.0002249093,0.99999825,0.4443806325,0.0001181275
6763,Bulker,4,40020,7,WELLINGTON,52.43236111,0.0002679263,0.9999995,0.4217897366666666,9.653833333333332e-05
6766,Reefer,0,12313,7,AUCKLAND,32.84369213,0.0002979665,1.0,0.43418569,0.000116405
6767,Reefer,0,12313,7,AUCKLAND,29.49806713,0.0002974142,1.0,0.42351007166666665,0.00011779333333333335
6768,Reefer,0,12313,5,AUCKLAND,21.55655093,0.0002494072,1.0,0.50593197,0.0001254875
6769,Reefer,0,12313,6,AUCKLAND,25.84663194,0.0002720658,1.0,0.461962616,0.00012161000000000001
6771,Reefer,0,12313,6,AUCKLAND,20.87493056,0.0002843175,1.0,0.480622976,0.00012161000000000001
6772,Reefer,0,12313,6,AUCKLAND,29.35297454,0.0002503442,1.0,0.44935850199999994,0.000114962
6774,Reefer,0,12313,5,AUCKLAND,22.36939815,0.0002493269,1.0,0.5056188500000001,0.0001254875
6775,Reefer,0,12313,5,AUCKLAND,22.67030093,0.0002432857,1.0,0.4940428875,0.0001254875
6776,Reefer,0,12313,5,AUCKLAND,23.03377315,0.0002276067,1.0,0.49775381500000004,0.0001171775
6777,Reefer,0,12313,5,AUCKLAND,21.13407407,0.0002506779,1.0,0.508587,0.0001254875
6779,Reefer,4,12313,5,AUCKLAND,31.55157407,0.0002353485,1.0,0.49578946,0.000119025
6781,Reefer,0,12313,5,AUCKLAND,19.85506944,0.0002522003,1.0,0.5111518925,0.0001254875
6782,Reefer,0,12313,5,AUCKLAND,21.72716435,0.000240742,1.0,0.5055195725,0.00012155750000000001
6790,Tanker,0,49999,7,NEW PLYMOUTH,43.68226852,0.0002050467,1.0,0.381509195,9.922e-05
6793,Tanker,0,49999,7,NEW PLYMOUTH,46.40835648,0.0002728674,0.9999941666666666,0.35951081333333335,0.00011385666666666666
6797,Tanker,4,49999,7,NEW PLYMOUTH,48.81414352,0.0002105294,0.9999726666666667,0.324279175,0.00010809333333333333
6805,Bulker,4,40054,5,TIMARU,56.95658565,0.0001694691,1.0,0.46597720249999997,9.488e-05
6806,Bulker,4,40054,7,TAURANGA,48.14498843,0.0002663587,1.0,0.398848225,0.00011051000000000001
6814,General Cargo,4,61629,6,NAPIER,54.78767361,0.0002219546,1.0,0.49670510199999995,9.046799999999999e-05
6820,Container,0,24646,7,TAURANGA,36.70480324,0.0002264202,0.9999981666666667,0.31573712,0.00011791
6821,Container,0,24646,5,AUCKLAND,22.89969907,0.0001658347,1.0,0.356989795,0.00011577999999999999
6823,Container,0,24615,7,TAURANGA,35.73153935,0.0002100087,0.9999981666666667,0.2861692066666666,0.00012146333333333332
6824,Container,0,24615,7,AUCKLAND,42.8990625,0.0002165266,1.0,0.30673627333333336,0.00011686166666666669
6827,Bulker,4,37694,5,TAURANGA,46.40152778,0.0003146133,0.99999025,0.6450124175,0.00012025
6833,Bulker,4,37722,6,TIMARU,59.83719907,0.0001719778,1.0,0.37171529000000003,9.7764e-05
6838,Tanker,4,19971,7,TAURANGA,54.47634259,0.0002241586,1.0,0.29926854666666663,0.00011731666666666667
6841,Bulker,4,42965,6,LYTTELTON,52.90122685,0.0002430495,1.0,0.49513663599999996,9.659999999999999e-05
6845,Bulker,4,40020,5,AUCKLAND,35.33793981,0.0002066433,1.0,0.5096517599999999,0.00010055749999999999
6847,Bulker,4,40020,6,PORT CHALMERS,48.75811343,0.0003766739,0.999949,0.5736547759999999,0.00011804599999999999
6848,Bulker,4,40020,6,NEW PLYMOUTH,58.40429398,0.0003335459,0.9999992000000001,0.517118606,0.000116186
6856,Container,0,24663,7,AUCKLAND,26.56746528,0.0002489783,0.9999941666666666,0.34497878666666665,0.00011884333333333332
6857,Container,0,24663,6,AUCKLAND,30.18498843,0.0001930083,1.0,0.325401018,0.000119014
6862,Bulker,4,85187,5,LYTTELTON,55.25659722,0.0002303751,1.0,0.555191455,0.00010096
6864,Bulker,4,85267,5,LYTTELTON,48.74834491,0.0001906255,1.0,0.5473344575,8.704249999999999e-05
6866,Tanker,4,12402,5,TIMARU,34.29019676,0.0002301193,0.9999585,0.4908653225,0.0001034225
6868,General Cargo,4,61642,7,WELLINGTON,54.94837963,0.0003015058,0.9999895,0.476443965,0.00010543333333333333
6870,General Cargo,4,61642,5,NELSON,44.86148148,0.0002309898,1.0,0.54784744,0.00010894
6877,Bulker,4,40037,5,TAURANGA,42.43107639,0.0003281569,0.999992,0.61882393,0.000128785
6883,Bulker,4,40058,7,TAURANGA,59.11040509,0.0002329576,1.0,0.35029104333333333,0.00011174833333333334
6893,Bulker,1,82000,7,LYTTELTON,54.46694444,0.0002568099,1.0,0.40276803166666664,0.00011147
6918,Bulker,4,37672,5,NAPIER,54.09239583,0.0001779478,1.0,0.44700977,9.758250000000001e-05
6923,Tanker,4,49999,6,TAURANGA,53.4912037,0.0002127678,0.9999906,0.35726961399999996,0.000126006
6930,Bulker,4,40020,5,TAURANGA,45.00010417,0.0001962479,1.0,0.46639681499999996,0.00010308999999999999
6932,Container,0,24480,7,AUCKLAND,29.1172338,0.0002762543,0.9999775,0.3582174083333333,0.00012681833333333333
6933,Container,0,24480,7,AUCKLAND,32.01096065,0.0002702138,0.9999775,0.35153241500000004,0.00012711833333333333
6940,General Cargo,3,40297,5,TAURANGA,39.20984954,0.0002868736,1.0,0.641987305,0.000112065
6942,General Cargo,4,40297,6,TAURANGA,59.90108796,0.0003192307,0.9999857999999999,0.512155318,0.00012017
6943,General Cargo,1,40297,6,TAURANGA,56.40903935,0.0003148529,0.9999936,0.51649335,0.00011295000000000001
6950,Container,1,34960,7,TAURANGA,39.640625,0.0003159483,0.9999076666666666,0.4184899183333333,0.00012413333333333333
6951,Container,1,34960,7,TAURANGA,35.89884259,0.0003315238,0.9999076666666666,0.4362380233333334,0.000125345
6953,Container,1,35022,7,AUCKLAND,43.61377315,0.0002734946,0.9999941666666666,0.3754557866666666,0.00011798666666666669
6954,Bulker,4,37743,5,NELSON,56.90039352,0.0002622369,0.99999975,0.49956004750000005,0.00012312
6955,Bulker,3,37743,7,TAURANGA,22.20134259,0.0004072623,0.9999873333333333,0.5151561283333334,0.00013182333333333334
6962,Container,0,45095,7,AUCKLAND,36.98196759,0.0003633696,0.9999775,0.46334882166666663,0.00012973833333333333
6967,Bulker,4,39703,6,TAURANGA,54.7415625,0.0003641883,0.9999834,0.552944994,0.000127622
6974,Container,4,11793,7,TAURANGA,43.6755787,0.0001694632,0.9999923333333335,0.21262269833333333,0.00013253666666666666
7020,Container,0,11817,7,AUCKLAND,41.01612269,0.0001647679,0.9997356666666667,0.2246144866666667,0.00012329666666666667
7029,Bulker,4,63926,6,TAURANGA,59.10421296,0.0002833679,1.0,0.391438536,0.0001448
7038,Container,1,34965,7,AUCKLAND,36.15645833,0.0002954341,0.9999833333333332,0.4006135166666666,0.00012078666666666666
7039,Container,1,34965,7,TAURANGA,36.21108796,0.0003237512,0.9999076666666666,0.4291603933333333,0.00012413333333333333
7040,Container,1,34965,7,TAURANGA,35.90958333,0.0003318586,0.9999076666666666,0.4368094333333334,0.000125345
7041,Container,1,34965,7,TAURANGA,35.94923611,0.0003037714,0.9999135,0.4125349883333333,0.000120985
7047,Bulker,4,40565,6,TAURANGA,48.47020833,0.0003016228,0.9999933999999999,0.494384026,0.00011564800000000001
7050,Bulker,4,40600,6,TAURANGA,47.02422454,0.0003263183,0.9999933999999999,0.511496942,0.000121176
7055,Bulker,4,42541,5,NEW PLYMOUTH,46.17116898,0.0001591438,1.0,0.47247395999999997,8.411e-05
7059,Bulker,4,42541,5,AUCKLAND,53.16828704,0.0002141933,1.0,0.48883938000000005,0.0001108975
7063,Bulker,4,42560,6,PORT CHALMERS,59.9878125,0.0001531363,1.0,0.35597523200000003,8.581999999999999e-05
7064,Bulker,4,42564,7,WELLINGTON,58.03118056,0.000313387,0.9999903333333333,0.45249638666666664,0.00011015333333333332
7067,Tanker,2,5183,7,LYTTELTON,44.14802083,0.0001180824,0.9999801666666667,0.20850855833333334,8.481166666666667e-05
7070,Tanker,3,5155,7,NEW PLYMOUTH,29.83262731,0.0001455889,0.9999021666666666,0.26254178333333333,0.00010849
7072,Container,0,13133,7,AUCKLAND,35.61130787,0.0001900262,0.9999818333333333,0.24365502833333333,0.00012926666666666667
7073,Bulker,0,40236,7,WELLINGTON,35.13708333,0.000276288,1.0,0.3912437733333333,0.00011333999999999998
7074,Bulker,3,40236,6,NAPIER,39.91614583,0.0002657409,0.9999998,0.49938886,9.830200000000001e-05
7076,Container,0,76521,6,TAURANGA,31.80541667,0.0003635047,0.9999908000000002,0.564279364,0.00012839
7077,Container,0,76521,5,TAURANGA,24.55152778,0.0002755858,0.99999125,0.5826048699999999,0.0001164
